ページ番号,使用するコマ割りテンプレ,漫画作成のプロンプト,コマ別テキストJSON,outfit_id
1,テキストページ,"◆【テキストページ】目次
マンガでわかる！AI株に投資すべきか？

プロローグ
第1章 AI株ブームの正体
第2章 AI関連銘柄を分解する
第3章 企業分析とバリュエーション
第4章 ポートフォリオにどう入れるか
巻末実践ワーク
著者紹介
読者特典
書籍紹介",[],
2,テンプレ1,"◆【絶対最優先】必ずフルカラーにしてください
◆【絶対最優先】必ず日本のアニメ・マンガ調のイラストで描いてください。実写風・フォトリアル風は禁止です。
◆【出力サイズ】2:3
◆【コマ構成】テンプレ1: 1コマ: ページ全体を使った大ゴマ
◆【作画】日本のビジネスマンガ調。清潔感のある線、表情は読みやすく、カフェ・自宅・オフィス・証券アプリ画面を背景にした実務的な演出。投資判断を煽らず、分散・リスク管理・数字を見る態度が伝わる落ち着いた色調。実写風、写真風、3D風は禁止。
◆【ストーリー】登場人物紹介ページ。ミナミ、高橋、リョウを縦に並べた全身イラスト。名前と一行紹介の吹き出しを読みやすく配置。","[{""panel_id"": 1, ""type"": ""narration"", ""speaker"": null, ""text"": ""登場人物紹介""}, {""panel_id"": 1, ""type"": ""narration"", ""speaker"": null, ""text"": ""ミナミ、AI株に迷う会社員""}, {""panel_id"": 1, ""type"": ""narration"", ""speaker"": null, ""text"": ""高橋、数字で考えるFP""}, {""panel_id"": 1, ""type"": ""narration"", ""speaker"": null, ""text"": ""リョウ、AI業界を図解するデータアナリスト""}]",team_cafe
3,テンプレ5,"◆【注意】【】で囲まれた単語は感情や状況の指示であり、画像内に文字として描画しないでください
◆【絶対最優先】必ずフルカラーにしてください
◆【絶対最優先】必ず日本のアニメ・マンガ調のイラストで描いてください。実写風・フォトリアル風は禁止です。
◆【出力サイズ】2:3
◆【補足情報】上下左右に50ピクセルの余白を設けてください
◆【補足情報】キャラクター外見: ミナミは32歳女性の黒髪ボブ会社員。高橋は45歳男性の落ち着いたFP。リョウは28歳男性の丸メガネのデータアナリスト。
◆【補足情報】服装: ミナミは白ブラウスとネイビーカーディガン、高橋はチャコールジャケット、リョウはグレーパーカー。
◆【コマ構成】テンプレ5: 3コマ: 上・中・下の3段構成。読み順は上段、中段、下段
◆【作画】日本のビジネスマンガ調。清潔感のある線、表情は読みやすく、カフェ・自宅・オフィス・証券アプリ画面を背景にした実務的な演出。投資判断を煽らず、分散・リスク管理・数字を見る態度が伝わる落ち着いた色調。実写風、写真風、3D風は禁止。
◆【ストーリー】ページ003・プロローグ
1コマ目: プロローグの場面。ミナミ、高橋、リョウの表情と背景で状況を見せる。ナレーション: ［四角枠］SNSの急騰投稿を見たミナミが、AI株を今すぐ買わないと置いていかれると焦る。
2コマ目: ミナミが自然な表情で話す。セリフ: ミナミの吹き出しに「AI株、今からでも買うべきですか？」
3コマ目: 高橋が自然な表情で話す。セリフ: 高橋の吹き出しに「まず、焦りを判断軸に変えましょう。」
背景: 投資ノート、タブレットのグラフ、証券アプリ風の抽象UI、カフェや小さな相談室を使い分ける。実在企業ロゴや個別銘柄名は描かない。","[{""panel_id"": 1, ""type"": ""narration"", ""speaker"": null, ""text"": ""SNSの急騰投稿を見たミナミが、AI株を今すぐ買わないと置いていかれると焦る。""}, {""panel_id"": 2, ""type"": ""dialogue"", ""speaker"": ""ミナミ"", ""text"": ""AI株、今からでも買うべきですか？""}, {""panel_id"": 3, ""type"": ""dialogue"", ""speaker"": ""高橋"", ""text"": ""まず、焦りを判断軸に変えましょう。""}]",team_cafe
4,テンプレ2,"◆【注意】【】で囲まれた単語は感情や状況の指示であり、画像内に文字として描画しないでください
◆【絶対最優先】必ずフルカラーにしてください
◆【絶対最優先】必ず日本のアニメ・マンガ調のイラストで描いてください。実写風・フォトリアル風は禁止です。
◆【出力サイズ】2:3
◆【補足情報】上下左右に50ピクセルの余白を設けてください
◆【補足情報】キャラクター外見: ミナミは32歳女性の黒髪ボブ会社員。高橋は45歳男性の落ち着いたFP。リョウは28歳男性の丸メガネのデータアナリスト。
◆【補足情報】服装: ミナミは白ブラウスとネイビーカーディガン、高橋はチャコールジャケット、リョウはグレーパーカー。
◆【コマ構成】テンプレ2: 2コマ: 上下に均等2分割。読み順は上段、下段
◆【作画】日本のビジネスマンガ調。清潔感のある線、表情は読みやすく、カフェ・自宅・オフィス・証券アプリ画面を背景にした実務的な演出。投資判断を煽らず、分散・リスク管理・数字を見る態度が伝わる落ち着いた色調。実写風、写真風、3D風は禁止。
◆【ストーリー】ページ004・プロローグ
1コマ目: プロローグの場面。ミナミ、高橋、リョウの表情と背景で状況を見せる。ナレーション: ［四角枠］高橋は、AI株を買うか買わないかではなく、資産全体の中でどう扱うかを考える本だと告げる。
1コマ目: 高橋が自然な表情で話す。セリフ: 高橋の吹き出しに「結論は二択ではありません。どのリスクを、どの量で取るかです。」
2コマ目: ミナミが自然な表情で話す。セリフ: ミナミの吹き出しに「買う前に決めることがあるんですね。」
背景: 投資ノート、タブレットのグラフ、証券アプリ風の抽象UI、カフェや小さな相談室を使い分ける。実在企業ロゴや個別銘柄名は描かない。","[{""panel_id"": 1, ""type"": ""narration"", ""speaker"": null, ""text"": ""高橋は、AI株を買うか買わないかではなく、資産全体の中でどう扱うかを考える本だと告げる。""}, {""panel_id"": 1, ""type"": ""dialogue"", ""speaker"": ""高橋"", ""text"": ""結論は二択ではありません。どのリスクを、どの量で取るかです。""}, {""panel_id"": 2, ""type"": ""dialogue"", ""speaker"": ""ミナミ"", ""text"": ""買う前に決めることがあるんですね。""}]",team_cafe
5,テンプレ6,"◆【注意】【】で囲まれた単語は感情や状況の指示であり、画像内に文字として描画しないでください
◆【絶対最優先】必ずフルカラーにしてください
◆【絶対最優先】必ず日本のアニメ・マンガ調のイラストで描いてください。実写風・フォトリアル風は禁止です。
◆【出力サイズ】2:3
◆【補足情報】上下左右に50ピクセルの余白を設けてください
◆【補足情報】キャラクター外見: ミナミは32歳女性の黒髪ボブ会社員。高橋は45歳男性の落ち着いたFP。リョウは28歳男性の丸メガネのデータアナリスト。
◆【補足情報】服装: ミナミは白ブラウスとネイビーカーディガン、高橋はチャコールジャケット、リョウはグレーパーカー。
◆【コマ構成】テンプレ6: 3コマ: 上段1コマ + 下段左右2コマ。読み順は上段、下段右、下段左
◆【作画】日本のビジネスマンガ調。清潔感のある線、表情は読みやすく、カフェ・自宅・オフィス・証券アプリ画面を背景にした実務的な演出。投資判断を煽らず、分散・リスク管理・数字を見る態度が伝わる落ち着いた色調。実写風、写真風、3D風は禁止。
◆【ストーリー】ページ005・プロローグ
1コマ目: プロローグの場面。ミナミ、高橋、リョウの表情と背景で状況を見せる。ナレーション: ［四角枠］リョウがタブレットでAI関連企業の地図を広げ、AI株という言葉の中身が広すぎると示す。
2コマ目: リョウが自然な表情で話す。セリフ: リョウの吹き出しに「AI株という一語の中に、半導体もクラウドもアプリも入っています。」
3コマ目: ミナミが自然な表情で話す。セリフ: ミナミの吹き出しに「同じAIでも、全然違う会社なんですね。」
背景: 投資ノート、タブレットのグラフ、証券アプリ風の抽象UI、カフェや小さな相談室を使い分ける。実在企業ロゴや個別銘柄名は描かない。","[{""panel_id"": 1, ""type"": ""narration"", ""speaker"": null, ""text"": ""リョウがタブレットでAI関連企業の地図を広げ、AI株という言葉の中身が広すぎると示す。""}, {""panel_id"": 2, ""type"": ""dialogue"", ""speaker"": ""リョウ"", ""text"": ""AI株という一語の中に、半導体もクラウドもアプリも入っています。""}, {""panel_id"": 3, ""type"": ""dialogue"", ""speaker"": ""ミナミ"", ""text"": ""同じAIでも、全然違う会社なんですね。""}]",team_cafe
6,テンプレ3,"◆【注意】【】で囲まれた単語は感情や状況の指示であり、画像内に文字として描画しないでください
◆【絶対最優先】必ずフルカラーにしてください
◆【絶対最優先】必ず日本のアニメ・マンガ調のイラストで描いてください。実写風・フォトリアル風は禁止です。
◆【出力サイズ】2:3
◆【補足情報】上下左右に50ピクセルの余白を設けてください
◆【補足情報】キャラクター外見: ミナミは32歳女性の黒髪ボブ会社員。高橋は45歳男性の落ち着いたFP。リョウは28歳男性の丸メガネのデータアナリスト。
◆【補足情報】服装: ミナミは白ブラウスとネイビーカーディガン、高橋はチャコールジャケット、リョウはグレーパーカー。
◆【コマ構成】テンプレ3: 2コマ: 上段小、下段大。読み順は上段、下段
◆【作画】日本のビジネスマンガ調。清潔感のある線、表情は読みやすく、カフェ・自宅・オフィス・証券アプリ画面を背景にした実務的な演出。投資判断を煽らず、分散・リスク管理・数字を見る態度が伝わる落ち着いた色調。実写風、写真風、3D風は禁止。
◆【ストーリー】ページ006・プロローグ
1コマ目: プロローグの場面。ミナミ、高橋、リョウの表情と背景で状況を見せる。ナレーション: ［四角枠］高橋は、最初に生活防衛資金と長期資産の土台を守ることを強調する。
1コマ目: 高橋が自然な表情で話す。セリフ: 高橋の吹き出しに「熱狂より先に、生活資金と長期資産を守ります。」
2コマ目: ミナミが自然な表情で話す。セリフ: ミナミの吹き出しに「投資の前に、守る順番ですね。」
背景: 投資ノート、タブレットのグラフ、証券アプリ風の抽象UI、カフェや小さな相談室を使い分ける。実在企業ロゴや個別銘柄名は描かない。","[{""panel_id"": 1, ""type"": ""narration"", ""speaker"": null, ""text"": ""高橋は、最初に生活防衛資金と長期資産の土台を守ることを強調する。""}, {""panel_id"": 1, ""type"": ""dialogue"", ""speaker"": ""高橋"", ""text"": ""熱狂より先に、生活資金と長期資産を守ります。""}, {""panel_id"": 2, ""type"": ""dialogue"", ""speaker"": ""ミナミ"", ""text"": ""投資の前に、守る順番ですね。""}]",team_cafe
7,テンプレ7,"◆【注意】【】で囲まれた単語は感情や状況の指示であり、画像内に文字として描画しないでください
◆【絶対最優先】必ずフルカラーにしてください
◆【絶対最優先】必ず日本のアニメ・マンガ調のイラストで描いてください。実写風・フォトリアル風は禁止です。
◆【出力サイズ】2:3
◆【補足情報】上下左右に50ピクセルの余白を設けてください
◆【補足情報】キャラクター外見: ミナミは32歳女性の黒髪ボブ会社員。高橋は45歳男性の落ち着いたFP。リョウは28歳男性の丸メガネのデータアナリスト。
◆【補足情報】服装: ミナミは白ブラウスとネイビーカーディガン、高橋はチャコールジャケット、リョウはグレーパーカー。
◆【コマ構成】テンプレ7: 3コマ: 上段左右2コマ + 下段1コマ。読み順は上段右、上段左、下段
◆【作画】日本のビジネスマンガ調。清潔感のある線、表情は読みやすく、カフェ・自宅・オフィス・証券アプリ画面を背景にした実務的な演出。投資判断を煽らず、分散・リスク管理・数字を見る態度が伝わる落ち着いた色調。実写風、写真風、3D風は禁止。
◆【ストーリー】ページ007・プロローグ
1コマ目: プロローグの場面。ミナミ、高橋、リョウの表情と背景で状況を見せる。ナレーション: ［四角枠］ミナミはAIの未来を信じたい気持ちと、損をしたくない気持ちの間で揺れる。
2コマ目: ミナミが自然な表情で話す。セリフ: ミナミの吹き出しに「未来は信じたい。でも、高値づかみは怖いです。」
3コマ目: 高橋が自然な表情で話す。セリフ: 高橋の吹き出しに「その怖さは正常です。だからルール化します。」
背景: 投資ノート、タブレットのグラフ、証券アプリ風の抽象UI、カフェや小さな相談室を使い分ける。実在企業ロゴや個別銘柄名は描かない。","[{""panel_id"": 1, ""type"": ""narration"", ""speaker"": null, ""text"": ""ミナミはAIの未来を信じたい気持ちと、損をしたくない気持ちの間で揺れる。""}, {""panel_id"": 2, ""type"": ""dialogue"", ""speaker"": ""ミナミ"", ""text"": ""未来は信じたい。でも、高値づかみは怖いです。""}, {""panel_id"": 3, ""type"": ""dialogue"", ""speaker"": ""高橋"", ""text"": ""その怖さは正常です。だからルール化します。""}]",team_cafe
8,テンプレ4,"◆【注意】【】で囲まれた単語は感情や状況の指示であり、画像内に文字として描画しないでください
◆【絶対最優先】必ずフルカラーにしてください
◆【絶対最優先】必ず日本のアニメ・マンガ調のイラストで描いてください。実写風・フォトリアル風は禁止です。
◆【出力サイズ】2:3
◆【補足情報】上下左右に50ピクセルの余白を設けてください
◆【補足情報】キャラクター外見: ミナミは32歳女性の黒髪ボブ会社員。高橋は45歳男性の落ち着いたFP。リョウは28歳男性の丸メガネのデータアナリスト。
◆【補足情報】服装: ミナミは白ブラウスとネイビーカーディガン、高橋はチャコールジャケット、リョウはグレーパーカー。
◆【コマ構成】テンプレ4: 2コマ: 上段大、下段小。読み順は上段、下段
◆【作画】日本のビジネスマンガ調。清潔感のある線、表情は読みやすく、カフェ・自宅・オフィス・証券アプリ画面を背景にした実務的な演出。投資判断を煽らず、分散・リスク管理・数字を見る態度が伝わる落ち着いた色調。実写風、写真風、3D風は禁止。
◆【ストーリー】ページ008・プロローグ
1コマ目: プロローグの場面。ミナミ、高橋、リョウの表情と背景で状況を見せる。ナレーション: ［四角枠］3人は、AI株投資を企業分析、価格、分散、売る条件に分けて考える旅を始める。
1コマ目: リョウが自然な表情で話す。セリフ: リョウの吹き出しに「地図を四つに分けましょう。企業、価格、分散、見直しです。」
2コマ目: ミナミが自然な表情で話す。セリフ: ミナミの吹き出しに「ようやく霧が晴れてきました。」
背景: 投資ノート、タブレットのグラフ、証券アプリ風の抽象UI、カフェや小さな相談室を使い分ける。実在企業ロゴや個別銘柄名は描かない。","[{""panel_id"": 1, ""type"": ""narration"", ""speaker"": null, ""text"": ""3人は、AI株投資を企業分析、価格、分散、売る条件に分けて考える旅を始める。""}, {""panel_id"": 1, ""type"": ""dialogue"", ""speaker"": ""リョウ"", ""text"": ""地図を四つに分けましょう。企業、価格、分散、見直しです。""}, {""panel_id"": 2, ""type"": ""dialogue"", ""speaker"": ""ミナミ"", ""text"": ""ようやく霧が晴れてきました。""}]",team_cafe
9,テンプレ1,"◆【注意】【】で囲まれた単語は感情や状況の指示であり、画像内に文字として描画しないでください
◆【絶対最優先】必ずフルカラーにしてください
◆【絶対最優先】必ず日本のアニメ・マンガ調のイラストで描いてください。実写風・フォトリアル風は禁止です。
◆【出力サイズ】2:3
◆【補足情報】上下左右に50ピクセルの余白を設けてください
◆【補足情報】キャラクター外見: ミナミは32歳女性の黒髪ボブ会社員。高橋は45歳男性の落ち着いたFP。リョウは28歳男性の丸メガネのデータアナリスト。
◆【補足情報】服装: ミナミは白ブラウスとネイビーカーディガン、高橋はチャコールジャケット、リョウはグレーパーカー。
◆【コマ構成】テンプレ1: 1コマ: ページ全体を使った大ゴマ
◆【作画】日本のビジネスマンガ調。清潔感のある線、表情は読みやすく、カフェ・自宅・オフィス・証券アプリ画面を背景にした実務的な演出。投資判断を煽らず、分散・リスク管理・数字を見る態度が伝わる落ち着いた色調。実写風、写真風、3D風は禁止。
◆【ストーリー】ページ009・第1章
1コマ目: 第1章の場面。ミナミ、高橋、リョウの表情と背景で状況を見せる。ナレーション: ［四角枠］AI株ブームは、生成AIの利用拡大だけでなく、GPU、データセンター、電力、ソフトウェアの投資連鎖で起きている。
1コマ目: リョウが自然な表情で話す。セリフ: リョウの吹き出しに「ブームの正体は、AIアプリだけではなく設備投資の連鎖です。」
1コマ目: 高橋が自然な表情で話す。セリフ: 高橋の吹き出しに「売上になる場所とコストになる場所を分けます。」
背景: 投資ノート、タブレットのグラフ、証券アプリ風の抽象UI、カフェや小さな相談室を使い分ける。実在企業ロゴや個別銘柄名は描かない。","[{""panel_id"": 1, ""type"": ""narration"", ""speaker"": null, ""text"": ""AI株ブームは、生成AIの利用拡大だけでなく、GPU、データセンター、電力、ソフトウェアの投資連鎖で起きている。""}, {""panel_id"": 1, ""type"": ""dialogue"", ""speaker"": ""リョウ"", ""text"": ""ブームの正体は、AIアプリだけではなく設備投資の連鎖です。""}, {""panel_id"": 1, ""type"": ""dialogue"", ""speaker"": ""高橋"", ""text"": ""売上になる場所とコストになる場所を分けます。""}]",team_cafe
10,テンプレ5,"◆【注意】【】で囲まれた単語は感情や状況の指示であり、画像内に文字として描画しないでください
◆【絶対最優先】必ずフルカラーにしてください
◆【絶対最優先】必ず日本のアニメ・マンガ調のイラストで描いてください。実写風・フォトリアル風は禁止です。
◆【出力サイズ】2:3
◆【補足情報】上下左右に50ピクセルの余白を設けてください
◆【補足情報】キャラクター外見: ミナミは32歳女性の黒髪ボブ会社員。高橋は45歳男性の落ち着いたFP。リョウは28歳男性の丸メガネのデータアナリスト。
◆【補足情報】服装: ミナミは白ブラウスとネイビーカーディガン、高橋はチャコールジャケット、リョウはグレーパーカー。
◆【コマ構成】テンプレ5: 3コマ: 上・中・下の3段構成。読み順は上段、中段、下段
◆【作画】日本のビジネスマンガ調。清潔感のある線、表情は読みやすく、カフェ・自宅・オフィス・証券アプリ画面を背景にした実務的な演出。投資判断を煽らず、分散・リスク管理・数字を見る態度が伝わる落ち着いた色調。実写風、写真風、3D風は禁止。
◆【ストーリー】ページ010・第1章
1コマ目: 第1章の場面。ミナミ、高橋、リョウの表情と背景で状況を見せる。ナレーション: ［四角枠］ミナミは、話題の企業がすべて同じように儲かるわけではないと知る。
2コマ目: ミナミが自然な表情で話す。セリフ: ミナミの吹き出しに「AIの中心にいる会社なら全部強いと思っていました。」
3コマ目: 高橋が自然な表情で話す。セリフ: 高橋の吹き出しに「強い立場でも、株価が先に期待を織り込むことがあります。」
背景: 投資ノート、タブレットのグラフ、証券アプリ風の抽象UI、カフェや小さな相談室を使い分ける。実在企業ロゴや個別銘柄名は描かない。","[{""panel_id"": 1, ""type"": ""narration"", ""speaker"": null, ""text"": ""ミナミは、話題の企業がすべて同じように儲かるわけではないと知る。""}, {""panel_id"": 2, ""type"": ""dialogue"", ""speaker"": ""ミナミ"", ""text"": ""AIの中心にいる会社なら全部強いと思っていました。""}, {""panel_id"": 3, ""type"": ""dialogue"", ""speaker"": ""高橋"", ""text"": ""強い立場でも、株価が先に期待を織り込むことがあります。""}]",team_cafe
11,テンプレ6,"◆【注意】【】で囲まれた単語は感情や状況の指示であり、画像内に文字として描画しないでください
◆【絶対最優先】必ずフルカラーにしてください
◆【絶対最優先】必ず日本のアニメ・マンガ調のイラストで描いてください。実写風・フォトリアル風は禁止です。
◆【出力サイズ】2:3
◆【補足情報】上下左右に50ピクセルの余白を設けてください
◆【補足情報】キャラクター外見: ミナミは32歳女性の黒髪ボブ会社員。高橋は45歳男性の落ち着いたFP。リョウは28歳男性の丸メガネのデータアナリスト。
◆【補足情報】服装: ミナミは白ブラウスとネイビーカーディガン、高橋はチャコールジャケット、リョウはグレーパーカー。
◆【コマ構成】テンプレ6: 3コマ: 上段1コマ + 下段左右2コマ。読み順は上段、下段右、下段左
◆【作画】日本のビジネスマンガ調。清潔感のある線、表情は読みやすく、カフェ・自宅・オフィス・証券アプリ画面を背景にした実務的な演出。投資判断を煽らず、分散・リスク管理・数字を見る態度が伝わる落ち着いた色調。実写風、写真風、3D風は禁止。
◆【ストーリー】ページ011・第1章
1コマ目: 第1章の場面。ミナミ、高橋、リョウの表情と背景で状況を見せる。ナレーション: ［四角枠］高橋は、投資家の期待と企業の実績の差が株価を大きく動かすと説明する。
2コマ目: 高橋が自然な表情で話す。セリフ: 高橋の吹き出しに「株価は未来への期待で動きます。実績との差が大きいほど揺れます。」
3コマ目: ミナミが自然な表情で話す。セリフ: ミナミの吹き出しに「良い会社でも下がる理由があるんですね。」
背景: 投資ノート、タブレットのグラフ、証券アプリ風の抽象UI、カフェや小さな相談室を使い分ける。実在企業ロゴや個別銘柄名は描かない。","[{""panel_id"": 1, ""type"": ""narration"", ""speaker"": null, ""text"": ""高橋は、投資家の期待と企業の実績の差が株価を大きく動かすと説明する。""}, {""panel_id"": 2, ""type"": ""dialogue"", ""speaker"": ""高橋"", ""text"": ""株価は未来への期待で動きます。実績との差が大きいほど揺れます。""}, {""panel_id"": 3, ""type"": ""dialogue"", ""speaker"": ""ミナミ"", ""text"": ""良い会社でも下がる理由があるんですね。""}]",team_cafe
12,テンプレ7,"◆【注意】【】で囲まれた単語は感情や状況の指示であり、画像内に文字として描画しないでください
◆【絶対最優先】必ずフルカラーにしてください
◆【絶対最優先】必ず日本のアニメ・マンガ調のイラストで描いてください。実写風・フォトリアル風は禁止です。
◆【出力サイズ】2:3
◆【補足情報】上下左右に50ピクセルの余白を設けてください
◆【補足情報】キャラクター外見: ミナミは32歳女性の黒髪ボブ会社員。高橋は45歳男性の落ち着いたFP。リョウは28歳男性の丸メガネのデータアナリスト。
◆【補足情報】服装: ミナミは白ブラウスとネイビーカーディガン、高橋はチャコールジャケット、リョウはグレーパーカー。
◆【コマ構成】テンプレ7: 3コマ: 上段左右2コマ + 下段1コマ。読み順は上段右、上段左、下段
◆【作画】日本のビジネスマンガ調。清潔感のある線、表情は読みやすく、カフェ・自宅・オフィス・証券アプリ画面を背景にした実務的な演出。投資判断を煽らず、分散・リスク管理・数字を見る態度が伝わる落ち着いた色調。実写風、写真風、3D風は禁止。
◆【ストーリー】ページ012・第1章
1コマ目: 第1章の場面。ミナミ、高橋、リョウの表情と背景で状況を見せる。ナレーション: ［四角枠］リョウがデータセンター建設、半導体需要、クラウド利用料の流れを図で示す。
2コマ目: リョウが自然な表情で話す。セリフ: リョウの吹き出しに「設備投資は波のように広がります。上流と下流で利益の出方が違います。」
3コマ目: ミナミが自然な表情で話す。セリフ: ミナミの吹き出しに「ニュースの見方が変わります。」
背景: 投資ノート、タブレットのグラフ、証券アプリ風の抽象UI、カフェや小さな相談室を使い分ける。実在企業ロゴや個別銘柄名は描かない。","[{""panel_id"": 1, ""type"": ""narration"", ""speaker"": null, ""text"": ""リョウがデータセンター建設、半導体需要、クラウド利用料の流れを図で示す。""}, {""panel_id"": 2, ""type"": ""dialogue"", ""speaker"": ""リョウ"", ""text"": ""設備投資は波のように広がります。上流と下流で利益の出方が違います。""}, {""panel_id"": 3, ""type"": ""dialogue"", ""speaker"": ""ミナミ"", ""text"": ""ニュースの見方が変わります。""}]",team_cafe
13,テンプレ5,"◆【注意】【】で囲まれた単語は感情や状況の指示であり、画像内に文字として描画しないでください
◆【絶対最優先】必ずフルカラーにしてください
◆【絶対最優先】必ず日本のアニメ・マンガ調のイラストで描いてください。実写風・フォトリアル風は禁止です。
◆【出力サイズ】2:3
◆【補足情報】上下左右に50ピクセルの余白を設けてください
◆【補足情報】キャラクター外見: ミナミは32歳女性の黒髪ボブ会社員。高橋は45歳男性の落ち着いたFP。リョウは28歳男性の丸メガネのデータアナリスト。
◆【補足情報】服装: ミナミは白ブラウスとネイビーカーディガン、高橋はチャコールジャケット、リョウはグレーパーカー。
◆【コマ構成】テンプレ5: 3コマ: 上・中・下の3段構成。読み順は上段、中段、下段
◆【作画】日本のビジネスマンガ調。清潔感のある線、表情は読みやすく、カフェ・自宅・オフィス・証券アプリ画面を背景にした実務的な演出。投資判断を煽らず、分散・リスク管理・数字を見る態度が伝わる落ち着いた色調。実写風、写真風、3D風は禁止。
◆【ストーリー】ページ013・第1章
1コマ目: 第1章の場面。ミナミ、高橋、リョウの表情と背景で状況を見せる。ナレーション: ［四角枠］高橋は、ブーム初期ほど物語が強く、後半ほど数字で確認されると語る。
2コマ目: 高橋が自然な表情で話す。セリフ: 高橋の吹き出しに「物語だけで買う時期と、数字で選別される時期は違います。」
3コマ目: ミナミが自然な表情で話す。セリフ: ミナミの吹き出しに「今がどちらなのかを見ないといけない。」
背景: 投資ノート、タブレットのグラフ、証券アプリ風の抽象UI、カフェや小さな相談室を使い分ける。実在企業ロゴや個別銘柄名は描かない。","[{""panel_id"": 1, ""type"": ""narration"", ""speaker"": null, ""text"": ""高橋は、ブーム初期ほど物語が強く、後半ほど数字で確認されると語る。""}, {""panel_id"": 2, ""type"": ""dialogue"", ""speaker"": ""高橋"", ""text"": ""物語だけで買う時期と、数字で選別される時期は違います。""}, {""panel_id"": 3, ""type"": ""dialogue"", ""speaker"": ""ミナミ"", ""text"": ""今がどちらなのかを見ないといけない。""}]",team_cafe
14,テンプレ2,"◆【注意】【】で囲まれた単語は感情や状況の指示であり、画像内に文字として描画しないでください
◆【絶対最優先】必ずフルカラーにしてください
◆【絶対最優先】必ず日本のアニメ・マンガ調のイラストで描いてください。実写風・フォトリアル風は禁止です。
◆【出力サイズ】2:3
◆【補足情報】上下左右に50ピクセルの余白を設けてください
◆【補足情報】キャラクター外見: ミナミは32歳女性の黒髪ボブ会社員。高橋は45歳男性の落ち着いたFP。リョウは28歳男性の丸メガネのデータアナリスト。
◆【補足情報】服装: ミナミは白ブラウスとネイビーカーディガン、高橋はチャコールジャケット、リョウはグレーパーカー。
◆【コマ構成】テンプレ2: 2コマ: 上下に均等2分割。読み順は上段、下段
◆【作画】日本のビジネスマンガ調。清潔感のある線、表情は読みやすく、カフェ・自宅・オフィス・証券アプリ画面を背景にした実務的な演出。投資判断を煽らず、分散・リスク管理・数字を見る態度が伝わる落ち着いた色調。実写風、写真風、3D風は禁止。
◆【ストーリー】ページ014・第1章
1コマ目: 第1章の場面。ミナミ、高橋、リョウの表情と背景で状況を見せる。ナレーション: ［四角枠］章末で、AI株は成長テーマであるほど、期待過剰にもなりやすいとまとめる。
1コマ目: 高橋が自然な表情で話す。セリフ: 高橋の吹き出しに「成長テーマほど、価格には熱が入りやすい。」
2コマ目: ミナミが自然な表情で話す。セリフ: ミナミの吹き出しに「だから、未来だけでなく価格も見るんですね。」
背景: 投資ノート、タブレットのグラフ、証券アプリ風の抽象UI、カフェや小さな相談室を使い分ける。実在企業ロゴや個別銘柄名は描かない。","[{""panel_id"": 1, ""type"": ""narration"", ""speaker"": null, ""text"": ""章末で、AI株は成長テーマであるほど、期待過剰にもなりやすいとまとめる。""}, {""panel_id"": 1, ""type"": ""dialogue"", ""speaker"": ""高橋"", ""text"": ""成長テーマほど、価格には熱が入りやすい。""}, {""panel_id"": 2, ""type"": ""dialogue"", ""speaker"": ""ミナミ"", ""text"": ""だから、未来だけでなく価格も見るんですね。""}]",team_cafe
15,テンプレ6,"◆【注意】【】で囲まれた単語は感情や状況の指示であり、画像内に文字として描画しないでください
◆【絶対最優先】必ずフルカラーにしてください
◆【絶対最優先】必ず日本のアニメ・マンガ調のイラストで描いてください。実写風・フォトリアル風は禁止です。
◆【出力サイズ】2:3
◆【補足情報】上下左右に50ピクセルの余白を設けてください
◆【補足情報】キャラクター外見: ミナミは32歳女性の黒髪ボブ会社員。高橋は45歳男性の落ち着いたFP。リョウは28歳男性の丸メガネのデータアナリスト。
◆【補足情報】服装: ミナミは白ブラウスとネイビーカーディガン、高橋はチャコールジャケット、リョウはグレーパーカー。
◆【コマ構成】テンプレ6: 3コマ: 上段1コマ + 下段左右2コマ。読み順は上段、下段右、下段左
◆【作画】日本のビジネスマンガ調。清潔感のある線、表情は読みやすく、カフェ・自宅・オフィス・証券アプリ画面を背景にした実務的な演出。投資判断を煽らず、分散・リスク管理・数字を見る態度が伝わる落ち着いた色調。実写風、写真風、3D風は禁止。
◆【ストーリー】ページ015・第1章
1コマ目: 第1章の場面。ミナミ、高橋、リョウの表情と背景で状況を見せる。ナレーション: ［四角枠］ミナミは、AI株を一括りにせず、収益源と期待値で分解するノートを作る。
2コマ目: ミナミが自然な表情で話す。セリフ: ミナミの吹き出しに「AI株というラベルを外して、どこで稼ぐかを書きます。」
3コマ目: リョウが自然な表情で話す。セリフ: リョウの吹き出しに「そのメモが、最初のフィルターになります。」
背景: 投資ノート、タブレットのグラフ、証券アプリ風の抽象UI、カフェや小さな相談室を使い分ける。実在企業ロゴや個別銘柄名は描かない。","[{""panel_id"": 1, ""type"": ""narration"", ""speaker"": null, ""text"": ""ミナミは、AI株を一括りにせず、収益源と期待値で分解するノートを作る。""}, {""panel_id"": 2, ""type"": ""dialogue"", ""speaker"": ""ミナミ"", ""text"": ""AI株というラベルを外して、どこで稼ぐかを書きます。""}, {""panel_id"": 3, ""type"": ""dialogue"", ""speaker"": ""リョウ"", ""text"": ""そのメモが、最初のフィルターになります。""}]",team_cafe
16,テンプレ3,"◆【注意】【】で囲まれた単語は感情や状況の指示であり、画像内に文字として描画しないでください
◆【絶対最優先】必ずフルカラーにしてください
◆【絶対最優先】必ず日本のアニメ・マンガ調のイラストで描いてください。実写風・フォトリアル風は禁止です。
◆【出力サイズ】2:3
◆【補足情報】上下左右に50ピクセルの余白を設けてください
◆【補足情報】キャラクター外見: ミナミは32歳女性の黒髪ボブ会社員。高橋は45歳男性の落ち着いたFP。リョウは28歳男性の丸メガネのデータアナリスト。
◆【補足情報】服装: ミナミは白ブラウスとネイビーカーディガン、高橋はチャコールジャケット、リョウはグレーパーカー。
◆【コマ構成】テンプレ3: 2コマ: 上段小、下段大。読み順は上段、下段
◆【作画】日本のビジネスマンガ調。清潔感のある線、表情は読みやすく、カフェ・自宅・オフィス・証券アプリ画面を背景にした実務的な演出。投資判断を煽らず、分散・リスク管理・数字を見る態度が伝わる落ち着いた色調。実写風、写真風、3D風は禁止。
◆【ストーリー】ページ016・第2章
1コマ目: 第2章の場面。ミナミ、高橋、リョウの表情と背景で状況を見せる。ナレーション: ［四角枠］第2章では、半導体、クラウド、ソフトウェア、電力・インフラ、ETFを分けて見る。
1コマ目: 高橋が自然な表情で話す。セリフ: 高橋の吹き出しに「まずはAI関連銘柄を層に分けます。」
2コマ目: ミナミが自然な表情で話す。セリフ: ミナミの吹き出しに「一つのテーマを棚に分ける感じですね。」
背景: 投資ノート、タブレットのグラフ、証券アプリ風の抽象UI、カフェや小さな相談室を使い分ける。実在企業ロゴや個別銘柄名は描かない。","[{""panel_id"": 1, ""type"": ""narration"", ""speaker"": null, ""text"": ""第2章では、半導体、クラウド、ソフトウェア、電力・インフラ、ETFを分けて見る。""}, {""panel_id"": 1, ""type"": ""dialogue"", ""speaker"": ""高橋"", ""text"": ""まずはAI関連銘柄を層に分けます。""}, {""panel_id"": 2, ""type"": ""dialogue"", ""speaker"": ""ミナミ"", ""text"": ""一つのテーマを棚に分ける感じですね。""}]",team_cafe
17,テンプレ7,"◆【注意】【】で囲まれた単語は感情や状況の指示であり、画像内に文字として描画しないでください
◆【絶対最優先】必ずフルカラーにしてください
◆【絶対最優先】必ず日本のアニメ・マンガ調のイラストで描いてください。実写風・フォトリアル風は禁止です。
◆【出力サイズ】2:3
◆【補足情報】上下左右に50ピクセルの余白を設けてください
◆【補足情報】キャラクター外見: ミナミは32歳女性の黒髪ボブ会社員。高橋は45歳男性の落ち着いたFP。リョウは28歳男性の丸メガネのデータアナリスト。
◆【補足情報】服装: ミナミは白ブラウスとネイビーカーディガン、高橋はチャコールジャケット、リョウはグレーパーカー。
◆【コマ構成】テンプレ7: 3コマ: 上段左右2コマ + 下段1コマ。読み順は上段右、上段左、下段
◆【作画】日本のビジネスマンガ調。清潔感のある線、表情は読みやすく、カフェ・自宅・オフィス・証券アプリ画面を背景にした実務的な演出。投資判断を煽らず、分散・リスク管理・数字を見る態度が伝わる落ち着いた色調。実写風、写真風、3D風は禁止。
◆【ストーリー】ページ017・第2章
1コマ目: 第2章の場面。ミナミ、高橋、リョウの表情と背景で状況を見せる。ナレーション: ［四角枠］半導体はAI需要の中心だが、景気循環や供給過剰の影響を受けると説明する。
2コマ目: リョウが自然な表情で話す。セリフ: リョウの吹き出しに「半導体は強い一方で、サイクルがあります。」
3コマ目: 高橋が自然な表情で話す。セリフ: 高橋の吹き出しに「永遠に直線で伸びる前提は危険です。」
背景: 投資ノート、タブレットのグラフ、証券アプリ風の抽象UI、カフェや小さな相談室を使い分ける。実在企業ロゴや個別銘柄名は描かない。","[{""panel_id"": 1, ""type"": ""narration"", ""speaker"": null, ""text"": ""半導体はAI需要の中心だが、景気循環や供給過剰の影響を受けると説明する。""}, {""panel_id"": 2, ""type"": ""dialogue"", ""speaker"": ""リョウ"", ""text"": ""半導体は強い一方で、サイクルがあります。""}, {""panel_id"": 3, ""type"": ""dialogue"", ""speaker"": ""高橋"", ""text"": ""永遠に直線で伸びる前提は危険です。""}]",team_cafe
18,テンプレ4,"◆【注意】【】で囲まれた単語は感情や状況の指示であり、画像内に文字として描画しないでください
◆【絶対最優先】必ずフルカラーにしてください
◆【絶対最優先】必ず日本のアニメ・マンガ調のイラストで描いてください。実写風・フォトリアル風は禁止です。
◆【出力サイズ】2:3
◆【補足情報】上下左右に50ピクセルの余白を設けてください
◆【補足情報】キャラクター外見: ミナミは32歳女性の黒髪ボブ会社員。高橋は45歳男性の落ち着いたFP。リョウは28歳男性の丸メガネのデータアナリスト。
◆【補足情報】服装: ミナミは白ブラウスとネイビーカーディガン、高橋はチャコールジャケット、リョウはグレーパーカー。
◆【コマ構成】テンプレ4: 2コマ: 上段大、下段小。読み順は上段、下段
◆【作画】日本のビジネスマンガ調。清潔感のある線、表情は読みやすく、カフェ・自宅・オフィス・証券アプリ画面を背景にした実務的な演出。投資判断を煽らず、分散・リスク管理・数字を見る態度が伝わる落ち着いた色調。実写風、写真風、3D風は禁止。
◆【ストーリー】ページ018・第2章
1コマ目: 第2章の場面。ミナミ、高橋、リョウの表情と背景で状況を見せる。ナレーション: ［四角枠］クラウド企業はAI利用の受け皿だが、設備投資が利益率を押し下げる可能性もある。
1コマ目: 高橋が自然な表情で話す。セリフ: 高橋の吹き出しに「クラウドは受益者ですが、投資負担も背負います。」
2コマ目: ミナミが自然な表情で話す。セリフ: ミナミの吹き出しに「売上が増えても利益が増えるとは限らないんですね。」
背景: 投資ノート、タブレットのグラフ、証券アプリ風の抽象UI、カフェや小さな相談室を使い分ける。実在企業ロゴや個別銘柄名は描かない。","[{""panel_id"": 1, ""type"": ""narration"", ""speaker"": null, ""text"": ""クラウド企業はAI利用の受け皿だが、設備投資が利益率を押し下げる可能性もある。""}, {""panel_id"": 1, ""type"": ""dialogue"", ""speaker"": ""高橋"", ""text"": ""クラウドは受益者ですが、投資負担も背負います。""}, {""panel_id"": 2, ""type"": ""dialogue"", ""speaker"": ""ミナミ"", ""text"": ""売上が増えても利益が増えるとは限らないんですね。""}]",team_cafe
19,テンプレ1,"◆【注意】【】で囲まれた単語は感情や状況の指示であり、画像内に文字として描画しないでください
◆【絶対最優先】必ずフルカラーにしてください
◆【絶対最優先】必ず日本のアニメ・マンガ調のイラストで描いてください。実写風・フォトリアル風は禁止です。
◆【出力サイズ】2:3
◆【補足情報】上下左右に50ピクセルの余白を設けてください
◆【補足情報】キャラクター外見: ミナミは32歳女性の黒髪ボブ会社員。高橋は45歳男性の落ち着いたFP。リョウは28歳男性の丸メガネのデータアナリスト。
◆【補足情報】服装: ミナミは白ブラウスとネイビーカーディガン、高橋はチャコールジャケット、リョウはグレーパーカー。
◆【コマ構成】テンプレ1: 1コマ: ページ全体を使った大ゴマ
◆【作画】日本のビジネスマンガ調。清潔感のある線、表情は読みやすく、カフェ・自宅・オフィス・証券アプリ画面を背景にした実務的な演出。投資判断を煽らず、分散・リスク管理・数字を見る態度が伝わる落ち着いた色調。実写風、写真風、3D風は禁止。
◆【ストーリー】ページ019・第2章
1コマ目: 第2章の場面。ミナミ、高橋、リョウの表情と背景で状況を見せる。ナレーション: ［四角枠］ソフトウェア企業はAIで機能を増やせるが、課金力と解約率が重要になる。
1コマ目: リョウが自然な表情で話す。セリフ: リョウの吹き出しに「AI機能を入れても、ユーザーが追加料金を払うかは別問題です。」
1コマ目: ミナミが自然な表情で話す。セリフ: ミナミの吹き出しに「便利さが利益に変わるかを見る。」
背景: 投資ノート、タブレットのグラフ、証券アプリ風の抽象UI、カフェや小さな相談室を使い分ける。実在企業ロゴや個別銘柄名は描かない。","[{""panel_id"": 1, ""type"": ""narration"", ""speaker"": null, ""text"": ""ソフトウェア企業はAIで機能を増やせるが、課金力と解約率が重要になる。""}, {""panel_id"": 1, ""type"": ""dialogue"", ""speaker"": ""リョウ"", ""text"": ""AI機能を入れても、ユーザーが追加料金を払うかは別問題です。""}, {""panel_id"": 1, ""type"": ""dialogue"", ""speaker"": ""ミナミ"", ""text"": ""便利さが利益に変わるかを見る。""}]",team_cafe
20,テンプレ5,"◆【注意】【】で囲まれた単語は感情や状況の指示であり、画像内に文字として描画しないでください
◆【絶対最優先】必ずフルカラーにしてください
◆【絶対最優先】必ず日本のアニメ・マンガ調のイラストで描いてください。実写風・フォトリアル風は禁止です。
◆【出力サイズ】2:3
◆【補足情報】上下左右に50ピクセルの余白を設けてください
◆【補足情報】キャラクター外見: ミナミは32歳女性の黒髪ボブ会社員。高橋は45歳男性の落ち着いたFP。リョウは28歳男性の丸メガネのデータアナリスト。
◆【補足情報】服装: ミナミは白ブラウスとネイビーカーディガン、高橋はチャコールジャケット、リョウはグレーパーカー。
◆【コマ構成】テンプレ5: 3コマ: 上・中・下の3段構成。読み順は上段、中段、下段
◆【作画】日本のビジネスマンガ調。清潔感のある線、表情は読みやすく、カフェ・自宅・オフィス・証券アプリ画面を背景にした実務的な演出。投資判断を煽らず、分散・リスク管理・数字を見る態度が伝わる落ち着いた色調。実写風、写真風、3D風は禁止。
◆【ストーリー】ページ020・第2章
1コマ目: 第2章の場面。ミナミ、高橋、リョウの表情と背景で状況を見せる。ナレーション: ［四角枠］電力・データセンター・冷却技術のような周辺インフラにも資金が向かる。
2コマ目: 高橋が自然な表情で話す。セリフ: 高橋の吹き出しに「掘る人だけでなく、つるはしを売る会社もあります。」
3コマ目: ミナミが自然な表情で話す。セリフ: ミナミの吹き出しに「でも、それぞれの利益率は違いますよね。」
背景: 投資ノート、タブレットのグラフ、証券アプリ風の抽象UI、カフェや小さな相談室を使い分ける。実在企業ロゴや個別銘柄名は描かない。","[{""panel_id"": 1, ""type"": ""narration"", ""speaker"": null, ""text"": ""電力・データセンター・冷却技術のような周辺インフラにも資金が向かる。""}, {""panel_id"": 2, ""type"": ""dialogue"", ""speaker"": ""高橋"", ""text"": ""掘る人だけでなく、つるはしを売る会社もあります。""}, {""panel_id"": 3, ""type"": ""dialogue"", ""speaker"": ""ミナミ"", ""text"": ""でも、それぞれの利益率は違いますよね。""}]",team_cafe
21,テンプレ6,"◆【注意】【】で囲まれた単語は感情や状況の指示であり、画像内に文字として描画しないでください
◆【絶対最優先】必ずフルカラーにしてください
◆【絶対最優先】必ず日本のアニメ・マンガ調のイラストで描いてください。実写風・フォトリアル風は禁止です。
◆【出力サイズ】2:3
◆【補足情報】上下左右に50ピクセルの余白を設けてください
◆【補足情報】キャラクター外見: ミナミは32歳女性の黒髪ボブ会社員。高橋は45歳男性の落ち着いたFP。リョウは28歳男性の丸メガネのデータアナリスト。
◆【補足情報】服装: ミナミは白ブラウスとネイビーカーディガン、高橋はチャコールジャケット、リョウはグレーパーカー。
◆【コマ構成】テンプレ6: 3コマ: 上段1コマ + 下段左右2コマ。読み順は上段、下段右、下段左
◆【作画】日本のビジネスマンガ調。清潔感のある線、表情は読みやすく、カフェ・自宅・オフィス・証券アプリ画面を背景にした実務的な演出。投資判断を煽らず、分散・リスク管理・数字を見る態度が伝わる落ち着いた色調。実写風、写真風、3D風は禁止。
◆【ストーリー】ページ021・第2章
1コマ目: 第2章の場面。ミナミ、高橋、リョウの表情と背景で状況を見せる。ナレーション: ［四角枠］ETFは個別企業リスクを下げるが、中身と手数料を確認する必要がある。
2コマ目: 高橋が自然な表情で話す。セリフ: 高橋の吹き出しに「ETFは分散になりますが、中身を見ない分散は危険です。」
3コマ目: ミナミが自然な表情で話す。セリフ: ミナミの吹き出しに「名前ではなく保有銘柄を見るんですね。」
背景: 投資ノート、タブレットのグラフ、証券アプリ風の抽象UI、カフェや小さな相談室を使い分ける。実在企業ロゴや個別銘柄名は描かない。","[{""panel_id"": 1, ""type"": ""narration"", ""speaker"": null, ""text"": ""ETFは個別企業リスクを下げるが、中身と手数料を確認する必要がある。""}, {""panel_id"": 2, ""type"": ""dialogue"", ""speaker"": ""高橋"", ""text"": ""ETFは分散になりますが、中身を見ない分散は危険です。""}, {""panel_id"": 3, ""type"": ""dialogue"", ""speaker"": ""ミナミ"", ""text"": ""名前ではなく保有銘柄を見るんですね。""}]",team_cafe
22,テンプレ7,"◆【注意】【】で囲まれた単語は感情や状況の指示であり、画像内に文字として描画しないでください
◆【絶対最優先】必ずフルカラーにしてください
◆【絶対最優先】必ず日本のアニメ・マンガ調のイラストで描いてください。実写風・フォトリアル風は禁止です。
◆【出力サイズ】2:3
◆【補足情報】上下左右に50ピクセルの余白を設けてください
◆【補足情報】キャラクター外見: ミナミは32歳女性の黒髪ボブ会社員。高橋は45歳男性の落ち着いたFP。リョウは28歳男性の丸メガネのデータアナリスト。
◆【補足情報】服装: ミナミは白ブラウスとネイビーカーディガン、高橋はチャコールジャケット、リョウはグレーパーカー。
◆【コマ構成】テンプレ7: 3コマ: 上段左右2コマ + 下段1コマ。読み順は上段右、上段左、下段
◆【作画】日本のビジネスマンガ調。清潔感のある線、表情は読みやすく、カフェ・自宅・オフィス・証券アプリ画面を背景にした実務的な演出。投資判断を煽らず、分散・リスク管理・数字を見る態度が伝わる落ち着いた色調。実写風、写真風、3D風は禁止。
◆【ストーリー】ページ022・第2章
1コマ目: 第2章の場面。ミナミ、高橋、リョウの表情と背景で状況を見せる。ナレーション: ［四角枠］ミナミは、AI関連を一枚の地図にして、自分がどの層に投資するのかを決める。
2コマ目: ミナミが自然な表情で話す。セリフ: ミナミの吹き出しに「私は個別銘柄より、まずETFと少額の個別で考えます。」
3コマ目: 高橋が自然な表情で話す。セリフ: 高橋の吹き出しに「良い入口です。集中しすぎないことが大切です。」
背景: 投資ノート、タブレットのグラフ、証券アプリ風の抽象UI、カフェや小さな相談室を使い分ける。実在企業ロゴや個別銘柄名は描かない。","[{""panel_id"": 1, ""type"": ""narration"", ""speaker"": null, ""text"": ""ミナミは、AI関連を一枚の地図にして、自分がどの層に投資するのかを決める。""}, {""panel_id"": 2, ""type"": ""dialogue"", ""speaker"": ""ミナミ"", ""text"": ""私は個別銘柄より、まずETFと少額の個別で考えます。""}, {""panel_id"": 3, ""type"": ""dialogue"", ""speaker"": ""高橋"", ""text"": ""良い入口です。集中しすぎないことが大切です。""}]",team_cafe
23,テンプレ5,"◆【注意】【】で囲まれた単語は感情や状況の指示であり、画像内に文字として描画しないでください
◆【絶対最優先】必ずフルカラーにしてください
◆【絶対最優先】必ず日本のアニメ・マンガ調のイラストで描いてください。実写風・フォトリアル風は禁止です。
◆【出力サイズ】2:3
◆【補足情報】上下左右に50ピクセルの余白を設けてください
◆【補足情報】キャラクター外見: ミナミは32歳女性の黒髪ボブ会社員。高橋は45歳男性の落ち着いたFP。リョウは28歳男性の丸メガネのデータアナリスト。
◆【補足情報】服装: ミナミは白ブラウスとネイビーカーディガン、高橋はチャコールジャケット、リョウはグレーパーカー。
◆【コマ構成】テンプレ5: 3コマ: 上・中・下の3段構成。読み順は上段、中段、下段
◆【作画】日本のビジネスマンガ調。清潔感のある線、表情は読みやすく、カフェ・自宅・オフィス・証券アプリ画面を背景にした実務的な演出。投資判断を煽らず、分散・リスク管理・数字を見る態度が伝わる落ち着いた色調。実写風、写真風、3D風は禁止。
◆【ストーリー】ページ023・第2章
1コマ目: 第2章の場面。ミナミ、高橋、リョウの表情と背景で状況を見せる。ナレーション: ［四角枠］章末で、AI関連銘柄は事業の位置、利益の出方、価格の三つで見分けるとまとめる。
2コマ目: リョウが自然な表情で話す。セリフ: リョウの吹き出しに「位置、利益、価格。この三つを同時に見ます。」
3コマ目: ミナミが自然な表情で話す。セリフ: ミナミの吹き出しに「テーマ買いから、企業選びに変わりました。」
背景: 投資ノート、タブレットのグラフ、証券アプリ風の抽象UI、カフェや小さな相談室を使い分ける。実在企業ロゴや個別銘柄名は描かない。","[{""panel_id"": 1, ""type"": ""narration"", ""speaker"": null, ""text"": ""章末で、AI関連銘柄は事業の位置、利益の出方、価格の三つで見分けるとまとめる。""}, {""panel_id"": 2, ""type"": ""dialogue"", ""speaker"": ""リョウ"", ""text"": ""位置、利益、価格。この三つを同時に見ます。""}, {""panel_id"": 3, ""type"": ""dialogue"", ""speaker"": ""ミナミ"", ""text"": ""テーマ買いから、企業選びに変わりました。""}]",team_cafe
24,テンプレ2,"◆【注意】【】で囲まれた単語は感情や状況の指示であり、画像内に文字として描画しないでください
◆【絶対最優先】必ずフルカラーにしてください
◆【絶対最優先】必ず日本のアニメ・マンガ調のイラストで描いてください。実写風・フォトリアル風は禁止です。
◆【出力サイズ】2:3
◆【補足情報】上下左右に50ピクセルの余白を設けてください
◆【補足情報】キャラクター外見: ミナミは32歳女性の黒髪ボブ会社員。高橋は45歳男性の落ち着いたFP。リョウは28歳男性の丸メガネのデータアナリスト。
◆【補足情報】服装: ミナミは白ブラウスとネイビーカーディガン、高橋はチャコールジャケット、リョウはグレーパーカー。
◆【コマ構成】テンプレ2: 2コマ: 上下に均等2分割。読み順は上段、下段
◆【作画】日本のビジネスマンガ調。清潔感のある線、表情は読みやすく、カフェ・自宅・オフィス・証券アプリ画面を背景にした実務的な演出。投資判断を煽らず、分散・リスク管理・数字を見る態度が伝わる落ち着いた色調。実写風、写真風、3D風は禁止。
◆【ストーリー】ページ024・第3章
1コマ目: 第3章の場面。ミナミ、高橋、リョウの表情と背景で状況を見せる。ナレーション: ［四角枠］第3章では、企業分析の入口として売上成長率、粗利率、営業利益率、キャッシュフローを見る。
1コマ目: 高橋が自然な表情で話す。セリフ: 高橋の吹き出しに「まず五つの数字を見ます。売上、粗利、営業利益、現金、投資額です。」
2コマ目: ミナミが自然な表情で話す。セリフ: ミナミの吹き出しに「ニュースより決算ですね。」
背景: 投資ノート、タブレットのグラフ、証券アプリ風の抽象UI、カフェや小さな相談室を使い分ける。実在企業ロゴや個別銘柄名は描かない。","[{""panel_id"": 1, ""type"": ""narration"", ""speaker"": null, ""text"": ""第3章では、企業分析の入口として売上成長率、粗利率、営業利益率、キャッシュフローを見る。""}, {""panel_id"": 1, ""type"": ""dialogue"", ""speaker"": ""高橋"", ""text"": ""まず五つの数字を見ます。売上、粗利、営業利益、現金、投資額です。""}, {""panel_id"": 2, ""type"": ""dialogue"", ""speaker"": ""ミナミ"", ""text"": ""ニュースより決算ですね。""}]",team_cafe
25,テンプレ6,"◆【注意】【】で囲まれた単語は感情や状況の指示であり、画像内に文字として描画しないでください
◆【絶対最優先】必ずフルカラーにしてください
◆【絶対最優先】必ず日本のアニメ・マンガ調のイラストで描いてください。実写風・フォトリアル風は禁止です。
◆【出力サイズ】2:3
◆【補足情報】上下左右に50ピクセルの余白を設けてください
◆【補足情報】キャラクター外見: ミナミは32歳女性の黒髪ボブ会社員。高橋は45歳男性の落ち着いたFP。リョウは28歳男性の丸メガネのデータアナリスト。
◆【補足情報】服装: ミナミは白ブラウスとネイビーカーディガン、高橋はチャコールジャケット、リョウはグレーパーカー。
◆【コマ構成】テンプレ6: 3コマ: 上段1コマ + 下段左右2コマ。読み順は上段、下段右、下段左
◆【作画】日本のビジネスマンガ調。清潔感のある線、表情は読みやすく、カフェ・自宅・オフィス・証券アプリ画面を背景にした実務的な演出。投資判断を煽らず、分散・リスク管理・数字を見る態度が伝わる落ち着いた色調。実写風、写真風、3D風は禁止。
◆【ストーリー】ページ025・第3章
1コマ目: 第3章の場面。ミナミ、高橋、リョウの表情と背景で状況を見せる。ナレーション: ［四角枠］高橋は、売上が伸びても利益率が下がる企業は、競争や投資負担を確認すると説明する。
2コマ目: 高橋が自然な表情で話す。セリフ: 高橋の吹き出しに「伸びているのに利益率が落ちるなら、理由を探します。」
3コマ目: ミナミが自然な表情で話す。セリフ: ミナミの吹き出しに「成長の質を見るんですね。」
背景: 投資ノート、タブレットのグラフ、証券アプリ風の抽象UI、カフェや小さな相談室を使い分ける。実在企業ロゴや個別銘柄名は描かない。","[{""panel_id"": 1, ""type"": ""narration"", ""speaker"": null, ""text"": ""高橋は、売上が伸びても利益率が下がる企業は、競争や投資負担を確認すると説明する。""}, {""panel_id"": 2, ""type"": ""dialogue"", ""speaker"": ""高橋"", ""text"": ""伸びているのに利益率が落ちるなら、理由を探します。""}, {""panel_id"": 3, ""type"": ""dialogue"", ""speaker"": ""ミナミ"", ""text"": ""成長の質を見るんですね。""}]",team_cafe
26,テンプレ3,"◆【注意】【】で囲まれた単語は感情や状況の指示であり、画像内に文字として描画しないでください
◆【絶対最優先】必ずフルカラーにしてください
◆【絶対最優先】必ず日本のアニメ・マンガ調のイラストで描いてください。実写風・フォトリアル風は禁止です。
◆【出力サイズ】2:3
◆【補足情報】上下左右に50ピクセルの余白を設けてください
◆【補足情報】キャラクター外見: ミナミは32歳女性の黒髪ボブ会社員。高橋は45歳男性の落ち着いたFP。リョウは28歳男性の丸メガネのデータアナリスト。
◆【補足情報】服装: ミナミは白ブラウスとネイビーカーディガン、高橋はチャコールジャケット、リョウはグレーパーカー。
◆【コマ構成】テンプレ3: 2コマ: 上段小、下段大。読み順は上段、下段
◆【作画】日本のビジネスマンガ調。清潔感のある線、表情は読みやすく、カフェ・自宅・オフィス・証券アプリ画面を背景にした実務的な演出。投資判断を煽らず、分散・リスク管理・数字を見る態度が伝わる落ち着いた色調。実写風、写真風、3D風は禁止。
◆【ストーリー】ページ026・第3章
1コマ目: 第3章の場面。ミナミ、高橋、リョウの表情と背景で状況を見せる。ナレーション: ［四角枠］リョウがPER、PSR、フリーキャッシュフロー利回りを並べ、価格の高さを測る。
1コマ目: リョウが自然な表情で話す。セリフ: リョウの吹き出しに「指標は答えではなく、温度計です。」
2コマ目: 高橋が自然な表情で話す。セリフ: 高橋の吹き出しに「高い理由を説明できるかが大事です。」
背景: 投資ノート、タブレットのグラフ、証券アプリ風の抽象UI、カフェや小さな相談室を使い分ける。実在企業ロゴや個別銘柄名は描かない。","[{""panel_id"": 1, ""type"": ""narration"", ""speaker"": null, ""text"": ""リョウがPER、PSR、フリーキャッシュフロー利回りを並べ、価格の高さを測る。""}, {""panel_id"": 1, ""type"": ""dialogue"", ""speaker"": ""リョウ"", ""text"": ""指標は答えではなく、温度計です。""}, {""panel_id"": 2, ""type"": ""dialogue"", ""speaker"": ""高橋"", ""text"": ""高い理由を説明できるかが大事です。""}]",team_cafe
27,テンプレ7,"◆【注意】【】で囲まれた単語は感情や状況の指示であり、画像内に文字として描画しないでください
◆【絶対最優先】必ずフルカラーにしてください
◆【絶対最優先】必ず日本のアニメ・マンガ調のイラストで描いてください。実写風・フォトリアル風は禁止です。
◆【出力サイズ】2:3
◆【補足情報】上下左右に50ピクセルの余白を設けてください
◆【補足情報】キャラクター外見: ミナミは32歳女性の黒髪ボブ会社員。高橋は45歳男性の落ち着いたFP。リョウは28歳男性の丸メガネのデータアナリスト。
◆【補足情報】服装: ミナミは白ブラウスとネイビーカーディガン、高橋はチャコールジャケット、リョウはグレーパーカー。
◆【コマ構成】テンプレ7: 3コマ: 上段左右2コマ + 下段1コマ。読み順は上段右、上段左、下段
◆【作画】日本のビジネスマンガ調。清潔感のある線、表情は読みやすく、カフェ・自宅・オフィス・証券アプリ画面を背景にした実務的な演出。投資判断を煽らず、分散・リスク管理・数字を見る態度が伝わる落ち着いた色調。実写風、写真風、3D風は禁止。
◆【ストーリー】ページ027・第3章
1コマ目: 第3章の場面。ミナミ、高橋、リョウの表情と背景で状況を見せる。ナレーション: ［四角枠］ミナミは、良い会社ほど高く買ってしまう危険があると気づく。
2コマ目: ミナミが自然な表情で話す。セリフ: ミナミの吹き出しに「好きな会社ほど、高くても買いたくなります。」
3コマ目: 高橋が自然な表情で話す。セリフ: 高橋の吹き出しに「その気持ちに、買う条件をぶつけます。」
背景: 投資ノート、タブレットのグラフ、証券アプリ風の抽象UI、カフェや小さな相談室を使い分ける。実在企業ロゴや個別銘柄名は描かない。","[{""panel_id"": 1, ""type"": ""narration"", ""speaker"": null, ""text"": ""ミナミは、良い会社ほど高く買ってしまう危険があると気づく。""}, {""panel_id"": 2, ""type"": ""dialogue"", ""speaker"": ""ミナミ"", ""text"": ""好きな会社ほど、高くても買いたくなります。""}, {""panel_id"": 3, ""type"": ""dialogue"", ""speaker"": ""高橋"", ""text"": ""その気持ちに、買う条件をぶつけます。""}]",team_cafe
28,テンプレ4,"◆【注意】【】で囲まれた単語は感情や状況の指示であり、画像内に文字として描画しないでください
◆【絶対最優先】必ずフルカラーにしてください
◆【絶対最優先】必ず日本のアニメ・マンガ調のイラストで描いてください。実写風・フォトリアル風は禁止です。
◆【出力サイズ】2:3
◆【補足情報】上下左右に50ピクセルの余白を設けてください
◆【補足情報】キャラクター外見: ミナミは32歳女性の黒髪ボブ会社員。高橋は45歳男性の落ち着いたFP。リョウは28歳男性の丸メガネのデータアナリスト。
◆【補足情報】服装: ミナミは白ブラウスとネイビーカーディガン、高橋はチャコールジャケット、リョウはグレーパーカー。
◆【コマ構成】テンプレ4: 2コマ: 上段大、下段小。読み順は上段、下段
◆【作画】日本のビジネスマンガ調。清潔感のある線、表情は読みやすく、カフェ・自宅・オフィス・証券アプリ画面を背景にした実務的な演出。投資判断を煽らず、分散・リスク管理・数字を見る態度が伝わる落ち着いた色調。実写風、写真風、3D風は禁止。
◆【ストーリー】ページ028・第3章
1コマ目: 第3章の場面。ミナミ、高橋、リョウの表情と背景で状況を見せる。ナレーション: ［四角枠］強気・標準・弱気の三つのシナリオで、成長率と利益率の前提を変えて考える。
1コマ目: 高橋が自然な表情で話す。セリフ: 高橋の吹き出しに「未来は一つに決めず、三つのシナリオで持ちます。」
2コマ目: ミナミが自然な表情で話す。セリフ: ミナミの吹き出しに「外れたときの心の準備にもなります。」
背景: 投資ノート、タブレットのグラフ、証券アプリ風の抽象UI、カフェや小さな相談室を使い分ける。実在企業ロゴや個別銘柄名は描かない。","[{""panel_id"": 1, ""type"": ""narration"", ""speaker"": null, ""text"": ""強気・標準・弱気の三つのシナリオで、成長率と利益率の前提を変えて考える。""}, {""panel_id"": 1, ""type"": ""dialogue"", ""speaker"": ""高橋"", ""text"": ""未来は一つに決めず、三つのシナリオで持ちます。""}, {""panel_id"": 2, ""type"": ""dialogue"", ""speaker"": ""ミナミ"", ""text"": ""外れたときの心の準備にもなります。""}]",team_cafe
29,テンプレ1,"◆【注意】【】で囲まれた単語は感情や状況の指示であり、画像内に文字として描画しないでください
◆【絶対最優先】必ずフルカラーにしてください
◆【絶対最優先】必ず日本のアニメ・マンガ調のイラストで描いてください。実写風・フォトリアル風は禁止です。
◆【出力サイズ】2:3
◆【補足情報】上下左右に50ピクセルの余白を設けてください
◆【補足情報】キャラクター外見: ミナミは32歳女性の黒髪ボブ会社員。高橋は45歳男性の落ち着いたFP。リョウは28歳男性の丸メガネのデータアナリスト。
◆【補足情報】服装: ミナミは白ブラウスとネイビーカーディガン、高橋はチャコールジャケット、リョウはグレーパーカー。
◆【コマ構成】テンプレ1: 1コマ: ページ全体を使った大ゴマ
◆【作画】日本のビジネスマンガ調。清潔感のある線、表情は読みやすく、カフェ・自宅・オフィス・証券アプリ画面を背景にした実務的な演出。投資判断を煽らず、分散・リスク管理・数字を見る態度が伝わる落ち着いた色調。実写風、写真風、3D風は禁止。
◆【ストーリー】ページ029・第3章
1コマ目: 第3章の場面。ミナミ、高橋、リョウの表情と背景で状況を見せる。ナレーション: ［四角枠］粉飾や過度な宣伝、根拠の薄いSNS投稿を避けるチェックポイントを作る。
1コマ目: リョウが自然な表情で話す。セリフ: リョウの吹き出しに「派手な投稿より、一次情報と決算資料を見ましょう。」
1コマ目: ミナミが自然な表情で話す。セリフ: ミナミの吹き出しに「おすすめ投稿だけで決めないようにします。」
背景: 投資ノート、タブレットのグラフ、証券アプリ風の抽象UI、カフェや小さな相談室を使い分ける。実在企業ロゴや個別銘柄名は描かない。","[{""panel_id"": 1, ""type"": ""narration"", ""speaker"": null, ""text"": ""粉飾や過度な宣伝、根拠の薄いSNS投稿を避けるチェックポイントを作る。""}, {""panel_id"": 1, ""type"": ""dialogue"", ""speaker"": ""リョウ"", ""text"": ""派手な投稿より、一次情報と決算資料を見ましょう。""}, {""panel_id"": 1, ""type"": ""dialogue"", ""speaker"": ""ミナミ"", ""text"": ""おすすめ投稿だけで決めないようにします。""}]",team_cafe
30,テンプレ5,"◆【注意】【】で囲まれた単語は感情や状況の指示であり、画像内に文字として描画しないでください
◆【絶対最優先】必ずフルカラーにしてください
◆【絶対最優先】必ず日本のアニメ・マンガ調のイラストで描いてください。実写風・フォトリアル風は禁止です。
◆【出力サイズ】2:3
◆【補足情報】上下左右に50ピクセルの余白を設けてください
◆【補足情報】キャラクター外見: ミナミは32歳女性の黒髪ボブ会社員。高橋は45歳男性の落ち着いたFP。リョウは28歳男性の丸メガネのデータアナリスト。
◆【補足情報】服装: ミナミは白ブラウスとネイビーカーディガン、高橋はチャコールジャケット、リョウはグレーパーカー。
◆【コマ構成】テンプレ5: 3コマ: 上・中・下の3段構成。読み順は上段、中段、下段
◆【作画】日本のビジネスマンガ調。清潔感のある線、表情は読みやすく、カフェ・自宅・オフィス・証券アプリ画面を背景にした実務的な演出。投資判断を煽らず、分散・リスク管理・数字を見る態度が伝わる落ち着いた色調。実写風、写真風、3D風は禁止。
◆【ストーリー】ページ030・第3章
1コマ目: 第3章の場面。ミナミ、高橋、リョウの表情と背景で状況を見せる。ナレーション: ［四角枠］章末で、企業分析は未来を当てる作業ではなく、買ってよい価格帯を狭める作業だとまとめる。
2コマ目: 高橋が自然な表情で話す。セリフ: 高橋の吹き出しに「分析は予言ではありません。高すぎる買い物を避ける道具です。」
3コマ目: ミナミが自然な表情で話す。セリフ: ミナミの吹き出しに「買わない判断も、立派な判断ですね。」
背景: 投資ノート、タブレットのグラフ、証券アプリ風の抽象UI、カフェや小さな相談室を使い分ける。実在企業ロゴや個別銘柄名は描かない。","[{""panel_id"": 1, ""type"": ""narration"", ""speaker"": null, ""text"": ""章末で、企業分析は未来を当てる作業ではなく、買ってよい価格帯を狭める作業だとまとめる。""}, {""panel_id"": 2, ""type"": ""dialogue"", ""speaker"": ""高橋"", ""text"": ""分析は予言ではありません。高すぎる買い物を避ける道具です。""}, {""panel_id"": 3, ""type"": ""dialogue"", ""speaker"": ""ミナミ"", ""text"": ""買わない判断も、立派な判断ですね。""}]",team_cafe
31,テンプレ6,"◆【注意】【】で囲まれた単語は感情や状況の指示であり、画像内に文字として描画しないでください
◆【絶対最優先】必ずフルカラーにしてください
◆【絶対最優先】必ず日本のアニメ・マンガ調のイラストで描いてください。実写風・フォトリアル風は禁止です。
◆【出力サイズ】2:3
◆【補足情報】上下左右に50ピクセルの余白を設けてください
◆【補足情報】キャラクター外見: ミナミは32歳女性の黒髪ボブ会社員。高橋は45歳男性の落ち着いたFP。リョウは28歳男性の丸メガネのデータアナリスト。
◆【補足情報】服装: ミナミは白ブラウスとネイビーカーディガン、高橋はチャコールジャケット、リョウはグレーパーカー。
◆【コマ構成】テンプレ6: 3コマ: 上段1コマ + 下段左右2コマ。読み順は上段、下段右、下段左
◆【作画】日本のビジネスマンガ調。清潔感のある線、表情は読みやすく、カフェ・自宅・オフィス・証券アプリ画面を背景にした実務的な演出。投資判断を煽らず、分散・リスク管理・数字を見る態度が伝わる落ち着いた色調。実写風、写真風、3D風は禁止。
◆【ストーリー】ページ031・第3章
1コマ目: 第3章の場面。ミナミ、高橋、リョウの表情と背景で状況を見せる。ナレーション: ［四角枠］ミナミは、候補企業ごとに数字、強み、リスク、買う条件を一枚にまとめる。
2コマ目: ミナミが自然な表情で話す。セリフ: ミナミの吹き出しに「銘柄メモに、買う理由と買わない理由を両方書きます。」
3コマ目: 高橋が自然な表情で話す。セリフ: 高橋の吹き出しに「それで熱狂から一歩離れられます。」
背景: 投資ノート、タブレットのグラフ、証券アプリ風の抽象UI、カフェや小さな相談室を使い分ける。実在企業ロゴや個別銘柄名は描かない。","[{""panel_id"": 1, ""type"": ""narration"", ""speaker"": null, ""text"": ""ミナミは、候補企業ごとに数字、強み、リスク、買う条件を一枚にまとめる。""}, {""panel_id"": 2, ""type"": ""dialogue"", ""speaker"": ""ミナミ"", ""text"": ""銘柄メモに、買う理由と買わない理由を両方書きます。""}, {""panel_id"": 3, ""type"": ""dialogue"", ""speaker"": ""高橋"", ""text"": ""それで熱狂から一歩離れられます。""}]",team_cafe
32,テンプレ7,"◆【注意】【】で囲まれた単語は感情や状況の指示であり、画像内に文字として描画しないでください
◆【絶対最優先】必ずフルカラーにしてください
◆【絶対最優先】必ず日本のアニメ・マンガ調のイラストで描いてください。実写風・フォトリアル風は禁止です。
◆【出力サイズ】2:3
◆【補足情報】上下左右に50ピクセルの余白を設けてください
◆【補足情報】キャラクター外見: ミナミは32歳女性の黒髪ボブ会社員。高橋は45歳男性の落ち着いたFP。リョウは28歳男性の丸メガネのデータアナリスト。
◆【補足情報】服装: ミナミは白ブラウスとネイビーカーディガン、高橋はチャコールジャケット、リョウはグレーパーカー。
◆【コマ構成】テンプレ7: 3コマ: 上段左右2コマ + 下段1コマ。読み順は上段右、上段左、下段
◆【作画】日本のビジネスマンガ調。清潔感のある線、表情は読みやすく、カフェ・自宅・オフィス・証券アプリ画面を背景にした実務的な演出。投資判断を煽らず、分散・リスク管理・数字を見る態度が伝わる落ち着いた色調。実写風、写真風、3D風は禁止。
◆【ストーリー】ページ032・第4章
1コマ目: 第4章の場面。ミナミ、高橋、リョウの表情と背景で状況を見せる。ナレーション: ［四角枠］第4章では、AI株を資産全体にどう入れるかを考える。
2コマ目: 高橋が自然な表情で話す。セリフ: 高橋の吹き出しに「良いテーマでも、入れすぎれば生活を揺らします。」
3コマ目: ミナミが自然な表情で話す。セリフ: ミナミの吹き出しに「割合を決めてから買うんですね。」
背景: 投資ノート、タブレットのグラフ、証券アプリ風の抽象UI、カフェや小さな相談室を使い分ける。実在企業ロゴや個別銘柄名は描かない。","[{""panel_id"": 1, ""type"": ""narration"", ""speaker"": null, ""text"": ""第4章では、AI株を資産全体にどう入れるかを考える。""}, {""panel_id"": 2, ""type"": ""dialogue"", ""speaker"": ""高橋"", ""text"": ""良いテーマでも、入れすぎれば生活を揺らします。""}, {""panel_id"": 3, ""type"": ""dialogue"", ""speaker"": ""ミナミ"", ""text"": ""割合を決めてから買うんですね。""}]",team_cafe
33,テンプレ5,"◆【注意】【】で囲まれた単語は感情や状況の指示であり、画像内に文字として描画しないでください
◆【絶対最優先】必ずフルカラーにしてください
◆【絶対最優先】必ず日本のアニメ・マンガ調のイラストで描いてください。実写風・フォトリアル風は禁止です。
◆【出力サイズ】2:3
◆【補足情報】上下左右に50ピクセルの余白を設けてください
◆【補足情報】キャラクター外見: ミナミは32歳女性の黒髪ボブ会社員。高橋は45歳男性の落ち着いたFP。リョウは28歳男性の丸メガネのデータアナリスト。
◆【補足情報】服装: ミナミは白ブラウスとネイビーカーディガン、高橋はチャコールジャケット、リョウはグレーパーカー。
◆【コマ構成】テンプレ5: 3コマ: 上・中・下の3段構成。読み順は上段、中段、下段
◆【作画】日本のビジネスマンガ調。清潔感のある線、表情は読みやすく、カフェ・自宅・オフィス・証券アプリ画面を背景にした実務的な演出。投資判断を煽らず、分散・リスク管理・数字を見る態度が伝わる落ち着いた色調。実写風、写真風、3D風は禁止。
◆【ストーリー】ページ033・第4章
1コマ目: 第4章の場面。ミナミ、高橋、リョウの表情と背景で状況を見せる。ナレーション: ［四角枠］生活防衛資金、インデックス投資、AI株の順で土台を確認する。
2コマ目: 高橋が自然な表情で話す。セリフ: 高橋の吹き出しに「順番は、守るお金、育てるお金、攻めるお金です。」
3コマ目: ミナミが自然な表情で話す。セリフ: ミナミの吹き出しに「AI株は攻めるお金の一部ですね。」
背景: 投資ノート、タブレットのグラフ、証券アプリ風の抽象UI、カフェや小さな相談室を使い分ける。実在企業ロゴや個別銘柄名は描かない。","[{""panel_id"": 1, ""type"": ""narration"", ""speaker"": null, ""text"": ""生活防衛資金、インデックス投資、AI株の順で土台を確認する。""}, {""panel_id"": 2, ""type"": ""dialogue"", ""speaker"": ""高橋"", ""text"": ""順番は、守るお金、育てるお金、攻めるお金です。""}, {""panel_id"": 3, ""type"": ""dialogue"", ""speaker"": ""ミナミ"", ""text"": ""AI株は攻めるお金の一部ですね。""}]",team_cafe
34,テンプレ2,"◆【注意】【】で囲まれた単語は感情や状況の指示であり、画像内に文字として描画しないでください
◆【絶対最優先】必ずフルカラーにしてください
◆【絶対最優先】必ず日本のアニメ・マンガ調のイラストで描いてください。実写風・フォトリアル風は禁止です。
◆【出力サイズ】2:3
◆【補足情報】上下左右に50ピクセルの余白を設けてください
◆【補足情報】キャラクター外見: ミナミは32歳女性の黒髪ボブ会社員。高橋は45歳男性の落ち着いたFP。リョウは28歳男性の丸メガネのデータアナリスト。
◆【補足情報】服装: ミナミは白ブラウスとネイビーカーディガン、高橋はチャコールジャケット、リョウはグレーパーカー。
◆【コマ構成】テンプレ2: 2コマ: 上下に均等2分割。読み順は上段、下段
◆【作画】日本のビジネスマンガ調。清潔感のある線、表情は読みやすく、カフェ・自宅・オフィス・証券アプリ画面を背景にした実務的な演出。投資判断を煽らず、分散・リスク管理・数字を見る態度が伝わる落ち着いた色調。実写風、写真風、3D風は禁止。
◆【ストーリー】ページ034・第4章
1コマ目: 第4章の場面。ミナミ、高橋、リョウの表情と背景で状況を見せる。ナレーション: ［四角枠］コア・サテライトの考え方で、インデックスを中心にAI株を周辺に置く。
1コマ目: リョウが自然な表情で話す。セリフ: リョウの吹き出しに「中心は広く分散、周辺でテーマを試す形です。」
2コマ目: ミナミが自然な表情で話す。セリフ: ミナミの吹き出しに「これなら失敗しても全部は崩れません。」
背景: 投資ノート、タブレットのグラフ、証券アプリ風の抽象UI、カフェや小さな相談室を使い分ける。実在企業ロゴや個別銘柄名は描かない。","[{""panel_id"": 1, ""type"": ""narration"", ""speaker"": null, ""text"": ""コア・サテライトの考え方で、インデックスを中心にAI株を周辺に置く。""}, {""panel_id"": 1, ""type"": ""dialogue"", ""speaker"": ""リョウ"", ""text"": ""中心は広く分散、周辺でテーマを試す形です。""}, {""panel_id"": 2, ""type"": ""dialogue"", ""speaker"": ""ミナミ"", ""text"": ""これなら失敗しても全部は崩れません。""}]",team_cafe
35,テンプレ6,"◆【注意】【】で囲まれた単語は感情や状況の指示であり、画像内に文字として描画しないでください
◆【絶対最優先】必ずフルカラーにしてください
◆【絶対最優先】必ず日本のアニメ・マンガ調のイラストで描いてください。実写風・フォトリアル風は禁止です。
◆【出力サイズ】2:3
◆【補足情報】上下左右に50ピクセルの余白を設けてください
◆【補足情報】キャラクター外見: ミナミは32歳女性の黒髪ボブ会社員。高橋は45歳男性の落ち着いたFP。リョウは28歳男性の丸メガネのデータアナリスト。
◆【補足情報】服装: ミナミは白ブラウスとネイビーカーディガン、高橋はチャコールジャケット、リョウはグレーパーカー。
◆【コマ構成】テンプレ6: 3コマ: 上段1コマ + 下段左右2コマ。読み順は上段、下段右、下段左
◆【作画】日本のビジネスマンガ調。清潔感のある線、表情は読みやすく、カフェ・自宅・オフィス・証券アプリ画面を背景にした実務的な演出。投資判断を煽らず、分散・リスク管理・数字を見る態度が伝わる落ち着いた色調。実写風、写真風、3D風は禁止。
◆【ストーリー】ページ035・第4章
1コマ目: 第4章の場面。ミナミ、高橋、リョウの表情と背景で状況を見せる。ナレーション: ［四角枠］一括投資と積立投資の違いを、心理面と価格変動の面から比べる。
2コマ目: 高橋が自然な表情で話す。セリフ: 高橋の吹き出しに「一括は期待を取りやすいが、心が揺れやすい。積立は時間でならします。」
3コマ目: ミナミが自然な表情で話す。セリフ: ミナミの吹き出しに「私は積立と少額追加が合いそうです。」
背景: 投資ノート、タブレットのグラフ、証券アプリ風の抽象UI、カフェや小さな相談室を使い分ける。実在企業ロゴや個別銘柄名は描かない。","[{""panel_id"": 1, ""type"": ""narration"", ""speaker"": null, ""text"": ""一括投資と積立投資の違いを、心理面と価格変動の面から比べる。""}, {""panel_id"": 2, ""type"": ""dialogue"", ""speaker"": ""高橋"", ""text"": ""一括は期待を取りやすいが、心が揺れやすい。積立は時間でならします。""}, {""panel_id"": 3, ""type"": ""dialogue"", ""speaker"": ""ミナミ"", ""text"": ""私は積立と少額追加が合いそうです。""}]",team_cafe
36,テンプレ3,"◆【注意】【】で囲まれた単語は感情や状況の指示であり、画像内に文字として描画しないでください
◆【絶対最優先】必ずフルカラーにしてください
◆【絶対最優先】必ず日本のアニメ・マンガ調のイラストで描いてください。実写風・フォトリアル風は禁止です。
◆【出力サイズ】2:3
◆【補足情報】上下左右に50ピクセルの余白を設けてください
◆【補足情報】キャラクター外見: ミナミは32歳女性の黒髪ボブ会社員。高橋は45歳男性の落ち着いたFP。リョウは28歳男性の丸メガネのデータアナリスト。
◆【補足情報】服装: ミナミは白ブラウスとネイビーカーディガン、高橋はチャコールジャケット、リョウはグレーパーカー。
◆【コマ構成】テンプレ3: 2コマ: 上段小、下段大。読み順は上段、下段
◆【作画】日本のビジネスマンガ調。清潔感のある線、表情は読みやすく、カフェ・自宅・オフィス・証券アプリ画面を背景にした実務的な演出。投資判断を煽らず、分散・リスク管理・数字を見る態度が伝わる落ち着いた色調。実写風、写真風、3D風は禁止。
◆【ストーリー】ページ036・第4章
1コマ目: 第4章の場面。ミナミ、高橋、リョウの表情と背景で状況を見せる。ナレーション: ［四角枠］個別銘柄に集中する場合は、最大比率と損失許容額を先に決める。
1コマ目: 高橋が自然な表情で話す。セリフ: 高橋の吹き出しに「何株買うかより、いくら失っても生活が壊れないかです。」
2コマ目: ミナミが自然な表情で話す。セリフ: ミナミの吹き出しに「損失額で考えると現実的になります。」
背景: 投資ノート、タブレットのグラフ、証券アプリ風の抽象UI、カフェや小さな相談室を使い分ける。実在企業ロゴや個別銘柄名は描かない。","[{""panel_id"": 1, ""type"": ""narration"", ""speaker"": null, ""text"": ""個別銘柄に集中する場合は、最大比率と損失許容額を先に決める。""}, {""panel_id"": 1, ""type"": ""dialogue"", ""speaker"": ""高橋"", ""text"": ""何株買うかより、いくら失っても生活が壊れないかです。""}, {""panel_id"": 2, ""type"": ""dialogue"", ""speaker"": ""ミナミ"", ""text"": ""損失額で考えると現実的になります。""}]",team_cafe
37,テンプレ7,"◆【注意】【】で囲まれた単語は感情や状況の指示であり、画像内に文字として描画しないでください
◆【絶対最優先】必ずフルカラーにしてください
◆【絶対最優先】必ず日本のアニメ・マンガ調のイラストで描いてください。実写風・フォトリアル風は禁止です。
◆【出力サイズ】2:3
◆【補足情報】上下左右に50ピクセルの余白を設けてください
◆【補足情報】キャラクター外見: ミナミは32歳女性の黒髪ボブ会社員。高橋は45歳男性の落ち着いたFP。リョウは28歳男性の丸メガネのデータアナリスト。
◆【補足情報】服装: ミナミは白ブラウスとネイビーカーディガン、高橋はチャコールジャケット、リョウはグレーパーカー。
◆【コマ構成】テンプレ7: 3コマ: 上段左右2コマ + 下段1コマ。読み順は上段右、上段左、下段
◆【作画】日本のビジネスマンガ調。清潔感のある線、表情は読みやすく、カフェ・自宅・オフィス・証券アプリ画面を背景にした実務的な演出。投資判断を煽らず、分散・リスク管理・数字を見る態度が伝わる落ち着いた色調。実写風、写真風、3D風は禁止。
◆【ストーリー】ページ037・第4章
1コマ目: 第4章の場面。ミナミ、高橋、リョウの表情と背景で状況を見せる。ナレーション: ［四角枠］為替、金利、景気後退、規制など、AI以外の要因でも株価が動くと確認する。
2コマ目: リョウが自然な表情で話す。セリフ: リョウの吹き出しに「AIが順調でも、金利や為替で株価は揺れます。」
3コマ目: ミナミが自然な表情で話す。セリフ: ミナミの吹き出しに「テーマ以外の風も受けるんですね。」
背景: 投資ノート、タブレットのグラフ、証券アプリ風の抽象UI、カフェや小さな相談室を使い分ける。実在企業ロゴや個別銘柄名は描かない。","[{""panel_id"": 1, ""type"": ""narration"", ""speaker"": null, ""text"": ""為替、金利、景気後退、規制など、AI以外の要因でも株価が動くと確認する。""}, {""panel_id"": 2, ""type"": ""dialogue"", ""speaker"": ""リョウ"", ""text"": ""AIが順調でも、金利や為替で株価は揺れます。""}, {""panel_id"": 3, ""type"": ""dialogue"", ""speaker"": ""ミナミ"", ""text"": ""テーマ以外の風も受けるんですね。""}]",team_cafe
38,テンプレ4,"◆【注意】【】で囲まれた単語は感情や状況の指示であり、画像内に文字として描画しないでください
◆【絶対最優先】必ずフルカラーにしてください
◆【絶対最優先】必ず日本のアニメ・マンガ調のイラストで描いてください。実写風・フォトリアル風は禁止です。
◆【出力サイズ】2:3
◆【補足情報】上下左右に50ピクセルの余白を設けてください
◆【補足情報】キャラクター外見: ミナミは32歳女性の黒髪ボブ会社員。高橋は45歳男性の落ち着いたFP。リョウは28歳男性の丸メガネのデータアナリスト。
◆【補足情報】服装: ミナミは白ブラウスとネイビーカーディガン、高橋はチャコールジャケット、リョウはグレーパーカー。
◆【コマ構成】テンプレ4: 2コマ: 上段大、下段小。読み順は上段、下段
◆【作画】日本のビジネスマンガ調。清潔感のある線、表情は読みやすく、カフェ・自宅・オフィス・証券アプリ画面を背景にした実務的な演出。投資判断を煽らず、分散・リスク管理・数字を見る態度が伝わる落ち着いた色調。実写風、写真風、3D風は禁止。
◆【ストーリー】ページ038・第4章
1コマ目: 第4章の場面。ミナミ、高橋、リョウの表情と背景で状況を見せる。ナレーション: ［四角枠］章末で、買う前に割合、買い方、売る条件を紙に書くことを決める。
1コマ目: ミナミが自然な表情で話す。セリフ: ミナミの吹き出しに「買う前に、割合と売る条件をメモします。」
2コマ目: 高橋が自然な表情で話す。セリフ: 高橋の吹き出しに「その一枚が、未来の自分を助けます。」
背景: 投資ノート、タブレットのグラフ、証券アプリ風の抽象UI、カフェや小さな相談室を使い分ける。実在企業ロゴや個別銘柄名は描かない。","[{""panel_id"": 1, ""type"": ""narration"", ""speaker"": null, ""text"": ""章末で、買う前に割合、買い方、売る条件を紙に書くことを決める。""}, {""panel_id"": 1, ""type"": ""dialogue"", ""speaker"": ""ミナミ"", ""text"": ""買う前に、割合と売る条件をメモします。""}, {""panel_id"": 2, ""type"": ""dialogue"", ""speaker"": ""高橋"", ""text"": ""その一枚が、未来の自分を助けます。""}]",team_cafe
39,テンプレ1,"◆【注意】【】で囲まれた単語は感情や状況の指示であり、画像内に文字として描画しないでください
◆【絶対最優先】必ずフルカラーにしてください
◆【絶対最優先】必ず日本のアニメ・マンガ調のイラストで描いてください。実写風・フォトリアル風は禁止です。
◆【出力サイズ】2:3
◆【補足情報】上下左右に50ピクセルの余白を設けてください
◆【補足情報】キャラクター外見: ミナミは32歳女性の黒髪ボブ会社員。高橋は45歳男性の落ち着いたFP。リョウは28歳男性の丸メガネのデータアナリスト。
◆【補足情報】服装: ミナミは白ブラウスとネイビーカーディガン、高橋はチャコールジャケット、リョウはグレーパーカー。
◆【コマ構成】テンプレ1: 1コマ: ページ全体を使った大ゴマ
◆【作画】日本のビジネスマンガ調。清潔感のある線、表情は読みやすく、カフェ・自宅・オフィス・証券アプリ画面を背景にした実務的な演出。投資判断を煽らず、分散・リスク管理・数字を見る態度が伝わる落ち着いた色調。実写風、写真風、3D風は禁止。
◆【ストーリー】ページ039・第4章
1コマ目: 第4章の場面。ミナミ、高橋、リョウの表情と背景で状況を見せる。ナレーション: ［四角枠］ミナミは、AI株を資産全体の一部にとどめ、定期的に見直すルールを作る。
1コマ目: ミナミが自然な表情で話す。セリフ: ミナミの吹き出しに「私は資産全体の5%から始めます。」
1コマ目: 高橋が自然な表情で話す。セリフ: 高橋の吹き出しに「小さく始めるのは、弱さではなく設計です。」
背景: 投資ノート、タブレットのグラフ、証券アプリ風の抽象UI、カフェや小さな相談室を使い分ける。実在企業ロゴや個別銘柄名は描かない。","[{""panel_id"": 1, ""type"": ""narration"", ""speaker"": null, ""text"": ""ミナミは、AI株を資産全体の一部にとどめ、定期的に見直すルールを作る。""}, {""panel_id"": 1, ""type"": ""dialogue"", ""speaker"": ""ミナミ"", ""text"": ""私は資産全体の5%から始めます。""}, {""panel_id"": 1, ""type"": ""dialogue"", ""speaker"": ""高橋"", ""text"": ""小さく始めるのは、弱さではなく設計です。""}]",team_cafe
40,テンプレ5,"◆【注意】【】で囲まれた単語は感情や状況の指示であり、画像内に文字として描画しないでください
◆【絶対最優先】必ずフルカラーにしてください
◆【絶対最優先】必ず日本のアニメ・マンガ調のイラストで描いてください。実写風・フォトリアル風は禁止です。
◆【出力サイズ】2:3
◆【補足情報】上下左右に50ピクセルの余白を設けてください
◆【補足情報】キャラクター外見: ミナミは32歳女性の黒髪ボブ会社員。高橋は45歳男性の落ち着いたFP。リョウは28歳男性の丸メガネのデータアナリスト。
◆【補足情報】服装: ミナミは白ブラウスとネイビーカーディガン、高橋はチャコールジャケット、リョウはグレーパーカー。
◆【コマ構成】テンプレ5: 3コマ: 上・中・下の3段構成。読み順は上段、中段、下段
◆【作画】日本のビジネスマンガ調。清潔感のある線、表情は読みやすく、カフェ・自宅・オフィス・証券アプリ画面を背景にした実務的な演出。投資判断を煽らず、分散・リスク管理・数字を見る態度が伝わる落ち着いた色調。実写風、写真風、3D風は禁止。
◆【ストーリー】ページ040・第5章
1コマ目: 第5章の場面。ミナミ、高橋、リョウの表情と背景で状況を見せる。ナレーション: ［四角枠］第5章では、買った後に何を見るかを整理する。
2コマ目: 高橋が自然な表情で話す。セリフ: 高橋の吹き出しに「買ったら終わりではありません。見続ける数字を決めます。」
3コマ目: ミナミが自然な表情で話す。セリフ: ミナミの吹き出しに「毎日株価を見るだけではダメなんですね。」
背景: 投資ノート、タブレットのグラフ、証券アプリ風の抽象UI、カフェや小さな相談室を使い分ける。実在企業ロゴや個別銘柄名は描かない。","[{""panel_id"": 1, ""type"": ""narration"", ""speaker"": null, ""text"": ""第5章では、買った後に何を見るかを整理する。""}, {""panel_id"": 2, ""type"": ""dialogue"", ""speaker"": ""高橋"", ""text"": ""買ったら終わりではありません。見続ける数字を決めます。""}, {""panel_id"": 3, ""type"": ""dialogue"", ""speaker"": ""ミナミ"", ""text"": ""毎日株価を見るだけではダメなんですね。""}]",team_cafe
41,テンプレ6,"◆【注意】【】で囲まれた単語は感情や状況の指示であり、画像内に文字として描画しないでください
◆【絶対最優先】必ずフルカラーにしてください
◆【絶対最優先】必ず日本のアニメ・マンガ調のイラストで描いてください。実写風・フォトリアル風は禁止です。
◆【出力サイズ】2:3
◆【補足情報】上下左右に50ピクセルの余白を設けてください
◆【補足情報】キャラクター外見: ミナミは32歳女性の黒髪ボブ会社員。高橋は45歳男性の落ち着いたFP。リョウは28歳男性の丸メガネのデータアナリスト。
◆【補足情報】服装: ミナミは白ブラウスとネイビーカーディガン、高橋はチャコールジャケット、リョウはグレーパーカー。
◆【コマ構成】テンプレ6: 3コマ: 上段1コマ + 下段左右2コマ。読み順は上段、下段右、下段左
◆【作画】日本のビジネスマンガ調。清潔感のある線、表情は読みやすく、カフェ・自宅・オフィス・証券アプリ画面を背景にした実務的な演出。投資判断を煽らず、分散・リスク管理・数字を見る態度が伝わる落ち着いた色調。実写風、写真風、3D風は禁止。
◆【ストーリー】ページ041・第5章
1コマ目: 第5章の場面。ミナミ、高橋、リョウの表情と背景で状況を見せる。ナレーション: ［四角枠］四半期決算で、売上成長、利益率、ガイダンス、設備投資、キャッシュを確認する。
2コマ目: リョウが自然な表情で話す。セリフ: リョウの吹き出しに「決算では、伸びた数字と悪化した数字をセットで見ます。」
3コマ目: ミナミが自然な表情で話す。セリフ: ミナミの吹き出しに「良い点だけ拾わないようにします。」
背景: 投資ノート、タブレットのグラフ、証券アプリ風の抽象UI、カフェや小さな相談室を使い分ける。実在企業ロゴや個別銘柄名は描かない。","[{""panel_id"": 1, ""type"": ""narration"", ""speaker"": null, ""text"": ""四半期決算で、売上成長、利益率、ガイダンス、設備投資、キャッシュを確認する。""}, {""panel_id"": 2, ""type"": ""dialogue"", ""speaker"": ""リョウ"", ""text"": ""決算では、伸びた数字と悪化した数字をセットで見ます。""}, {""panel_id"": 3, ""type"": ""dialogue"", ""speaker"": ""ミナミ"", ""text"": ""良い点だけ拾わないようにします。""}]",team_cafe
42,テンプレ7,"◆【注意】【】で囲まれた単語は感情や状況の指示であり、画像内に文字として描画しないでください
◆【絶対最優先】必ずフルカラーにしてください
◆【絶対最優先】必ず日本のアニメ・マンガ調のイラストで描いてください。実写風・フォトリアル風は禁止です。
◆【出力サイズ】2:3
◆【補足情報】上下左右に50ピクセルの余白を設けてください
◆【補足情報】キャラクター外見: ミナミは32歳女性の黒髪ボブ会社員。高橋は45歳男性の落ち着いたFP。リョウは28歳男性の丸メガネのデータアナリスト。
◆【補足情報】服装: ミナミは白ブラウスとネイビーカーディガン、高橋はチャコールジャケット、リョウはグレーパーカー。
◆【コマ構成】テンプレ7: 3コマ: 上段左右2コマ + 下段1コマ。読み順は上段右、上段左、下段
◆【作画】日本のビジネスマンガ調。清潔感のある線、表情は読みやすく、カフェ・自宅・オフィス・証券アプリ画面を背景にした実務的な演出。投資判断を煽らず、分散・リスク管理・数字を見る態度が伝わる落ち着いた色調。実写風、写真風、3D風は禁止。
◆【ストーリー】ページ042・第5章
1コマ目: 第5章の場面。ミナミ、高橋、リョウの表情と背景で状況を見せる。ナレーション: ［四角枠］投資ストーリーが崩れた場合、株価が戻るまで祈るのではなく仮説を見直す。
2コマ目: 高橋が自然な表情で話す。セリフ: 高橋の吹き出しに「ストーリーが崩れたら、祈るより先に仮説を直します。」
3コマ目: ミナミが自然な表情で話す。セリフ: ミナミの吹き出しに「持ち続ける理由を更新するんですね。」
背景: 投資ノート、タブレットのグラフ、証券アプリ風の抽象UI、カフェや小さな相談室を使い分ける。実在企業ロゴや個別銘柄名は描かない。","[{""panel_id"": 1, ""type"": ""narration"", ""speaker"": null, ""text"": ""投資ストーリーが崩れた場合、株価が戻るまで祈るのではなく仮説を見直す。""}, {""panel_id"": 2, ""type"": ""dialogue"", ""speaker"": ""高橋"", ""text"": ""ストーリーが崩れたら、祈るより先に仮説を直します。""}, {""panel_id"": 3, ""type"": ""dialogue"", ""speaker"": ""ミナミ"", ""text"": ""持ち続ける理由を更新するんですね。""}]",team_cafe
43,テンプレ5,"◆【注意】【】で囲まれた単語は感情や状況の指示であり、画像内に文字として描画しないでください
◆【絶対最優先】必ずフルカラーにしてください
◆【絶対最優先】必ず日本のアニメ・マンガ調のイラストで描いてください。実写風・フォトリアル風は禁止です。
◆【出力サイズ】2:3
◆【補足情報】上下左右に50ピクセルの余白を設けてください
◆【補足情報】キャラクター外見: ミナミは32歳女性の黒髪ボブ会社員。高橋は45歳男性の落ち着いたFP。リョウは28歳男性の丸メガネのデータアナリスト。
◆【補足情報】服装: ミナミは白ブラウスとネイビーカーディガン、高橋はチャコールジャケット、リョウはグレーパーカー。
◆【コマ構成】テンプレ5: 3コマ: 上・中・下の3段構成。読み順は上段、中段、下段
◆【作画】日本のビジネスマンガ調。清潔感のある線、表情は読みやすく、カフェ・自宅・オフィス・証券アプリ画面を背景にした実務的な演出。投資判断を煽らず、分散・リスク管理・数字を見る態度が伝わる落ち着いた色調。実写風、写真風、3D風は禁止。
◆【ストーリー】ページ043・第5章
1コマ目: 第5章の場面。ミナミ、高橋、リョウの表情と背景で状況を見せる。ナレーション: ［四角枠］値上がりしたときこそ、利益確定やリバランスのルールを確認する。
2コマ目: ミナミが自然な表情で話す。セリフ: ミナミの吹き出しに「上がったらもっと欲しくなりそうです。」
3コマ目: 高橋が自然な表情で話す。セリフ: 高橋の吹き出しに「だから上がった時のルールも先に作ります。」
背景: 投資ノート、タブレットのグラフ、証券アプリ風の抽象UI、カフェや小さな相談室を使い分ける。実在企業ロゴや個別銘柄名は描かない。","[{""panel_id"": 1, ""type"": ""narration"", ""speaker"": null, ""text"": ""値上がりしたときこそ、利益確定やリバランスのルールを確認する。""}, {""panel_id"": 2, ""type"": ""dialogue"", ""speaker"": ""ミナミ"", ""text"": ""上がったらもっと欲しくなりそうです。""}, {""panel_id"": 3, ""type"": ""dialogue"", ""speaker"": ""高橋"", ""text"": ""だから上がった時のルールも先に作ります。""}]",team_cafe
44,テンプレ2,"◆【注意】【】で囲まれた単語は感情や状況の指示であり、画像内に文字として描画しないでください
◆【絶対最優先】必ずフルカラーにしてください
◆【絶対最優先】必ず日本のアニメ・マンガ調のイラストで描いてください。実写風・フォトリアル風は禁止です。
◆【出力サイズ】2:3
◆【補足情報】上下左右に50ピクセルの余白を設けてください
◆【補足情報】キャラクター外見: ミナミは32歳女性の黒髪ボブ会社員。高橋は45歳男性の落ち着いたFP。リョウは28歳男性の丸メガネのデータアナリスト。
◆【補足情報】服装: ミナミは白ブラウスとネイビーカーディガン、高橋はチャコールジャケット、リョウはグレーパーカー。
◆【コマ構成】テンプレ2: 2コマ: 上下に均等2分割。読み順は上段、下段
◆【作画】日本のビジネスマンガ調。清潔感のある線、表情は読みやすく、カフェ・自宅・オフィス・証券アプリ画面を背景にした実務的な演出。投資判断を煽らず、分散・リスク管理・数字を見る態度が伝わる落ち着いた色調。実写風、写真風、3D風は禁止。
◆【ストーリー】ページ044・第5章
1コマ目: 第5章の場面。ミナミ、高橋、リョウの表情と背景で状況を見せる。ナレーション: ［四角枠］SNSで強い意見を見るほど、最初に書いた投資メモに戻る。
1コマ目: リョウが自然な表情で話す。セリフ: リョウの吹き出しに「市場が騒がしい日は、自分のメモを読み返しましょう。」
2コマ目: ミナミが自然な表情で話す。セリフ: ミナミの吹き出しに「他人の熱より、自分のルールですね。」
背景: 投資ノート、タブレットのグラフ、証券アプリ風の抽象UI、カフェや小さな相談室を使い分ける。実在企業ロゴや個別銘柄名は描かない。","[{""panel_id"": 1, ""type"": ""narration"", ""speaker"": null, ""text"": ""SNSで強い意見を見るほど、最初に書いた投資メモに戻る。""}, {""panel_id"": 1, ""type"": ""dialogue"", ""speaker"": ""リョウ"", ""text"": ""市場が騒がしい日は、自分のメモを読み返しましょう。""}, {""panel_id"": 2, ""type"": ""dialogue"", ""speaker"": ""ミナミ"", ""text"": ""他人の熱より、自分のルールですね。""}]",team_cafe
45,テンプレ3,"◆【注意】【】で囲まれた単語は感情や状況の指示であり、画像内に文字として描画しないでください
◆【絶対最優先】必ずフルカラーにしてください
◆【絶対最優先】必ず日本のアニメ・マンガ調のイラストで描いてください。実写風・フォトリアル風は禁止です。
◆【出力サイズ】2:3
◆【補足情報】上下左右に50ピクセルの余白を設けてください
◆【補足情報】キャラクター外見: ミナミは32歳女性の黒髪ボブ会社員。高橋は45歳男性の落ち着いたFP。リョウは28歳男性の丸メガネのデータアナリスト。
◆【補足情報】服装: ミナミは白ブラウスとネイビーカーディガン、高橋はチャコールジャケット、リョウはグレーパーカー。
◆【コマ構成】テンプレ3: 2コマ: 上段小、下段大。読み順は上段、下段
◆【作画】日本のビジネスマンガ調。清潔感のある線、表情は読みやすく、カフェ・自宅・オフィス・証券アプリ画面を背景にした実務的な演出。投資判断を煽らず、分散・リスク管理・数字を見る態度が伝わる落ち着いた色調。実写風、写真風、3D風は禁止。
◆【ストーリー】ページ045・第5章
1コマ目: 第5章の場面。ミナミ、高橋、リョウの表情と背景で状況を見せる。ナレーション: ［四角枠］詐欺的なAI投資話や、元本保証をうたう勧誘には近づかない。
1コマ目: 高橋が自然な表情で話す。セリフ: 高橋の吹き出しに「元本保証の高リターン話は、投資ではなく危険信号です。」
2コマ目: ミナミが自然な表情で話す。セリフ: ミナミの吹き出しに「AIという言葉で油断しないようにします。」
背景: 投資ノート、タブレットのグラフ、証券アプリ風の抽象UI、カフェや小さな相談室を使い分ける。実在企業ロゴや個別銘柄名は描かない。","[{""panel_id"": 1, ""type"": ""narration"", ""speaker"": null, ""text"": ""詐欺的なAI投資話や、元本保証をうたう勧誘には近づかない。""}, {""panel_id"": 1, ""type"": ""dialogue"", ""speaker"": ""高橋"", ""text"": ""元本保証の高リターン話は、投資ではなく危険信号です。""}, {""panel_id"": 2, ""type"": ""dialogue"", ""speaker"": ""ミナミ"", ""text"": ""AIという言葉で油断しないようにします。""}]",team_cafe
46,テンプレ4,"◆【注意】【】で囲まれた単語は感情や状況の指示であり、画像内に文字として描画しないでください
◆【絶対最優先】必ずフルカラーにしてください
◆【絶対最優先】必ず日本のアニメ・マンガ調のイラストで描いてください。実写風・フォトリアル風は禁止です。
◆【出力サイズ】2:3
◆【補足情報】上下左右に50ピクセルの余白を設けてください
◆【補足情報】キャラクター外見: ミナミは32歳女性の黒髪ボブ会社員。高橋は45歳男性の落ち着いたFP。リョウは28歳男性の丸メガネのデータアナリスト。
◆【補足情報】服装: ミナミは白ブラウスとネイビーカーディガン、高橋はチャコールジャケット、リョウはグレーパーカー。
◆【コマ構成】テンプレ4: 2コマ: 上段大、下段小。読み順は上段、下段
◆【作画】日本のビジネスマンガ調。清潔感のある線、表情は読みやすく、カフェ・自宅・オフィス・証券アプリ画面を背景にした実務的な演出。投資判断を煽らず、分散・リスク管理・数字を見る態度が伝わる落ち着いた色調。実写風、写真風、3D風は禁止。
◆【ストーリー】ページ046・第5章
1コマ目: 第5章の場面。ミナミ、高橋、リョウの表情と背景で状況を見せる。ナレーション: ［四角枠］章末で、投資後のチェックリストを作り、見る日をカレンダーに入れる。
1コマ目: ミナミが自然な表情で話す。セリフ: ミナミの吹き出しに「決算日と見直し日を予定に入れます。」
2コマ目: 高橋が自然な表情で話す。セリフ: 高橋の吹き出しに「続けられる仕組みにするのが大切です。」
背景: 投資ノート、タブレットのグラフ、証券アプリ風の抽象UI、カフェや小さな相談室を使い分ける。実在企業ロゴや個別銘柄名は描かない。","[{""panel_id"": 1, ""type"": ""narration"", ""speaker"": null, ""text"": ""章末で、投資後のチェックリストを作り、見る日をカレンダーに入れる。""}, {""panel_id"": 1, ""type"": ""dialogue"", ""speaker"": ""ミナミ"", ""text"": ""決算日と見直し日を予定に入れます。""}, {""panel_id"": 2, ""type"": ""dialogue"", ""speaker"": ""高橋"", ""text"": ""続けられる仕組みにするのが大切です。""}]",team_cafe
47,テンプレ1,"◆【注意】【】で囲まれた単語は感情や状況の指示であり、画像内に文字として描画しないでください
◆【絶対最優先】必ずフルカラーにしてください
◆【絶対最優先】必ず日本のアニメ・マンガ調のイラストで描いてください。実写風・フォトリアル風は禁止です。
◆【出力サイズ】2:3
◆【補足情報】上下左右に50ピクセルの余白を設けてください
◆【補足情報】キャラクター外見: ミナミは32歳女性の黒髪ボブ会社員。高橋は45歳男性の落ち着いたFP。リョウは28歳男性の丸メガネのデータアナリスト。
◆【補足情報】服装: ミナミは白ブラウスとネイビーカーディガン、高橋はチャコールジャケット、リョウはグレーパーカー。
◆【コマ構成】テンプレ1: 1コマ: ページ全体を使った大ゴマ
◆【作画】日本のビジネスマンガ調。清潔感のある線、表情は読みやすく、カフェ・自宅・オフィス・証券アプリ画面を背景にした実務的な演出。投資判断を煽らず、分散・リスク管理・数字を見る態度が伝わる落ち着いた色調。実写風、写真風、3D風は禁止。
◆【ストーリー】ページ047・第5章
1コマ目: 第5章の場面。ミナミ、高橋、リョウの表情と背景で状況を見せる。ナレーション: ［四角枠］ミナミは、株価ではなく自分の判断プロセスを育てることに価値を感じ始める。
1コマ目: ミナミが自然な表情で話す。セリフ: ミナミの吹き出しに「勝ち負けだけでなく、判断を育てる投資にしたいです。」
1コマ目: 高橋が自然な表情で話す。セリフ: 高橋の吹き出しに「その姿勢が長く残ります。」
背景: 投資ノート、タブレットのグラフ、証券アプリ風の抽象UI、カフェや小さな相談室を使い分ける。実在企業ロゴや個別銘柄名は描かない。","[{""panel_id"": 1, ""type"": ""narration"", ""speaker"": null, ""text"": ""ミナミは、株価ではなく自分の判断プロセスを育てることに価値を感じ始める。""}, {""panel_id"": 1, ""type"": ""dialogue"", ""speaker"": ""ミナミ"", ""text"": ""勝ち負けだけでなく、判断を育てる投資にしたいです。""}, {""panel_id"": 1, ""type"": ""dialogue"", ""speaker"": ""高橋"", ""text"": ""その姿勢が長く残ります。""}]",team_cafe
48,テンプレ2,"◆【注意】【】で囲まれた単語は感情や状況の指示であり、画像内に文字として描画しないでください
◆【絶対最優先】必ずフルカラーにしてください
◆【絶対最優先】必ず日本のアニメ・マンガ調のイラストで描いてください。実写風・フォトリアル風は禁止です。
◆【出力サイズ】2:3
◆【補足情報】上下左右に50ピクセルの余白を設けてください
◆【補足情報】キャラクター外見: ミナミは32歳女性の黒髪ボブ会社員。高橋は45歳男性の落ち着いたFP。リョウは28歳男性の丸メガネのデータアナリスト。
◆【補足情報】服装: ミナミは白ブラウスとネイビーカーディガン、高橋はチャコールジャケット、リョウはグレーパーカー。
◆【コマ構成】テンプレ2: 2コマ: 上下に均等2分割。読み順は上段、下段
◆【作画】日本のビジネスマンガ調。清潔感のある線、表情は読みやすく、カフェ・自宅・オフィス・証券アプリ画面を背景にした実務的な演出。投資判断を煽らず、分散・リスク管理・数字を見る態度が伝わる落ち着いた色調。実写風、写真風、3D風は禁止。
◆【ストーリー】ページ048・第5章
1コマ目: 第5章の場面。ミナミ、高橋、リョウの表情と背景で状況を見せる。ナレーション: ［四角枠］3人は、AI株投資の判断を一枚のルール表にまとめる。買う理由、買わない理由、見直す日が並ぶ。
1コマ目: リョウが自然な表情で話す。セリフ: リョウの吹き出しに「最後は、情報ではなく行動ルールに落とします。」
2コマ目: ミナミが自然な表情で話す。セリフ: ミナミの吹き出しに「これなら次のニュースにも振り回されません。」
背景: 投資ノート、タブレットのグラフ、証券アプリ風の抽象UI、カフェや小さな相談室を使い分ける。実在企業ロゴや個別銘柄名は描かない。","[{""panel_id"": 1, ""type"": ""narration"", ""speaker"": null, ""text"": ""3人は、AI株投資の判断を一枚のルール表にまとめる。買う理由、買わない理由、見直す日が並ぶ。""}, {""panel_id"": 1, ""type"": ""dialogue"", ""speaker"": ""リョウ"", ""text"": ""最後は、情報ではなく行動ルールに落とします。""}, {""panel_id"": 2, ""type"": ""dialogue"", ""speaker"": ""ミナミ"", ""text"": ""これなら次のニュースにも振り回されません。""}]",team_cafe
49,テンプレ3,"◆【注意】【】で囲まれた単語は感情や状況の指示であり、画像内に文字として描画しないでください
◆【絶対最優先】必ずフルカラーにしてください
◆【絶対最優先】必ず日本のアニメ・マンガ調のイラストで描いてください。実写風・フォトリアル風は禁止です。
◆【出力サイズ】2:3
◆【補足情報】上下左右に50ピクセルの余白を設けてください
◆【補足情報】キャラクター外見: ミナミは32歳女性の黒髪ボブ会社員。高橋は45歳男性の落ち着いたFP。リョウは28歳男性の丸メガネのデータアナリスト。
◆【補足情報】服装: ミナミは白ブラウスとネイビーカーディガン、高橋はチャコールジャケット、リョウはグレーパーカー。
◆【コマ構成】テンプレ3: 2コマ: 上段小、下段大。読み順は上段、下段
◆【作画】日本のビジネスマンガ調。清潔感のある線、表情は読みやすく、カフェ・自宅・オフィス・証券アプリ画面を背景にした実務的な演出。投資判断を煽らず、分散・リスク管理・数字を見る態度が伝わる落ち着いた色調。実写風、写真風、3D風は禁止。
◆【ストーリー】ページ049・エピローグ
1コマ目: エピローグの場面。ミナミ、高橋、リョウの表情と背景で状況を見せる。ナレーション: ［四角枠］ミナミは、AIの未来を否定せず、熱狂から距離を取る方法を身につけた。
1コマ目: ミナミが自然な表情で話す。セリフ: ミナミの吹き出しに「AIの未来は楽しみです。でも、全財産を賭ける話ではありません。」
2コマ目: 高橋が自然な表情で話す。セリフ: 高橋の吹き出しに「その距離感が、熱狂を味方にします。」
背景: 投資ノート、タブレットのグラフ、証券アプリ風の抽象UI、カフェや小さな相談室を使い分ける。実在企業ロゴや個別銘柄名は描かない。","[{""panel_id"": 1, ""type"": ""narration"", ""speaker"": null, ""text"": ""ミナミは、AIの未来を否定せず、熱狂から距離を取る方法を身につけた。""}, {""panel_id"": 1, ""type"": ""dialogue"", ""speaker"": ""ミナミ"", ""text"": ""AIの未来は楽しみです。でも、全財産を賭ける話ではありません。""}, {""panel_id"": 2, ""type"": ""dialogue"", ""speaker"": ""高橋"", ""text"": ""その距離感が、熱狂を味方にします。""}]",team_cafe
50,テンプレ4,"◆【注意】【】で囲まれた単語は感情や状況の指示であり、画像内に文字として描画しないでください
◆【絶対最優先】必ずフルカラーにしてください
◆【絶対最優先】必ず日本のアニメ・マンガ調のイラストで描いてください。実写風・フォトリアル風は禁止です。
◆【出力サイズ】2:3
◆【補足情報】上下左右に50ピクセルの余白を設けてください
◆【補足情報】キャラクター外見: ミナミは32歳女性の黒髪ボブ会社員。高橋は45歳男性の落ち着いたFP。リョウは28歳男性の丸メガネのデータアナリスト。
◆【補足情報】服装: ミナミは白ブラウスとネイビーカーディガン、高橋はチャコールジャケット、リョウはグレーパーカー。
◆【コマ構成】テンプレ4: 2コマ: 上段大、下段小。読み順は上段、下段
◆【作画】日本のビジネスマンガ調。清潔感のある線、表情は読みやすく、カフェ・自宅・オフィス・証券アプリ画面を背景にした実務的な演出。投資判断を煽らず、分散・リスク管理・数字を見る態度が伝わる落ち着いた色調。実写風、写真風、3D風は禁止。
◆【ストーリー】ページ050・エピローグ
1コマ目: エピローグの場面。ミナミ、高橋、リョウの表情と背景で状況を見せる。ナレーション: ［四角枠］3人は、AI株に投資すべきかの答えを、買うか買わないかではなく自分の条件で決めるとまとめる。
1コマ目: リョウが自然な表情で話す。セリフ: リョウの吹き出しに「答えは市場の声ではなく、自分の条件から出します。」
2コマ目: ミナミが自然な表情で話す。セリフ: ミナミの吹き出しに「私は、少額・分散・見直しで始めます。」
背景: 投資ノート、タブレットのグラフ、証券アプリ風の抽象UI、カフェや小さな相談室を使い分ける。実在企業ロゴや個別銘柄名は描かない。","[{""panel_id"": 1, ""type"": ""narration"", ""speaker"": null, ""text"": ""3人は、AI株に投資すべきかの答えを、買うか買わないかではなく自分の条件で決めるとまとめる。""}, {""panel_id"": 1, ""type"": ""dialogue"", ""speaker"": ""リョウ"", ""text"": ""答えは市場の声ではなく、自分の条件から出します。""}, {""panel_id"": 2, ""type"": ""dialogue"", ""speaker"": ""ミナミ"", ""text"": ""私は、少額・分散・見直しで始めます。""}]",team_cafe
51,テンプレ1,"◆【注意】【】で囲まれた単語は感情や状況の指示であり、画像内に文字として描画しないでください
◆【絶対最優先】必ずフルカラーにしてください
◆【絶対最優先】必ず日本のアニメ・マンガ調のイラストで描いてください。実写風・フォトリアル風は禁止です。
◆【出力サイズ】2:3
◆【補足情報】上下左右に50ピクセルの余白を設けてください
◆【補足情報】キャラクター外見: ミナミは32歳女性の黒髪ボブ会社員。高橋は45歳男性の落ち着いたFP。リョウは28歳男性の丸メガネのデータアナリスト。
◆【補足情報】服装: ミナミは白ブラウスとネイビーカーディガン、高橋はチャコールジャケット、リョウはグレーパーカー。
◆【コマ構成】テンプレ1: 1コマ: ページ全体を使った大ゴマ
◆【作画】日本のビジネスマンガ調。清潔感のある線、表情は読みやすく、カフェ・自宅・オフィス・証券アプリ画面を背景にした実務的な演出。投資判断を煽らず、分散・リスク管理・数字を見る態度が伝わる落ち着いた色調。実写風、写真風、3D風は禁止。
◆【ストーリー】ページ051・エピローグ
1コマ目: エピローグの場面。ミナミ、高橋、リョウの表情と背景で状況を見せる。ナレーション: ［四角枠］最後に、高橋は投資判断は自己責任であり、情報に振り回されず学び続けることを伝える。
1コマ目: 高橋が自然な表情で話す。セリフ: 高橋の吹き出しに「本書は一般的な情報です。最後の判断は、自分の状況に合わせてください。」
1コマ目: ミナミが自然な表情で話す。セリフ: ミナミの吹き出しに「焦らず、でも学びながら進みます。」
背景: 投資ノート、タブレットのグラフ、証券アプリ風の抽象UI、カフェや小さな相談室を使い分ける。実在企業ロゴや個別銘柄名は描かない。","[{""panel_id"": 1, ""type"": ""narration"", ""speaker"": null, ""text"": ""最後に、高橋は投資判断は自己責任であり、情報に振り回されず学び続けることを伝える。""}, {""panel_id"": 1, ""type"": ""dialogue"", ""speaker"": ""高橋"", ""text"": ""本書は一般的な情報です。最後の判断は、自分の状況に合わせてください。""}, {""panel_id"": 1, ""type"": ""dialogue"", ""speaker"": ""ミナミ"", ""text"": ""焦らず、でも学びながら進みます。""}]",team_cafe
52,テンプレ1,"◆【注意】【】で囲まれた単語は感情や状況の指示であり、画像内に文字として描画しないでください
◆【絶対最優先】必ずフルカラーにしてください
◆【絶対最優先】必ず日本のアニメ・マンガ調のイラストで描いてください。実写風・フォトリアル風は禁止です。
◆【出力サイズ】2:3
◆【補足情報】上下左右に50ピクセルの余白を設けてください
◆【補足情報】キャラクター外見: ミナミは32歳女性の黒髪ボブ会社員。高橋は45歳男性の落ち着いたFP。リョウは28歳男性の丸メガネのデータアナリスト。
◆【補足情報】服装: ミナミは白ブラウスとネイビーカーディガン、高橋はチャコールジャケット、リョウはグレーパーカー。
◆【コマ構成】テンプレ1: 1コマ: ページ全体を使った大ゴマ
◆【作画】日本のビジネスマンガ調。清潔感のある線、表情は読みやすく、カフェ・自宅・オフィス・証券アプリ画面を背景にした実務的な演出。投資判断を煽らず、分散・リスク管理・数字を見る態度が伝わる落ち着いた色調。実写風、写真風、3D風は禁止。
◆【ストーリー】ページ052・エピローグ
1コマ目: エピローグの場面。ミナミ、高橋、リョウの表情と背景で状況を見せる。ナレーション: ［四角枠］ミナミは投資ノートを閉じ、次の決算日をカレンダーに入れて静かに前を向く。
1コマ目: ミナミが自然な表情で話す。セリフ: ミナミの吹き出しに「未来に参加するなら、まず自分のルールから。」
1コマ目: 高橋が自然な表情で話す。セリフ: 高橋の吹き出しに「それがAI株との健全な付き合い方です。」
背景: 投資ノート、タブレットのグラフ、証券アプリ風の抽象UI、カフェや小さな相談室を使い分ける。実在企業ロゴや個別銘柄名は描かない。","[{""panel_id"": 1, ""type"": ""narration"", ""speaker"": null, ""text"": ""ミナミは投資ノートを閉じ、次の決算日をカレンダーに入れて静かに前を向く。""}, {""panel_id"": 1, ""type"": ""dialogue"", ""speaker"": ""ミナミ"", ""text"": ""未来に参加するなら、まず自分のルールから。""}, {""panel_id"": 1, ""type"": ""dialogue"", ""speaker"": ""高橋"", ""text"": ""それがAI株との健全な付き合い方です。""}]",team_cafe
53,テンプレ1,"◆【注意】【】で囲まれた単語は感情や状況の指示であり、画像内に文字として描画しないでください
◆【絶対最優先】必ずフルカラーにしてください
◆【絶対最優先】必ず日本のアニメ・マンガ調のイラストで描いてください。実写風・フォトリアル風は禁止です。
◆【出力サイズ】2:3
◆【補足情報】上下左右に50ピクセルの余白を設けてください
◆【補足情報】キャラクター外見: ミナミは32歳女性の黒髪ボブ会社員。高橋は45歳男性の落ち着いたFP。リョウは28歳男性の丸メガネのデータアナリスト。
◆【補足情報】服装: ミナミは白ブラウスとネイビーカーディガン、高橋はチャコールジャケット、リョウはグレーパーカー。
◆【コマ構成】テンプレ1: 1コマ: ページ全体を使った大ゴマ
◆【作画】日本のビジネスマンガ調。清潔感のある線、表情は読みやすく、カフェ・自宅・オフィス・証券アプリ画面を背景にした実務的な演出。投資判断を煽らず、分散・リスク管理・数字を見る態度が伝わる落ち着いた色調。実写風、写真風、3D風は禁止。
◆【ストーリー】ページ053・エピローグ
1コマ目: エピローグの場面。ミナミ、高橋、リョウの表情と背景で状況を見せる。ナレーション: ［四角枠］ラストは、AIの光る街を背景に、3人が地に足のついた表情で歩き出す。
1コマ目: リョウが自然な表情で話す。セリフ: リョウの吹き出しに「技術は進みます。投資家も、判断の技術を磨けます。」
1コマ目: ミナミが自然な表情で話す。セリフ: ミナミの吹き出しに「熱狂ではなく、納得で進みます。」
背景: 投資ノート、タブレットのグラフ、証券アプリ風の抽象UI、カフェや小さな相談室を使い分ける。実在企業ロゴや個別銘柄名は描かない。","[{""panel_id"": 1, ""type"": ""narration"", ""speaker"": null, ""text"": ""ラストは、AIの光る街を背景に、3人が地に足のついた表情で歩き出す。""}, {""panel_id"": 1, ""type"": ""dialogue"", ""speaker"": ""リョウ"", ""text"": ""技術は進みます。投資家も、判断の技術を磨けます。""}, {""panel_id"": 1, ""type"": ""dialogue"", ""speaker"": ""ミナミ"", ""text"": ""熱狂ではなく、納得で進みます。""}]",team_cafe
54,テンプレ5,"◆【注意】【】で囲まれた単語は感情や状況の指示であり、画像内に文字として描画しないでください
◆【絶対最優先】必ずフルカラーにしてください
◆【絶対最優先】必ず日本のアニメ・マンガ調のイラストで描いてください。実写風・フォトリアル風は禁止です。
◆【出力サイズ】2:3
◆【補足情報】上下左右に50ピクセルの余白を設けてください
◆【補足情報】キャラクター外見: ミナミは32歳女性の黒髪ボブ会社員。高橋は45歳男性の落ち着いたFP。リョウは28歳男性の丸メガネのデータアナリスト。
◆【補足情報】服装: ミナミは白ブラウスとネイビーカーディガン、高橋はチャコールジャケット、リョウはグレーパーカー。
◆【コマ構成】テンプレ5: 3コマ: 上・中・下の3段構成。読み順は上段、中段、下段
◆【作画】日本のビジネスマンガ調。清潔感のある線、表情は読みやすく、カフェ・自宅・オフィス・証券アプリ画面を背景にした実務的な演出。投資判断を煽らず、分散・リスク管理・数字を見る態度が伝わる落ち着いた色調。実写風、写真風、3D風は禁止。
◆【ストーリー】ページ054・巻末実践ワーク
1コマ目: 巻末実践ワーク。投資ノート、抽象グラフ、チェック表を使って状況を見せる。ナレーション: ［四角枠］物語を読み終えたミナミは、AI株を買う前に実践ワークで自分の条件を固める。
2コマ目: 高橋が自然な表情で話す。セリフ: 高橋の吹き出しに「ここからは、読者も一緒に条件を作る時間です。」
3コマ目: ミナミが自然な表情で話す。セリフ: ミナミの吹き出しに「読むだけで終わらせないんですね。」
背景: 投資ノート、チェックリスト、抽象的な株価グラフ、ポートフォリオ円グラフ、カフェや小さな相談室。実在企業ロゴ、個別銘柄名、ティッカー記号は描かない。","[{""panel_id"": 1, ""type"": ""narration"", ""speaker"": null, ""text"": ""物語を読み終えたミナミは、AI株を買う前に実践ワークで自分の条件を固める。""}, {""panel_id"": 2, ""type"": ""dialogue"", ""speaker"": ""高橋"", ""text"": ""ここからは、読者も一緒に条件を作る時間です。""}, {""panel_id"": 3, ""type"": ""dialogue"", ""speaker"": ""ミナミ"", ""text"": ""読むだけで終わらせないんですね。""}]",team_cafe
55,テンプレ2,"◆【注意】【】で囲まれた単語は感情や状況の指示であり、画像内に文字として描画しないでください
◆【絶対最優先】必ずフルカラーにしてください
◆【絶対最優先】必ず日本のアニメ・マンガ調のイラストで描いてください。実写風・フォトリアル風は禁止です。
◆【出力サイズ】2:3
◆【補足情報】上下左右に50ピクセルの余白を設けてください
◆【補足情報】キャラクター外見: ミナミは32歳女性の黒髪ボブ会社員。高橋は45歳男性の落ち着いたFP。リョウは28歳男性の丸メガネのデータアナリスト。
◆【補足情報】服装: ミナミは白ブラウスとネイビーカーディガン、高橋はチャコールジャケット、リョウはグレーパーカー。
◆【コマ構成】テンプレ2: 2コマ: 上下に均等2分割。読み順は上段、下段
◆【作画】日本のビジネスマンガ調。清潔感のある線、表情は読みやすく、カフェ・自宅・オフィス・証券アプリ画面を背景にした実務的な演出。投資判断を煽らず、分散・リスク管理・数字を見る態度が伝わる落ち着いた色調。実写風、写真風、3D風は禁止。
◆【ストーリー】ページ055・巻末実践ワーク
1コマ目: 巻末実践ワーク。投資ノート、抽象グラフ、チェック表を使って状況を見せる。ナレーション: ［四角枠］最初のワークは投資目的を一文にすること。目的が曖昧だと、ニュースに振り回される。
1コマ目: 高橋が自然な表情で話す。セリフ: 高橋の吹き出しに「まず、なぜAI株に関心があるのかを一文にします。」
2コマ目: ミナミが自然な表情で話す。セリフ: ミナミの吹き出しに「目的がないと、上がった下がっただけになりますね。」
背景: 投資ノート、チェックリスト、抽象的な株価グラフ、ポートフォリオ円グラフ、カフェや小さな相談室。実在企業ロゴ、個別銘柄名、ティッカー記号は描かない。","[{""panel_id"": 1, ""type"": ""narration"", ""speaker"": null, ""text"": ""最初のワークは投資目的を一文にすること。目的が曖昧だと、ニュースに振り回される。""}, {""panel_id"": 1, ""type"": ""dialogue"", ""speaker"": ""高橋"", ""text"": ""まず、なぜAI株に関心があるのかを一文にします。""}, {""panel_id"": 2, ""type"": ""dialogue"", ""speaker"": ""ミナミ"", ""text"": ""目的がないと、上がった下がっただけになりますね。""}]",team_cafe
56,テンプレ6,"◆【注意】【】で囲まれた単語は感情や状況の指示であり、画像内に文字として描画しないでください
◆【絶対最優先】必ずフルカラーにしてください
◆【絶対最優先】必ず日本のアニメ・マンガ調のイラストで描いてください。実写風・フォトリアル風は禁止です。
◆【出力サイズ】2:3
◆【補足情報】上下左右に50ピクセルの余白を設けてください
◆【補足情報】キャラクター外見: ミナミは32歳女性の黒髪ボブ会社員。高橋は45歳男性の落ち着いたFP。リョウは28歳男性の丸メガネのデータアナリスト。
◆【補足情報】服装: ミナミは白ブラウスとネイビーカーディガン、高橋はチャコールジャケット、リョウはグレーパーカー。
◆【コマ構成】テンプレ6: 3コマ: 上段1コマ + 下段左右2コマ。読み順は上段、下段右、下段左
◆【作画】日本のビジネスマンガ調。清潔感のある線、表情は読みやすく、カフェ・自宅・オフィス・証券アプリ画面を背景にした実務的な演出。投資判断を煽らず、分散・リスク管理・数字を見る態度が伝わる落ち着いた色調。実写風、写真風、3D風は禁止。
◆【ストーリー】ページ056・巻末実践ワーク
1コマ目: 巻末実践ワーク。投資ノート、抽象グラフ、チェック表を使って状況を見せる。ナレーション: ［四角枠］生活防衛資金を別に置き、AI株に回してよいお金だけを色分けする。
2コマ目: 高橋が自然な表情で話す。セリフ: 高橋の吹き出しに「生活を守るお金は、投資判断から切り離します。」
3コマ目: ミナミが自然な表情で話す。セリフ: ミナミの吹き出しに「攻める前に、守る線を引きます。」
背景: 投資ノート、チェックリスト、抽象的な株価グラフ、ポートフォリオ円グラフ、カフェや小さな相談室。実在企業ロゴ、個別銘柄名、ティッカー記号は描かない。","[{""panel_id"": 1, ""type"": ""narration"", ""speaker"": null, ""text"": ""生活防衛資金を別に置き、AI株に回してよいお金だけを色分けする。""}, {""panel_id"": 2, ""type"": ""dialogue"", ""speaker"": ""高橋"", ""text"": ""生活を守るお金は、投資判断から切り離します。""}, {""panel_id"": 3, ""type"": ""dialogue"", ""speaker"": ""ミナミ"", ""text"": ""攻める前に、守る線を引きます。""}]",team_cafe
57,テンプレ3,"◆【注意】【】で囲まれた単語は感情や状況の指示であり、画像内に文字として描画しないでください
◆【絶対最優先】必ずフルカラーにしてください
◆【絶対最優先】必ず日本のアニメ・マンガ調のイラストで描いてください。実写風・フォトリアル風は禁止です。
◆【出力サイズ】2:3
◆【補足情報】上下左右に50ピクセルの余白を設けてください
◆【補足情報】キャラクター外見: ミナミは32歳女性の黒髪ボブ会社員。高橋は45歳男性の落ち着いたFP。リョウは28歳男性の丸メガネのデータアナリスト。
◆【補足情報】服装: ミナミは白ブラウスとネイビーカーディガン、高橋はチャコールジャケット、リョウはグレーパーカー。
◆【コマ構成】テンプレ3: 2コマ: 上段小、下段大。読み順は上段、下段
◆【作画】日本のビジネスマンガ調。清潔感のある線、表情は読みやすく、カフェ・自宅・オフィス・証券アプリ画面を背景にした実務的な演出。投資判断を煽らず、分散・リスク管理・数字を見る態度が伝わる落ち着いた色調。実写風、写真風、3D風は禁止。
◆【ストーリー】ページ057・巻末実践ワーク
1コマ目: 巻末実践ワーク。投資ノート、抽象グラフ、チェック表を使って状況を見せる。ナレーション: ［四角枠］損失許容額を金額で書くと、投資比率が現実的になる。
1コマ目: リョウが自然な表情で話す。セリフ: リョウの吹き出しに「割合だけでなく、減った時の金額で見ましょう。」
2コマ目: ミナミが自然な表情で話す。セリフ: ミナミの吹き出しに「数字にすると、無理な金額が見えてきます。」
背景: 投資ノート、チェックリスト、抽象的な株価グラフ、ポートフォリオ円グラフ、カフェや小さな相談室。実在企業ロゴ、個別銘柄名、ティッカー記号は描かない。","[{""panel_id"": 1, ""type"": ""narration"", ""speaker"": null, ""text"": ""損失許容額を金額で書くと、投資比率が現実的になる。""}, {""panel_id"": 1, ""type"": ""dialogue"", ""speaker"": ""リョウ"", ""text"": ""割合だけでなく、減った時の金額で見ましょう。""}, {""panel_id"": 2, ""type"": ""dialogue"", ""speaker"": ""ミナミ"", ""text"": ""数字にすると、無理な金額が見えてきます。""}]",team_cafe
58,テンプレ7,"◆【注意】【】で囲まれた単語は感情や状況の指示であり、画像内に文字として描画しないでください
◆【絶対最優先】必ずフルカラーにしてください
◆【絶対最優先】必ず日本のアニメ・マンガ調のイラストで描いてください。実写風・フォトリアル風は禁止です。
◆【出力サイズ】2:3
◆【補足情報】上下左右に50ピクセルの余白を設けてください
◆【補足情報】キャラクター外見: ミナミは32歳女性の黒髪ボブ会社員。高橋は45歳男性の落ち着いたFP。リョウは28歳男性の丸メガネのデータアナリスト。
◆【補足情報】服装: ミナミは白ブラウスとネイビーカーディガン、高橋はチャコールジャケット、リョウはグレーパーカー。
◆【コマ構成】テンプレ7: 3コマ: 上段左右2コマ + 下段1コマ。読み順は上段右、上段左、下段
◆【作画】日本のビジネスマンガ調。清潔感のある線、表情は読みやすく、カフェ・自宅・オフィス・証券アプリ画面を背景にした実務的な演出。投資判断を煽らず、分散・リスク管理・数字を見る態度が伝わる落ち着いた色調。実写風、写真風、3D風は禁止。
◆【ストーリー】ページ058・巻末実践ワーク
1コマ目: 巻末実践ワーク。投資ノート、抽象グラフ、チェック表を使って状況を見せる。ナレーション: ［四角枠］資産全体に対する最大比率を決め、超えたら買い増しを止めるルールを作る。
2コマ目: 高橋が自然な表情で話す。セリフ: 高橋の吹き出しに「上限は、好調な時ほど効くブレーキです。」
3コマ目: ミナミが自然な表情で話す。セリフ: ミナミの吹き出しに「勢いで増やしすぎない仕組みですね。」
背景: 投資ノート、チェックリスト、抽象的な株価グラフ、ポートフォリオ円グラフ、カフェや小さな相談室。実在企業ロゴ、個別銘柄名、ティッカー記号は描かない。","[{""panel_id"": 1, ""type"": ""narration"", ""speaker"": null, ""text"": ""資産全体に対する最大比率を決め、超えたら買い増しを止めるルールを作る。""}, {""panel_id"": 2, ""type"": ""dialogue"", ""speaker"": ""高橋"", ""text"": ""上限は、好調な時ほど効くブレーキです。""}, {""panel_id"": 3, ""type"": ""dialogue"", ""speaker"": ""ミナミ"", ""text"": ""勢いで増やしすぎない仕組みですね。""}]",team_cafe
59,テンプレ4,"◆【注意】【】で囲まれた単語は感情や状況の指示であり、画像内に文字として描画しないでください
◆【絶対最優先】必ずフルカラーにしてください
◆【絶対最優先】必ず日本のアニメ・マンガ調のイラストで描いてください。実写風・フォトリアル風は禁止です。
◆【出力サイズ】2:3
◆【補足情報】上下左右に50ピクセルの余白を設けてください
◆【補足情報】キャラクター外見: ミナミは32歳女性の黒髪ボブ会社員。高橋は45歳男性の落ち着いたFP。リョウは28歳男性の丸メガネのデータアナリスト。
◆【補足情報】服装: ミナミは白ブラウスとネイビーカーディガン、高橋はチャコールジャケット、リョウはグレーパーカー。
◆【コマ構成】テンプレ4: 2コマ: 上段大、下段小。読み順は上段、下段
◆【作画】日本のビジネスマンガ調。清潔感のある線、表情は読みやすく、カフェ・自宅・オフィス・証券アプリ画面を背景にした実務的な演出。投資判断を煽らず、分散・リスク管理・数字を見る態度が伝わる落ち着いた色調。実写風、写真風、3D風は禁止。
◆【ストーリー】ページ059・巻末実践ワーク
1コマ目: 巻末実践ワーク。投資ノート、抽象グラフ、チェック表を使って状況を見せる。ナレーション: ［四角枠］候補リストには、事業の層、利益の出方、価格の理由を並べて書く。
1コマ目: リョウが自然な表情で話す。セリフ: リョウの吹き出しに「候補リストは名前ではなく、構造で並べます。」
2コマ目: ミナミが自然な表情で話す。セリフ: ミナミの吹き出しに「会社名より、稼ぎ方を見るんですね。」
背景: 投資ノート、チェックリスト、抽象的な株価グラフ、ポートフォリオ円グラフ、カフェや小さな相談室。実在企業ロゴ、個別銘柄名、ティッカー記号は描かない。","[{""panel_id"": 1, ""type"": ""narration"", ""speaker"": null, ""text"": ""候補リストには、事業の層、利益の出方、価格の理由を並べて書く。""}, {""panel_id"": 1, ""type"": ""dialogue"", ""speaker"": ""リョウ"", ""text"": ""候補リストは名前ではなく、構造で並べます。""}, {""panel_id"": 2, ""type"": ""dialogue"", ""speaker"": ""ミナミ"", ""text"": ""会社名より、稼ぎ方を見るんですね。""}]",team_cafe
60,テンプレ1,"◆【注意】【】で囲まれた単語は感情や状況の指示であり、画像内に文字として描画しないでください
◆【絶対最優先】必ずフルカラーにしてください
◆【絶対最優先】必ず日本のアニメ・マンガ調のイラストで描いてください。実写風・フォトリアル風は禁止です。
◆【出力サイズ】2:3
◆【補足情報】上下左右に50ピクセルの余白を設けてください
◆【補足情報】キャラクター外見: ミナミは32歳女性の黒髪ボブ会社員。高橋は45歳男性の落ち着いたFP。リョウは28歳男性の丸メガネのデータアナリスト。
◆【補足情報】服装: ミナミは白ブラウスとネイビーカーディガン、高橋はチャコールジャケット、リョウはグレーパーカー。
◆【コマ構成】テンプレ1: 1コマ: ページ全体を使った大ゴマ
◆【作画】日本のビジネスマンガ調。清潔感のある線、表情は読みやすく、カフェ・自宅・オフィス・証券アプリ画面を背景にした実務的な演出。投資判断を煽らず、分散・リスク管理・数字を見る態度が伝わる落ち着いた色調。実写風、写真風、3D風は禁止。
◆【ストーリー】ページ060・巻末実践ワーク
1コマ目: 巻末実践ワーク。投資ノート、抽象グラフ、チェック表を使って状況を見せる。ナレーション: ［四角枠］AI業界マップを再確認し、半導体・クラウド・ソフト・インフラ・ETFに分類する。
1コマ目: リョウが自然な表情で話す。セリフ: リョウの吹き出しに「地図に戻れば、テーマ買いから離れられます。」
1コマ目: ミナミが自然な表情で話す。セリフ: ミナミの吹き出しに「同じAIでも、置く棚が違います。」
背景: 投資ノート、チェックリスト、抽象的な株価グラフ、ポートフォリオ円グラフ、カフェや小さな相談室。実在企業ロゴ、個別銘柄名、ティッカー記号は描かない。","[{""panel_id"": 1, ""type"": ""narration"", ""speaker"": null, ""text"": ""AI業界マップを再確認し、半導体・クラウド・ソフト・インフラ・ETFに分類する。""}, {""panel_id"": 1, ""type"": ""dialogue"", ""speaker"": ""リョウ"", ""text"": ""地図に戻れば、テーマ買いから離れられます。""}, {""panel_id"": 1, ""type"": ""dialogue"", ""speaker"": ""ミナミ"", ""text"": ""同じAIでも、置く棚が違います。""}]",team_cafe
61,テンプレ5,"◆【注意】【】で囲まれた単語は感情や状況の指示であり、画像内に文字として描画しないでください
◆【絶対最優先】必ずフルカラーにしてください
◆【絶対最優先】必ず日本のアニメ・マンガ調のイラストで描いてください。実写風・フォトリアル風は禁止です。
◆【出力サイズ】2:3
◆【補足情報】上下左右に50ピクセルの余白を設けてください
◆【補足情報】キャラクター外見: ミナミは32歳女性の黒髪ボブ会社員。高橋は45歳男性の落ち着いたFP。リョウは28歳男性の丸メガネのデータアナリスト。
◆【補足情報】服装: ミナミは白ブラウスとネイビーカーディガン、高橋はチャコールジャケット、リョウはグレーパーカー。
◆【コマ構成】テンプレ5: 3コマ: 上・中・下の3段構成。読み順は上段、中段、下段
◆【作画】日本のビジネスマンガ調。清潔感のある線、表情は読みやすく、カフェ・自宅・オフィス・証券アプリ画面を背景にした実務的な演出。投資判断を煽らず、分散・リスク管理・数字を見る態度が伝わる落ち着いた色調。実写風、写真風、3D風は禁止。
◆【ストーリー】ページ061・巻末実践ワーク
1コマ目: 巻末実践ワーク。投資ノート、抽象グラフ、チェック表を使って状況を見せる。ナレーション: ［四角枠］売上モデルを、製品販売、利用料、広告、サブスク、保守に分けて見る。
2コマ目: 高橋が自然な表情で話す。セリフ: 高橋の吹き出しに「売上の入口が違えば、伸び方もリスクも違います。」
3コマ目: ミナミが自然な表情で話す。セリフ: ミナミの吹き出しに「売上の中身を見る必要がありますね。」
背景: 投資ノート、チェックリスト、抽象的な株価グラフ、ポートフォリオ円グラフ、カフェや小さな相談室。実在企業ロゴ、個別銘柄名、ティッカー記号は描かない。","[{""panel_id"": 1, ""type"": ""narration"", ""speaker"": null, ""text"": ""売上モデルを、製品販売、利用料、広告、サブスク、保守に分けて見る。""}, {""panel_id"": 2, ""type"": ""dialogue"", ""speaker"": ""高橋"", ""text"": ""売上の入口が違えば、伸び方もリスクも違います。""}, {""panel_id"": 3, ""type"": ""dialogue"", ""speaker"": ""ミナミ"", ""text"": ""売上の中身を見る必要がありますね。""}]",team_cafe
62,テンプレ6,"◆【注意】【】で囲まれた単語は感情や状況の指示であり、画像内に文字として描画しないでください
◆【絶対最優先】必ずフルカラーにしてください
◆【絶対最優先】必ず日本のアニメ・マンガ調のイラストで描いてください。実写風・フォトリアル風は禁止です。
◆【出力サイズ】2:3
◆【補足情報】上下左右に50ピクセルの余白を設けてください
◆【補足情報】キャラクター外見: ミナミは32歳女性の黒髪ボブ会社員。高橋は45歳男性の落ち着いたFP。リョウは28歳男性の丸メガネのデータアナリスト。
◆【補足情報】服装: ミナミは白ブラウスとネイビーカーディガン、高橋はチャコールジャケット、リョウはグレーパーカー。
◆【コマ構成】テンプレ6: 3コマ: 上段1コマ + 下段左右2コマ。読み順は上段、下段右、下段左
◆【作画】日本のビジネスマンガ調。清潔感のある線、表情は読みやすく、カフェ・自宅・オフィス・証券アプリ画面を背景にした実務的な演出。投資判断を煽らず、分散・リスク管理・数字を見る態度が伝わる落ち着いた色調。実写風、写真風、3D風は禁止。
◆【ストーリー】ページ062・巻末実践ワーク
1コマ目: 巻末実践ワーク。投資ノート、抽象グラフ、チェック表を使って状況を見せる。ナレーション: ［四角枠］設備投資が必要な会社では、成長と同時に現金の減り方を確認する。
2コマ目: リョウが自然な表情で話す。セリフ: リョウの吹き出しに「AI需要が増えても、先にお金が出ていく会社があります。」
3コマ目: ミナミが自然な表情で話す。セリフ: ミナミの吹き出しに「成長の裏側にある支出も見ます。」
背景: 投資ノート、チェックリスト、抽象的な株価グラフ、ポートフォリオ円グラフ、カフェや小さな相談室。実在企業ロゴ、個別銘柄名、ティッカー記号は描かない。","[{""panel_id"": 1, ""type"": ""narration"", ""speaker"": null, ""text"": ""設備投資が必要な会社では、成長と同時に現金の減り方を確認する。""}, {""panel_id"": 2, ""type"": ""dialogue"", ""speaker"": ""リョウ"", ""text"": ""AI需要が増えても、先にお金が出ていく会社があります。""}, {""panel_id"": 3, ""type"": ""dialogue"", ""speaker"": ""ミナミ"", ""text"": ""成長の裏側にある支出も見ます。""}]",team_cafe
63,テンプレ7,"◆【注意】【】で囲まれた単語は感情や状況の指示であり、画像内に文字として描画しないでください
◆【絶対最優先】必ずフルカラーにしてください
◆【絶対最優先】必ず日本のアニメ・マンガ調のイラストで描いてください。実写風・フォトリアル風は禁止です。
◆【出力サイズ】2:3
◆【補足情報】上下左右に50ピクセルの余白を設けてください
◆【補足情報】キャラクター外見: ミナミは32歳女性の黒髪ボブ会社員。高橋は45歳男性の落ち着いたFP。リョウは28歳男性の丸メガネのデータアナリスト。
◆【補足情報】服装: ミナミは白ブラウスとネイビーカーディガン、高橋はチャコールジャケット、リョウはグレーパーカー。
◆【コマ構成】テンプレ7: 3コマ: 上段左右2コマ + 下段1コマ。読み順は上段右、上段左、下段
◆【作画】日本のビジネスマンガ調。清潔感のある線、表情は読みやすく、カフェ・自宅・オフィス・証券アプリ画面を背景にした実務的な演出。投資判断を煽らず、分散・リスク管理・数字を見る態度が伝わる落ち着いた色調。実写風、写真風、3D風は禁止。
◆【ストーリー】ページ063・巻末実践ワーク
1コマ目: 巻末実践ワーク。投資ノート、抽象グラフ、チェック表を使って状況を見せる。ナレーション: ［四角枠］競争優位は、技術だけでなく顧客基盤、データ、販売網、コスト構造から確認する。
2コマ目: 高橋が自然な表情で話す。セリフ: 高橋の吹き出しに「強みは一語で済ませず、どこにあるか分解します。」
3コマ目: ミナミが自然な表情で話す。セリフ: ミナミの吹き出しに「強い理由を言葉にできるかですね。」
背景: 投資ノート、チェックリスト、抽象的な株価グラフ、ポートフォリオ円グラフ、カフェや小さな相談室。実在企業ロゴ、個別銘柄名、ティッカー記号は描かない。","[{""panel_id"": 1, ""type"": ""narration"", ""speaker"": null, ""text"": ""競争優位は、技術だけでなく顧客基盤、データ、販売網、コスト構造から確認する。""}, {""panel_id"": 2, ""type"": ""dialogue"", ""speaker"": ""高橋"", ""text"": ""強みは一語で済ませず、どこにあるか分解します。""}, {""panel_id"": 3, ""type"": ""dialogue"", ""speaker"": ""ミナミ"", ""text"": ""強い理由を言葉にできるかですね。""}]",team_cafe
64,テンプレ2,"◆【注意】【】で囲まれた単語は感情や状況の指示であり、画像内に文字として描画しないでください
◆【絶対最優先】必ずフルカラーにしてください
◆【絶対最優先】必ず日本のアニメ・マンガ調のイラストで描いてください。実写風・フォトリアル風は禁止です。
◆【出力サイズ】2:3
◆【補足情報】上下左右に50ピクセルの余白を設けてください
◆【補足情報】キャラクター外見: ミナミは32歳女性の黒髪ボブ会社員。高橋は45歳男性の落ち着いたFP。リョウは28歳男性の丸メガネのデータアナリスト。
◆【補足情報】服装: ミナミは白ブラウスとネイビーカーディガン、高橋はチャコールジャケット、リョウはグレーパーカー。
◆【コマ構成】テンプレ2: 2コマ: 上下に均等2分割。読み順は上段、下段
◆【作画】日本のビジネスマンガ調。清潔感のある線、表情は読みやすく、カフェ・自宅・オフィス・証券アプリ画面を背景にした実務的な演出。投資判断を煽らず、分散・リスク管理・数字を見る態度が伝わる落ち着いた色調。実写風、写真風、3D風は禁止。
◆【ストーリー】ページ064・巻末実践ワーク
1コマ目: 巻末実践ワーク。投資ノート、抽象グラフ、チェック表を使って状況を見せる。ナレーション: ［四角枠］解約率や継続率がある企業では、AI機能が本当に定着しているかを見る。
1コマ目: リョウが自然な表情で話す。セリフ: リョウの吹き出しに「使われ続ける機能かどうかが重要です。」
2コマ目: ミナミが自然な表情で話す。セリフ: ミナミの吹き出しに「一度の話題より、続く利用ですね。」
背景: 投資ノート、チェックリスト、抽象的な株価グラフ、ポートフォリオ円グラフ、カフェや小さな相談室。実在企業ロゴ、個別銘柄名、ティッカー記号は描かない。","[{""panel_id"": 1, ""type"": ""narration"", ""speaker"": null, ""text"": ""解約率や継続率がある企業では、AI機能が本当に定着しているかを見る。""}, {""panel_id"": 1, ""type"": ""dialogue"", ""speaker"": ""リョウ"", ""text"": ""使われ続ける機能かどうかが重要です。""}, {""panel_id"": 2, ""type"": ""dialogue"", ""speaker"": ""ミナミ"", ""text"": ""一度の話題より、続く利用ですね。""}]",team_cafe
65,テンプレ3,"◆【注意】【】で囲まれた単語は感情や状況の指示であり、画像内に文字として描画しないでください
◆【絶対最優先】必ずフルカラーにしてください
◆【絶対最優先】必ず日本のアニメ・マンガ調のイラストで描いてください。実写風・フォトリアル風は禁止です。
◆【出力サイズ】2:3
◆【補足情報】上下左右に50ピクセルの余白を設けてください
◆【補足情報】キャラクター外見: ミナミは32歳女性の黒髪ボブ会社員。高橋は45歳男性の落ち着いたFP。リョウは28歳男性の丸メガネのデータアナリスト。
◆【補足情報】服装: ミナミは白ブラウスとネイビーカーディガン、高橋はチャコールジャケット、リョウはグレーパーカー。
◆【コマ構成】テンプレ3: 2コマ: 上段小、下段大。読み順は上段、下段
◆【作画】日本のビジネスマンガ調。清潔感のある線、表情は読みやすく、カフェ・自宅・オフィス・証券アプリ画面を背景にした実務的な演出。投資判断を煽らず、分散・リスク管理・数字を見る態度が伝わる落ち着いた色調。実写風、写真風、3D風は禁止。
◆【ストーリー】ページ065・巻末実践ワーク
1コマ目: 巻末実践ワーク。投資ノート、抽象グラフ、チェック表を使って状況を見せる。ナレーション: ［四角枠］PER、PSR、キャッシュフローを温度計として並べ、高すぎる熱を確認する。
1コマ目: 高橋が自然な表情で話す。セリフ: 高橋の吹き出しに「指標は買う合図ではなく、熱を測る道具です。」
2コマ目: ミナミが自然な表情で話す。セリフ: ミナミの吹き出しに「熱すぎる時は、近づき方を変えます。」
背景: 投資ノート、チェックリスト、抽象的な株価グラフ、ポートフォリオ円グラフ、カフェや小さな相談室。実在企業ロゴ、個別銘柄名、ティッカー記号は描かない。","[{""panel_id"": 1, ""type"": ""narration"", ""speaker"": null, ""text"": ""PER、PSR、キャッシュフローを温度計として並べ、高すぎる熱を確認する。""}, {""panel_id"": 1, ""type"": ""dialogue"", ""speaker"": ""高橋"", ""text"": ""指標は買う合図ではなく、熱を測る道具です。""}, {""panel_id"": 2, ""type"": ""dialogue"", ""speaker"": ""ミナミ"", ""text"": ""熱すぎる時は、近づき方を変えます。""}]",team_cafe
66,テンプレ4,"◆【注意】【】で囲まれた単語は感情や状況の指示であり、画像内に文字として描画しないでください
◆【絶対最優先】必ずフルカラーにしてください
◆【絶対最優先】必ず日本のアニメ・マンガ調のイラストで描いてください。実写風・フォトリアル風は禁止です。
◆【出力サイズ】2:3
◆【補足情報】上下左右に50ピクセルの余白を設けてください
◆【補足情報】キャラクター外見: ミナミは32歳女性の黒髪ボブ会社員。高橋は45歳男性の落ち着いたFP。リョウは28歳男性の丸メガネのデータアナリスト。
◆【補足情報】服装: ミナミは白ブラウスとネイビーカーディガン、高橋はチャコールジャケット、リョウはグレーパーカー。
◆【コマ構成】テンプレ4: 2コマ: 上段大、下段小。読み順は上段、下段
◆【作画】日本のビジネスマンガ調。清潔感のある線、表情は読みやすく、カフェ・自宅・オフィス・証券アプリ画面を背景にした実務的な演出。投資判断を煽らず、分散・リスク管理・数字を見る態度が伝わる落ち着いた色調。実写風、写真風、3D風は禁止。
◆【ストーリー】ページ066・巻末実践ワーク
1コマ目: 巻末実践ワーク。投資ノート、抽象グラフ、チェック表を使って状況を見せる。ナレーション: ［四角枠］強気・標準・弱気の三つのシナリオを表にし、買う価格帯を分ける。
1コマ目: 高橋が自然な表情で話す。セリフ: 高橋の吹き出しに「未来を一つに決めず、幅で持ちます。」
2コマ目: ミナミが自然な表情で話す。セリフ: ミナミの吹き出しに「幅で考えると、焦りが減ります。」
背景: 投資ノート、チェックリスト、抽象的な株価グラフ、ポートフォリオ円グラフ、カフェや小さな相談室。実在企業ロゴ、個別銘柄名、ティッカー記号は描かない。","[{""panel_id"": 1, ""type"": ""narration"", ""speaker"": null, ""text"": ""強気・標準・弱気の三つのシナリオを表にし、買う価格帯を分ける。""}, {""panel_id"": 1, ""type"": ""dialogue"", ""speaker"": ""高橋"", ""text"": ""未来を一つに決めず、幅で持ちます。""}, {""panel_id"": 2, ""type"": ""dialogue"", ""speaker"": ""ミナミ"", ""text"": ""幅で考えると、焦りが減ります。""}]",team_cafe
67,テンプレ1,"◆【注意】【】で囲まれた単語は感情や状況の指示であり、画像内に文字として描画しないでください
◆【絶対最優先】必ずフルカラーにしてください
◆【絶対最優先】必ず日本のアニメ・マンガ調のイラストで描いてください。実写風・フォトリアル風は禁止です。
◆【出力サイズ】2:3
◆【補足情報】上下左右に50ピクセルの余白を設けてください
◆【補足情報】キャラクター外見: ミナミは32歳女性の黒髪ボブ会社員。高橋は45歳男性の落ち着いたFP。リョウは28歳男性の丸メガネのデータアナリスト。
◆【補足情報】服装: ミナミは白ブラウスとネイビーカーディガン、高橋はチャコールジャケット、リョウはグレーパーカー。
◆【コマ構成】テンプレ1: 1コマ: ページ全体を使った大ゴマ
◆【作画】日本のビジネスマンガ調。清潔感のある線、表情は読みやすく、カフェ・自宅・オフィス・証券アプリ画面を背景にした実務的な演出。投資判断を煽らず、分散・リスク管理・数字を見る態度が伝わる落ち着いた色調。実写風、写真風、3D風は禁止。
◆【ストーリー】ページ067・巻末実践ワーク
1コマ目: 巻末実践ワーク。投資ノート、抽象グラフ、チェック表を使って状況を見せる。ナレーション: ［四角枠］買ってよい価格、様子を見る価格、買わない価格を三色に分ける。
1コマ目: リョウが自然な表情で話す。セリフ: リョウの吹き出しに「三色に分けると、判断が機械的になります。」
1コマ目: ミナミが自然な表情で話す。セリフ: ミナミの吹き出しに「迷った時に戻れる表になりますね。」
背景: 投資ノート、チェックリスト、抽象的な株価グラフ、ポートフォリオ円グラフ、カフェや小さな相談室。実在企業ロゴ、個別銘柄名、ティッカー記号は描かない。","[{""panel_id"": 1, ""type"": ""narration"", ""speaker"": null, ""text"": ""買ってよい価格、様子を見る価格、買わない価格を三色に分ける。""}, {""panel_id"": 1, ""type"": ""dialogue"", ""speaker"": ""リョウ"", ""text"": ""三色に分けると、判断が機械的になります。""}, {""panel_id"": 1, ""type"": ""dialogue"", ""speaker"": ""ミナミ"", ""text"": ""迷った時に戻れる表になりますね。""}]",team_cafe
68,テンプレ5,"◆【注意】【】で囲まれた単語は感情や状況の指示であり、画像内に文字として描画しないでください
◆【絶対最優先】必ずフルカラーにしてください
◆【絶対最優先】必ず日本のアニメ・マンガ調のイラストで描いてください。実写風・フォトリアル風は禁止です。
◆【出力サイズ】2:3
◆【補足情報】上下左右に50ピクセルの余白を設けてください
◆【補足情報】キャラクター外見: ミナミは32歳女性の黒髪ボブ会社員。高橋は45歳男性の落ち着いたFP。リョウは28歳男性の丸メガネのデータアナリスト。
◆【補足情報】服装: ミナミは白ブラウスとネイビーカーディガン、高橋はチャコールジャケット、リョウはグレーパーカー。
◆【コマ構成】テンプレ5: 3コマ: 上・中・下の3段構成。読み順は上段、中段、下段
◆【作画】日本のビジネスマンガ調。清潔感のある線、表情は読みやすく、カフェ・自宅・オフィス・証券アプリ画面を背景にした実務的な演出。投資判断を煽らず、分散・リスク管理・数字を見る態度が伝わる落ち着いた色調。実写風、写真風、3D風は禁止。
◆【ストーリー】ページ068・巻末実践ワーク
1コマ目: 巻末実践ワーク。投資ノート、抽象グラフ、チェック表を使って状況を見せる。ナレーション: ［四角枠］ETFを使う場合は、上位保有、業種の偏り、手数料を確認する。
2コマ目: 高橋が自然な表情で話す。セリフ: 高橋の吹き出しに「ETFは名前ではなく、中身で選びます。」
3コマ目: ミナミが自然な表情で話す。セリフ: ミナミの吹き出しに「分散しているつもり、を避けます。」
背景: 投資ノート、チェックリスト、抽象的な株価グラフ、ポートフォリオ円グラフ、カフェや小さな相談室。実在企業ロゴ、個別銘柄名、ティッカー記号は描かない。","[{""panel_id"": 1, ""type"": ""narration"", ""speaker"": null, ""text"": ""ETFを使う場合は、上位保有、業種の偏り、手数料を確認する。""}, {""panel_id"": 2, ""type"": ""dialogue"", ""speaker"": ""高橋"", ""text"": ""ETFは名前ではなく、中身で選びます。""}, {""panel_id"": 3, ""type"": ""dialogue"", ""speaker"": ""ミナミ"", ""text"": ""分散しているつもり、を避けます。""}]",team_cafe
69,テンプレ6,"◆【注意】【】で囲まれた単語は感情や状況の指示であり、画像内に文字として描画しないでください
◆【絶対最優先】必ずフルカラーにしてください
◆【絶対最優先】必ず日本のアニメ・マンガ調のイラストで描いてください。実写風・フォトリアル風は禁止です。
◆【出力サイズ】2:3
◆【補足情報】上下左右に50ピクセルの余白を設けてください
◆【補足情報】キャラクター外見: ミナミは32歳女性の黒髪ボブ会社員。高橋は45歳男性の落ち着いたFP。リョウは28歳男性の丸メガネのデータアナリスト。
◆【補足情報】服装: ミナミは白ブラウスとネイビーカーディガン、高橋はチャコールジャケット、リョウはグレーパーカー。
◆【コマ構成】テンプレ6: 3コマ: 上段1コマ + 下段左右2コマ。読み順は上段、下段右、下段左
◆【作画】日本のビジネスマンガ調。清潔感のある線、表情は読みやすく、カフェ・自宅・オフィス・証券アプリ画面を背景にした実務的な演出。投資判断を煽らず、分散・リスク管理・数字を見る態度が伝わる落ち着いた色調。実写風、写真風、3D風は禁止。
◆【ストーリー】ページ069・巻末実践ワーク
1コマ目: 巻末実践ワーク。投資ノート、抽象グラフ、チェック表を使って状況を見せる。ナレーション: ［四角枠］ETF同士やETFと個別株の重複を確認し、同じリスクを重ねない。
2コマ目: リョウが自然な表情で話す。セリフ: リョウの吹き出しに「違う商品でも、中身が似ていることがあります。」
3コマ目: ミナミが自然な表情で話す。セリフ: ミナミの吹き出しに「分けたつもりで集中していないかを見るんですね。」
背景: 投資ノート、チェックリスト、抽象的な株価グラフ、ポートフォリオ円グラフ、カフェや小さな相談室。実在企業ロゴ、個別銘柄名、ティッカー記号は描かない。","[{""panel_id"": 1, ""type"": ""narration"", ""speaker"": null, ""text"": ""ETF同士やETFと個別株の重複を確認し、同じリスクを重ねない。""}, {""panel_id"": 2, ""type"": ""dialogue"", ""speaker"": ""リョウ"", ""text"": ""違う商品でも、中身が似ていることがあります。""}, {""panel_id"": 3, ""type"": ""dialogue"", ""speaker"": ""ミナミ"", ""text"": ""分けたつもりで集中していないかを見るんですね。""}]",team_cafe
70,テンプレ7,"◆【注意】【】で囲まれた単語は感情や状況の指示であり、画像内に文字として描画しないでください
◆【絶対最優先】必ずフルカラーにしてください
◆【絶対最優先】必ず日本のアニメ・マンガ調のイラストで描いてください。実写風・フォトリアル風は禁止です。
◆【出力サイズ】2:3
◆【補足情報】上下左右に50ピクセルの余白を設けてください
◆【補足情報】キャラクター外見: ミナミは32歳女性の黒髪ボブ会社員。高橋は45歳男性の落ち着いたFP。リョウは28歳男性の丸メガネのデータアナリスト。
◆【補足情報】服装: ミナミは白ブラウスとネイビーカーディガン、高橋はチャコールジャケット、リョウはグレーパーカー。
◆【コマ構成】テンプレ7: 3コマ: 上段左右2コマ + 下段1コマ。読み順は上段右、上段左、下段
◆【作画】日本のビジネスマンガ調。清潔感のある線、表情は読みやすく、カフェ・自宅・オフィス・証券アプリ画面を背景にした実務的な演出。投資判断を煽らず、分散・リスク管理・数字を見る態度が伝わる落ち着いた色調。実写風、写真風、3D風は禁止。
◆【ストーリー】ページ070・巻末実践ワーク
1コマ目: 巻末実践ワーク。投資ノート、抽象グラフ、チェック表を使って状況を見せる。ナレーション: ［四角枠］個別株とETFを組み合わせる場合は、個別株を学習枠として小さく置く。
2コマ目: 高橋が自然な表情で話す。セリフ: 高橋の吹き出しに「個別株は学びの濃い枠ですが、量を小さくします。」
3コマ目: ミナミが自然な表情で話す。セリフ: ミナミの吹き出しに「少額なら続けながら学べます。」
背景: 投資ノート、チェックリスト、抽象的な株価グラフ、ポートフォリオ円グラフ、カフェや小さな相談室。実在企業ロゴ、個別銘柄名、ティッカー記号は描かない。","[{""panel_id"": 1, ""type"": ""narration"", ""speaker"": null, ""text"": ""個別株とETFを組み合わせる場合は、個別株を学習枠として小さく置く。""}, {""panel_id"": 2, ""type"": ""dialogue"", ""speaker"": ""高橋"", ""text"": ""個別株は学びの濃い枠ですが、量を小さくします。""}, {""panel_id"": 3, ""type"": ""dialogue"", ""speaker"": ""ミナミ"", ""text"": ""少額なら続けながら学べます。""}]",team_cafe
71,テンプレ2,"◆【注意】【】で囲まれた単語は感情や状況の指示であり、画像内に文字として描画しないでください
◆【絶対最優先】必ずフルカラーにしてください
◆【絶対最優先】必ず日本のアニメ・マンガ調のイラストで描いてください。実写風・フォトリアル風は禁止です。
◆【出力サイズ】2:3
◆【補足情報】上下左右に50ピクセルの余白を設けてください
◆【補足情報】キャラクター外見: ミナミは32歳女性の黒髪ボブ会社員。高橋は45歳男性の落ち着いたFP。リョウは28歳男性の丸メガネのデータアナリスト。
◆【補足情報】服装: ミナミは白ブラウスとネイビーカーディガン、高橋はチャコールジャケット、リョウはグレーパーカー。
◆【コマ構成】テンプレ2: 2コマ: 上下に均等2分割。読み順は上段、下段
◆【作画】日本のビジネスマンガ調。清潔感のある線、表情は読みやすく、カフェ・自宅・オフィス・証券アプリ画面を背景にした実務的な演出。投資判断を煽らず、分散・リスク管理・数字を見る態度が伝わる落ち着いた色調。実写風、写真風、3D風は禁止。
◆【ストーリー】ページ071・巻末実践ワーク
1コマ目: 巻末実践ワーク。投資ノート、抽象グラフ、チェック表を使って状況を見せる。ナレーション: ［四角枠］為替が円換算の成績を動かすため、株価だけで成果を判断しない。
1コマ目: リョウが自然な表情で話す。セリフ: リョウの吹き出しに「海外資産では、為替も結果を動かします。」
2コマ目: ミナミが自然な表情で話す。セリフ: ミナミの吹き出しに「上がった下がったの理由を分けます。」
背景: 投資ノート、チェックリスト、抽象的な株価グラフ、ポートフォリオ円グラフ、カフェや小さな相談室。実在企業ロゴ、個別銘柄名、ティッカー記号は描かない。","[{""panel_id"": 1, ""type"": ""narration"", ""speaker"": null, ""text"": ""為替が円換算の成績を動かすため、株価だけで成果を判断しない。""}, {""panel_id"": 1, ""type"": ""dialogue"", ""speaker"": ""リョウ"", ""text"": ""海外資産では、為替も結果を動かします。""}, {""panel_id"": 2, ""type"": ""dialogue"", ""speaker"": ""ミナミ"", ""text"": ""上がった下がったの理由を分けます。""}]",team_cafe
72,テンプレ3,"◆【注意】【】で囲まれた単語は感情や状況の指示であり、画像内に文字として描画しないでください
◆【絶対最優先】必ずフルカラーにしてください
◆【絶対最優先】必ず日本のアニメ・マンガ調のイラストで描いてください。実写風・フォトリアル風は禁止です。
◆【出力サイズ】2:3
◆【補足情報】上下左右に50ピクセルの余白を設けてください
◆【補足情報】キャラクター外見: ミナミは32歳女性の黒髪ボブ会社員。高橋は45歳男性の落ち着いたFP。リョウは28歳男性の丸メガネのデータアナリスト。
◆【補足情報】服装: ミナミは白ブラウスとネイビーカーディガン、高橋はチャコールジャケット、リョウはグレーパーカー。
◆【コマ構成】テンプレ3: 2コマ: 上段小、下段大。読み順は上段、下段
◆【作画】日本のビジネスマンガ調。清潔感のある線、表情は読みやすく、カフェ・自宅・オフィス・証券アプリ画面を背景にした実務的な演出。投資判断を煽らず、分散・リスク管理・数字を見る態度が伝わる落ち着いた色調。実写風、写真風、3D風は禁止。
◆【ストーリー】ページ072・巻末実践ワーク
1コマ目: 巻末実践ワーク。投資ノート、抽象グラフ、チェック表を使って状況を見せる。ナレーション: ［四角枠］金利が高い局面では、将来利益への期待が株価を押し下げることがある。
1コマ目: 高橋が自然な表情で話す。セリフ: 高橋の吹き出しに「成長株は、金利の風も強く受けます。」
2コマ目: ミナミが自然な表情で話す。セリフ: ミナミの吹き出しに「AIだけ見ていては足りないですね。」
背景: 投資ノート、チェックリスト、抽象的な株価グラフ、ポートフォリオ円グラフ、カフェや小さな相談室。実在企業ロゴ、個別銘柄名、ティッカー記号は描かない。","[{""panel_id"": 1, ""type"": ""narration"", ""speaker"": null, ""text"": ""金利が高い局面では、将来利益への期待が株価を押し下げることがある。""}, {""panel_id"": 1, ""type"": ""dialogue"", ""speaker"": ""高橋"", ""text"": ""成長株は、金利の風も強く受けます。""}, {""panel_id"": 2, ""type"": ""dialogue"", ""speaker"": ""ミナミ"", ""text"": ""AIだけ見ていては足りないですね。""}]",team_cafe
73,テンプレ4,"◆【注意】【】で囲まれた単語は感情や状況の指示であり、画像内に文字として描画しないでください
◆【絶対最優先】必ずフルカラーにしてください
◆【絶対最優先】必ず日本のアニメ・マンガ調のイラストで描いてください。実写風・フォトリアル風は禁止です。
◆【出力サイズ】2:3
◆【補足情報】上下左右に50ピクセルの余白を設けてください
◆【補足情報】キャラクター外見: ミナミは32歳女性の黒髪ボブ会社員。高橋は45歳男性の落ち着いたFP。リョウは28歳男性の丸メガネのデータアナリスト。
◆【補足情報】服装: ミナミは白ブラウスとネイビーカーディガン、高橋はチャコールジャケット、リョウはグレーパーカー。
◆【コマ構成】テンプレ4: 2コマ: 上段大、下段小。読み順は上段、下段
◆【作画】日本のビジネスマンガ調。清潔感のある線、表情は読みやすく、カフェ・自宅・オフィス・証券アプリ画面を背景にした実務的な演出。投資判断を煽らず、分散・リスク管理・数字を見る態度が伝わる落ち着いた色調。実写風、写真風、3D風は禁止。
◆【ストーリー】ページ073・巻末実践ワーク
1コマ目: 巻末実践ワーク。投資ノート、抽象グラフ、チェック表を使って状況を見せる。ナレーション: ［四角枠］規制やデータ利用ルールの変更は、AI企業の成長前提を変える可能性がある。
1コマ目: リョウが自然な表情で話す。セリフ: リョウの吹き出しに「技術だけでなく、ルール変更も見ます。」
2コマ目: ミナミが自然な表情で話す。セリフ: ミナミの吹き出しに「ニュースの種類を分けて読みます。」
背景: 投資ノート、チェックリスト、抽象的な株価グラフ、ポートフォリオ円グラフ、カフェや小さな相談室。実在企業ロゴ、個別銘柄名、ティッカー記号は描かない。","[{""panel_id"": 1, ""type"": ""narration"", ""speaker"": null, ""text"": ""規制やデータ利用ルールの変更は、AI企業の成長前提を変える可能性がある。""}, {""panel_id"": 1, ""type"": ""dialogue"", ""speaker"": ""リョウ"", ""text"": ""技術だけでなく、ルール変更も見ます。""}, {""panel_id"": 2, ""type"": ""dialogue"", ""speaker"": ""ミナミ"", ""text"": ""ニュースの種類を分けて読みます。""}]",team_cafe
74,テンプレ1,"◆【注意】【】で囲まれた単語は感情や状況の指示であり、画像内に文字として描画しないでください
◆【絶対最優先】必ずフルカラーにしてください
◆【絶対最優先】必ず日本のアニメ・マンガ調のイラストで描いてください。実写風・フォトリアル風は禁止です。
◆【出力サイズ】2:3
◆【補足情報】上下左右に50ピクセルの余白を設けてください
◆【補足情報】キャラクター外見: ミナミは32歳女性の黒髪ボブ会社員。高橋は45歳男性の落ち着いたFP。リョウは28歳男性の丸メガネのデータアナリスト。
◆【補足情報】服装: ミナミは白ブラウスとネイビーカーディガン、高橋はチャコールジャケット、リョウはグレーパーカー。
◆【コマ構成】テンプレ1: 1コマ: ページ全体を使った大ゴマ
◆【作画】日本のビジネスマンガ調。清潔感のある線、表情は読みやすく、カフェ・自宅・オフィス・証券アプリ画面を背景にした実務的な演出。投資判断を煽らず、分散・リスク管理・数字を見る態度が伝わる落ち着いた色調。実写風、写真風、3D風は禁止。
◆【ストーリー】ページ074・巻末実践ワーク
1コマ目: 巻末実践ワーク。投資ノート、抽象グラフ、チェック表を使って状況を見せる。ナレーション: ［四角枠］競合が増えた時、価格競争や利益率低下が起きていないか確認する。
1コマ目: 高橋が自然な表情で話す。セリフ: 高橋の吹き出しに「良い市場ほど、競争相手も集まります。」
1コマ目: ミナミが自然な表情で話す。セリフ: ミナミの吹き出しに「成長市場でも、利益が削られることがあるんですね。」
背景: 投資ノート、チェックリスト、抽象的な株価グラフ、ポートフォリオ円グラフ、カフェや小さな相談室。実在企業ロゴ、個別銘柄名、ティッカー記号は描かない。","[{""panel_id"": 1, ""type"": ""narration"", ""speaker"": null, ""text"": ""競合が増えた時、価格競争や利益率低下が起きていないか確認する。""}, {""panel_id"": 1, ""type"": ""dialogue"", ""speaker"": ""高橋"", ""text"": ""良い市場ほど、競争相手も集まります。""}, {""panel_id"": 1, ""type"": ""dialogue"", ""speaker"": ""ミナミ"", ""text"": ""成長市場でも、利益が削られることがあるんですね。""}]",team_cafe
75,テンプレ5,"◆【注意】【】で囲まれた単語は感情や状況の指示であり、画像内に文字として描画しないでください
◆【絶対最優先】必ずフルカラーにしてください
◆【絶対最優先】必ず日本のアニメ・マンガ調のイラストで描いてください。実写風・フォトリアル風は禁止です。
◆【出力サイズ】2:3
◆【補足情報】上下左右に50ピクセルの余白を設けてください
◆【補足情報】キャラクター外見: ミナミは32歳女性の黒髪ボブ会社員。高橋は45歳男性の落ち着いたFP。リョウは28歳男性の丸メガネのデータアナリスト。
◆【補足情報】服装: ミナミは白ブラウスとネイビーカーディガン、高橋はチャコールジャケット、リョウはグレーパーカー。
◆【コマ構成】テンプレ5: 3コマ: 上・中・下の3段構成。読み順は上段、中段、下段
◆【作画】日本のビジネスマンガ調。清潔感のある線、表情は読みやすく、カフェ・自宅・オフィス・証券アプリ画面を背景にした実務的な演出。投資判断を煽らず、分散・リスク管理・数字を見る態度が伝わる落ち着いた色調。実写風、写真風、3D風は禁止。
◆【ストーリー】ページ075・巻末実践ワーク
1コマ目: 巻末実践ワーク。投資ノート、抽象グラフ、チェック表を使って状況を見せる。ナレーション: ［四角枠］AI投資を名乗る高利回り勧誘は、商品性と運営者を確認し、即決しない。
2コマ目: 高橋が自然な表情で話す。セリフ: 高橋の吹き出しに「急がせる話ほど、一度止まって確認します。」
3コマ目: ミナミが自然な表情で話す。セリフ: ミナミの吹き出しに「AIという言葉で信用しないようにします。」
背景: 投資ノート、チェックリスト、抽象的な株価グラフ、ポートフォリオ円グラフ、カフェや小さな相談室。実在企業ロゴ、個別銘柄名、ティッカー記号は描かない。","[{""panel_id"": 1, ""type"": ""narration"", ""speaker"": null, ""text"": ""AI投資を名乗る高利回り勧誘は、商品性と運営者を確認し、即決しない。""}, {""panel_id"": 2, ""type"": ""dialogue"", ""speaker"": ""高橋"", ""text"": ""急がせる話ほど、一度止まって確認します。""}, {""panel_id"": 3, ""type"": ""dialogue"", ""speaker"": ""ミナミ"", ""text"": ""AIという言葉で信用しないようにします。""}]",team_cafe
76,テンプレ6,"◆【注意】【】で囲まれた単語は感情や状況の指示であり、画像内に文字として描画しないでください
◆【絶対最優先】必ずフルカラーにしてください
◆【絶対最優先】必ず日本のアニメ・マンガ調のイラストで描いてください。実写風・フォトリアル風は禁止です。
◆【出力サイズ】2:3
◆【補足情報】上下左右に50ピクセルの余白を設けてください
◆【補足情報】キャラクター外見: ミナミは32歳女性の黒髪ボブ会社員。高橋は45歳男性の落ち着いたFP。リョウは28歳男性の丸メガネのデータアナリスト。
◆【補足情報】服装: ミナミは白ブラウスとネイビーカーディガン、高橋はチャコールジャケット、リョウはグレーパーカー。
◆【コマ構成】テンプレ6: 3コマ: 上段1コマ + 下段左右2コマ。読み順は上段、下段右、下段左
◆【作画】日本のビジネスマンガ調。清潔感のある線、表情は読みやすく、カフェ・自宅・オフィス・証券アプリ画面を背景にした実務的な演出。投資判断を煽らず、分散・リスク管理・数字を見る態度が伝わる落ち着いた色調。実写風、写真風、3D風は禁止。
◆【ストーリー】ページ076・巻末実践ワーク
1コマ目: 巻末実践ワーク。投資ノート、抽象グラフ、チェック表を使って状況を見せる。ナレーション: ［四角枠］SNSを見る時間を決め、買う判断は一次情報と自分のメモで行う。
2コマ目: リョウが自然な表情で話す。セリフ: リョウの吹き出しに「SNSは情報源の一つで、判断者ではありません。」
3コマ目: ミナミが自然な表情で話す。セリフ: ミナミの吹き出しに「最後は自分のメモに戻ります。」
背景: 投資ノート、チェックリスト、抽象的な株価グラフ、ポートフォリオ円グラフ、カフェや小さな相談室。実在企業ロゴ、個別銘柄名、ティッカー記号は描かない。","[{""panel_id"": 1, ""type"": ""narration"", ""speaker"": null, ""text"": ""SNSを見る時間を決め、買う判断は一次情報と自分のメモで行う。""}, {""panel_id"": 2, ""type"": ""dialogue"", ""speaker"": ""リョウ"", ""text"": ""SNSは情報源の一つで、判断者ではありません。""}, {""panel_id"": 3, ""type"": ""dialogue"", ""speaker"": ""ミナミ"", ""text"": ""最後は自分のメモに戻ります。""}]",team_cafe
77,テンプレ7,"◆【注意】【】で囲まれた単語は感情や状況の指示であり、画像内に文字として描画しないでください
◆【絶対最優先】必ずフルカラーにしてください
◆【絶対最優先】必ず日本のアニメ・マンガ調のイラストで描いてください。実写風・フォトリアル風は禁止です。
◆【出力サイズ】2:3
◆【補足情報】上下左右に50ピクセルの余白を設けてください
◆【補足情報】キャラクター外見: ミナミは32歳女性の黒髪ボブ会社員。高橋は45歳男性の落ち着いたFP。リョウは28歳男性の丸メガネのデータアナリスト。
◆【補足情報】服装: ミナミは白ブラウスとネイビーカーディガン、高橋はチャコールジャケット、リョウはグレーパーカー。
◆【コマ構成】テンプレ7: 3コマ: 上段左右2コマ + 下段1コマ。読み順は上段右、上段左、下段
◆【作画】日本のビジネスマンガ調。清潔感のある線、表情は読みやすく、カフェ・自宅・オフィス・証券アプリ画面を背景にした実務的な演出。投資判断を煽らず、分散・リスク管理・数字を見る態度が伝わる落ち着いた色調。実写風、写真風、3D風は禁止。
◆【ストーリー】ページ077・巻末実践ワーク
1コマ目: 巻末実践ワーク。投資ノート、抽象グラフ、チェック表を使って状況を見せる。ナレーション: ［四角枠］一次情報ルーティンとして、決算短信、説明資料、会社発表を順番に読む。
2コマ目: 高橋が自然な表情で話す。セリフ: 高橋の吹き出しに「読む順番を決めると、迷いが減ります。」
3コマ目: ミナミが自然な表情で話す。セリフ: ミナミの吹き出しに「見る場所を固定します。」
背景: 投資ノート、チェックリスト、抽象的な株価グラフ、ポートフォリオ円グラフ、カフェや小さな相談室。実在企業ロゴ、個別銘柄名、ティッカー記号は描かない。","[{""panel_id"": 1, ""type"": ""narration"", ""speaker"": null, ""text"": ""一次情報ルーティンとして、決算短信、説明資料、会社発表を順番に読む。""}, {""panel_id"": 2, ""type"": ""dialogue"", ""speaker"": ""高橋"", ""text"": ""読む順番を決めると、迷いが減ります。""}, {""panel_id"": 3, ""type"": ""dialogue"", ""speaker"": ""ミナミ"", ""text"": ""見る場所を固定します。""}]",team_cafe
78,テンプレ2,"◆【注意】【】で囲まれた単語は感情や状況の指示であり、画像内に文字として描画しないでください
◆【絶対最優先】必ずフルカラーにしてください
◆【絶対最優先】必ず日本のアニメ・マンガ調のイラストで描いてください。実写風・フォトリアル風は禁止です。
◆【出力サイズ】2:3
◆【補足情報】上下左右に50ピクセルの余白を設けてください
◆【補足情報】キャラクター外見: ミナミは32歳女性の黒髪ボブ会社員。高橋は45歳男性の落ち着いたFP。リョウは28歳男性の丸メガネのデータアナリスト。
◆【補足情報】服装: ミナミは白ブラウスとネイビーカーディガン、高橋はチャコールジャケット、リョウはグレーパーカー。
◆【コマ構成】テンプレ2: 2コマ: 上下に均等2分割。読み順は上段、下段
◆【作画】日本のビジネスマンガ調。清潔感のある線、表情は読みやすく、カフェ・自宅・オフィス・証券アプリ画面を背景にした実務的な演出。投資判断を煽らず、分散・リスク管理・数字を見る態度が伝わる落ち着いた色調。実写風、写真風、3D風は禁止。
◆【ストーリー】ページ078・巻末実践ワーク
1コマ目: 巻末実践ワーク。投資ノート、抽象グラフ、チェック表を使って状況を見せる。ナレーション: ［四角枠］四半期決算では、良い数字と悪い数字を一行ずつ並べて記録する。
1コマ目: リョウが自然な表情で話す。セリフ: リョウの吹き出しに「良い点だけでなく、悪化した点も同じ表に置きます。」
2コマ目: ミナミが自然な表情で話す。セリフ: ミナミの吹き出しに「都合よく見ないための表ですね。」
背景: 投資ノート、チェックリスト、抽象的な株価グラフ、ポートフォリオ円グラフ、カフェや小さな相談室。実在企業ロゴ、個別銘柄名、ティッカー記号は描かない。","[{""panel_id"": 1, ""type"": ""narration"", ""speaker"": null, ""text"": ""四半期決算では、良い数字と悪い数字を一行ずつ並べて記録する。""}, {""panel_id"": 1, ""type"": ""dialogue"", ""speaker"": ""リョウ"", ""text"": ""良い点だけでなく、悪化した点も同じ表に置きます。""}, {""panel_id"": 2, ""type"": ""dialogue"", ""speaker"": ""ミナミ"", ""text"": ""都合よく見ないための表ですね。""}]",team_cafe
79,テンプレ3,"◆【注意】【】で囲まれた単語は感情や状況の指示であり、画像内に文字として描画しないでください
◆【絶対最優先】必ずフルカラーにしてください
◆【絶対最優先】必ず日本のアニメ・マンガ調のイラストで描いてください。実写風・フォトリアル風は禁止です。
◆【出力サイズ】2:3
◆【補足情報】上下左右に50ピクセルの余白を設けてください
◆【補足情報】キャラクター外見: ミナミは32歳女性の黒髪ボブ会社員。高橋は45歳男性の落ち着いたFP。リョウは28歳男性の丸メガネのデータアナリスト。
◆【補足情報】服装: ミナミは白ブラウスとネイビーカーディガン、高橋はチャコールジャケット、リョウはグレーパーカー。
◆【コマ構成】テンプレ3: 2コマ: 上段小、下段大。読み順は上段、下段
◆【作画】日本のビジネスマンガ調。清潔感のある線、表情は読みやすく、カフェ・自宅・オフィス・証券アプリ画面を背景にした実務的な演出。投資判断を煽らず、分散・リスク管理・数字を見る態度が伝わる落ち着いた色調。実写風、写真風、3D風は禁止。
◆【ストーリー】ページ079・巻末実践ワーク
1コマ目: 巻末実践ワーク。投資ノート、抽象グラフ、チェック表を使って状況を見せる。ナレーション: ［四角枠］投資仮説ログを作り、買った理由がまだ残っているか定期的に確認する。
1コマ目: 高橋が自然な表情で話す。セリフ: 高橋の吹き出しに「買った理由は、時間がたつほど忘れます。」
2コマ目: ミナミが自然な表情で話す。セリフ: ミナミの吹き出しに「だからログに残すんですね。」
背景: 投資ノート、チェックリスト、抽象的な株価グラフ、ポートフォリオ円グラフ、カフェや小さな相談室。実在企業ロゴ、個別銘柄名、ティッカー記号は描かない。","[{""panel_id"": 1, ""type"": ""narration"", ""speaker"": null, ""text"": ""投資仮説ログを作り、買った理由がまだ残っているか定期的に確認する。""}, {""panel_id"": 1, ""type"": ""dialogue"", ""speaker"": ""高橋"", ""text"": ""買った理由は、時間がたつほど忘れます。""}, {""panel_id"": 2, ""type"": ""dialogue"", ""speaker"": ""ミナミ"", ""text"": ""だからログに残すんですね。""}]",team_cafe
80,テンプレ4,"◆【注意】【】で囲まれた単語は感情や状況の指示であり、画像内に文字として描画しないでください
◆【絶対最優先】必ずフルカラーにしてください
◆【絶対最優先】必ず日本のアニメ・マンガ調のイラストで描いてください。実写風・フォトリアル風は禁止です。
◆【出力サイズ】2:3
◆【補足情報】上下左右に50ピクセルの余白を設けてください
◆【補足情報】キャラクター外見: ミナミは32歳女性の黒髪ボブ会社員。高橋は45歳男性の落ち着いたFP。リョウは28歳男性の丸メガネのデータアナリスト。
◆【補足情報】服装: ミナミは白ブラウスとネイビーカーディガン、高橋はチャコールジャケット、リョウはグレーパーカー。
◆【コマ構成】テンプレ4: 2コマ: 上段大、下段小。読み順は上段、下段
◆【作画】日本のビジネスマンガ調。清潔感のある線、表情は読みやすく、カフェ・自宅・オフィス・証券アプリ画面を背景にした実務的な演出。投資判断を煽らず、分散・リスク管理・数字を見る態度が伝わる落ち着いた色調。実写風、写真風、3D風は禁止。
◆【ストーリー】ページ080・巻末実践ワーク
1コマ目: 巻末実践ワーク。投資ノート、抽象グラフ、チェック表を使って状況を見せる。ナレーション: ［四角枠］売る条件は、価格だけでなく仮説崩れ、比率超過、資金需要で決める。
1コマ目: 高橋が自然な表情で話す。セリフ: 高橋の吹き出しに「売る理由も、買う前に用意します。」
2コマ目: ミナミが自然な表情で話す。セリフ: ミナミの吹き出しに「感情ではなく条件で動けます。」
背景: 投資ノート、チェックリスト、抽象的な株価グラフ、ポートフォリオ円グラフ、カフェや小さな相談室。実在企業ロゴ、個別銘柄名、ティッカー記号は描かない。","[{""panel_id"": 1, ""type"": ""narration"", ""speaker"": null, ""text"": ""売る条件は、価格だけでなく仮説崩れ、比率超過、資金需要で決める。""}, {""panel_id"": 1, ""type"": ""dialogue"", ""speaker"": ""高橋"", ""text"": ""売る理由も、買う前に用意します。""}, {""panel_id"": 2, ""type"": ""dialogue"", ""speaker"": ""ミナミ"", ""text"": ""感情ではなく条件で動けます。""}]",team_cafe
81,テンプレ1,"◆【注意】【】で囲まれた単語は感情や状況の指示であり、画像内に文字として描画しないでください
◆【絶対最優先】必ずフルカラーにしてください
◆【絶対最優先】必ず日本のアニメ・マンガ調のイラストで描いてください。実写風・フォトリアル風は禁止です。
◆【出力サイズ】2:3
◆【補足情報】上下左右に50ピクセルの余白を設けてください
◆【補足情報】キャラクター外見: ミナミは32歳女性の黒髪ボブ会社員。高橋は45歳男性の落ち着いたFP。リョウは28歳男性の丸メガネのデータアナリスト。
◆【補足情報】服装: ミナミは白ブラウスとネイビーカーディガン、高橋はチャコールジャケット、リョウはグレーパーカー。
◆【コマ構成】テンプレ1: 1コマ: ページ全体を使った大ゴマ
◆【作画】日本のビジネスマンガ調。清潔感のある線、表情は読みやすく、カフェ・自宅・オフィス・証券アプリ画面を背景にした実務的な演出。投資判断を煽らず、分散・リスク管理・数字を見る態度が伝わる落ち着いた色調。実写風、写真風、3D風は禁止。
◆【ストーリー】ページ081・巻末実践ワーク
1コマ目: 巻末実践ワーク。投資ノート、抽象グラフ、チェック表を使って状況を見せる。ナレーション: ［四角枠］利益が出た時の一部売却やリバランスを、前もって決めておく。
1コマ目: リョウが自然な表情で話す。セリフ: リョウの吹き出しに「上がった時ほど、ルールが必要です。」
1コマ目: ミナミが自然な表情で話す。セリフ: ミナミの吹き出しに「欲張りすぎないためですね。」
背景: 投資ノート、チェックリスト、抽象的な株価グラフ、ポートフォリオ円グラフ、カフェや小さな相談室。実在企業ロゴ、個別銘柄名、ティッカー記号は描かない。","[{""panel_id"": 1, ""type"": ""narration"", ""speaker"": null, ""text"": ""利益が出た時の一部売却やリバランスを、前もって決めておく。""}, {""panel_id"": 1, ""type"": ""dialogue"", ""speaker"": ""リョウ"", ""text"": ""上がった時ほど、ルールが必要です。""}, {""panel_id"": 1, ""type"": ""dialogue"", ""speaker"": ""ミナミ"", ""text"": ""欲張りすぎないためですね。""}]",team_cafe
82,テンプレ5,"◆【注意】【】で囲まれた単語は感情や状況の指示であり、画像内に文字として描画しないでください
◆【絶対最優先】必ずフルカラーにしてください
◆【絶対最優先】必ず日本のアニメ・マンガ調のイラストで描いてください。実写風・フォトリアル風は禁止です。
◆【出力サイズ】2:3
◆【補足情報】上下左右に50ピクセルの余白を設けてください
◆【補足情報】キャラクター外見: ミナミは32歳女性の黒髪ボブ会社員。高橋は45歳男性の落ち着いたFP。リョウは28歳男性の丸メガネのデータアナリスト。
◆【補足情報】服装: ミナミは白ブラウスとネイビーカーディガン、高橋はチャコールジャケット、リョウはグレーパーカー。
◆【コマ構成】テンプレ5: 3コマ: 上・中・下の3段構成。読み順は上段、中段、下段
◆【作画】日本のビジネスマンガ調。清潔感のある線、表情は読みやすく、カフェ・自宅・オフィス・証券アプリ画面を背景にした実務的な演出。投資判断を煽らず、分散・リスク管理・数字を見る態度が伝わる落ち着いた色調。実写風、写真風、3D風は禁止。
◆【ストーリー】ページ082・巻末実践ワーク
1コマ目: 巻末実践ワーク。投資ノート、抽象グラフ、チェック表を使って状況を見せる。ナレーション: ［四角枠］制度枠を使う場合も、枠を埋めることより投資対象の妥当性を優先する。
2コマ目: 高橋が自然な表情で話す。セリフ: 高橋の吹き出しに「制度は器です。中身の判断は別に必要です。」
3コマ目: ミナミが自然な表情で話す。セリフ: ミナミの吹き出しに「枠があるから買う、ではないんですね。」
背景: 投資ノート、チェックリスト、抽象的な株価グラフ、ポートフォリオ円グラフ、カフェや小さな相談室。実在企業ロゴ、個別銘柄名、ティッカー記号は描かない。","[{""panel_id"": 1, ""type"": ""narration"", ""speaker"": null, ""text"": ""制度枠を使う場合も、枠を埋めることより投資対象の妥当性を優先する。""}, {""panel_id"": 2, ""type"": ""dialogue"", ""speaker"": ""高橋"", ""text"": ""制度は器です。中身の判断は別に必要です。""}, {""panel_id"": 3, ""type"": ""dialogue"", ""speaker"": ""ミナミ"", ""text"": ""枠があるから買う、ではないんですね。""}]",team_cafe
83,テンプレ6,"◆【注意】【】で囲まれた単語は感情や状況の指示であり、画像内に文字として描画しないでください
◆【絶対最優先】必ずフルカラーにしてください
◆【絶対最優先】必ず日本のアニメ・マンガ調のイラストで描いてください。実写風・フォトリアル風は禁止です。
◆【出力サイズ】2:3
◆【補足情報】上下左右に50ピクセルの余白を設けてください
◆【補足情報】キャラクター外見: ミナミは32歳女性の黒髪ボブ会社員。高橋は45歳男性の落ち着いたFP。リョウは28歳男性の丸メガネのデータアナリスト。
◆【補足情報】服装: ミナミは白ブラウスとネイビーカーディガン、高橋はチャコールジャケット、リョウはグレーパーカー。
◆【コマ構成】テンプレ6: 3コマ: 上段1コマ + 下段左右2コマ。読み順は上段、下段右、下段左
◆【作画】日本のビジネスマンガ調。清潔感のある線、表情は読みやすく、カフェ・自宅・オフィス・証券アプリ画面を背景にした実務的な演出。投資判断を煽らず、分散・リスク管理・数字を見る態度が伝わる落ち着いた色調。実写風、写真風、3D風は禁止。
◆【ストーリー】ページ083・巻末実践ワーク
1コマ目: 巻末実践ワーク。投資ノート、抽象グラフ、チェック表を使って状況を見せる。ナレーション: ［四角枠］急落時の対応を先に書き、追加購入・保有・売却の条件を分ける。
2コマ目: リョウが自然な表情で話す。セリフ: リョウの吹き出しに「急落時は、事前の表がないと感情が勝ちます。」
3コマ目: ミナミが自然な表情で話す。セリフ: ミナミの吹き出しに「下がった時の自分に手紙を書きます。」
背景: 投資ノート、チェックリスト、抽象的な株価グラフ、ポートフォリオ円グラフ、カフェや小さな相談室。実在企業ロゴ、個別銘柄名、ティッカー記号は描かない。","[{""panel_id"": 1, ""type"": ""narration"", ""speaker"": null, ""text"": ""急落時の対応を先に書き、追加購入・保有・売却の条件を分ける。""}, {""panel_id"": 2, ""type"": ""dialogue"", ""speaker"": ""リョウ"", ""text"": ""急落時は、事前の表がないと感情が勝ちます。""}, {""panel_id"": 3, ""type"": ""dialogue"", ""speaker"": ""ミナミ"", ""text"": ""下がった時の自分に手紙を書きます。""}]",team_cafe
84,テンプレ7,"◆【注意】【】で囲まれた単語は感情や状況の指示であり、画像内に文字として描画しないでください
◆【絶対最優先】必ずフルカラーにしてください
◆【絶対最優先】必ず日本のアニメ・マンガ調のイラストで描いてください。実写風・フォトリアル風は禁止です。
◆【出力サイズ】2:3
◆【補足情報】上下左右に50ピクセルの余白を設けてください
◆【補足情報】キャラクター外見: ミナミは32歳女性の黒髪ボブ会社員。高橋は45歳男性の落ち着いたFP。リョウは28歳男性の丸メガネのデータアナリスト。
◆【補足情報】服装: ミナミは白ブラウスとネイビーカーディガン、高橋はチャコールジャケット、リョウはグレーパーカー。
◆【コマ構成】テンプレ7: 3コマ: 上段左右2コマ + 下段1コマ。読み順は上段右、上段左、下段
◆【作画】日本のビジネスマンガ調。清潔感のある線、表情は読みやすく、カフェ・自宅・オフィス・証券アプリ画面を背景にした実務的な演出。投資判断を煽らず、分散・リスク管理・数字を見る態度が伝わる落ち着いた色調。実写風、写真風、3D風は禁止。
◆【ストーリー】ページ084・巻末実践ワーク
1コマ目: 巻末実践ワーク。投資ノート、抽象グラフ、チェック表を使って状況を見せる。ナレーション: ［四角枠］毎月ではなく、決算や比率変化など見直すタイミングを明確にする。
2コマ目: 高橋が自然な表情で話す。セリフ: 高橋の吹き出しに「毎日迷うより、見る日を決めます。」
3コマ目: ミナミが自然な表情で話す。セリフ: ミナミの吹き出しに「確認の頻度もルール化します。」
背景: 投資ノート、チェックリスト、抽象的な株価グラフ、ポートフォリオ円グラフ、カフェや小さな相談室。実在企業ロゴ、個別銘柄名、ティッカー記号は描かない。","[{""panel_id"": 1, ""type"": ""narration"", ""speaker"": null, ""text"": ""毎月ではなく、決算や比率変化など見直すタイミングを明確にする。""}, {""panel_id"": 2, ""type"": ""dialogue"", ""speaker"": ""高橋"", ""text"": ""毎日迷うより、見る日を決めます。""}, {""panel_id"": 3, ""type"": ""dialogue"", ""speaker"": ""ミナミ"", ""text"": ""確認の頻度もルール化します。""}]",team_cafe
85,テンプレ2,"◆【注意】【】で囲まれた単語は感情や状況の指示であり、画像内に文字として描画しないでください
◆【絶対最優先】必ずフルカラーにしてください
◆【絶対最優先】必ず日本のアニメ・マンガ調のイラストで描いてください。実写風・フォトリアル風は禁止です。
◆【出力サイズ】2:3
◆【補足情報】上下左右に50ピクセルの余白を設けてください
◆【補足情報】キャラクター外見: ミナミは32歳女性の黒髪ボブ会社員。高橋は45歳男性の落ち着いたFP。リョウは28歳男性の丸メガネのデータアナリスト。
◆【補足情報】服装: ミナミは白ブラウスとネイビーカーディガン、高橋はチャコールジャケット、リョウはグレーパーカー。
◆【コマ構成】テンプレ2: 2コマ: 上下に均等2分割。読み順は上段、下段
◆【作画】日本のビジネスマンガ調。清潔感のある線、表情は読みやすく、カフェ・自宅・オフィス・証券アプリ画面を背景にした実務的な演出。投資判断を煽らず、分散・リスク管理・数字を見る態度が伝わる落ち着いた色調。実写風、写真風、3D風は禁止。
◆【ストーリー】ページ085・巻末実践ワーク
1コマ目: 巻末実践ワーク。投資ノート、抽象グラフ、チェック表を使って状況を見せる。ナレーション: ［四角枠］例として、コアを広く、AIテーマを小さく置く設計を確認する。
1コマ目: 高橋が自然な表情で話す。セリフ: 高橋の吹き出しに「これは一例です。自分の状況に合わせます。」
2コマ目: ミナミが自然な表情で話す。セリフ: ミナミの吹き出しに「比率は真似ではなく調整ですね。」
背景: 投資ノート、チェックリスト、抽象的な株価グラフ、ポートフォリオ円グラフ、カフェや小さな相談室。実在企業ロゴ、個別銘柄名、ティッカー記号は描かない。","[{""panel_id"": 1, ""type"": ""narration"", ""speaker"": null, ""text"": ""例として、コアを広く、AIテーマを小さく置く設計を確認する。""}, {""panel_id"": 1, ""type"": ""dialogue"", ""speaker"": ""高橋"", ""text"": ""これは一例です。自分の状況に合わせます。""}, {""panel_id"": 2, ""type"": ""dialogue"", ""speaker"": ""ミナミ"", ""text"": ""比率は真似ではなく調整ですね。""}]",team_cafe
86,テンプレ3,"◆【注意】【】で囲まれた単語は感情や状況の指示であり、画像内に文字として描画しないでください
◆【絶対最優先】必ずフルカラーにしてください
◆【絶対最優先】必ず日本のアニメ・マンガ調のイラストで描いてください。実写風・フォトリアル風は禁止です。
◆【出力サイズ】2:3
◆【補足情報】上下左右に50ピクセルの余白を設けてください
◆【補足情報】キャラクター外見: ミナミは32歳女性の黒髪ボブ会社員。高橋は45歳男性の落ち着いたFP。リョウは28歳男性の丸メガネのデータアナリスト。
◆【補足情報】服装: ミナミは白ブラウスとネイビーカーディガン、高橋はチャコールジャケット、リョウはグレーパーカー。
◆【コマ構成】テンプレ3: 2コマ: 上段小、下段大。読み順は上段、下段
◆【作画】日本のビジネスマンガ調。清潔感のある線、表情は読みやすく、カフェ・自宅・オフィス・証券アプリ画面を背景にした実務的な演出。投資判断を煽らず、分散・リスク管理・数字を見る態度が伝わる落ち着いた色調。実写風、写真風、3D風は禁止。
◆【ストーリー】ページ086・巻末実践ワーク
1コマ目: 巻末実践ワーク。投資ノート、抽象グラフ、チェック表を使って状況を見せる。ナレーション: ［四角枠］もし急落したら、業績悪化か市場全体の揺れかを分けて考える。
1コマ目: リョウが自然な表情で話す。セリフ: リョウの吹き出しに「下落の理由を分けると、次の行動が変わります。」
2コマ目: ミナミが自然な表情で話す。セリフ: ミナミの吹き出しに「同じ下落でも意味が違います。」
背景: 投資ノート、チェックリスト、抽象的な株価グラフ、ポートフォリオ円グラフ、カフェや小さな相談室。実在企業ロゴ、個別銘柄名、ティッカー記号は描かない。","[{""panel_id"": 1, ""type"": ""narration"", ""speaker"": null, ""text"": ""もし急落したら、業績悪化か市場全体の揺れかを分けて考える。""}, {""panel_id"": 1, ""type"": ""dialogue"", ""speaker"": ""リョウ"", ""text"": ""下落の理由を分けると、次の行動が変わります。""}, {""panel_id"": 2, ""type"": ""dialogue"", ""speaker"": ""ミナミ"", ""text"": ""同じ下落でも意味が違います。""}]",team_cafe
87,テンプレ4,"◆【注意】【】で囲まれた単語は感情や状況の指示であり、画像内に文字として描画しないでください
◆【絶対最優先】必ずフルカラーにしてください
◆【絶対最優先】必ず日本のアニメ・マンガ調のイラストで描いてください。実写風・フォトリアル風は禁止です。
◆【出力サイズ】2:3
◆【補足情報】上下左右に50ピクセルの余白を設けてください
◆【補足情報】キャラクター外見: ミナミは32歳女性の黒髪ボブ会社員。高橋は45歳男性の落ち着いたFP。リョウは28歳男性の丸メガネのデータアナリスト。
◆【補足情報】服装: ミナミは白ブラウスとネイビーカーディガン、高橋はチャコールジャケット、リョウはグレーパーカー。
◆【コマ構成】テンプレ4: 2コマ: 上段大、下段小。読み順は上段、下段
◆【作画】日本のビジネスマンガ調。清潔感のある線、表情は読みやすく、カフェ・自宅・オフィス・証券アプリ画面を背景にした実務的な演出。投資判断を煽らず、分散・リスク管理・数字を見る態度が伝わる落ち着いた色調。実写風、写真風、3D風は禁止。
◆【ストーリー】ページ087・巻末実践ワーク
1コマ目: 巻末実践ワーク。投資ノート、抽象グラフ、チェック表を使って状況を見せる。ナレーション: ［四角枠］もし大きく上がったら、集中しすぎていないか資産全体で確認する。
1コマ目: 高橋が自然な表情で話す。セリフ: 高橋の吹き出しに「上昇はうれしいですが、偏りも作ります。」
2コマ目: ミナミが自然な表情で話す。セリフ: ミナミの吹き出しに「成功した時ほど見直しですね。」
背景: 投資ノート、チェックリスト、抽象的な株価グラフ、ポートフォリオ円グラフ、カフェや小さな相談室。実在企業ロゴ、個別銘柄名、ティッカー記号は描かない。","[{""panel_id"": 1, ""type"": ""narration"", ""speaker"": null, ""text"": ""もし大きく上がったら、集中しすぎていないか資産全体で確認する。""}, {""panel_id"": 1, ""type"": ""dialogue"", ""speaker"": ""高橋"", ""text"": ""上昇はうれしいですが、偏りも作ります。""}, {""panel_id"": 2, ""type"": ""dialogue"", ""speaker"": ""ミナミ"", ""text"": ""成功した時ほど見直しですね。""}]",team_cafe
88,テンプレ1,"◆【注意】【】で囲まれた単語は感情や状況の指示であり、画像内に文字として描画しないでください
◆【絶対最優先】必ずフルカラーにしてください
◆【絶対最優先】必ず日本のアニメ・マンガ調のイラストで描いてください。実写風・フォトリアル風は禁止です。
◆【出力サイズ】2:3
◆【補足情報】上下左右に50ピクセルの余白を設けてください
◆【補足情報】キャラクター外見: ミナミは32歳女性の黒髪ボブ会社員。高橋は45歳男性の落ち着いたFP。リョウは28歳男性の丸メガネのデータアナリスト。
◆【補足情報】服装: ミナミは白ブラウスとネイビーカーディガン、高橋はチャコールジャケット、リョウはグレーパーカー。
◆【コマ構成】テンプレ1: 1コマ: ページ全体を使った大ゴマ
◆【作画】日本のビジネスマンガ調。清潔感のある線、表情は読みやすく、カフェ・自宅・オフィス・証券アプリ画面を背景にした実務的な演出。投資判断を煽らず、分散・リスク管理・数字を見る態度が伝わる落ち着いた色調。実写風、写真風、3D風は禁止。
◆【ストーリー】ページ088・巻末実践ワーク
1コマ目: 巻末実践ワーク。投資ノート、抽象グラフ、チェック表を使って状況を見せる。ナレーション: ［四角枠］横ばいが続いても、仮説が残っているなら焦って動かない。
1コマ目: リョウが自然な表情で話す。セリフ: リョウの吹き出しに「動かない相場でも、確認すべきことはあります。」
1コマ目: ミナミが自然な表情で話す。セリフ: ミナミの吹き出しに「退屈さに負けないルールですね。」
背景: 投資ノート、チェックリスト、抽象的な株価グラフ、ポートフォリオ円グラフ、カフェや小さな相談室。実在企業ロゴ、個別銘柄名、ティッカー記号は描かない。","[{""panel_id"": 1, ""type"": ""narration"", ""speaker"": null, ""text"": ""横ばいが続いても、仮説が残っているなら焦って動かない。""}, {""panel_id"": 1, ""type"": ""dialogue"", ""speaker"": ""リョウ"", ""text"": ""動かない相場でも、確認すべきことはあります。""}, {""panel_id"": 1, ""type"": ""dialogue"", ""speaker"": ""ミナミ"", ""text"": ""退屈さに負けないルールですね。""}]",team_cafe
89,テンプレ5,"◆【注意】【】で囲まれた単語は感情や状況の指示であり、画像内に文字として描画しないでください
◆【絶対最優先】必ずフルカラーにしてください
◆【絶対最優先】必ず日本のアニメ・マンガ調のイラストで描いてください。実写風・フォトリアル風は禁止です。
◆【出力サイズ】2:3
◆【補足情報】上下左右に50ピクセルの余白を設けてください
◆【補足情報】キャラクター外見: ミナミは32歳女性の黒髪ボブ会社員。高橋は45歳男性の落ち着いたFP。リョウは28歳男性の丸メガネのデータアナリスト。
◆【補足情報】服装: ミナミは白ブラウスとネイビーカーディガン、高橋はチャコールジャケット、リョウはグレーパーカー。
◆【コマ構成】テンプレ5: 3コマ: 上・中・下の3段構成。読み順は上段、中段、下段
◆【作画】日本のビジネスマンガ調。清潔感のある線、表情は読みやすく、カフェ・自宅・オフィス・証券アプリ画面を背景にした実務的な演出。投資判断を煽らず、分散・リスク管理・数字を見る態度が伝わる落ち着いた色調。実写風、写真風、3D風は禁止。
◆【ストーリー】ページ089・巻末実践ワーク
1コマ目: 巻末実践ワーク。投資ノート、抽象グラフ、チェック表を使って状況を見せる。ナレーション: ［四角枠］買う前の最終フローとして、目的、比率、価格、出口、確認日を順番に見る。
2コマ目: 高橋が自然な表情で話す。セリフ: 高橋の吹き出しに「最後は五つの順番で確認します。」
3コマ目: ミナミが自然な表情で話す。セリフ: ミナミの吹き出しに「この順番なら抜け漏れが減ります。」
背景: 投資ノート、チェックリスト、抽象的な株価グラフ、ポートフォリオ円グラフ、カフェや小さな相談室。実在企業ロゴ、個別銘柄名、ティッカー記号は描かない。","[{""panel_id"": 1, ""type"": ""narration"", ""speaker"": null, ""text"": ""買う前の最終フローとして、目的、比率、価格、出口、確認日を順番に見る。""}, {""panel_id"": 2, ""type"": ""dialogue"", ""speaker"": ""高橋"", ""text"": ""最後は五つの順番で確認します。""}, {""panel_id"": 3, ""type"": ""dialogue"", ""speaker"": ""ミナミ"", ""text"": ""この順番なら抜け漏れが減ります。""}]",team_cafe
90,テンプレ6,"◆【注意】【】で囲まれた単語は感情や状況の指示であり、画像内に文字として描画しないでください
◆【絶対最優先】必ずフルカラーにしてください
◆【絶対最優先】必ず日本のアニメ・マンガ調のイラストで描いてください。実写風・フォトリアル風は禁止です。
◆【出力サイズ】2:3
◆【補足情報】上下左右に50ピクセルの余白を設けてください
◆【補足情報】キャラクター外見: ミナミは32歳女性の黒髪ボブ会社員。高橋は45歳男性の落ち着いたFP。リョウは28歳男性の丸メガネのデータアナリスト。
◆【補足情報】服装: ミナミは白ブラウスとネイビーカーディガン、高橋はチャコールジャケット、リョウはグレーパーカー。
◆【コマ構成】テンプレ6: 3コマ: 上段1コマ + 下段左右2コマ。読み順は上段、下段右、下段左
◆【作画】日本のビジネスマンガ調。清潔感のある線、表情は読みやすく、カフェ・自宅・オフィス・証券アプリ画面を背景にした実務的な演出。投資判断を煽らず、分散・リスク管理・数字を見る態度が伝わる落ち着いた色調。実写風、写真風、3D風は禁止。
◆【ストーリー】ページ090・巻末実践ワーク
1コマ目: 巻末実践ワーク。投資ノート、抽象グラフ、チェック表を使って状況を見せる。ナレーション: ［四角枠］買う前チェックリストを声に出して読み、納得できない項目があれば保留する。
2コマ目: 高橋が自然な表情で話す。セリフ: 高橋の吹き出しに「一つでも説明できないなら、保留は合理的です。」
3コマ目: ミナミが自然な表情で話す。セリフ: ミナミの吹き出しに「買わない勇気もルールに入れます。」
背景: 投資ノート、チェックリスト、抽象的な株価グラフ、ポートフォリオ円グラフ、カフェや小さな相談室。実在企業ロゴ、個別銘柄名、ティッカー記号は描かない。","[{""panel_id"": 1, ""type"": ""narration"", ""speaker"": null, ""text"": ""買う前チェックリストを声に出して読み、納得できない項目があれば保留する。""}, {""panel_id"": 2, ""type"": ""dialogue"", ""speaker"": ""高橋"", ""text"": ""一つでも説明できないなら、保留は合理的です。""}, {""panel_id"": 3, ""type"": ""dialogue"", ""speaker"": ""ミナミ"", ""text"": ""買わない勇気もルールに入れます。""}]",team_cafe
91,テンプレ7,"◆【注意】【】で囲まれた単語は感情や状況の指示であり、画像内に文字として描画しないでください
◆【絶対最優先】必ずフルカラーにしてください
◆【絶対最優先】必ず日本のアニメ・マンガ調のイラストで描いてください。実写風・フォトリアル風は禁止です。
◆【出力サイズ】2:3
◆【補足情報】上下左右に50ピクセルの余白を設けてください
◆【補足情報】キャラクター外見: ミナミは32歳女性の黒髪ボブ会社員。高橋は45歳男性の落ち着いたFP。リョウは28歳男性の丸メガネのデータアナリスト。
◆【補足情報】服装: ミナミは白ブラウスとネイビーカーディガン、高橋はチャコールジャケット、リョウはグレーパーカー。
◆【コマ構成】テンプレ7: 3コマ: 上段左右2コマ + 下段1コマ。読み順は上段右、上段左、下段
◆【作画】日本のビジネスマンガ調。清潔感のある線、表情は読みやすく、カフェ・自宅・オフィス・証券アプリ画面を背景にした実務的な演出。投資判断を煽らず、分散・リスク管理・数字を見る態度が伝わる落ち着いた色調。実写風、写真風、3D風は禁止。
◆【ストーリー】ページ091・巻末実践ワーク
1コマ目: 巻末実践ワーク。投資ノート、抽象グラフ、チェック表を使って状況を見せる。ナレーション: ［四角枠］買った後チェックリストでは、価格、決算、比率、仮説、生活への影響を見る。
2コマ目: リョウが自然な表情で話す。セリフ: リョウの吹き出しに「保有中も、見る項目を固定します。」
3コマ目: ミナミが自然な表情で話す。セリフ: ミナミの吹き出しに「持った後の迷いも減らせます。」
背景: 投資ノート、チェックリスト、抽象的な株価グラフ、ポートフォリオ円グラフ、カフェや小さな相談室。実在企業ロゴ、個別銘柄名、ティッカー記号は描かない。","[{""panel_id"": 1, ""type"": ""narration"", ""speaker"": null, ""text"": ""買った後チェックリストでは、価格、決算、比率、仮説、生活への影響を見る。""}, {""panel_id"": 2, ""type"": ""dialogue"", ""speaker"": ""リョウ"", ""text"": ""保有中も、見る項目を固定します。""}, {""panel_id"": 3, ""type"": ""dialogue"", ""speaker"": ""ミナミ"", ""text"": ""持った後の迷いも減らせます。""}]",team_cafe
92,テンプレ1,"◆【注意】【】で囲まれた単語は感情や状況の指示であり、画像内に文字として描画しないでください
◆【絶対最優先】必ずフルカラーにしてください
◆【絶対最優先】必ず日本のアニメ・マンガ調のイラストで描いてください。実写風・フォトリアル風は禁止です。
◆【出力サイズ】2:3
◆【補足情報】上下左右に50ピクセルの余白を設けてください
◆【補足情報】キャラクター外見: ミナミは32歳女性の黒髪ボブ会社員。高橋は45歳男性の落ち着いたFP。リョウは28歳男性の丸メガネのデータアナリスト。
◆【補足情報】服装: ミナミは白ブラウスとネイビーカーディガン、高橋はチャコールジャケット、リョウはグレーパーカー。
◆【コマ構成】テンプレ1: 1コマ: ページ全体を使った大ゴマ
◆【作画】日本のビジネスマンガ調。清潔感のある線、表情は読みやすく、カフェ・自宅・オフィス・証券アプリ画面を背景にした実務的な演出。投資判断を煽らず、分散・リスク管理・数字を見る態度が伝わる落ち着いた色調。実写風、写真風、3D風は禁止。
◆【ストーリー】ページ092・巻末実践ワーク
1コマ目: 巻末実践ワーク。投資ノート、抽象グラフ、チェック表を使って状況を見せる。ナレーション: ［四角枠］家計や仕事の予定が変わった時、投資額も同じように見直す。
1コマ目: 高橋が自然な表情で話す。セリフ: 高橋の吹き出しに「投資は生活の外ではなく、生活の中にあります。」
1コマ目: ミナミが自然な表情で話す。セリフ: ミナミの吹き出しに「自分の状況が変われば、投資も変えます。」
背景: 投資ノート、チェックリスト、抽象的な株価グラフ、ポートフォリオ円グラフ、カフェや小さな相談室。実在企業ロゴ、個別銘柄名、ティッカー記号は描かない。","[{""panel_id"": 1, ""type"": ""narration"", ""speaker"": null, ""text"": ""家計や仕事の予定が変わった時、投資額も同じように見直す。""}, {""panel_id"": 1, ""type"": ""dialogue"", ""speaker"": ""高橋"", ""text"": ""投資は生活の外ではなく、生活の中にあります。""}, {""panel_id"": 1, ""type"": ""dialogue"", ""speaker"": ""ミナミ"", ""text"": ""自分の状況が変われば、投資も変えます。""}]",team_cafe
93,テンプレ5,"◆【注意】【】で囲まれた単語は感情や状況の指示であり、画像内に文字として描画しないでください
◆【絶対最優先】必ずフルカラーにしてください
◆【絶対最優先】必ず日本のアニメ・マンガ調のイラストで描いてください。実写風・フォトリアル風は禁止です。
◆【出力サイズ】2:3
◆【補足情報】上下左右に50ピクセルの余白を設けてください
◆【補足情報】キャラクター外見: ミナミは32歳女性の黒髪ボブ会社員。高橋は45歳男性の落ち着いたFP。リョウは28歳男性の丸メガネのデータアナリスト。
◆【補足情報】服装: ミナミは白ブラウスとネイビーカーディガン、高橋はチャコールジャケット、リョウはグレーパーカー。
◆【コマ構成】テンプレ5: 3コマ: 上・中・下の3段構成。読み順は上段、中段、下段
◆【作画】日本のビジネスマンガ調。清潔感のある線、表情は読みやすく、カフェ・自宅・オフィス・証券アプリ画面を背景にした実務的な演出。投資判断を煽らず、分散・リスク管理・数字を見る態度が伝わる落ち着いた色調。実写風、写真風、3D風は禁止。
◆【ストーリー】ページ093・巻末実践ワーク
1コマ目: 巻末実践ワーク。投資ノート、抽象グラフ、チェック表を使って状況を見せる。ナレーション: ［四角枠］失敗した時は、銘柄だけでなく判断手順のどこを直すかを振り返る。
2コマ目: リョウが自然な表情で話す。セリフ: リョウの吹き出しに「失敗は、手順を直す材料になります。」
3コマ目: ミナミが自然な表情で話す。セリフ: ミナミの吹き出しに「次の判断に活かせますね。」
背景: 投資ノート、チェックリスト、抽象的な株価グラフ、ポートフォリオ円グラフ、カフェや小さな相談室。実在企業ロゴ、個別銘柄名、ティッカー記号は描かない。","[{""panel_id"": 1, ""type"": ""narration"", ""speaker"": null, ""text"": ""失敗した時は、銘柄だけでなく判断手順のどこを直すかを振り返る。""}, {""panel_id"": 2, ""type"": ""dialogue"", ""speaker"": ""リョウ"", ""text"": ""失敗は、手順を直す材料になります。""}, {""panel_id"": 3, ""type"": ""dialogue"", ""speaker"": ""ミナミ"", ""text"": ""次の判断に活かせますね。""}]",team_cafe
94,テンプレ6,"◆【注意】【】で囲まれた単語は感情や状況の指示であり、画像内に文字として描画しないでください
◆【絶対最優先】必ずフルカラーにしてください
◆【絶対最優先】必ず日本のアニメ・マンガ調のイラストで描いてください。実写風・フォトリアル風は禁止です。
◆【出力サイズ】2:3
◆【補足情報】上下左右に50ピクセルの余白を設けてください
◆【補足情報】キャラクター外見: ミナミは32歳女性の黒髪ボブ会社員。高橋は45歳男性の落ち着いたFP。リョウは28歳男性の丸メガネのデータアナリスト。
◆【補足情報】服装: ミナミは白ブラウスとネイビーカーディガン、高橋はチャコールジャケット、リョウはグレーパーカー。
◆【コマ構成】テンプレ6: 3コマ: 上段1コマ + 下段左右2コマ。読み順は上段、下段右、下段左
◆【作画】日本のビジネスマンガ調。清潔感のある線、表情は読みやすく、カフェ・自宅・オフィス・証券アプリ画面を背景にした実務的な演出。投資判断を煽らず、分散・リスク管理・数字を見る態度が伝わる落ち着いた色調。実写風、写真風、3D風は禁止。
◆【ストーリー】ページ094・巻末実践ワーク
1コマ目: 巻末実践ワーク。投資ノート、抽象グラフ、チェック表を使って状況を見せる。ナレーション: ［四角枠］最後にミナミは、自分の投資ルールを一文で書き直す。
2コマ目: ミナミが自然な表情で話す。セリフ: ミナミの吹き出しに「私は、熱狂ではなく条件でAI株に向き合います。」
3コマ目: 高橋が自然な表情で話す。セリフ: 高橋の吹き出しに「その一文が、これからの基準です。」
背景: 投資ノート、チェックリスト、抽象的な株価グラフ、ポートフォリオ円グラフ、カフェや小さな相談室。実在企業ロゴ、個別銘柄名、ティッカー記号は描かない。","[{""panel_id"": 1, ""type"": ""narration"", ""speaker"": null, ""text"": ""最後にミナミは、自分の投資ルールを一文で書き直す。""}, {""panel_id"": 2, ""type"": ""dialogue"", ""speaker"": ""ミナミ"", ""text"": ""私は、熱狂ではなく条件でAI株に向き合います。""}, {""panel_id"": 3, ""type"": ""dialogue"", ""speaker"": ""高橋"", ""text"": ""その一文が、これからの基準です。""}]",team_cafe
95,テンプレ7,"◆【注意】【】で囲まれた単語は感情や状況の指示であり、画像内に文字として描画しないでください
◆【絶対最優先】必ずフルカラーにしてください
◆【絶対最優先】必ず日本のアニメ・マンガ調のイラストで描いてください。実写風・フォトリアル風は禁止です。
◆【出力サイズ】2:3
◆【補足情報】上下左右に50ピクセルの余白を設けてください
◆【補足情報】キャラクター外見: ミナミは32歳女性の黒髪ボブ会社員。高橋は45歳男性の落ち着いたFP。リョウは28歳男性の丸メガネのデータアナリスト。
◆【補足情報】服装: ミナミは白ブラウスとネイビーカーディガン、高橋はチャコールジャケット、リョウはグレーパーカー。
◆【コマ構成】テンプレ7: 3コマ: 上段左右2コマ + 下段1コマ。読み順は上段右、上段左、下段
◆【作画】日本のビジネスマンガ調。清潔感のある線、表情は読みやすく、カフェ・自宅・オフィス・証券アプリ画面を背景にした実務的な演出。投資判断を煽らず、分散・リスク管理・数字を見る態度が伝わる落ち着いた色調。実写風、写真風、3D風は禁止。
◆【ストーリー】ページ095・巻末実践ワーク
1コマ目: 巻末実践ワーク。投資ノート、抽象グラフ、チェック表を使って状況を見せる。ナレーション: ［四角枠］3人は完成したルール表を見ながら、AI株との距離感を読者にも渡す。
2コマ目: 高橋が自然な表情で話す。セリフ: 高橋の吹き出しに「答えを急がず、条件を整えてから動きます。」
3コマ目: ミナミが自然な表情で話す。セリフ: ミナミの吹き出しに「この100ページを、自分のルールに変えます。」
背景: 投資ノート、チェックリスト、抽象的な株価グラフ、ポートフォリオ円グラフ、カフェや小さな相談室。実在企業ロゴ、個別銘柄名、ティッカー記号は描かない。","[{""panel_id"": 1, ""type"": ""narration"", ""speaker"": null, ""text"": ""3人は完成したルール表を見ながら、AI株との距離感を読者にも渡す。""}, {""panel_id"": 2, ""type"": ""dialogue"", ""speaker"": ""高橋"", ""text"": ""答えを急がず、条件を整えてから動きます。""}, {""panel_id"": 3, ""type"": ""dialogue"", ""speaker"": ""ミナミ"", ""text"": ""この100ページを、自分のルールに変えます。""}]",team_cafe
96,テンプレ4,"◆【注意】【】で囲まれた単語は感情や状況の指示であり、画像内に文字として描画しないでください
◆【絶対最優先】必ずフルカラーにしてください
◆【絶対最優先】必ず日本のアニメ・マンガ調のイラストで描いてください。実写風・フォトリアル風は禁止です。
◆【出力サイズ】2:3
◆【補足情報】上下左右に50ピクセルの余白を設けてください
◆【補足情報】キャラクター外見: ミナミは32歳女性の黒髪ボブ会社員。高橋は45歳男性の落ち着いたFP。リョウは28歳男性の丸メガネのデータアナリスト。
◆【補足情報】服装: ミナミは白ブラウスとネイビーカーディガン、高橋はチャコールジャケット、リョウはグレーパーカー。
◆【コマ構成】テンプレ4: 2コマ: 上段大、下段小。読み順は上段、下段
◆【作画】日本のビジネスマンガ調。清潔感のある線、表情は読みやすく、カフェ・自宅・オフィス・証券アプリ画面を背景にした実務的な演出。投資判断を煽らず、分散・リスク管理・数字を見る態度が伝わる落ち着いた色調。実写風、写真風、3D風は禁止。
◆【ストーリー】ページ096・巻末実践ワーク
1コマ目: 巻末実践ワーク。投資ノート、抽象グラフ、チェック表を使って状況を見せる。ナレーション: ［四角枠］高橋は、チェックリストを保存版として残し、次に迷った時の戻り先にするよう伝える。
1コマ目: 高橋が自然な表情で話す。セリフ: 高橋の吹き出しに「迷ったら、このページに戻って確認します。」
2コマ目: ミナミが自然な表情で話す。セリフ: ミナミの吹き出しに「判断の戻り先を作っておきます。」
背景: 投資ノート、チェックリスト、抽象的な株価グラフ、ポートフォリオ円グラフ、カフェや小さな相談室。実在企業ロゴ、個別銘柄名、ティッカー記号は描かない。","[{""panel_id"": 1, ""type"": ""narration"", ""speaker"": null, ""text"": ""高橋は、チェックリストを保存版として残し、次に迷った時の戻り先にするよう伝える。""}, {""panel_id"": 1, ""type"": ""dialogue"", ""speaker"": ""高橋"", ""text"": ""迷ったら、このページに戻って確認します。""}, {""panel_id"": 2, ""type"": ""dialogue"", ""speaker"": ""ミナミ"", ""text"": ""判断の戻り先を作っておきます。""}]",team_cafe
97,テンプレ1,"◆【注意】【】で囲まれた単語は感情や状況の指示であり、画像内に文字として描画しないでください
◆【絶対最優先】必ずフルカラーにしてください
◆【絶対最優先】必ず日本のアニメ・マンガ調のイラストで描いてください。実写風・フォトリアル風は禁止です。
◆【出力サイズ】2:3
◆【補足情報】上下左右に50ピクセルの余白を設けてください
◆【補足情報】キャラクター外見: ミナミは32歳女性の黒髪ボブ会社員。高橋は45歳男性の落ち着いたFP。リョウは28歳男性の丸メガネのデータアナリスト。
◆【補足情報】服装: ミナミは白ブラウスとネイビーカーディガン、高橋はチャコールジャケット、リョウはグレーパーカー。
◆【コマ構成】テンプレ1: 1コマ: ページ全体を使った大ゴマ
◆【作画】日本のビジネスマンガ調。清潔感のある線、表情は読みやすく、カフェ・自宅・オフィス・証券アプリ画面を背景にした実務的な演出。投資判断を煽らず、分散・リスク管理・数字を見る態度が伝わる落ち着いた色調。実写風、写真風、3D風は禁止。
◆【ストーリー】ページ097・巻末実践ワーク
1コマ目: 巻末実践ワーク。投資ノート、抽象グラフ、チェック表を使って状況を見せる。ナレーション: ［四角枠］巻末のワークを終え、読者が自分のノートに最初の一行を書き込む余白が残る。
1コマ目: リョウが自然な表情で話す。セリフ: リョウの吹き出しに「最後の余白は、読者自身の判断を書く場所です。」
1コマ目: ミナミが自然な表情で話す。セリフ: ミナミの吹き出しに「ここから先は、自分の条件で進みます。」
背景: 投資ノート、チェックリスト、抽象的な株価グラフ、ポートフォリオ円グラフ、カフェや小さな相談室。実在企業ロゴ、個別銘柄名、ティッカー記号は描かない。","[{""panel_id"": 1, ""type"": ""narration"", ""speaker"": null, ""text"": ""巻末のワークを終え、読者が自分のノートに最初の一行を書き込む余白が残る。""}, {""panel_id"": 1, ""type"": ""dialogue"", ""speaker"": ""リョウ"", ""text"": ""最後の余白は、読者自身の判断を書く場所です。""}, {""panel_id"": 1, ""type"": ""dialogue"", ""speaker"": ""ミナミ"", ""text"": ""ここから先は、自分の条件で進みます。""}]",team_cafe
98,テキストページ,"◆【テキストページ】著者紹介
Yuichi
YN出版。AI活用、仕事の自動化、個人の学びをテーマに、実務で使える電子書籍を制作。本書は一般的な情報提供であり、個別銘柄の購入・売却を推奨しない。",[],
99,テキストページ,"◆【テキストページ】読者特典
LINE登録で最新情報や限定特典を受け取れます。",[],
100,テキストページ,"◆【テキストページ】書籍紹介
本書は、AI株への投資を「買うか、買わないか」の二択で終わらせず、事業の中身、価格、分散、売る条件までを整理するための実践マンガです。
半導体、クラウド、ソフトウェア、インフラ、ETFなどを分けて見ながら、自分の資金量とリスク許容度に合う距離感を作ります。
読後は、巻末ワークを使って「自分ならどの条件で向き合うか」を一行で書ける状態を目指します。
※本書は一般的な情報提供であり、個別銘柄の購入・売却を推奨するものではありません。",[],
