race_date,race_no,baba_code,finish,post_position,horse_number,horse_name,popularity,win_odds,venue
2026/01/27,10,20,1,1,2,シャンデリアソング,3,,大井
2026/01/27,10,20,2,2,4,ポアゾンノアール,1,,大井
2026/01/27,10,20,3,3,5,アオイフォトグラフ,10,,大井
2026/01/27,10,20,4,8,16,ビップクララ,11,,大井
2026/01/27,10,20,5,7,13,アオイハナミチ,5,,大井
2026/01/27,10,20,6,1,1,スマイルケイ,4,,大井
2026/01/27,10,20,7,6,12,コノヨルヲトメテヨ,8,,大井
2026/01/27,10,20,8,4,7,ティーズアイランド,7,,大井
2026/01/27,10,20,9,2,3,トウヨウノマジョ,12,,大井
2026/01/27,10,20,10,8,15,ストライクルックス,6,,大井
2026/01/27,10,20,11,4,8,ニューブリッジ,2,,大井
2026/01/27,10,20,12,5,9,タケノリッチ,15,,大井
2026/01/27,10,20,13,6,11,ジョーソーレ,14,,大井
2026/01/27,10,20,14,5,10,フローズンキス,13,,大井
2026/01/27,10,20,15,7,14,サカベンクイーン,9,,大井
2026/01/27,11,20,1,6,8,サッキーミツグ,3,,大井
2026/01/27,11,20,2,7,11,サトノリリウム,4,,大井
2026/01/27,11,20,3,1,1,クレド,2,,大井
2026/01/27,11,20,4,8,12,キエティスム,1,,大井
2026/01/27,11,20,5,6,9,シャインフォール,5,,大井
2026/01/27,11,20,6,5,7,コスモソンジュ,7,,大井
2026/01/27,11,20,7,8,13,ニシノデフィレ,10,,大井
2026/01/27,11,20,8,4,5,アポロリヤム,6,,大井
2026/01/27,11,20,9,4,4,マイネルディレクト,9,,大井
2026/01/27,11,20,10,5,6,エイシンマジョリカ,8,,大井
2026/01/27,11,20,11,2,2,ヘキクウ,11,,大井
2026/01/27,11,20,12,3,3,モンゲーキララ,12,,大井
2026/01/27,11,20,13,7,10,レオンバローズ,13,,大井
2026/01/27,12,20,1,4,4,ネポティズムベビー,4,,大井
2026/01/27,12,20,2,4,5,ワクシングムーン,1,,大井
2026/01/27,12,20,3,8,13,ラモラック,2,,大井
2026/01/27,12,20,4,6,8,ピンナダ,11,,大井
2026/01/27,12,20,5,3,3,ゲールタクト,5,,大井
2026/01/27,12,20,6,5,6,ドバイミッション,3,,大井
2026/01/27,12,20,7,8,12,ファーストフォルテ,9,,大井
2026/01/27,12,20,8,2,2,グリークトレジャー,7,,大井
2026/01/27,12,20,9,6,9,マルチライセンス,13,,大井
2026/01/27,12,20,10,5,7,トーアナカヨシ,8,,大井
2026/01/27,12,20,11,7,11,サガノオウマサン,12,,大井
2026/01/27,12,20,12,7,10,ショットオブザデイ,10,,大井
2026/01/27,12,20,13,1,1,ヒシタイカン,6,,大井
2025/12/30,9,20,1,7,10,ジーティーゴッド,1,,大井
2025/12/30,9,20,2,8,11,マドモアゼルレンヌ,6,,大井
2025/12/30,9,20,3,3,3,アフターレヴュー,2,14.5,大井
2025/12/30,9,20,4,5,6,アトラスライズ,10,37.3,大井
2025/12/30,9,20,5,8,12,マルヨジョーダン,4,,大井
2025/12/30,9,20,6,4,4,パワーキングダム,5,273.5,大井
2025/12/30,9,20,7,2,2,ミネソタ,11,2.4,大井
2025/12/30,9,20,8,1,1,バースフラワー,3,1.9,大井
2025/12/30,9,20,9,7,9,エーオ,8,13.4,大井
2025/12/30,9,20,10,6,7,メイショウカンムリ,9,47.9,大井
2025/12/30,9,20,11,6,8,ロードヴェスパー,12,8.2,大井
2025/12/30,9,20,12,5,5,エルロロ,7,41.5,大井
2025/12/30,10,20,1,4,8,ホーリーグレイル,4,144.2,大井
2025/12/30,10,20,2,6,11,コアリオ,16,,大井
2025/12/30,10,20,3,3,6,ヘニータイフーン,2,13.8,大井
2025/12/30,10,20,4,1,1,ケテンドリーム,8,7.5,大井
2025/12/30,10,20,5,2,3,マーブルマカロン,6,2.2,大井
2025/12/30,10,20,6,6,12,プラウドフレール,3,,大井
2025/12/30,10,20,7,2,4,オメガシンフォニー,1,14.4,大井
2025/12/30,10,20,8,5,10,グレアネオンライト,13,20.4,大井
2025/12/30,10,20,9,1,2,キャプテンネキ,7,11.4,大井
2025/12/30,10,20,10,5,9,ツーシャドー,10,,大井
2025/12/30,10,20,11,7,14,ジゼル,5,,大井
2025/12/30,10,20,12,8,16,ローリエフレイバー,12,,大井
2025/12/30,10,20,13,3,5,エイシンマジョリカ,15,51.5,大井
2025/12/30,10,20,14,4,7,カマチョクイン,9,2.6,大井
2025/12/30,10,20,15,7,13,エスカティア,11,,大井
2025/12/30,10,20,16,8,15,ミルニュイ,14,,大井
2025/12/30,11,20,1,5,10,アレスグート,3,3.1,大井
2025/12/30,11,20,2,6,11,トゥースパークル,1,,大井
2025/12/30,11,20,3,3,5,イルヴェント,10,2.2,大井
2025/12/30,11,20,4,2,3,ゴールドジャッジ,6,52.9,大井
2025/12/30,11,20,5,2,4,シビックドリーム,5,10.2,大井
2025/12/30,11,20,6,4,7,オルトスラッガー,16,30.7,大井
2025/12/30,11,20,7,1,1,フェルディナンド,9,9.6,大井
2025/12/30,11,20,8,4,8,プラズマ,7,26.4,大井
2025/12/30,11,20,9,1,2,ワガンセ,13,106.8,大井
2025/12/30,11,20,10,7,13,ゴールデンブザー,11,,大井
2025/12/30,11,20,11,6,12,サイアンドコー,2,,大井
2025/12/30,11,20,12,8,16,ミッキーチャレンジ,8,,大井
2025/12/30,11,20,13,7,14,プレストステラ,12,,大井
2025/12/30,11,20,14,3,6,ソレナ,14,5.2,大井
2025/12/30,11,20,15,5,9,サッキーミツグ,4,147.3,大井
2025/12/30,11,20,16,8,15,トップアメリカン,15,,大井
2025/12/29,8,20,1,8,13,ブルーヒサシン,1,,大井
2025/12/29,8,20,2,4,5,ジューンドラゴン,3,1.4,大井
2025/12/29,8,20,3,8,12,ライムフレイバー,4,,大井
2025/12/29,8,20,4,6,8,フェスティヴルディ,2,11.3,大井
2025/12/29,8,20,5,7,10,ムサシエクスプレス,6,500.3,大井
2025/12/29,8,20,6,2,2,フォースチルドレン,9,9.4,大井
2025/12/29,8,20,7,1,1,カイタロー,8,54.1,大井
2025/12/29,8,20,8,5,7,ノーブルジーク,11,48.6,大井
2025/12/29,8,20,9,3,3,ワールドエンパイア,7,10.0,大井
2025/12/29,8,20,10,5,6,ヤマノウォーリア,10,81.9,大井
2025/12/29,8,20,11,6,9,デュアルロンド,5,10.4,大井
2025/12/29,8,20,12,4,4,クラサーベル,12,7.9,大井
2025/12/29,8,20,13,7,11,バンドールロゼ,13,,大井
2025/12/29,9,20,1,5,10,ディクテオン,7,5.1,大井
2025/12/29,9,20,2,7,13,ミッキーファイト,1,,大井
2025/12/29,9,20,3,8,15,アウトレンジ,4,,大井
2025/12/29,9,20,4,4,8,キングズソード,6,19.3,大井
2025/12/29,9,20,5,6,12,ホウオウルーレット,5,,大井
2025/12/29,9,20,6,2,3,ナルカミ,2,13.1,大井
2025/12/29,9,20,7,3,6,ナンセイホワイト,12,190.3,大井
2025/12/29,9,20,8,8,16,グランブリッジ,8,,大井
2025/12/29,9,20,9,6,11,シーソーゲーム,9,8.3,大井
2025/12/29,9,20,10,7,14,ナイトオブファイア,10,,大井
2025/12/29,9,20,11,1,1,ナチュラルライズ,3,48.3,大井
2025/12/29,9,20,12,3,5,ベルグラシアス,15,63.6,大井
2025/12/29,9,20,13,4,7,ヒーローコール,13,12.4,大井
2025/12/29,9,20,14,2,4,バハルダール,14,1.8,大井
2025/12/29,9,20,15,1,2,パッションクライ,11,61.8,大井
2025/12/29,10,20,1,8,12,ニシケンサク,1,1.4,大井
2025/12/29,10,20,2,7,11,ホウオウパレード,4,102.7,大井
2025/12/29,10,20,3,4,4,ココナッツガーデン,2,60.3,大井
2025/12/29,10,20,4,7,10,アーススピリット,9,102.6,大井
2025/12/29,10,20,5,4,5,ユーヒナタ,6,56.5,大井
2025/12/29,10,20,6,6,8,ジャガーバローズ,3,230.4,大井
2025/12/29,10,20,7,3,3,イチニチショチョウ,5,11.4,大井
2025/12/29,10,20,8,2,2,ミユキコクシムソウ,8,9.8,大井
2025/12/29,10,20,9,5,6,レペンテ,11,11.3,大井
2025/12/29,10,20,10,6,9,ビッグアメリカン,7,16.5,大井
2025/12/29,10,20,11,5,7,ヴァルタリ,10,7.1,大井
2025/12/29,10,20,12,8,13,コスモバシレウス,12,,大井
2025/12/29,10,20,13,1,1,クラジャンク,13,38.4,大井
2025/12/26,8,20,1,7,13,ヨシイチ,3,,大井
2025/12/26,8,20,2,7,14,レルアバド,2,,大井
2025/12/26,8,20,3,6,11,ディルムッド,7,,大井
2025/12/26,8,20,4,5,10,トーアナカヨシ,12,,大井
2025/12/26,8,20,5,5,9,ピンナダ,4,,大井
2025/12/26,8,20,6,6,12,ミッドナイトホーク,9,,大井
2025/12/26,8,20,7,4,7,マジックワーズ,6,,大井
2025/12/26,8,20,8,3,5,ヴォイスオブゼウス,1,,大井
2025/12/26,8,20,9,3,6,サガノオウマサン,14,,大井
2025/12/26,8,20,10,2,4,オールアイズオン,13,,大井
2025/12/26,8,20,11,1,2,マルチライセンス,16,,大井
2025/12/26,8,20,12,8,15,ヤマニンエイドロン,5,,大井
2025/12/26,8,20,13,8,16,マオノジーニー,10,,大井
2025/12/26,8,20,14,4,8,マウリノ,11,,大井
2025/12/26,8,20,15,1,1,ミツカネマーズ,7,,大井
2025/12/26,8,20,16,2,3,アオイコウキ,15,,大井
2025/12/26,9,20,1,5,5,ジーティートレイン,5,,大井
2025/12/26,9,20,2,1,1,プロローク,1,,大井
2025/12/26,9,20,3,3,3,アップタウン,8,,大井
2025/12/26,9,20,4,2,2,ジャスティス,6,,大井
2025/12/26,9,20,5,7,8,ティーズアライト,3,,大井
2025/12/26,9,20,6,6,7,モエレサワンミヤギ,2,,大井
2025/12/26,9,20,7,4,4,ウォークアップ,4,,大井
2025/12/26,9,20,8,8,10,ジョイセブン,9,,大井
2025/12/26,9,20,9,8,11,ユーロハートビート,7,,大井
2025/12/26,9,20,10,7,9,ウォールローゼ,10,,大井
2025/12/26,10,20,1,6,8,ハーフブルー,2,,大井
2025/12/26,10,20,2,7,10,ネオトキオ,1,,大井
2025/12/26,10,20,3,5,5,ルイス,3,,大井
2025/12/26,10,20,4,4,4,エドノフェニックス,4,,大井
2025/12/26,10,20,5,7,9,ハセノブライアン,5,,大井
2025/12/26,10,20,6,6,7,ベジャール,8,,大井
2025/12/26,10,20,7,8,12,ダイバリオン,12,,大井
2025/12/26,10,20,8,3,3,ゴッドセンド,7,,大井
2025/12/26,10,20,9,8,11,ワラ,9,,大井
2025/12/26,10,20,10,2,2,ランプロン,6,,大井
2025/12/26,10,20,11,5,6,サイレントギフト,10,,大井
2025/12/26,10,20,12,1,1,ウインリブルマン,11,,大井
2025/12/25,10,20,1,1,1,スノーキャンドル,1,,大井
2025/12/25,10,20,2,4,4,シェーンプリマー,2,,大井
2025/12/25,10,20,3,6,6,エイシンラセーヌ,3,,大井
2025/12/25,10,20,4,6,7,ナックシリウス,5,,大井
2025/12/25,10,20,5,8,11,ドピエッタ,7,,大井
2025/12/25,10,20,6,2,2,アシャニンカ,8,,大井
2025/12/25,10,20,7,7,9,オメガオリーブ,11,,大井
2025/12/25,10,20,8,5,5,グラスコメット,6,,大井
2025/12/25,10,20,9,3,3,アミフジモアナ,4,,大井
2025/12/25,10,20,10,8,10,クレイジーフルーツ,10,,大井
2025/12/25,10,20,11,7,8,インファンタ,9,,大井
2025/12/25,11,20,1,8,16,ツウカイノキズナ,2,,大井
2025/12/25,11,20,2,3,5,グリューヴルム,1,,大井
2025/12/25,11,20,3,5,9,エクセスリターン,3,,大井
2025/12/25,11,20,4,1,1,ブルマリンシェール,9,,大井
2025/12/25,11,20,5,7,14,セイカメテオポリス,4,,大井
2025/12/25,11,20,6,2,4,オーシンロクゼロ,10,,大井
2025/12/25,11,20,7,6,11,ユアヒストリー,12,,大井
2025/12/25,11,20,8,8,15,ヴェルテックス,11,,大井
2025/12/25,11,20,9,1,2,ハデスキーパー,5,,大井
2025/12/25,11,20,10,5,10,ヒロシゲジャック,16,,大井
2025/12/25,11,20,11,6,12,ミヤギザオウ,7,,大井
2025/12/25,11,20,12,7,13,タイガーチャージ,8,,大井
2025/12/25,11,20,13,4,7,スパルタレオニダス,6,,大井
2025/12/25,11,20,14,2,3,フロンタルジェダイ,13,,大井
2025/12/25,11,20,15,4,8,ロイヤルペガサス,14,,大井
2025/12/25,11,20,16,3,6,グランデマーレ,15,,大井
2025/12/25,12,20,1,8,13,ポッドソル,2,,大井
2025/12/25,12,20,2,1,1,コスモブライヤー,6,,大井
2025/12/25,12,20,3,2,2,ウインアイリーン,8,,大井
2025/12/25,12,20,4,3,4,ドゥーロアバンティ,4,,大井
2025/12/25,12,20,5,5,8,ハッピーゲート,7,,大井
2025/12/25,12,20,6,7,11,シャドウルパン,3,,大井
2025/12/25,12,20,7,5,7,サクラサクヤヒメ,1,,大井
2025/12/25,12,20,8,4,5,アンブロジアーナ,10,,大井
2025/12/25,12,20,9,3,3,アンニンドウフ,11,,大井
2025/12/25,12,20,10,6,9,ヨゾラノムコウニ,9,,大井
2025/12/25,12,20,11,7,12,ビッグショット,13,,大井
2025/12/25,12,20,12,4,6,トチノヒーロー,12,,大井
2025/12/25,12,20,13,6,10,オペラアリア,5,,大井
2025/12/24,8,20,1,7,10,サトノリリウム,1,,大井
2025/12/24,8,20,2,5,6,サブノコイゴコロ,9,,大井
2025/12/24,8,20,3,5,5,コーミズアムール,5,,大井
2025/12/24,8,20,4,7,9,モントーク,7,,大井
2025/12/24,8,20,5,1,1,ハッピータレイア,2,,大井
2025/12/24,8,20,6,2,2,プラチナムロッド,4,,大井
2025/12/24,8,20,7,6,7,グランジュール,8,,大井
2025/12/24,8,20,8,8,12,ヘクトプリンセス,12,,大井
2025/12/24,8,20,9,3,3,ティーズエナジー,10,,大井
2025/12/24,8,20,10,4,4,アンフォラ,11,,大井
2025/12/24,8,20,11,6,8,レディーティアラ,3,,大井
2025/12/24,9,20,1,8,11,フジマサテイオー,1,,大井
2025/12/24,9,20,2,2,2,カガヤキテンマ,2,,大井
2025/12/24,9,20,3,5,6,モズユウガ,5,,大井
2025/12/24,9,20,4,7,9,ビシャモンテン,6,,大井
2025/12/24,9,20,5,1,1,ランディスシティ,8,,大井
2025/12/24,9,20,6,6,7,パレルモ,4,,大井
2025/12/24,9,20,7,6,8,ブーヤカ,3,,大井
2025/12/24,9,20,8,7,10,サブノハクタカ,10,,大井
2025/12/24,9,20,9,3,3,スナイプフレイバー,7,,大井
2025/12/24,9,20,10,5,5,ジーゲル,12,,大井
2025/12/24,9,20,11,4,4,アッティラ,9,,大井
2025/12/24,10,20,1,7,8,アウトビアンキ,5,,大井
2025/12/24,10,20,2,7,7,ベストリオン,1,,大井
2025/12/24,10,20,3,2,2,カフジペンタゴン,7,,大井
2025/12/24,10,20,4,6,6,ショットオブザデイ,4,,大井
2025/12/24,10,20,5,4,4,カズピレウス,3,,大井
2025/12/24,10,20,6,3,3,ポッドジャスパー,6,,大井
2025/12/24,10,20,7,1,1,サンタモニカビーチ,2,,大井
2025/12/24,10,20,8,5,5,ゲルタ,9,,大井
2025/12/24,10,20,9,8,10,デルバイス,10,,大井
2025/12/24,10,20,10,8,9,カリナ,8,,大井
2025/12/19,10,21,1,4,6,オウケンデューク,1,,川崎
2025/12/19,10,21,2,2,2,ヘニーズネフュー,6,,川崎
2025/12/19,10,21,3,5,7,ウインメラナイト,7,,川崎
2025/12/19,10,21,4,5,8,ギンユウシジン,10,,川崎
2025/12/19,10,21,5,1,1,チャールストン,4,,川崎
2025/12/19,10,21,6,4,5,クリノフラッグ,13,,川崎
2025/12/19,10,21,7,3,4,ベルガラス,5,,川崎
2025/12/19,10,21,8,8,13,キングマイネオ,9,,川崎
2025/12/19,10,21,9,7,12,カガヤキファイター,11,,川崎
2025/12/19,10,21,10,3,3,シンメロワン,3,,川崎
2025/12/19,10,21,11,7,11,コパノモンタナ,12,,川崎
2025/12/19,10,21,12,6,10,ジーティーカイソク,2,,川崎
2025/12/19,10,21,13,8,14,セラード,8,,川崎
2025/12/19,10,21,14,6,9,レーザースペックル,14,,川崎
2025/12/19,11,21,1,2,2,カセノラオー,1,,川崎
2025/12/19,11,21,2,6,7,モトサン,8,,川崎
2025/12/19,11,21,3,1,1,クロームウルフ,4,,川崎
2025/12/19,11,21,4,7,9,アルメールヴェント,9,,川崎
2025/12/19,11,21,5,7,10,ユメドリーム,3,,川崎
2025/12/19,11,21,6,8,11,プレストライズ,5,,川崎
2025/12/19,11,21,7,3,3,レッドロムルス,7,,川崎
2025/12/19,11,21,8,8,12,グレイトムーン,12,,川崎
2025/12/19,11,21,9,5,5,ディープグラビティ,10,,川崎
2025/12/19,11,21,10,6,8,トンボ,2,,川崎
2025/12/19,11,21,11,5,6,ゴールデンカガヤ,11,,川崎
2025/12/19,11,21,12,4,4,マナコル,6,,川崎
2025/12/19,12,21,1,8,11,グレッチャー,1,,川崎
2025/12/19,12,21,2,8,12,ウロボロス,10,,川崎
2025/12/19,12,21,3,3,3,プレジャー,8,,川崎
2025/12/19,12,21,4,5,6,マイネルイージス,3,,川崎
2025/12/19,12,21,5,1,1,グラスアラバニーユ,6,,川崎
2025/12/19,12,21,6,4,4,コスモギンガ,9,,川崎
2025/12/19,12,21,7,7,10,レディオンステージ,7,,川崎
2025/12/19,12,21,8,7,9,キミトユメヲカケル,2,,川崎
2025/12/19,12,21,9,6,7,メイショウフェリオ,4,,川崎
2025/12/19,12,21,10,2,2,フリュート,11,,川崎
2025/12/19,12,21,11,5,5,リュウノバデン,12,,川崎
2025/12/19,12,21,12,6,8,シュヴァイゲン,5,,川崎
2025/07/17,10,36,1,6,6,ビリーヴアンドラン,1,1.4,門別
2025/07/17,10,36,2,6,7,ベラジオケンシロウ,2,4.8,門別
2025/07/17,10,36,3,2,2,タカオスマイル,3,5.1,門別
2025/07/17,10,36,4,8,11,マジックライン,6,37.9,門別
2025/07/17,10,36,5,7,8,アースウルフ,5,30.8,門別
2025/07/17,10,36,6,7,9,コパノイノリ,7,49.0,門別
2025/07/17,10,36,7,5,5,トーケンナナ,4,23.6,門別
2025/07/17,10,36,8,1,1,マエストーソ,9,130.5,門別
2025/07/17,10,36,9,4,4,ユーライナー,8,67.1,門別
2025/07/17,10,36,10,8,10,レネガード,10,142.7,門別
2025/07/17,10,36,11,3,3,フォルトシュリット,11,299.5,門別
2025/07/17,11,36,1,3,3,キャンディドライヴ,2,2.5,門別
2025/07/17,11,36,2,2,2,ブリックロード,3,7.5,門別
2025/07/17,11,36,3,5,5,スティールストーム,5,16.1,門別
2025/07/17,11,36,4,1,1,ケイアイロベージ,1,1.9,門別
2025/07/17,11,36,5,4,4,サイモンハロルド,6,22.0,門別
2025/07/17,11,36,6,6,6,クルマトラサン,4,8.8,門別
2025/07/17,12,36,1,4,4,サンオークレア,1,1.9,門別
2025/07/17,12,36,2,6,6,ラブラブパイロ,2,2.1,門別
2025/07/17,12,36,3,5,5,ポルラノーチェ,3,5.3,門別
2025/07/17,12,36,4,2,2,ヴィルミーキスミー,5,90.7,門別
2025/07/17,12,36,5,1,1,ノッテルーナ,4,16.5,門別
2025/07/17,12,36,6,7,7,ブッシュドノエル,7,256.4,門別
2025/07/17,12,36,7,3,3,ロフティフレーズ,6,224.9,門別
2025/12/17,10,21,1,7,7,ハナノウタゲ,3,,川崎
2025/12/17,10,21,2,2,2,カナールショウヘイ,1,,川崎
2025/12/17,10,21,3,1,1,シントーハナノボス,2,,川崎
2025/12/17,10,21,4,8,9,ゴールデンプラチナ,5,,川崎
2025/12/17,10,21,5,8,8,コスモスミッチー,9,,川崎
2025/12/17,10,21,6,6,6,カタルシス,6,,川崎
2025/12/17,10,21,7,4,4,チューウィー,4,,川崎
2025/12/17,10,21,8,5,5,シルバーダイヤ,7,,川崎
2025/12/17,10,21,9,3,3,ドルチアーリア,8,,川崎
2025/12/17,11,21,1,4,4,パイロマンサー,2,,川崎
2025/12/17,11,21,2,1,1,タマモフリージア,3,,川崎
2025/12/17,11,21,3,5,5,ベストグリーン,1,,川崎
2025/12/17,11,21,4,3,3,アヤサンジョウタロ,6,,川崎
2025/12/17,11,21,5,8,9,コスモギガンティア,8,,川崎
2025/12/17,11,21,6,6,6,ライフオブラクーン,7,,川崎
2025/12/17,11,21,7,2,2,フルールドール,4,,川崎
2025/12/17,11,21,8,8,8,イダテンシャチョウ,5,,川崎
2025/12/17,11,21,9,7,7,バルカニクス,9,,川崎
2025/12/17,12,21,1,4,6,テンダリー,3,,川崎
2025/12/17,12,21,2,4,5,ホースワン,1,,川崎
2025/12/17,12,21,3,6,9,ミュークフォルテ,9,,川崎
2025/12/17,12,21,4,5,8,キアラボヌール,11,,川崎
2025/12/17,12,21,5,7,12,ツワモノ,10,,川崎
2025/12/17,12,21,6,3,3,ナリノボガート,2,,川崎
2025/12/17,12,21,7,7,11,クロスダイヤ,8,,川崎
2025/12/17,12,21,8,1,1,ダイゴホマレリュウ,5,,川崎
2025/12/17,12,21,9,8,14,クインズカヤノヒメ,7,,川崎
2025/12/17,12,21,10,6,10,ローゼシュティア,6,,川崎
2025/12/17,12,21,11,3,4,ガリンシャ,13,,川崎
2025/12/17,12,21,12,8,13,シュンレツ,4,,川崎
2025/12/17,12,21,13,2,2,ブルーパール,12,,川崎
2025/12/16,10,21,1,8,10,バッファローライズ,1,,川崎
2025/12/16,10,21,2,3,3,ディーズメイト,2,,川崎
2025/12/16,10,21,3,4,4,エターナルセイバー,7,,川崎
2025/12/16,10,21,4,1,1,モーモーブラック,10,,川崎
2025/12/16,10,21,5,7,8,トリプルアクセル,4,,川崎
2025/12/16,10,21,6,8,9,ジェネシスミザール,9,,川崎
2025/12/16,10,21,7,5,5,コパノマロン,5,,川崎
2025/12/16,10,21,8,6,6,パワポケウイング,8,,川崎
2025/12/16,10,21,9,2,2,アサガオ,6,,川崎
2025/12/16,10,21,10,7,7,アイルプロテクト,3,,川崎
2025/12/16,11,21,1,8,10,アランバローズ,1,,川崎
2025/12/16,11,21,2,7,8,シシュフォス,3,,川崎
2025/12/16,11,21,3,4,4,パラレルヴィジョン,2,,川崎
2025/12/16,11,21,4,7,7,キタノリューオー,4,,川崎
2025/12/16,11,21,5,2,2,ノットリグレット,5,,川崎
2025/12/16,11,21,6,3,3,ゴールドホイヤー,8,,川崎
2025/12/16,11,21,7,1,1,メンタイマヨ,6,,川崎
2025/12/16,11,21,8,6,6,フレールフィーユ,10,,川崎
2025/12/16,11,21,9,8,9,ハイエストエンド,9,,川崎
2025/12/16,11,21,10,5,5,ベラール,7,,川崎
2025/12/16,12,21,1,5,8,ベネディット,1,,川崎
2025/12/16,12,21,2,7,11,ジーティーアグリム,3,,川崎
2025/12/16,12,21,3,5,7,ニシノシャイニング,13,,川崎
2025/12/16,12,21,4,4,6,アイリーズパキラ,12,,川崎
2025/12/16,12,21,5,3,4,シトロンヴェール,4,,川崎
2025/12/16,12,21,6,6,9,デルマツリダシ,2,,川崎
2025/12/16,12,21,7,4,5,ミスケイト,11,,川崎
2025/12/16,12,21,8,7,12,シンボルザサン,5,,川崎
2025/12/16,12,21,9,2,2,ダズリングスカイ,14,,川崎
2025/12/16,12,21,10,8,13,レイニングキング,6,,川崎
2025/12/16,12,21,11,6,10,サマーストーリー,8,,川崎
2025/12/16,12,21,12,8,14,グァンバーレ,10,,川崎
2025/12/16,12,21,13,3,3,リンガススウィート,7,,川崎
2025/12/16,12,21,14,1,1,マデイニスルー,9,,川崎
2025/07/03,10,20,1,5,5,ランプロン,2,,大井
2025/07/03,10,20,2,8,10,テンドウ,3,,大井
2025/07/03,10,20,3,4,4,ジェットスピード,1,,大井
2025/07/03,10,20,4,7,7,エドノフェニックス,4,,大井
2025/07/03,10,20,5,3,3,ニシノデフィレ,7,,大井
2025/07/03,10,20,6,6,6,アポロリヤム,8,,大井
2025/07/03,10,20,7,8,9,ガルヴァナイズ,5,,大井
2025/07/03,10,20,8,7,8,チャダルクン,9,,大井
2025/07/03,10,20,9,2,2,ゴールデンヨシノ,6,,大井
2025/07/03,10,20,10,1,1,ナサ,10,,大井
2025/07/03,11,20,1,8,8,サトノテンペスト,2,,大井
2025/07/03,11,20,2,7,7,コンシリエーレ,1,,大井
2025/07/03,11,20,3,4,4,グットディール,7,,大井
2025/07/03,11,20,4,2,2,イーグルノワール,3,,大井
2025/07/03,11,20,5,3,3,パワースレイヴ,5,,大井
2025/07/03,11,20,6,5,5,ニジイロハーピー,6,,大井
2025/07/03,11,20,7,6,6,マースインディ,8,,大井
2025/07/03,11,20,8,1,1,ドルチェモア,4,,大井
2025/07/03,12,20,1,8,12,トランジェント,1,,大井
2025/07/03,12,20,2,6,8,ゲルタ,6,,大井
2025/07/03,12,20,3,2,2,ベストリオン,3,,大井
2025/07/03,12,20,4,7,10,ヒメカミノメガミ,4,,大井
2025/07/03,12,20,5,8,13,アウトビアンキ,2,,大井
2025/07/03,12,20,6,4,4,ベアーザベル,8,,大井
2025/07/03,12,20,7,5,6,マイネルイージス,5,,大井
2025/07/03,12,20,8,7,11,サウンドロックス,7,,大井
2025/07/03,12,20,9,1,1,コスモギンガ,10,,大井
2025/07/03,12,20,10,3,3,オメガオリーブ,11,,大井
2025/07/03,12,20,11,6,9,ビアンカ,9,,大井
2025/07/03,12,20,12,4,5,ベアウェイトゥゴー,12,,大井
2025/07/03,12,20,13,5,7,グレイトミッション,13,,大井
2025/12/09,10,22,1,6,6,スカイトライア,2,,船橋
2025/12/09,10,22,2,1,1,ヒヤ,1,,船橋
2025/12/09,10,22,3,8,8,ビューティーハニー,5,,船橋
2025/12/09,10,22,4,7,7,ビーマイセルフ,4,,船橋
2025/12/09,10,22,5,3,3,ドンリュウスター,7,,船橋
2025/12/09,10,22,6,5,5,カミチャ,6,,船橋
2025/12/09,10,22,7,8,9,ハクサンミラクル,3,,船橋
2025/12/09,10,22,8,2,2,ダフニス,9,,船橋
2025/12/09,10,22,9,4,4,ディープマインド,8,,船橋
2025/12/08,10,22,1,6,6,ハクサンリバーブ,1,,船橋
2025/12/08,10,22,2,2,2,ナックシュバリエ,5,,船橋
2025/12/08,10,22,3,3,3,パブリックスフィア,3,,船橋
2025/12/08,10,22,4,8,8,ベンメリア,7,,船橋
2025/12/08,10,22,5,1,1,タッチザシーリング,9,,船橋
2025/12/08,10,22,6,4,4,シャイニーズラン,2,,船橋
2025/12/08,10,22,7,7,7,インマイブラッド,8,,船橋
2025/12/08,10,22,8,5,5,ウォーハンマー,4,,船橋
2025/12/08,10,22,9,8,9,カツノダイヤ,6,,船橋
2025/12/08,11,22,1,2,2,ハクサンツキミテイ,2,,船橋
2025/12/08,11,22,2,7,7,ハクサンパイオニア,1,,船橋
2025/12/08,11,22,3,5,5,トウカイエトワール,3,,船橋
2025/12/08,11,22,4,4,4,ホウオウジュレップ,5,,船橋
2025/12/08,11,22,5,3,3,サヴァ,4,,船橋
2025/12/08,11,22,6,8,8,ビバロジータ,7,,船橋
2025/12/08,11,22,7,1,1,エバニスタ,8,,船橋
2025/12/08,11,22,8,6,6,コパノフランシス,6,,船橋
2025/12/05,10,20,1,5,9,ルーシーノワール,3,,大井
2025/12/05,10,20,2,7,12,ヘビーキュー,1,,大井
2025/12/05,10,20,3,8,14,アオイハナミチ,2,,大井
2025/12/05,10,20,4,6,10,スリーボビー,4,,大井
2025/12/05,10,20,5,5,8,インペリオ,10,,大井
2025/12/05,10,20,6,3,5,ミチノディディ,8,,大井
2025/12/05,10,20,7,2,2,ベラジオルークン,5,,大井
2025/12/05,10,20,8,6,11,エピルシェール,14,,大井
2025/12/05,10,20,9,3,4,テルケンレントラー,6,,大井
2025/12/05,10,20,10,2,3,コスモトロイメル,7,,大井
2025/12/05,10,20,11,7,13,トライコーン,9,,大井
2025/12/05,10,20,12,4,6,ベラジオチャンネル,11,,大井
2025/12/05,10,20,13,4,7,ヘキルリ,12,,大井
2025/12/05,10,20,14,8,15,アサネガミ,13,,大井
2025/12/05,10,20,15,1,1,ファーストフラワー,15,,大井
2025/12/05,11,20,1,5,7,ワールドコネクター,4,,大井
2025/12/05,11,20,2,7,12,キエティスム,5,,大井
2025/12/05,11,20,3,1,1,アポロリヤム,8,,大井
2025/12/05,11,20,4,2,2,セントラルガバナー,1,,大井
2025/12/05,11,20,5,5,8,シャインフォール,2,,大井
2025/12/05,11,20,6,6,10,タイセイガスト,3,,大井
2025/12/05,11,20,7,8,13,ゴールデンヨシノ,12,,大井
2025/12/05,11,20,8,7,11,ボディコンシャス,11,,大井
2025/12/05,11,20,9,3,3,ナイスデスネ,10,,大井
2025/12/05,11,20,10,4,6,マイネルディレクト,9,,大井
2025/12/05,11,20,11,4,5,サクハル,6,,大井
2025/12/05,11,20,12,8,14,コスモソンジュ,7,,大井
2025/12/05,11,20,13,6,9,ウィンウッド,13,,大井
2025/12/05,12,20,1,3,3,レゲエビーチ,1,,大井
2025/12/05,12,20,2,5,7,ドゥーロアバンティ,4,,大井
2025/12/05,12,20,3,6,9,チャダルクン,12,,大井
2025/12/05,12,20,4,2,2,ウインアイリーン,8,,大井
2025/12/05,12,20,5,5,8,シャドウルパン,2,,大井
2025/12/05,12,20,6,4,5,コスモブライヤー,5,,大井
2025/12/05,12,20,7,4,6,ハッピーゲート,3,,大井
2025/12/05,12,20,8,8,14,ヨゾラノムコウニ,9,,大井
2025/12/05,12,20,9,8,13,トチノヒーロー,11,,大井
2025/12/05,12,20,10,1,1,トーケンレナン,6,,大井
2025/12/05,12,20,11,7,12,ビッグショット,7,,大井
2025/12/05,12,20,12,6,10,レペンテ,14,,大井
2025/12/05,12,20,13,7,11,フェヴリエ,10,,大井
2025/12/05,12,20,14,3,4,サウンドクラージュ,13,,大井
2025/12/04,10,20,1,7,8,ナインエスクァイア,1,,大井
2025/12/04,10,20,2,4,4,サイレントブラック,10,,大井
2025/12/04,10,20,3,8,10,コーゲンシルバー,3,,大井
2025/12/04,10,20,4,2,2,ジャティルウィ,4,,大井
2025/12/04,10,20,5,7,9,クリティカルヒット,2,,大井
2025/12/04,10,20,6,6,7,インサイダー,8,,大井
2025/12/04,10,20,7,6,6,マドモアゼルレンヌ,5,,大井
2025/12/04,10,20,8,1,1,タキ,6,,大井
2025/12/04,10,20,9,8,11,パワーキングダム,7,,大井
2025/12/04,10,20,10,3,3,オメガオリーブ,11,,大井
2025/12/04,10,20,11,5,5,マルヨジョーダン,9,,大井
2025/12/04,11,20,1,2,4,ベイビークエスト,8,,大井
2025/12/04,11,20,2,4,8,デンテブリランテ,10,,大井
2025/12/04,11,20,3,8,15,ハンデンドレイク,2,,大井
2025/12/04,11,20,4,6,12,ワナハヴファン,1,,大井
2025/12/04,11,20,5,2,3,ブラックエックス,3,,大井
2025/12/04,11,20,6,5,10,ゴールドカグヤヒメ,9,,大井
2025/12/04,11,20,7,7,14,プレストエンペラー,5,,大井
2025/12/04,11,20,8,7,13,ドキドキ,6,,大井
2025/12/04,11,20,9,1,2,クリムゾンプリンス,11,,大井
2025/12/04,11,20,10,3,6,コンシール,16,,大井
2025/12/04,11,20,11,3,5,ヴェスタリス,14,,大井
2025/12/04,11,20,12,5,9,フークアンビション,12,,大井
2025/12/04,11,20,13,4,7,ナポレオンバディ,15,,大井
2025/12/04,11,20,14,8,16,ナギサノルナ,4,,大井
2025/12/04,11,20,15,6,11,ミライヘノヒーロー,13,,大井
2025/12/04,11,20,16,1,1,ズルタナイト,7,,大井
2025/12/04,12,20,1,8,11,フィエレッツァ,1,,大井
2025/12/04,12,20,2,7,10,アレスエルピーダ,2,,大井
2025/12/04,12,20,3,6,7,アベニンスマイル,5,,大井
2025/12/04,12,20,4,6,8,マルカンブロンド,4,,大井
2025/12/04,12,20,5,1,1,グロリオサ,9,,大井
2025/12/04,12,20,6,2,2,マイネルオデーサ,3,,大井
2025/12/04,12,20,7,5,5,スミソニアン,8,,大井
2025/12/04,12,20,8,3,3,ランディスシティ,6,,大井
2025/12/04,12,20,9,4,4,スナイプフレイバー,7,,大井
2025/12/04,12,20,10,5,6,ミラコロカナーレ,10,,大井
2025/12/04,12,20,11,7,9,ムサシジェリーナ,11,,大井
2025/12/04,12,20,12,8,12,ジーゲル,12,,大井
2025/12/03,10,20,1,6,9,ライムフレイバー,1,,大井
2025/12/03,10,20,2,2,2,ジューンドラゴン,2,,大井
2025/12/03,10,20,3,3,4,サブノリョウマ,5,,大井
2025/12/03,10,20,4,5,7,モントーク,12,,大井
2025/12/03,10,20,5,8,14,オンマガトオル,6,,大井
2025/12/03,10,20,6,6,10,プラチナムロッド,7,,大井
2025/12/03,10,20,7,4,6,フォースチルドレン,13,,大井
2025/12/03,10,20,8,1,1,グランジュール,4,,大井
2025/12/03,10,20,9,8,13,ティーズエナジー,11,,大井
2025/12/03,10,20,10,5,8,カイタロー,8,,大井
2025/12/03,10,20,11,3,3,サブノコイゴコロ,10,,大井
2025/12/03,10,20,12,7,12,バンドールロゼ,14,,大井
2025/12/03,10,20,13,4,5,ノーブルジーク,9,,大井
2025/12/03,10,20,14,7,11,アンフォラ,3,,大井
2025/12/03,11,20,1,6,7,キングストンボーイ,1,,大井
2025/12/03,11,20,2,8,12,ナンセイホワイト,7,,大井
2025/12/03,11,20,3,5,5,ライトウォーリア,2,,大井
2025/12/03,11,20,4,8,11,ハデスキーパー,11,,大井
2025/12/03,11,20,5,7,9,バハルダール,5,,大井
2025/12/03,11,20,6,6,8,ムットクルフェ,9,,大井
2025/12/03,11,20,7,3,3,ミックファイア,4,,大井
2025/12/03,11,20,8,7,10,オピニオンリーダー,6,,大井
2025/12/03,11,20,9,4,4,ダテノショウグン,3,,大井
2025/12/03,11,20,10,5,6,ヒーローコール,10,,大井
2025/12/03,11,20,11,1,1,マースインディ,12,,大井
2025/12/03,11,20,12,2,2,ランリョウオー,8,,大井
2025/12/03,12,20,1,4,8,リアルモハメド,7,,大井
2025/12/03,12,20,2,3,6,フォーチュネイト,6,,大井
2025/12/03,12,20,3,8,16,ピンナダ,3,,大井
2025/12/03,12,20,4,1,1,ディルムッド,10,,大井
2025/12/03,12,20,5,8,15,マオノジーニー,5,,大井
2025/12/03,12,20,6,2,3,オールアイズオン,9,,大井
2025/12/03,12,20,7,1,2,ゴンザーゴ,2,,大井
2025/12/03,12,20,8,6,11,マイネルイージス,15,,大井
2025/12/03,12,20,9,7,13,カズピレウス,14,,大井
2025/12/03,12,20,10,6,12,ストライクノワール,11,,大井
2025/12/03,12,20,11,5,10,ケイアイマハナ,8,,大井
2025/12/03,12,20,12,4,7,マルチライセンス,16,,大井
2025/12/03,12,20,13,2,4,ギンノダンガン,12,,大井
2025/12/03,12,20,14,3,5,ヤマニンエイドロン,1,,大井
2025/12/03,12,20,15,7,14,サガノオウマサン,4,,大井
2025/12/03,12,20,16,5,9,ポッドジャスパー,13,,大井
2025/12/02,10,20,1,8,16,マイネルボンバー,11,,大井
2025/12/02,10,20,2,3,5,アレアラミア,5,68.8,大井
2025/12/02,10,20,3,1,2,スルガダイナゴン,8,18.5,大井
2025/12/02,10,20,4,5,10,アレンパ,3,43.6,大井
2025/12/02,10,20,5,3,6,イモノソーダワリデ,13,239.8,大井
2025/12/02,10,20,6,6,12,ゲールタクト,14,,大井
2025/12/02,10,20,7,5,9,グラッブザトップ,7,26.8,大井
2025/12/02,10,20,8,6,11,リックマーベル,10,,大井
2025/12/02,10,20,9,8,15,レベリオス,4,,大井
2025/12/02,10,20,10,4,8,エスプリブルズアイ,6,6.5,大井
2025/12/02,10,20,11,7,13,ポンドボーイ,1,,大井
2025/12/02,10,20,12,7,14,ソッコータルマカ,2,,大井
2025/12/02,10,20,13,1,1,アーススピリット,9,11.4,大井
2025/12/02,10,20,14,2,3,フロンタルジェダイ,12,1.1,大井
2025/12/02,10,20,15,2,4,ラバテラリュージュ,15,32.6,大井
2025/12/02,10,20,16,4,7,アンニンドウフ,16,125.0,大井
2025/12/02,11,20,1,8,9,ドリームビリーバー,7,288.0,大井
2025/12/02,11,20,2,1,1,ストライクオン,1,27.9,大井
2025/12/02,11,20,3,4,4,ルイス,8,7.8,大井
2025/12/02,11,20,4,7,7,ハーフブルー,3,75.5,大井
2025/12/02,11,20,5,6,6,キャプテンネキ,5,7.1,大井
2025/12/02,11,20,6,3,3,ランプロン,10,22.5,大井
2025/12/02,11,20,7,5,5,トーセンサンダー,2,4.0,大井
2025/12/02,11,20,8,2,2,シアージスト,6,2.5,大井
2025/12/02,11,20,9,7,8,ローウェル,9,4.5,大井
2025/12/02,11,20,10,8,10,エミサキホコル,4,31.6,大井
2025/12/02,12,20,1,4,4,ネオトキオ,1,73.2,大井
2025/12/02,12,20,2,7,9,ロードアラビアン,2,78.4,大井
2025/12/02,12,20,3,2,2,マザオ,4,5.3,大井
2025/12/02,12,20,4,8,12,オーシンロクゼロ,5,,大井
2025/12/02,12,20,5,3,3,ベジャール,9,4.9,大井
2025/12/02,12,20,6,6,7,イルヴェント,10,1.8,大井
2025/12/02,12,20,7,1,1,リチャ,6,14.4,大井
2025/12/02,12,20,8,8,11,ロイヤルペガサス,8,252.7,大井
2025/12/02,12,20,9,6,8,カナウ,3,5.8,大井
2025/12/02,12,20,10,5,6,メディーヴァル,7,393.5,大井
2025/12/02,12,20,11,5,5,ダイバリオン,11,379.9,大井
2025/12/02,12,20,12,7,10,ウインリブルマン,12,24.3,大井
2025/12/01,10,20,1,2,2,グラスコメット,1,220.8,大井
2025/12/01,10,20,2,6,9,ジュネスヒマリ,2,6.0,大井
2025/12/01,10,20,3,7,10,アンモニャイト,4,90.2,大井
2025/12/01,10,20,4,7,11,エスプリワールド,9,171.1,大井
2025/12/01,10,20,5,4,4,ファサード,6,259.4,大井
2025/12/01,10,20,6,5,6,カゼノハガクレ,3,172.0,大井
2025/12/01,10,20,7,4,5,クレイジーフルーツ,11,3.4,大井
2025/12/01,10,20,8,5,7,クイーンマートル,5,217.9,大井
2025/12/01,10,20,9,3,3,ジェノベーゼ,12,20.1,大井
2025/12/01,10,20,10,1,1,ルトラセ,13,1.7,大井
2025/12/01,10,20,11,8,13,ユニヴェールアン,10,,大井
2025/12/01,10,20,12,6,8,アンエクスプロード,8,8.3,大井
2025/12/01,10,20,13,8,12,ナックオリオン,7,413.7,大井
2025/12/01,11,20,1,2,2,ニホンダイラ,1,34.6,大井
2025/12/01,11,20,2,6,10,アレスグート,3,12.1,大井
2025/12/01,11,20,3,1,1,イチニチショチョウ,10,16.7,大井
2025/12/01,11,20,4,5,8,ニシケンサク,2,26.0,大井
2025/12/01,11,20,5,3,4,サンスイシサン,9,125.7,大井
2025/12/01,11,20,6,3,3,トランジェント,5,96.9,大井
2025/12/01,11,20,7,4,6,エコロタイタン,13,26.6,大井
2025/12/01,11,20,8,7,11,バズッチ,11,1.3,大井
2025/12/01,11,20,9,4,5,ジャガーバローズ,4,4.1,大井
2025/12/01,11,20,10,5,7,アンブロジアーナ,7,117.8,大井
2025/12/01,11,20,11,7,12,ユーヒナタ,8,,大井
2025/12/01,11,20,12,6,9,ヴァルタリ,12,50.3,大井
2025/12/01,11,20,13,8,13,コスモバシレウス,14,,大井
2025/12/01,11,20,14,8,14,コパノマデリン,6,,大井
2025/12/01,12,20,1,8,15,ロードアルディート,2,,大井
2025/12/01,12,20,2,1,2,ドラゴンバスター,1,4.7,大井
2025/12/01,12,20,3,1,1,トーアナカヨシ,7,48.9,大井
2025/12/01,12,20,4,3,5,マウリノ,8,5.4,大井
2025/12/01,12,20,5,2,4,エーデルワイス,3,5.1,大井
2025/12/01,12,20,6,5,10,アイスラリマー,12,,大井
2025/12/01,12,20,7,4,8,ハクアイソレイユ,9,7.9,大井
2025/12/01,12,20,8,7,14,トップダイヤ,5,,大井
2025/12/01,12,20,9,4,7,チュイション,14,28.1,大井
2025/12/01,12,20,10,2,3,コスモギンガ,10,4.0,大井
2025/12/01,12,20,11,8,16,アレグリーニ,11,,大井
2025/12/01,12,20,12,6,12,ケンオーシャン,13,,大井
2025/12/01,12,20,13,5,9,シュパネントダイヤ,6,14.3,大井
2025/12/01,12,20,14,6,11,ブラックタルマエ,15,,大井
2025/12/01,12,20,15,7,13,メイショウカジボウ,4,,大井
2025/12/01,12,20,16,3,6,ベアウェイトゥゴー,16,6.2,大井
2025/11/27,10,23,1,4,4,ヒストリーメイカー,1,,浦和
2025/11/27,10,23,2,1,1,チュウワスプリング,2,,浦和
2025/11/27,10,23,3,6,6,ドスハーツ,4,,浦和
2025/11/27,10,23,4,7,7,アコー,3,,浦和
2025/11/27,10,23,5,5,5,トーセンジャック,5,,浦和
2025/11/27,10,23,6,2,2,トランスナショナル,7,,浦和
2025/11/27,10,23,7,3,3,ナムラスワガー,6,,浦和
2025/11/27,11,23,1,5,6,ストリーム,6,,浦和
2025/11/27,11,23,2,4,4,エコロクラージュ,2,,浦和
2025/11/27,11,23,2,6,8,ミスズグランドオー,5,,浦和
2025/11/27,11,23,4,3,3,アウストロ,1,,浦和
2025/11/27,11,23,5,2,2,コパノエミリア,3,,浦和
2025/11/27,11,23,6,6,7,スペシャルトーク,8,,浦和
2025/11/27,11,23,7,5,5,ヴェッツラー,12,,浦和
2025/11/27,11,23,8,7,9,エバーシンス,9,,浦和
2025/11/27,11,23,9,8,11,エイシンジョルト,7,,浦和
2025/11/27,11,23,10,7,10,アルサーフィ,11,,浦和
2025/11/27,11,23,11,8,12,デステージョ,4,,浦和
2025/11/27,11,23,12,1,1,ナムラマイケル,10,,浦和
2025/11/21,10,21,1,5,6,ドリームジャパン,3,,川崎
2025/11/21,10,21,2,8,13,オングライドパス,2,,川崎
2025/11/21,10,21,3,2,2,ショウネンジダイ,6,,川崎
2025/11/21,10,21,4,3,3,シントーハナノボス,4,,川崎
2025/11/21,10,21,5,1,1,エンジェルリッター,1,,川崎
2025/11/21,10,21,6,6,9,ボーイハンター,5,,川崎
2025/11/21,10,21,7,6,8,ジャスタースパーク,8,,川崎
2025/11/21,10,21,8,4,5,ゴールデンプラチナ,9,,川崎
2025/11/21,10,21,9,5,7,ニシノアウェイク,7,,川崎
2025/11/21,10,21,10,8,12,カタルシス,12,,川崎
2025/11/21,10,21,11,7,11,ゴールドモーニン,13,,川崎
2025/11/21,10,21,12,4,4,コスモスミッチー,11,,川崎
2025/11/21,10,21,12,7,10,ギンユウシジン,10,,川崎
2025/11/21,11,21,1,4,4,スノーシュー,1,,川崎
2025/11/21,11,21,2,2,2,ソウルストライク,6,,川崎
2025/11/21,11,21,3,7,9,リュードマン,7,,川崎
2025/11/21,11,21,4,7,8,ローズピリオド,9,,川崎
2025/11/21,11,21,5,5,5,モニュメントキング,3,,川崎
2025/11/21,11,21,6,6,7,ボルカンバル,8,,川崎
2025/11/21,11,21,7,6,6,エレノーラ,4,,川崎
2025/11/21,11,21,8,3,3,デアシュトゥルム,2,,川崎
2025/11/21,11,21,9,8,11,バガリーロータス,5,,川崎
2025/11/21,12,21,1,7,11,ヤサカソレイユ,4,,川崎
2025/11/21,12,21,2,2,2,ベニノパール,10,,川崎
2025/11/21,12,21,3,8,14,キーファイン,5,,川崎
2025/11/21,12,21,4,1,1,ゴールドフレイバー,9,,川崎
2025/11/21,12,21,5,6,9,ギフテッドリーダー,1,,川崎
2025/11/21,12,21,6,4,6,オーサムワールド,8,,川崎
2025/11/21,12,21,7,7,12,ラピッドフロウ,11,,川崎
2025/11/21,12,21,7,8,13,オビワンリュウセイ,3,,川崎
2025/11/21,12,21,9,6,10,ベニノレーヴ,6,,川崎
2025/11/21,12,21,10,4,5,ガールズドリーム,7,,川崎
2025/11/21,12,21,11,3,4,ブルーレンジャー,12,,川崎
2025/11/21,12,21,12,5,8,ロデオフリップ,13,,川崎
2025/11/20,10,21,1,3,3,フイノマジワリ,8,,川崎
2025/11/20,10,21,2,6,8,ジェントルタッチ,3,,川崎
2025/11/20,10,21,3,2,2,チェイスザウィンド,4,,川崎
2025/11/20,10,21,4,8,13,グリーズマン,2,,川崎
2025/11/20,10,21,5,4,4,トモジャシャトー,7,,川崎
2025/11/20,10,21,6,1,1,カルドウェル,1,,川崎
2025/11/20,10,21,7,6,9,シャドウアイル,5,,川崎
2025/11/20,10,21,8,5,7,サンマルミッション,6,,川崎
2025/11/20,10,21,9,8,12,キャップ,10,,川崎
2025/11/20,10,21,10,5,6,サラサグッドワーク,11,,川崎
2025/11/20,10,21,11,7,11,キットサクラサク,9,,川崎
2025/11/20,10,21,12,4,5,チャコワールド,12,,川崎
2025/11/20,11,21,1,8,10,グロリアムンディ,1,,川崎
2025/11/20,11,21,2,3,3,ツウカイノキズナ,3,,川崎
2025/11/20,11,21,3,6,6,オピニオンリーダー,2,,川崎
2025/11/20,11,21,4,4,4,セイカメテオポリス,4,,川崎
2025/11/20,11,21,5,8,9,ユアヒストリー,5,,川崎
2025/11/20,11,21,6,7,8,キャッスルブレイヴ,9,,川崎
2025/11/20,11,21,7,2,2,マインドユアミモザ,6,,川崎
2025/11/20,11,21,8,7,7,サヨノフィールド,7,,川崎
2025/11/20,11,21,9,1,1,ナガタエース,10,,川崎
2025/11/20,11,21,10,5,5,グラインドアウト,8,,川崎
2025/11/20,12,21,1,6,6,カンノンアーニモ,6,,川崎
2025/11/20,12,21,2,4,4,トリプルアクセル,3,,川崎
2025/11/20,12,21,3,1,1,ルックアトミー,1,,川崎
2025/11/20,12,21,4,7,8,アフロジータ,9,,川崎
2025/11/20,12,21,5,6,7,テルケンレンタワー,8,,川崎
2025/11/20,12,21,6,3,3,カネトシフープ,2,,川崎
2025/11/20,12,21,7,8,10,ラベンダージェイド,5,,川崎
2025/11/20,12,21,8,7,9,ディーズルージュ,4,,川崎
2025/11/20,12,21,9,5,5,ダズリングプレイス,11,,川崎
2025/11/20,12,21,10,8,11,レーザースペックル,10,,川崎
2025/11/20,12,21,11,2,2,モンレーヴ,7,,川崎
2025/11/19,10,21,1,5,5,バッファローライズ,5,,川崎
2025/11/19,10,21,2,8,12,シゲルマッハ,3,,川崎
2025/11/19,10,21,3,4,4,ラヴォミ,1,,川崎
2025/11/19,10,21,4,6,7,クリスタライズ,6,,川崎
2025/11/19,10,21,5,2,2,ルールメイプル,8,,川崎
2025/11/19,10,21,6,7,10,ピンクタオルチャン,2,,川崎
2025/11/19,10,21,7,5,6,エターナルセイバー,12,,川崎
2025/11/19,10,21,8,6,8,ディーズメイト,7,,川崎
2025/11/19,10,21,9,3,3,テイクノート,9,,川崎
2025/11/19,10,21,10,8,11,アカザ,10,,川崎
2025/11/19,10,21,11,1,1,モーモーブラック,11,,川崎
2025/11/19,10,21,12,7,9,トニープリンス,4,,川崎
2025/11/19,11,21,1,1,1,ドナギニー,2,,川崎
2025/11/19,11,21,2,6,9,エスカティア,1,,川崎
2025/11/19,11,21,3,4,5,ウィルシャイン,4,,川崎
2025/11/19,11,21,4,6,8,チャチャハツゴウ,6,,川崎
2025/11/19,11,21,5,5,7,オリコウデレガンス,9,,川崎
2025/11/19,11,21,6,3,3,グレアネオンライト,8,,川崎
2025/11/19,11,21,7,2,2,アメストリス,7,,川崎
2025/11/19,11,21,8,8,13,ハナノウタゲ,13,,川崎
2025/11/19,11,21,9,8,12,セレニアサミット,12,,川崎
2025/11/19,11,21,10,7,10,マオノジーニー,11,,川崎
2025/11/19,11,21,11,7,11,ベルグラシアス,3,,川崎
2025/11/19,11,21,12,4,4,ミナトミナイト,10,,川崎
2025/11/19,11,21,13,5,6,ブルーパッション,5,,川崎
2025/11/19,12,21,1,8,14,スターグリップ,3,,川崎
2025/11/19,12,21,2,2,2,ペルセイズ,5,,川崎
2025/11/19,12,21,3,7,12,カセノラオー,2,,川崎
2025/11/19,12,21,4,4,5,ペータース,1,,川崎
2025/11/19,12,21,5,5,8,ファイアーサイン,10,,川崎
2025/11/19,12,21,6,1,1,パーチル,11,,川崎
2025/11/19,12,21,7,3,4,アドルナティック,8,,川崎
2025/11/19,12,21,8,4,6,テリオスルナ,13,,川崎
2025/11/19,12,21,9,6,10,アオイラン,4,,川崎
2025/11/19,12,21,10,3,3,ラヴィンローゼス,6,,川崎
2025/11/19,12,21,11,8,13,マイアミ,7,,川崎
2025/11/19,12,21,12,7,11,スナオナキモチ,12,,川崎
2025/11/19,12,21,13,5,7,リコーターター,9,,川崎
2025/11/19,12,21,14,6,9,マサノヒーロー,14,,川崎
2025/06/03,10,22,1,1,1,レイズユアリミット,4,,船橋
2025/06/03,10,22,2,6,6,ディープマインド,6,,船橋
2025/06/03,10,22,3,2,2,メタルスパーク,3,,船橋
2025/06/03,10,22,4,4,4,ジュジュジューン,1,,船橋
2025/06/03,10,22,5,7,7,レクランスリール,5,,船橋
2025/06/03,10,22,6,3,3,クリノファルコン,2,,船橋
2025/06/03,10,22,7,8,8,デルマカミカゼ,7,,船橋
2025/06/03,10,22,8,5,5,ニューアルケミー,8,,船橋
2025/06/03,11,22,1,6,7,ソングフォーユー,2,,船橋
2025/06/03,11,22,2,5,5,ニキ,3,,船橋
2025/06/03,11,22,3,7,10,サエチ,5,,船橋
2025/06/03,11,22,4,4,4,ミーハディビーナ,4,,船橋
2025/06/03,11,22,5,8,11,ジェイケイミリミリ,8,,船橋
2025/06/03,11,22,6,5,6,メイショウゴルシ,1,,船橋
2025/06/03,11,22,7,8,12,モノクロームスター,6,,船橋
2025/06/03,11,22,8,3,3,ブライトノート,9,,船橋
2025/06/03,11,22,9,1,1,ユメカナウケン,10,,船橋
2025/06/03,11,22,10,7,9,ラバタンシン,12,,船橋
2025/06/03,11,22,11,6,8,ネヴァートゥマッチ,7,,船橋
2025/06/03,12,22,1,3,3,ハクサンツキミテイ,1,,船橋
2025/06/03,12,22,2,1,1,ホウオウジュレップ,4,,船橋
2025/06/03,12,22,3,6,6,ロマンスグレー,3,,船橋
2025/06/03,12,22,4,4,4,エスカミーリョ,5,,船橋
2025/06/03,12,22,5,5,5,セイカフォルゴーレ,2,,船橋
2025/06/03,12,22,6,2,2,カサデガ,6,,船橋
2025/06/03,12,22,7,7,7,ゴールドクロス,7,,船橋
2025/06/03,12,22,8,8,8,タントゥーム,8,,船橋
2025/11/17,10,21,1,5,6,サザンカ,1,,川崎
2025/11/17,10,21,2,8,12,ラジエーション,2,,川崎
2025/11/17,10,21,3,6,8,タイセイフェスタ,5,,川崎
2025/11/17,10,21,4,6,7,モンゲーハガネ,8,,川崎
2025/11/17,10,21,5,5,5,リコーシンザン,3,,川崎
2025/11/17,10,21,6,4,4,ヤプシ,4,,川崎
2025/11/17,10,21,7,7,10,スピナッチバイパー,7,,川崎
2025/11/17,10,21,8,1,1,ガルヴァナイズ,9,,川崎
2025/11/17,10,21,9,7,9,レグノ,6,,川崎
2025/11/17,10,21,10,3,3,エーヴベリー,10,,川崎
2025/11/17,10,21,11,2,2,モンゲーキララ,11,,川崎
2025/11/17,11,21,1,7,9,エドノフェニックス,1,,川崎
2025/11/17,11,21,2,5,5,リノデスティーノ,2,,川崎
2025/11/17,11,21,3,8,10,レベルフォー,6,,川崎
2025/11/17,11,21,4,3,3,マカゼ,4,,川崎
2025/11/17,11,21,5,2,2,デーレーラプター,7,,川崎
2025/11/17,11,21,6,1,1,メンタイマヨ,5,,川崎
2025/11/17,11,21,7,4,4,リヴェルベロ,10,,川崎
2025/11/17,11,21,8,8,11,ハーンドルフ,3,,川崎
2025/11/17,11,21,9,7,8,アイカプチーノ,8,,川崎
2025/11/17,11,21,10,6,7,クオレス,9,,川崎
2025/11/17,12,21,1,6,8,ダブルメッセージ,1,,川崎
2025/11/17,12,21,2,7,9,シンメロワン,4,,川崎
2025/11/17,12,21,3,5,5,ヘニーズネフュー,7,,川崎
2025/11/17,12,21,4,1,1,レーヌバンケット,6,,川崎
2025/11/17,12,21,5,4,4,グッモーニン,9,,川崎
2025/11/17,12,21,6,5,6,コパノモンタナ,11,,川崎
2025/11/17,12,21,7,8,12,アルハイルフォート,2,,川崎
2025/11/17,12,21,8,6,7,ルージュメイベル,8,,川崎
2025/11/17,12,21,9,3,3,タイセイシップ,3,,川崎
2025/11/17,12,21,10,8,11,レディオンステージ,5,,川崎
2025/11/17,12,21,11,2,2,リュウバター,10,,川崎
2025/11/17,12,21,12,7,10,ニシノシャイニング,12,,川崎
2025/04/15,10,20,1,6,10,ポチョラーダ,1,30.0,大井
2025/04/15,10,20,2,3,3,バズッチ,3,36.1,大井
2025/04/15,10,20,3,4,6,ジョリーロジャー,2,27.7,大井
2025/04/15,10,20,4,7,12,マイネルオデーサ,6,40.4,大井
2025/04/15,10,20,5,2,2,ショウナンタバルア,5,5.9,大井
2025/04/15,10,20,6,7,11,ラヴレボーテ,4,4.3,大井
2025/04/15,10,20,7,8,14,オリリオ,8,,大井
2025/04/15,10,20,8,6,9,マルヨソウタ,9,5.5,大井
2025/04/15,10,20,9,1,1,チュイション,13,2.6,大井
2025/04/15,10,20,10,8,13,ブラッドワイルド,14,,大井
2025/04/15,10,20,11,4,5,リケアヴィオレ,11,15.5,大井
2025/04/15,10,20,12,3,4,エイシンクレモナ,10,23.5,大井
2025/04/15,10,20,13,5,8,ベッティーナ,12,76.3,大井
2025/04/15,10,20,14,5,7,テーオードリアン,7,21.7,大井
2025/04/15,11,20,1,8,12,ユーアオンフリーク,2,,大井
2025/04/15,11,20,2,1,1,リコールガー,1,32.9,大井
2025/04/15,11,20,3,5,7,イルヴェント,5,4.5,大井
2025/04/15,11,20,4,5,6,シルヴィーノ,3,13.0,大井
2025/04/15,11,20,5,2,2,ドラケン,9,6.1,大井
2025/04/15,11,20,6,6,9,ハリウッドヒルズ,7,,大井
2025/04/15,11,20,7,4,4,メーサンデュラント,6,14.1,大井
2025/04/15,11,20,8,3,3,スターオブフェイス,8,1.5,大井
2025/04/15,11,20,9,7,10,オルトスラッガー,4,,大井
2025/04/15,11,20,10,4,5,フジラプンツェル,10,32.9,大井
2025/04/15,11,20,11,8,13,サブノハクタカ,13,,大井
2025/04/15,11,20,12,7,11,トップアメリカン,11,,大井
2025/04/15,11,20,13,6,8,ユウシンイモン,12,,大井
2025/04/15,12,20,1,2,2,マスターオブライフ,1,41.3,大井
2025/04/15,12,20,2,5,7,ネオトキオ,6,45.3,大井
2025/04/15,12,20,3,4,5,ドゥーロアバンティ,7,4.0,大井
2025/04/15,12,20,4,8,13,ティーズアペックス,9,,大井
2025/04/15,12,20,5,3,4,ホウオウセレシオン,4,1.1,大井
2025/04/15,12,20,6,5,8,ハニートースト,2,21.6,大井
2025/04/15,12,20,7,3,3,シャルマンジャン,5,32.3,大井
2025/04/15,12,20,8,4,6,ラペルシェール,11,147.7,大井
2025/04/15,12,20,9,6,10,ベイデンマリーナ,12,,大井
2025/04/15,12,20,10,7,12,アンニンドウフ,10,,大井
2025/04/15,12,20,11,7,11,エスプリアラジン,3,,大井
2025/04/15,12,20,12,1,1,ウインコマチ,8,94.6,大井
2025/04/15,12,20,13,8,14,ブラックアピス,13,,大井
2025/11/13,10,20,1,2,4,ミクニサンビーム,1,,大井
2025/11/13,10,20,2,8,16,トランジェント,12,,大井
2025/11/13,10,20,3,7,13,ロンギングタイム,6,,大井
2025/11/13,10,20,4,1,2,エスプリブルズアイ,3,,大井
2025/11/13,10,20,5,2,3,マイネルオデーサ,9,,大井
2025/11/13,10,20,6,6,12,カラーオブジアース,10,,大井
2025/11/13,10,20,7,1,1,アレスエルピーダ,2,,大井
2025/11/13,10,20,8,5,9,ラバテラリュージュ,15,,大井
2025/11/13,10,20,9,7,14,イモノソーダワリデ,7,,大井
2025/11/13,10,20,10,4,7,グラッブザトップ,4,,大井
2025/11/13,10,20,11,4,8,ゲールタクト,16,,大井
2025/11/13,10,20,12,3,5,スルガダイナゴン,5,,大井
2025/11/13,10,20,13,5,10,エコロタイタン,11,,大井
2025/11/13,10,20,14,6,11,イチニチショチョウ,13,,大井
2025/11/13,10,20,15,8,15,シンクグッド,8,,大井
2025/11/13,10,20,16,3,6,アンニンドウフ,14,,大井
2025/11/13,11,20,1,5,5,ジゼル,5,,大井
2025/11/13,11,20,2,1,1,ケテンドリーム,4,,大井
2025/11/13,11,20,3,3,3,ツーシャドー,3,,大井
2025/11/13,11,20,4,7,7,カマチョクイン,1,,大井
2025/11/13,11,20,5,2,2,コアリオ,9,,大井
2025/11/13,11,20,6,8,9,マーブルマカロン,2,,大井
2025/11/13,11,20,7,4,4,フェルディナンド,8,,大井
2025/11/13,11,20,8,6,6,マテリアルガール,6,,大井
2025/11/13,11,20,9,8,8,ニシノカシミヤ,7,,大井
2025/11/13,12,20,1,2,2,ボーヌロマネ,1,,大井
2025/11/13,12,20,2,5,6,サウンドロックス,4,,大井
2025/11/13,12,20,3,8,12,グレッチャー,2,,大井
2025/11/13,12,20,4,6,7,ベストリオン,3,,大井
2025/11/13,12,20,5,6,8,カフジペンタゴン,7,,大井
2025/11/13,12,20,6,7,10,マイネルイージス,6,,大井
2025/11/13,12,20,7,7,9,アウトビアンキ,5,,大井
2025/11/13,12,20,8,4,4,ビルドラポール,10,,大井
2025/11/13,12,20,9,3,3,コスモギンガ,8,,大井
2025/11/13,12,20,10,8,11,レアリゼアンレーヴ,11,,大井
2025/11/13,12,20,11,1,1,ルトラセ,9,,大井
2025/11/13,12,20,12,5,5,ネオエトワール,12,,大井
2025/11/13,10,36,1,5,5,ルクスエクレール,2,4.1,門別
2025/11/13,10,36,2,8,11,カムイノウタゲ,10,221.3,門別
2025/11/13,10,36,3,3,3,アンジュパラディ,3,18.5,門別
2025/11/13,10,36,4,6,7,ダバイカンティーク,6,40.4,門別
2025/11/13,10,36,5,7,8,フォールロワ,11,238.3,門別
2025/11/13,10,36,6,1,1,タカオスマイル,5,21.3,門別
2025/11/13,10,36,7,8,10,クラウンアールシー,1,1.3,門別
2025/11/13,10,36,8,4,4,ベンデュガ,7,44.2,門別
2025/11/13,10,36,9,6,6,メイショウイチズ,9,75.0,門別
2025/11/13,10,36,10,2,2,ホウオウプラージュ,8,55.6,門別
2025/11/13,10,36,11,7,9,アニュスノーバス,4,19.7,門別
2025/11/13,11,36,1,4,4,スティールブライト,3,6.0,門別
2025/11/13,11,36,2,7,8,ワイルドラヴ,4,6.5,門別
2025/11/13,11,36,3,3,3,パープルビューティ,7,46.4,門別
2025/11/13,11,36,4,5,5,ロアリングフレイム,1,2.2,門別
2025/11/13,11,36,5,6,6,ラピルスイメル,2,3.1,門別
2025/11/13,11,36,6,7,9,フェールアシュバル,9,112.2,門別
2025/11/13,11,36,7,8,10,ミッドナイトゲイル,5,10.0,門別
2025/11/13,11,36,8,1,1,ブレイヴァリーボス,6,42.1,門別
2025/11/13,11,36,9,8,11,スワンオーキッド,8,99.6,門別
2025/11/13,11,36,10,6,7,フークファンタジー,10,221.8,門別
2025/11/13,12,36,1,7,8,バレンタインケーキ,1,2.0,門別
2025/11/13,12,36,2,8,10,ブレイズエッジ,2,2.4,門別
2025/11/13,12,36,3,3,3,ムーンレインボー,10,178.0,門別
2025/11/13,12,36,4,6,7,ニジコ,3,4.6,門別
2025/11/13,12,36,5,8,11,パリコトパナナ,9,155.0,門別
2025/11/13,12,36,6,1,1,カイリクイーン,8,149.6,門別
2025/11/13,12,36,7,5,5,オーミチェリー,6,40.3,門別
2025/11/13,12,36,8,2,2,エスクラス,5,37.0,門別
2025/11/13,12,36,9,4,4,パレスシャンティ,11,218.9,門別
2025/11/13,12,36,10,6,6,アヤサンジョリーン,4,20.9,門別
2025/11/13,12,36,11,7,9,ロスカキック,7,86.0,門別
2025/11/12,10,20,1,7,7,リュウワンカノア,7,,大井
2025/11/12,10,20,2,4,4,フェスティヴルディ,1,,大井
2025/11/12,10,20,3,3,3,サフィールシェール,4,,大井
2025/11/12,10,20,4,6,6,クインズアトリア,2,,大井
2025/11/12,10,20,5,2,2,ケイアイマハナ,3,,大井
2025/11/12,10,20,6,1,1,インサイダー,8,,大井
2025/11/12,10,20,7,8,8,マルヨジョーダン,6,,大井
2025/11/12,10,20,8,5,5,マドモアゼルレンヌ,5,,大井
2025/11/12,11,20,1,6,12,ゼーロス,1,,大井
2025/11/12,11,20,2,3,5,ポッドフェスタ,4,,大井
2025/11/12,11,20,3,2,4,ロウリュ,3,,大井
2025/11/12,11,20,4,2,3,プロローク,12,,大井
2025/11/12,11,20,5,5,10,ゴーバディ,2,,大井
2025/11/12,11,20,6,3,6,シャンスラード,8,,大井
2025/11/12,11,20,7,1,2,ベイビーモンストル,11,,大井
2025/11/12,11,20,8,4,8,バーバリオン,6,,大井
2025/11/12,11,20,9,1,1,ドキドキ,7,,大井
2025/11/12,11,20,10,6,11,ヒュプシュ,10,,大井
2025/11/12,11,20,11,4,7,デンテブリランテ,9,,大井
2025/11/12,11,20,12,8,15,カンノンハヤテ,14,,大井
2025/11/12,11,20,13,5,9,アイリーズ,15,,大井
2025/11/12,11,20,14,7,14,キングパッション,5,,大井
2025/11/12,11,20,15,7,13,ユーロハートビート,13,,大井
2025/11/12,11,20,16,8,16,コンシール,16,,大井
2025/11/12,12,20,1,3,3,シャルフジン,2,,大井
2025/11/12,12,20,2,2,2,ムットクルフェ,3,,大井
2025/11/12,12,20,3,4,4,エスケンドリーム,1,,大井
2025/11/12,12,20,4,7,10,リチャ,6,,大井
2025/11/12,12,20,5,5,6,ドラケン,4,,大井
2025/11/12,12,20,6,5,5,サンライズジャスト,7,,大井
2025/11/12,12,20,7,8,12,アメリカンシード,8,,大井
2025/11/12,12,20,8,8,11,パレルモ,9,,大井
2025/11/12,12,20,9,1,1,グレートジャーニー,10,,大井
2025/11/12,12,20,10,7,9,ダイバリオン,12,,大井
2025/11/12,12,20,11,6,8,タイガーチャージ,5,,大井
2025/11/12,12,20,12,6,7,ライゾマティクス,11,,大井
2025/11/12,10,36,1,2,2,フィールドアピール,2,3.0,門別
2025/11/12,10,36,2,3,3,エイシンビルボード,1,2.1,門別
2025/11/12,10,36,3,5,5,オオイシシャクナゲ,11,212.0,門別
2025/11/12,10,36,4,8,11,クラバエル,6,21.7,門別
2025/11/12,10,36,5,7,10,トモノタツミ,7,28.6,門別
2025/11/12,10,36,6,7,9,プレストシャドウ,4,9.4,門別
2025/11/12,10,36,7,5,6,リックシーリン,10,86.9,門別
2025/11/12,10,36,8,6,8,ワイルドタイタン,9,77.6,門別
2025/11/12,10,36,9,6,7,ガミラスラバウル,8,75.8,門別
2025/11/12,10,36,10,4,4,イントルーダー,3,5.5,門別
2025/11/12,10,36,11,8,12,セイランマクフィ,5,19.3,門別
2025/11/12,11,36,1,7,8,デュジャック,3,9.7,門別
2025/11/12,11,36,2,4,4,ブラヴォケラトプス,4,12.5,門別
2025/11/12,11,36,3,5,5,ヤマトオーザー,2,2.3,門別
2025/11/12,11,36,4,3,3,ブリックスラテ,1,1.8,門別
2025/11/12,11,36,5,6,6,ロピア,5,24.0,門別
2025/11/12,11,36,6,6,7,ロードヴェスパー,9,339.7,門別
2025/11/12,11,36,7,8,11,スズロビンソン,7,77.3,門別
2025/11/12,11,36,8,1,1,サクラソーレ,6,66.7,門別
2025/11/12,11,36,9,2,2,ゴールドアバンティ,8,142.7,門別
2025/11/12,11,36,10,8,10,ヴィーゲイツ,10,396.3,門別
2025/11/12,11,36,11,7,9,サンプルメリア,11,450.7,門別
2025/11/12,12,36,1,8,13,ヤマニンパッセ,1,1.4,門別
2025/11/12,12,36,2,3,4,レディパイロ,4,12.0,門別
2025/11/12,12,36,3,2,2,ルクスディライト,2,10.6,門別
2025/11/12,12,36,4,6,10,ウィンストラテジー,3,11.3,門別
2025/11/12,12,36,5,5,7,デュアルキャリアー,5,13.3,門別
2025/11/12,12,36,6,4,5,ハニービート,9,39.4,門別
2025/11/12,12,36,7,6,9,レイヴオン,6,13.6,門別
2025/11/12,12,36,8,1,1,ラトワール,13,161.8,門別
2025/11/12,12,36,9,7,11,グラストップロード,11,82.6,門別
2025/11/12,12,36,10,5,8,ジャズダンス,8,37.7,門別
2025/11/12,12,36,11,4,6,ケイアイアンタレス,12,126.7,門別
2025/11/12,12,36,12,3,3,ラファエーレ,10,56.9,門別
2025/11/12,12,36,13,7,12,ビービーダイゴ,7,18.8,門別
2025/11/12,12,36,14,8,14,ヴィルゲート,14,568.6,門別
2025/11/11,10,20,1,8,13,アーススピリット,2,,大井
2025/11/11,10,20,2,5,8,アレアラミア,1,,大井
2025/11/11,10,20,3,4,6,サガノオウマサン,4,,大井
2025/11/11,10,20,4,1,1,センジュ,3,,大井
2025/11/11,10,20,5,3,4,オールアイズオン,11,,大井
2025/11/11,10,20,6,2,2,アエノキングダム,12,,大井
2025/11/11,10,20,7,6,9,ストライクノワール,7,,大井
2025/11/11,10,20,8,4,5,レヴォリオ,9,,大井
2025/11/11,10,20,9,7,11,マルチライセンス,14,,大井
2025/11/11,10,20,10,7,12,マイキー,8,,大井
2025/11/11,10,20,11,8,14,タキ,10,,大井
2025/11/11,10,20,12,3,3,キャンディガール,5,,大井
2025/11/11,10,20,13,6,10,ギンノダンガン,6,,大井
2025/11/11,10,20,14,5,7,デルバイス,13,,大井
2025/11/11,11,20,1,3,3,サトノテンペスト,1,,大井
2025/11/11,11,20,2,6,9,ネオトキオ,4,,大井
2025/11/11,11,20,3,7,11,フジユージーン,5,,大井
2025/11/11,11,20,4,6,10,イグザルト,3,,大井
2025/11/11,11,20,5,5,7,ドリームビリーバー,6,,大井
2025/11/11,11,20,6,4,6,モズリッキー,8,,大井
2025/11/11,11,20,7,7,12,オーシンロクゼロ,11,,大井
2025/11/11,11,20,8,3,4,マザオ,9,,大井
2025/11/11,11,20,9,8,14,カールスバート,12,,大井
2025/11/11,11,20,10,1,1,ジョーエスポワール,10,,大井
2025/11/11,11,20,11,2,2,マースインディ,13,,大井
2025/11/11,11,20,12,4,5,スワーヴシャルル,7,,大井
2025/11/11,11,20,13,8,13,コンシリエーレ,2,,大井
2025/11/11,12,20,1,6,11,ミラクルメイキング,1,,大井
2025/11/11,12,20,2,5,9,ライムフレイバー,4,,大井
2025/11/11,12,20,3,5,10,コーミズアムール,16,,大井
2025/11/11,12,20,4,6,12,ノーブルジーク,14,,大井
2025/11/11,12,20,5,8,16,サブノリョウマ,8,,大井
2025/11/11,12,20,6,7,13,ヘクトプリンセス,15,,大井
2025/11/11,12,20,7,2,4,ムサシエクスプレス,13,,大井
2025/11/11,12,20,8,7,14,デュアルロンド,6,,大井
2025/11/11,12,20,9,4,7,サブノコイゴコロ,7,,大井
2025/11/11,12,20,10,3,5,シューボーイ,12,,大井
2025/11/11,12,20,11,4,8,オンマガトオル,2,,大井
2025/11/11,12,20,12,3,6,フォースチルドレン,10,,大井
2025/11/11,12,20,13,8,15,ティーズエナジー,11,,大井
2025/11/11,12,20,14,1,1,カイタロー,5,,大井
2025/11/11,12,20,15,1,2,モントーク,9,,大井
2025/11/11,12,20,16,2,3,アンフォラ,3,,大井
2025/11/11,10,36,1,7,13,レイホープ,7,12.2,門別
2025/11/11,10,36,2,7,12,バルジール,2,4.7,門別
2025/11/11,10,36,3,5,8,アウスラフラッグ,3,6.1,門別
2025/11/11,10,36,4,2,3,メイショウクツカケ,4,7.2,門別
2025/11/11,10,36,5,8,14,ユニコーンホエール,6,9.4,門別
2025/11/11,10,36,6,3,4,ヴィトーリアヘーザ,11,55.1,門別
2025/11/11,10,36,7,4,6,ブルロッソ,5,8.2,門別
2025/11/11,10,36,8,3,5,テキーラワルツ,13,203.8,門別
2025/11/11,10,36,9,6,11,ブギウギウギ,1,3.1,門別
2025/11/11,10,36,10,6,10,マルティネーテ,8,33.2,門別
2025/11/11,10,36,11,5,9,マリノロマンス,9,42.8,門別
2025/11/11,10,36,12,4,7,マリノシュライエン,15,275.2,門別
2025/11/11,10,36,13,8,15,ラストカノン,10,43.6,門別
2025/11/11,10,36,14,1,1,メイショウイナセ,14,250.1,門別
2025/11/11,10,36,15,2,2,タイキブライトン,12,184.7,門別
2025/11/11,11,36,1,4,6,リオンセーラス,4,6.1,門別
2025/11/11,11,36,2,5,9,エミネントキャリア,3,5.1,門別
2025/11/11,11,36,3,8,15,ロワン,5,11.7,門別
2025/11/11,11,36,4,7,12,クインズモナカ,2,3.2,門別
2025/11/11,11,36,5,3,4,ユーライナー,11,130.5,門別
2025/11/11,11,36,6,2,2,シルバーコムコム,13,246.3,門別
2025/11/11,11,36,7,7,13,エスケイプライム,10,109.4,門別
2025/11/11,11,36,8,6,11,ハッピーピンク,7,44.1,門別
2025/11/11,11,36,9,8,14,エデュース,14,259.5,門別
2025/11/11,11,36,10,5,8,キタノロワーズ,6,29.5,門別
2025/11/11,11,36,11,4,7,ラスターカノン,15,341.3,門別
2025/11/11,11,36,12,1,1,ヤマニンファロ,8,74.0,門別
2025/11/11,11,36,13,3,5,テンアリオン,9,108.4,門別
2025/11/11,11,36,14,2,3,ストーリータイム,12,178.4,門別
2025/11/11,12,36,1,7,9,ファリードゥーン,1,1.8,門別
2025/11/11,12,36,2,3,3,アステロイドメア,2,3.0,門別
2025/11/11,12,36,3,1,1,ショーケン,3,6.6,門別
2025/11/11,12,36,4,7,8,リムショット,4,12.4,門別
2025/11/11,12,36,5,6,6,メイショウマーブル,6,36.9,門別
2025/11/11,12,36,6,2,2,ボルゲリ,10,326.0,門別
2025/11/11,12,36,7,6,7,アルファインディ,7,43.5,門別
2025/11/11,12,36,8,5,5,ミスサラワク,9,140.4,門別
2025/11/11,12,36,9,4,4,ジュンアサヒソラ,5,14.1,門別
2025/11/11,12,36,10,8,11,グッデーサイレンス,8,61.0,門別
2025/11/11,12,36,11,8,10,アルマブレイド,11,368.3,門別
2025/11/10,10,20,1,2,2,フォーチュネイト,9,,大井
2025/11/10,10,20,2,7,11,ドラゴンバスター,1,,大井
2025/11/10,10,20,3,1,1,フラグランツァ,2,,大井
2025/11/10,10,20,4,8,14,フローティンローズ,3,,大井
2025/11/10,10,20,5,3,4,ダッシングマン,11,,大井
2025/11/10,10,20,6,8,13,ケンオーシャン,12,,大井
2025/11/10,10,20,7,5,7,マジェスティルール,5,,大井
2025/11/10,10,20,8,5,8,チュイション,8,,大井
2025/11/10,10,20,9,4,6,ホヌ,10,,大井
2025/11/10,10,20,10,3,3,ケングロリア,7,,大井
2025/11/10,10,20,11,6,9,ヤザン,6,,大井
2025/11/10,10,20,12,4,5,ベアウェイトゥゴー,13,,大井
2025/11/10,10,20,13,7,12,ブラッドワイルド,14,,大井
2025/11/10,10,20,14,6,10,ポセイドンバローズ,4,,大井
2025/11/10,11,20,1,2,2,ウナモンタナアルタ,3,,大井
2025/11/10,11,20,2,1,1,シャインフォール,6,,大井
2025/11/10,11,20,3,8,12,クレールジャック,4,,大井
2025/11/10,11,20,4,7,10,セントラルガバナー,1,,大井
2025/11/10,11,20,5,4,4,リュウノファウラー,5,,大井
2025/11/10,11,20,6,6,8,トップアメリカン,10,,大井
2025/11/10,11,20,7,7,9,ゴールドジャッジ,7,,大井
2025/11/10,11,20,8,5,6,アポロリヤム,8,,大井
2025/11/10,11,20,9,6,7,ゴールデンヨシノ,11,,大井
2025/11/10,11,20,10,5,5,サイアンドコー,2,,大井
2025/11/10,11,20,11,3,3,シャークスポット,12,,大井
2025/11/10,11,20,12,8,11,ボディコンシャス,9,,大井
2025/11/10,12,20,1,4,5,アイビーサムライオ,1,,大井
2025/11/10,12,20,2,3,3,プレストアーサー,2,,大井
2025/11/10,12,20,3,8,13,ジャガーバローズ,4,,大井
2025/11/10,12,20,4,7,11,コパノマデリン,6,,大井
2025/11/10,12,20,5,2,2,リケアミネオラ,12,,大井
2025/11/10,12,20,6,1,1,ヴァルタリ,9,,大井
2025/11/10,12,20,7,4,4,アンブロジアーナ,3,,大井
2025/11/10,12,20,8,7,10,ウインアイリーン,5,,大井
2025/11/10,12,20,9,6,8,コスモバシレウス,10,,大井
2025/11/10,12,20,10,5,7,クイーンカトリーヌ,11,,大井
2025/11/10,12,20,11,5,6,レペンテ,8,,大井
2025/11/10,12,20,12,8,12,ムサシジェリーナ,13,,大井
2025/11/10,12,20,13,6,9,バズッチ,7,,大井
2025/11/06,10,36,1,7,10,マノレア,6,13.5,門別
2025/11/06,10,36,2,5,5,クーシフォン,9,247.7,門別
2025/11/06,10,36,3,2,2,ヴィルミーキスミー,5,9.1,門別
2025/11/06,10,36,4,8,11,スワッガー,4,5.2,門別
2025/11/06,10,36,5,6,7,ブラックアピス,8,25.7,門別
2025/11/06,10,36,6,4,4,ジャスパードリーム,2,4.7,門別
2025/11/06,10,36,7,8,12,マナコア,3,4.9,門別
2025/11/06,10,36,8,3,3,トネムスメ,1,2.7,門別
2025/11/06,10,36,9,7,9,エターナルルビー,11,537.6,門別
2025/11/06,10,36,10,5,6,ラビアータ,7,20.1,門別
2025/11/06,10,36,11,1,1,フォルテース,10,477.5,門別
2025/11/06,11,36,1,8,12,ラッキーホープ,1,2.2,門別
2025/11/06,11,36,2,7,10,ジャスパーメジャー,2,2.4,門別
2025/11/06,11,36,3,4,4,オンラインボス,8,49.5,門別
2025/11/06,11,36,4,5,6,イッツクール,6,23.9,門別
2025/11/06,11,36,5,3,3,ブリックロード,5,14.9,門別
2025/11/06,11,36,6,7,9,トウカイエトワール,4,11.7,門別
2025/11/06,11,36,7,8,11,ショーム,11,178.7,門別
2025/11/06,11,36,8,5,5,カッパギ,3,7.1,門別
2025/11/06,11,36,9,1,1,ヒカリオーソ,7,48.6,門別
2025/11/06,11,36,10,6,7,スティールストーム,10,121.7,門別
2025/11/06,11,36,11,2,2,リコシェ,9,69.8,門別
2025/11/06,12,36,1,7,10,ベルピット,1,1.0,門別
2025/11/06,12,36,2,5,6,パッションクライ,3,13.2,門別
2025/11/06,12,36,3,4,4,ニシケンボブ,5,38.9,門別
2025/11/06,12,36,4,1,1,アナザートゥルース,4,38.4,門別
2025/11/06,12,36,5,8,12,プラセボ,6,84.6,門別
2025/11/06,12,36,6,6,7,ドスハーツ,11,516.0,門別
2025/11/06,12,36,7,5,5,モダスオペランディ,12,648.6,門別
2025/11/06,12,36,8,8,11,ソルジャーフィルド,2,9.0,門別
2025/11/06,12,36,9,6,8,エメヴィベール,8,194.8,門別
2025/11/06,12,36,10,2,2,ヒストリーメイカー,7,112.3,門別
2025/11/06,12,36,11,7,9,アースライザー,9,455.0,門別
2025/11/06,12,36,12,3,3,ハセノパイロ,10,496.4,門別
2025/11/05,10,22,1,3,3,ライズタイガ,5,,船橋
2025/11/05,10,22,2,7,7,メイショウゴルシ,7,,船橋
2025/11/05,10,22,3,1,1,セラフィナイト,3,,船橋
2025/11/05,10,22,4,8,10,スライスヘリテージ,8,,船橋
2025/11/05,10,22,5,2,2,ハガネ,6,,船橋
2025/11/05,10,22,6,8,9,タルバン,1,,船橋
2025/11/05,10,22,7,5,5,ポッドボレット,4,,船橋
2025/11/05,10,22,8,7,8,メイショウヒメゴゼ,2,,船橋
2025/11/05,10,22,9,4,4,ラピスアダマンス,10,,船橋
2025/11/05,10,22,10,6,6,ヒャクシキ,9,,船橋
2025/11/05,11,22,1,8,10,ペガサスターボ,1,,船橋
2025/11/05,11,22,2,2,2,コルニリア,7,,船橋
2025/11/05,11,22,3,3,3,テイコク,6,,船橋
2025/11/05,11,22,4,7,7,インペリアルモート,4,,船橋
2025/11/05,11,22,5,4,4,ダブルアタック,5,,船橋
2025/11/05,11,22,6,7,8,ロマンスグレー,3,,船橋
2025/11/05,11,22,7,6,6,シスターアクト,8,,船橋
2025/11/05,11,22,8,1,1,デルマアートマン,2,,船橋
2025/11/05,11,22,9,5,5,クリノキングボス,9,,船橋
2025/11/05,11,22,10,8,9,メルテミア,10,,船橋
2025/11/05,10,36,1,8,11,エイシンミラーミ,2,3.1,門別
2025/11/05,10,36,2,8,12,マナアリイ,1,1.9,門別
2025/11/05,10,36,3,6,7,リバーサルトップ,4,8.8,門別
2025/11/05,10,36,4,7,9,アースコーリング,6,42.3,門別
2025/11/05,10,36,5,5,5,エーデルリッター,5,11.7,門別
2025/11/05,10,36,6,7,10,ササキンメロディ,11,220.6,門別
2025/11/05,10,36,7,5,6,ハクアイストーリー,7,51.2,門別
2025/11/05,10,36,8,3,3,ブルーコスモス,3,6.4,門別
2025/11/05,10,36,9,6,8,ミソドレミ,9,108.5,門別
2025/11/05,10,36,10,4,4,ブラックオレンジ,12,341.7,門別
2025/11/05,10,36,11,1,1,レディオインザラフ,8,69.7,門別
2025/11/05,10,36,12,2,2,ケロケロネコチャン,10,204.6,門別
2025/11/05,11,36,1,3,3,シンメルーブス,6,10.3,門別
2025/11/05,11,36,2,7,8,スティールドリーム,1,1.8,門別
2025/11/05,11,36,3,5,5,クルードラゴン,9,22.8,門別
2025/11/05,11,36,4,8,11,グッドボーイ,5,10.2,門別
2025/11/05,11,36,5,6,7,ブリッツファング,8,19.9,門別
2025/11/05,11,36,6,7,9,ディーエスエール,3,8.9,門別
2025/11/05,11,36,7,4,4,ヨシイチ,7,19.0,門別
2025/11/05,11,36,8,6,6,ポルラノーチェ,4,10.1,門別
2025/11/05,11,36,9,8,10,ノッテルーナ,10,224.1,門別
2025/11/05,11,36,10,2,2,ナムラゴロフキン,11,477.3,門別
2025/11/05,11,36,11,1,1,シンボ,2,6.3,門別
2025/11/05,12,36,1,8,9,スペシャルエックス,2,7.4,門別
2025/11/05,12,36,2,8,10,ミラクルヴォイス,4,9.8,門別
2025/11/05,12,36,3,6,6,キャンディドライヴ,1,1.3,門別
2025/11/05,12,36,4,7,8,デステージョ,5,10.5,門別
2025/11/05,12,36,5,3,3,ストリーム,6,28.0,門別
2025/11/05,12,36,6,5,5,ドウドウキリシマ,7,111.6,門別
2025/11/05,12,36,7,7,7,ベラジオゼロ,3,8.6,門別
2025/11/05,12,36,8,2,2,ピンクヴェノム,9,209.5,門別
2025/11/05,12,36,9,1,1,エイイチ,8,165.6,門別
2025/11/05,12,36,10,4,4,ジャスパーイーグル,10,219.5,門別
2025/10/28,10,36,1,8,11,ウインドファルクス,1,1.7,門別
2025/10/28,10,36,2,3,3,ヤマトオーザー,4,9.8,門別
2025/10/28,10,36,3,7,10,リコーミカ,3,8.0,門別
2025/10/28,10,36,4,6,8,メイショウクツカケ,2,2.9,門別
2025/10/28,10,36,5,8,12,ピエールテネシー,7,60.1,門別
2025/10/28,10,36,6,4,4,ゴーオールザウェイ,5,22.5,門別
2025/10/28,10,36,7,5,5,ロピア,6,26.3,門別
2025/10/28,10,36,8,7,9,キスメット,10,190.8,門別
2025/10/28,10,36,9,1,1,レイホープ,8,92.9,門別
2025/10/28,10,36,10,2,2,アトニモサキニモ,9,152.0,門別
2025/10/28,10,36,11,6,7,フリーパスポート,11,285.0,門別
2025/10/28,10,36,12,5,6,マリノシュライエン,12,454.0,門別
2025/10/28,11,36,1,4,4,サッポロキタコ,4,8.3,門別
2025/10/28,11,36,2,5,6,デュジャック,3,7.4,門別
2025/10/28,11,36,3,2,2,ブラヴォケラトプス,2,3.3,門別
2025/10/28,11,36,4,7,10,ヴィトーリアヘーザ,5,16.7,門別
2025/10/28,11,36,5,8,12,ササキントモジロウ,6,17.1,門別
2025/10/28,11,36,6,6,8,スパイツサージュ,10,314.3,門別
2025/10/28,11,36,7,5,5,エクストラチャージ,1,1.8,門別
2025/10/28,11,36,8,6,7,ロードヴェスパー,11,389.3,門別
2025/10/28,11,36,9,8,11,コパノキャスター,9,122.5,門別
2025/10/28,11,36,10,3,3,プリスマティカ,8,67.9,門別
2025/10/28,11,36,11,1,1,イイデスカイハイ,12,393.7,門別
2025/10/28,11,36,12,7,9,タイキブライトン,7,39.7,門別
2025/10/28,12,36,1,5,6,アステロイドメア,1,3.0,門別
2025/10/28,12,36,2,5,5,ショーケン,3,3.7,門別
2025/10/28,12,36,3,6,8,リムショット,4,7.5,門別
2025/10/28,12,36,4,7,9,アルファインディ,5,15.3,門別
2025/10/28,12,36,5,1,1,メイショウマーブル,10,86.1,門別
2025/10/28,12,36,6,6,7,ファーマシャイン,2,3.1,門別
2025/10/28,12,36,7,4,4,ミスサラワク,8,62.8,門別
2025/10/28,12,36,8,3,3,グッデーサイレンス,7,21.0,門別
2025/10/28,12,36,9,2,2,ウェルメイド,12,412.1,門別
2025/10/28,12,36,10,7,10,アルマブレイド,11,314.8,門別
2025/10/28,12,36,11,8,12,クラウォー,6,20.8,門別
2025/10/28,12,36,12,8,11,ラファエーレ,9,66.0,門別
2025/11/03,10,36,1,6,6,ペプチドシュチク,1,1.9,門別
2025/11/03,10,36,2,3,3,モーニングショー,4,8.1,門別
2025/11/03,10,36,3,7,7,パレスゴールド,2,3.0,門別
2025/11/03,10,36,4,2,2,ディオスメッセージ,5,24.4,門別
2025/11/03,10,36,5,7,8,ジョルジュ,3,5.7,門別
2025/11/03,10,36,6,8,10,トラジロウ,6,31.5,門別
2025/11/03,10,36,7,1,1,スティールマジック,7,44.3,門別
2025/11/03,10,36,8,4,4,フクノブルジュ,8,84.9,門別
2025/11/03,10,36,9,5,5,ヒズライフ,9,224.6,門別
2025/11/03,11,36,1,4,4,タマモフリージア,6,10.0,門別
2025/11/03,11,36,2,5,5,フルールドール,3,5.7,門別
2025/11/03,11,36,3,2,2,アヤサンジョウタロ,8,39.4,門別
2025/11/03,11,36,4,1,1,シーズザスローン,1,2.4,門別
2025/11/03,11,36,5,8,10,エンドレスソロウ,4,6.2,門別
2025/11/03,11,36,6,7,8,スターシップ,7,18.7,門別
2025/11/03,11,36,7,6,7,ジュウリョクピエロ,2,5.4,門別
2025/11/03,11,36,8,7,9,ケントン,5,7.1,門別
2025/11/03,11,36,9,8,11,トレモロ,9,256.6,門別
2025/11/03,11,36,10,6,6,レーザーベルン,11,630.1,門別
2025/11/03,11,36,11,3,3,タイセイシャルト,10,284.7,門別
2025/11/03,12,36,1,4,5,ゴッドバロック,1,2.0,門別
2025/11/03,12,36,2,8,14,シーテープ,2,5.2,門別
2025/11/03,12,36,3,7,12,サヨナキドリ,4,6.9,門別
2025/11/03,12,36,4,8,13,ブルーメンガルテン,3,5.9,門別
2025/11/03,12,36,5,7,11,ファインキック,7,52.8,門別
2025/11/03,12,36,6,4,6,バウヴォーグ,5,7.0,門別
2025/11/03,12,36,7,6,10,グレートスティック,9,216.4,門別
2025/11/03,12,36,8,6,9,ガンタン,8,70.1,門別
2025/11/03,12,36,9,3,4,スティルアローン,14,581.2,門別
2025/11/03,12,36,10,3,3,ベイビーザロック,11,278.9,門別
2025/11/03,12,36,11,5,8,カミハマッテイル,6,14.2,門別
2025/11/03,12,36,12,5,7,テンエックス,10,260.9,門別
2025/11/03,12,36,13,1,1,アオノセカイ,13,329.3,門別
2025/11/03,12,36,14,2,2,ヘイルメリーラン,12,290.0,門別
2025/10/30,10,36,1,5,5,ヤマニンパッセ,3,8.2,門別
2025/10/30,10,36,2,2,2,ファリードゥーン,1,1.3,門別
2025/10/30,10,36,3,8,11,ハニービート,4,21.3,門別
2025/10/30,10,36,4,5,6,イクスクローバー,7,89.3,門別
2025/10/30,10,36,5,4,4,テーオーエジソン,5,65.1,門別
2025/10/30,10,36,6,6,7,ヤマニンリーリオ,6,69.2,門別
2025/10/30,10,36,7,1,1,コルテデフィート,9,438.2,門別
2025/10/30,10,36,8,6,8,マナマカナ,8,114.1,門別
2025/10/30,10,36,9,8,12,ジュンアサヒソラ,2,3.2,門別
2025/10/30,10,36,10,7,9,アイスボウル,11,644.4,門別
2025/10/30,10,36,11,7,10,クラキンカ,10,505.6,門別
2025/10/30,11,36,1,6,6,リュウノフライト,1,1.3,門別
2025/10/30,11,36,2,6,7,トウカイマシェリ,2,6.8,門別
2025/10/30,11,36,3,1,1,タイセイフレッサ,3,9.2,門別
2025/10/30,11,36,4,3,3,ビッグカレンルーフ,6,26.3,門別
2025/10/30,11,36,5,7,8,ミスティライズ,5,22.6,門別
2025/10/30,11,36,6,8,10,タケノルル,8,54.3,門別
2025/10/30,11,36,7,5,5,アヤサンジョリーン,11,430.9,門別
2025/10/30,11,36,8,2,2,アパタイトテソーロ,4,9.4,門別
2025/10/30,11,36,9,4,4,カイシンパジェント,10,160.0,門別
2025/10/30,11,36,10,7,9,エムティリオ,9,105.4,門別
2025/10/30,11,36,11,8,11,ミスバレンシア,7,26.6,門別
2025/10/30,12,36,1,7,9,パカラボーイ,9,105.2,門別
2025/10/30,12,36,2,3,3,レディパイロ,7,38.0,門別
2025/10/30,12,36,3,8,11,デュアルキャリアー,5,8.6,門別
2025/10/30,12,36,4,6,8,ルクスディライト,3,7.0,門別
2025/10/30,12,36,5,1,1,レイヴオン,4,7.2,門別
2025/10/30,12,36,6,6,7,サンリコリス,1,2.2,門別
2025/10/30,12,36,7,4,4,ボルゲリ,12,266.3,門別
2025/10/30,12,36,8,7,10,サウンドボス,2,4.1,門別
2025/10/30,12,36,9,5,6,グラストップロード,8,45.8,門別
2025/10/30,12,36,10,5,5,クラシカルスカラー,11,114.2,門別
2025/10/30,12,36,11,2,2,ケイアイアンタレス,6,11.4,門別
2025/10/29,10,36,1,5,6,キュータロー,6,47.8,門別
2025/10/29,10,36,2,1,1,アーロッタレット,1,1.4,門別
2025/10/29,10,36,3,2,2,ディクシーヴォーグ,2,2.6,門別
2025/10/29,10,36,4,6,8,オフビート,5,34.6,門別
2025/10/29,10,36,5,4,4,コンサイダー,4,31.5,門別
2025/10/29,10,36,6,8,12,ミニストリー,10,264.4,門別
2025/10/29,10,36,7,8,11,フロンテアブライト,9,113.1,門別
2025/10/29,10,36,8,7,10,サクラソーレ,3,14.5,門別
2025/10/29,10,36,9,6,7,トドイワウィンド,8,82.4,門別
2025/10/29,10,36,10,7,9,シセイダイキ,7,80.6,門別
2025/10/29,10,36,11,3,3,サクラカレント,11,474.3,門別
2025/10/29,10,36,12,5,5,ブラーブサージュ,12,578.4,門別
2025/10/29,11,36,1,6,7,イモータルウインド,2,2.8,門別
2025/10/29,11,36,2,1,1,スティールブライト,5,18.8,門別
2025/10/29,11,36,3,3,3,ワイルドラヴ,7,21.2,門別
2025/10/29,11,36,4,5,5,ラトワール,4,16.2,門別
2025/10/29,11,36,5,7,9,ニンリル,3,7.9,門別
2025/10/29,11,36,6,2,2,スワンオーキッド,10,425.2,門別
2025/10/29,11,36,7,7,8,ミッドナイトゲイル,6,20.0,門別
2025/10/29,11,36,8,8,10,ブレイヴァリーボス,8,158.7,門別
2025/10/29,11,36,9,4,4,フークファンタジー,11,551.3,門別
2025/10/29,11,36,10,8,11,ヴィルゲート,9,190.2,門別
2025/10/29,12,36,1,5,5,クラウンアールシー,2,2.4,門別
2025/10/29,12,36,2,4,4,メイショウゲキハ,1,2.3,門別
2025/10/29,12,36,3,8,11,ドクターストップ,3,9.6,門別
2025/10/29,12,36,4,8,12,ダバイカンティーク,10,54.0,門別
2025/10/29,12,36,5,6,8,レッドコート,11,175.7,門別
2025/10/29,12,36,6,7,10,スフレ,4,11.8,門別
2025/10/29,12,36,7,5,6,ラディアンテ,6,23.5,門別
2025/10/29,12,36,8,6,7,スイートキャンディ,9,53.3,門別
2025/10/29,12,36,9,2,2,マジックライン,8,49.7,門別
2025/10/29,12,36,10,1,1,キタノプレンティ,7,29.1,門別
2025/10/29,12,36,11,7,9,シルバーミラージュ,5,13.1,門別
2025/10/15,10,36,1,3,3,ファリードゥーン,1,1.0,門別
2025/10/15,10,36,2,8,12,ハニーベリー,2,8.5,門別
2025/10/15,10,36,3,4,4,トドイワウィンド,7,67.4,門別
2025/10/15,10,36,4,7,9,オフビート,5,42.7,門別
2025/10/15,10,36,5,5,6,キュータロー,4,22.7,門別
2025/10/15,10,36,6,1,1,サクラソーレ,3,22.2,門別
2025/10/15,10,36,7,6,7,フロンテアブライト,6,65.1,門別
2025/10/15,10,36,8,8,11,アイスボウル,8,71.8,門別
2025/10/15,10,36,9,6,8,サクラカレント,9,102.8,門別
2025/10/15,10,36,10,5,5,シセイダイキ,11,179.1,門別
2025/10/15,10,36,11,7,10,メイショウコウテツ,12,236.3,門別
2025/10/15,10,36,12,2,2,ミニストリー,10,162.4,門別
2025/10/15,11,36,1,7,8,ブレスドナイル,2,3.5,門別
2025/10/15,11,36,2,7,7,ルクスエクレール,3,6.9,門別
2025/10/15,11,36,3,5,5,ベンデュガ,8,50.2,門別
2025/10/15,11,36,4,3,3,メイショウゲキハ,1,1.9,門別
2025/10/15,11,36,5,2,2,ドクターストップ,7,29.2,門別
2025/10/15,11,36,6,4,4,スイートキャンディ,9,96.5,門別
2025/10/15,11,36,7,6,6,ダバイカンティーク,6,27.6,門別
2025/10/15,11,36,8,8,10,ラディアンテ,4,7.7,門別
2025/10/15,11,36,9,8,9,ゲームアップロード,10,146.0,門別
2025/10/15,11,36,10,1,1,タイキブライトン,5,12.1,門別
2025/10/15,12,36,1,8,10,ベルモンド,1,1.5,門別
2025/10/15,12,36,2,2,2,イモータルウインド,3,6.9,門別
2025/10/15,12,36,3,7,7,ビービーバシリス,5,15.6,門別
2025/10/15,12,36,4,5,5,ルクスディライト,4,8.4,門別
2025/10/15,12,36,5,1,1,ワイルドラヴ,7,31.7,門別
2025/10/15,12,36,6,7,8,スティールブライト,2,4.8,門別
2025/10/15,12,36,7,3,3,スワンオーキッド,8,146.1,門別
2025/10/15,12,36,8,8,9,ブレイヴァリーボス,6,27.8,門別
2025/10/15,12,36,9,4,4,ヴィルゲート,9,292.2,門別
2025/10/15,12,36,10,6,6,シャイニーメイン,10,308.5,門別
2025/09/04,10,20,1,6,7,ポンドボーイ,1,,大井
2025/09/04,10,20,2,4,4,クラウンシューター,3,,大井
2025/09/04,10,20,3,7,9,ファーガス,2,,大井
2025/09/04,10,20,4,8,10,マルカンブロンド,8,,大井
2025/09/04,10,20,5,1,1,ガンモレジェンド,4,,大井
2025/09/04,10,20,6,5,5,マイネルボンバー,7,,大井
2025/09/04,10,20,7,8,11,スミソニアン,6,,大井
2025/09/04,10,20,8,7,8,ミライヘノシンゲキ,11,,大井
2025/09/04,10,20,9,2,2,ジーゲル,9,,大井
2025/09/04,10,20,10,6,6,ユウシンイモン,10,,大井
2025/09/04,10,20,11,3,3,サウンドズーム,5,,大井
2025/09/04,11,20,1,1,1,ゴーバディ,1,,大井
2025/09/04,11,20,2,4,4,ドキドキ,3,,大井
2025/09/04,11,20,3,5,5,チリンドリベント,2,,大井
2025/09/04,11,20,4,3,3,コンヨバンコク,5,,大井
2025/09/04,11,20,5,2,2,ゴールドカグヤヒメ,4,,大井
2025/09/04,11,20,6,6,6,ドーンルーチェ,6,,大井
2025/09/04,12,20,1,5,6,ソルベット,1,,大井
2025/09/04,12,20,2,2,2,マイネルオデーサ,6,,大井
2025/09/04,12,20,3,7,9,マイネルイージス,12,,大井
2025/09/04,12,20,4,7,10,リケアミネオラ,4,,大井
2025/09/04,12,20,5,4,4,ベストリオン,9,,大井
2025/09/04,12,20,6,6,7,ヒメカミノメガミ,10,,大井
2025/09/04,12,20,7,1,1,サクラジェンヌ,2,,大井
2025/09/04,12,20,8,8,12,クルーミーズクライ,3,,大井
2025/09/04,12,20,9,8,11,ビルドラポール,7,,大井
2025/09/04,12,20,10,6,8,ギンノダンガン,5,,大井
2025/09/04,12,20,11,3,3,アクナーテン,8,,大井
2025/09/04,12,20,12,5,5,ライヴクラッカー,11,,大井
2025/10/24,10,20,1,8,10,コスモブライヤー,6,,大井
2025/10/24,10,20,2,8,9,ビッグアメリカン,7,,大井
2025/10/24,10,20,3,3,3,サンスイシサン,2,,大井
2025/10/24,10,20,4,7,7,ケイアイマハナ,4,,大井
2025/10/24,10,20,5,1,1,ゴンザーゴ,1,,大井
2025/10/24,10,20,6,6,6,ブラックサウザー,3,,大井
2025/10/24,10,20,7,5,5,ヤンノカステップ,8,,大井
2025/10/24,10,20,8,4,4,パワーキングダム,5,,大井
2025/10/24,10,20,9,2,2,コパノスタンリー,9,,大井
2025/10/24,10,20,10,7,8,コスタデラルス,10,,大井
2025/10/24,11,20,1,4,4,エルツ,2,,大井
2025/10/24,11,20,2,7,8,ゴールデンクラウン,1,,大井
2025/10/24,11,20,3,7,7,ガンモレジェンド,7,,大井
2025/10/24,11,20,4,6,6,アジアジェニファー,6,,大井
2025/10/24,11,20,5,3,3,プラズマ,4,,大井
2025/10/24,11,20,6,2,2,タケノシンセイ,5,,大井
2025/10/24,11,20,7,1,1,ロンギングナイス,3,,大井
2025/10/24,11,20,8,8,10,マイネルボンバー,9,,大井
2025/10/24,11,20,9,5,5,ロイヤルザップ,8,,大井
2025/10/24,11,20,10,8,9,ジーゲル,10,,大井
2025/10/24,12,20,1,8,14,オグメンタ,2,,大井
2025/10/24,12,20,2,5,7,ジャズスマイル,1,,大井
2025/10/24,12,20,3,3,3,クインズアトリア,3,,大井
2025/10/24,12,20,3,5,8,サフィールシェール,7,,大井
2025/10/24,12,20,5,8,13,フォーモサルビー,8,,大井
2025/10/24,12,20,6,6,9,スキャロップ,9,,大井
2025/10/24,12,20,7,1,1,アシャニンカ,4,,大井
2025/10/24,12,20,8,4,6,ケンヴィヴァルディ,5,,大井
2025/10/24,12,20,9,2,2,ナックブレット,6,,大井
2025/10/24,12,20,10,3,4,ロッキンミー,10,,大井
2025/10/24,12,20,11,4,5,アウトビアンキ,11,,大井
2025/10/24,12,20,12,7,11,インサイダー,13,,大井
2025/10/24,12,20,13,7,12,リュウワンカノア,12,,大井
2025/10/24,12,20,14,6,10,マルヨジョーダン,14,,大井
2025/10/23,10,20,1,5,8,ストライクノワール,7,,大井
2025/10/23,10,20,2,4,5,フラグランツァ,4,,大井
2025/10/23,10,20,3,3,3,フローティンローズ,3,,大井
2025/10/23,10,20,4,8,13,チュイション,12,,大井
2025/10/23,10,20,5,5,7,コスモギンガ,11,,大井
2025/10/23,10,20,6,4,6,トキノカンピオーネ,1,,大井
2025/10/23,10,20,7,7,12,ヤザン,9,,大井
2025/10/23,10,20,8,1,1,ダッシングマン,14,,大井
2025/10/23,10,20,9,6,10,コスモトロイメル,5,,大井
2025/10/23,10,20,10,2,2,メイショウトワニ,6,,大井
2025/10/23,10,20,10,3,4,ホヌ,13,,大井
2025/10/23,10,20,12,6,9,ワイドコンプリー,8,,大井
2025/10/23,10,20,13,7,11,ピックアンドロール,10,,大井
2025/10/23,10,20,14,8,14,ドレッドノート,2,,大井
2025/10/23,11,20,1,6,6,ローウェル,3,,大井
2025/10/23,11,20,2,5,5,エドノフェニックス,4,,大井
2025/10/23,11,20,3,4,4,ルイス,1,,大井
2025/10/23,11,20,4,3,3,ランプロン,2,,大井
2025/10/23,11,20,5,2,2,メディーヴァル,5,,大井
2025/10/23,11,20,6,1,1,トチノヒーロー,6,,大井
2025/10/23,11,20,7,7,7,クオレス,7,,大井
2025/10/23,12,20,1,4,5,ゴールデンブザー,2,,大井
2025/10/23,12,20,2,8,13,マイネルオデーサ,8,,大井
2025/10/23,12,20,3,5,6,アッティラ,9,,大井
2025/10/23,12,20,4,4,4,レベリオス,5,,大井
2025/10/23,12,20,5,7,10,マルカンブロンド,4,,大井
2025/10/23,12,20,6,6,9,ケンマキシム,10,,大井
2025/10/23,12,20,7,1,1,アンブロジアーナ,3,,大井
2025/10/23,12,20,8,3,3,スミソニアン,7,,大井
2025/10/23,12,20,9,7,11,ベンテイガ,1,,大井
2025/10/23,12,20,10,6,8,リケアミネオラ,11,,大井
2025/10/23,12,20,11,2,2,レイリ,6,,大井
2025/10/23,12,20,12,8,12,ヤクモ,13,,大井
2025/10/23,12,20,13,5,7,ベラジオボッキーニ,12,,大井
2025/10/23,10,36,1,7,10,ペプチドシュチク,1,1.2,門別
2025/10/23,10,36,2,8,12,ウイスキータイム,6,34.6,門別
2025/10/23,10,36,3,4,4,ジャイロ,7,35.8,門別
2025/10/23,10,36,4,6,7,アニマルフルーツ,10,80.6,門別
2025/10/23,10,36,5,1,1,ラストボーン,8,36.7,門別
2025/10/23,10,36,6,2,2,トレヴェナ,3,12.0,門別
2025/10/23,10,36,7,5,6,マナコア,2,8.5,門別
2025/10/23,10,36,8,5,5,トーセンジャック,9,63.3,門別
2025/10/23,10,36,9,7,9,シシャモフレンド,5,15.2,門別
2025/10/23,10,36,10,6,8,ジャスパーシャイン,4,13.5,門別
2025/10/23,10,36,11,3,3,エターナルルビー,12,512.6,門別
2025/10/23,10,36,12,8,11,マリンジェミナイ,11,400.6,門別
2025/10/23,11,36,1,7,7,ジャスマン,4,6.6,門別
2025/10/23,11,36,2,4,4,ドバイミッション,1,2.4,門別
2025/10/23,11,36,3,1,1,アイルヴィータ,2,4.1,門別
2025/10/23,11,36,4,5,5,ホウオウサンサール,3,4.9,門別
2025/10/23,11,36,5,8,8,マイプレスティ,5,7.3,門別
2025/10/23,11,36,6,3,3,ラブレガル,6,16.8,門別
2025/10/23,11,36,7,6,6,ドスコ,7,53.5,門別
2025/10/23,11,36,8,8,9,ラスターカノン,9,127.6,門別
2025/10/23,11,36,9,2,2,クライオブジアース,8,56.2,門別
2025/10/23,12,36,1,7,7,カッパギ,4,9.2,門別
2025/10/23,12,36,2,6,6,ジャスパーメジャー,1,1.7,門別
2025/10/23,12,36,3,5,5,ピンクヴェノム,2,3.6,門別
2025/10/23,12,36,4,2,2,トウカイエトワール,5,23.0,門別
2025/10/23,12,36,5,1,1,デアフルーグ,6,27.6,門別
2025/10/23,12,36,6,4,4,スティールストーム,7,70.6,門別
2025/10/23,12,36,7,3,3,オンラインボス,3,4.8,門別
2025/10/22,10,20,1,1,1,ビバワセダ,8,,大井
2025/10/22,10,20,2,3,3,ロイヤルエピック,3,,大井
2025/10/22,10,20,3,8,11,タカノドリーム,4,,大井
2025/10/22,10,20,4,8,10,ナデナデ,1,,大井
2025/10/22,10,20,5,7,8,アソス,6,,大井
2025/10/22,10,20,6,6,6,ダンシングラスカル,5,,大井
2025/10/22,10,20,7,6,7,イーオレイ,2,,大井
2025/10/22,10,20,8,5,5,マテラハチイチ,7,,大井
2025/10/22,10,20,9,4,4,ファビエンヌ,9,,大井
2025/10/22,10,20,10,7,9,ウチュウノキボウ,11,,大井
2025/10/22,10,20,11,2,2,キセキヲノゾムナラ,10,,大井
2025/10/22,11,20,1,4,7,ゴールドレガシー,6,,大井
2025/10/22,11,20,2,2,4,ムエックス,1,,大井
2025/10/22,11,20,3,6,12,リコールガー,8,,大井
2025/10/22,11,20,4,7,13,オメガシンフォニー,7,,大井
2025/10/22,11,20,5,1,2,ハデスキーパー,14,,大井
2025/10/22,11,20,6,3,5,ナチュラルハイ,4,,大井
2025/10/22,11,20,7,8,15,キングストンボーイ,2,,大井
2025/10/22,11,20,8,1,1,リンゾウチャネル,5,,大井
2025/10/22,11,20,9,8,16,バハルダール,11,,大井
2025/10/22,11,20,10,4,8,モズリッキー,12,,大井
2025/10/22,11,20,11,5,9,フジユージーン,10,,大井
2025/10/22,11,20,12,3,6,カールスバート,15,,大井
2025/10/22,11,20,13,5,10,エスケンドリーム,9,,大井
2025/10/22,11,20,14,7,14,アランバローズ,3,,大井
2025/10/22,11,20,15,2,3,シシュフォス,13,,大井
2025/10/22,11,20,16,6,11,グランデマーレ,16,,大井
2025/10/22,12,20,1,1,1,カヌレフレイバー,1,,大井
2025/10/22,12,20,2,2,2,カナウ,3,,大井
2025/10/22,12,20,3,8,13,トゥースパークル,4,,大井
2025/10/22,12,20,4,7,11,フェルディナンド,9,,大井
2025/10/22,12,20,5,4,4,サイアンドコー,2,,大井
2025/10/22,12,20,6,6,8,コアリオ,7,,大井
2025/10/22,12,20,7,8,12,パレルモ,6,,大井
2025/10/22,12,20,8,4,5,ボルドーネセバル,11,,大井
2025/10/22,12,20,9,3,3,ゴールドジャッジ,5,,大井
2025/10/22,12,20,10,7,10,ミラコロカナーレ,10,,大井
2025/10/22,12,20,11,5,6,ローズピリオド,12,,大井
2025/10/22,12,20,12,5,7,シャークスポット,8,,大井
2025/10/22,12,20,13,6,9,ガルヴァナイズ,13,,大井
2025/10/22,10,36,1,6,6,リコータロス,6,10.7,門別
2025/10/22,10,36,2,7,7,オーヴァザトラブル,3,8.3,門別
2025/10/22,10,36,3,3,3,インカント,7,12.5,門別
2025/10/22,10,36,4,8,9,プレスリー,5,9.3,門別
2025/10/22,10,36,5,7,8,フレアリングバロン,9,89.8,門別
2025/10/22,10,36,6,2,2,メチカブーラ,1,2.4,門別
2025/10/22,10,36,7,1,1,フォレストターキン,2,3.8,門別
2025/10/22,10,36,8,4,4,ダンストンセリュー,4,9.0,門別
2025/10/22,10,36,9,5,5,ハイパーファイン,8,22.1,門別
2025/10/22,10,36,10,8,10,クロノライデン,10,126.4,門別
2025/10/22,11,36,1,7,8,ライルアケカイ,1,2.2,門別
2025/10/22,11,36,2,8,10,レルアバド,2,2.9,門別
2025/10/22,11,36,3,3,3,マイモーメント,6,13.8,門別
2025/10/22,11,36,4,8,9,スペイスフォース,5,13.2,門別
2025/10/22,11,36,5,1,1,アヴェッリーノ,7,20.1,門別
2025/10/22,11,36,6,4,4,イイデマイヒメ,4,11.6,門別
2025/10/22,11,36,7,7,7,ズンガリプテルス,8,35.2,門別
2025/10/22,11,36,8,6,6,ブッシュドノエル,10,188.1,門別
2025/10/22,11,36,9,5,5,グッドフェイス,9,141.1,門別
2025/10/22,11,36,10,2,2,バンカブルスター,3,6.6,門別
2025/10/22,12,36,1,7,7,ニシケンボブ,1,1.8,門別
2025/10/22,12,36,2,2,2,アナザートゥルース,2,2.8,門別
2025/10/22,12,36,3,8,8,ヴィヴィアンエイト,3,4.9,門別
2025/10/22,12,36,4,4,4,ブリッツファング,6,28.0,門別
2025/10/22,12,36,5,5,5,アースライザー,5,22.5,門別
2025/10/22,12,36,6,6,6,クルードラゴン,4,13.5,門別
2025/10/22,12,36,7,1,1,ブレイブアモーレ,7,177.9,門別
2025/10/22,12,36,8,3,3,モダスオペランディ,8,226.7,門別
2025/10/21,10,20,1,4,8,カガヤキテンマ,2,,大井
2025/10/21,10,20,2,7,13,シャープムスタング,1,,大井
2025/10/21,10,20,3,8,16,コーラルキング,5,,大井
2025/10/21,10,20,4,4,7,トーケンレナン,8,,大井
2025/10/21,10,20,5,1,2,ヨゾラノムコウニ,4,,大井
2025/10/21,10,20,6,6,12,ドゥーロアバンティ,6,,大井
2025/10/21,10,20,7,1,1,プレストアーサー,3,,大井
2025/10/21,10,20,8,7,14,トーアカラカウア,9,,大井
2025/10/21,10,20,9,2,3,シャークシャイニー,14,,大井
2025/10/21,10,20,10,3,6,カルテメトレス,12,,大井
2025/10/21,10,20,11,5,9,ラバテラリュージュ,15,,大井
2025/10/21,10,20,12,6,11,ムサシエクスプレス,10,,大井
2025/10/21,10,20,13,3,5,フォースチルドレン,11,,大井
2025/10/21,10,20,14,8,15,ティーズアペックス,13,,大井
2025/10/21,10,20,15,2,4,エイシンネクタル,16,,大井
2025/10/21,10,20,16,5,10,ピリー,7,,大井
2025/10/21,11,20,1,8,8,エクセスリターン,1,,大井
2025/10/21,11,20,2,1,1,タイガーチャージ,2,,大井
2025/10/21,11,20,3,5,5,メランポジューム,5,,大井
2025/10/21,11,20,4,6,6,リチャ,3,,大井
2025/10/21,11,20,5,7,7,マイネルサブマリン,4,,大井
2025/10/21,11,20,6,2,2,ヒミノフラッシュ,9,,大井
2025/10/21,11,20,7,8,9,マイネルロッシュ,8,,大井
2025/10/21,11,20,8,3,3,ダイバリオン,7,,大井
2025/10/21,11,20,9,4,4,ウインリブルマン,6,,大井
2025/10/21,12,20,1,8,15,シャインフォール,2,,大井
2025/10/21,12,20,2,4,7,アンフォラ,4,,大井
2025/10/21,12,20,3,6,12,ラインエンジェル,13,,大井
2025/10/21,12,20,4,5,10,サブノコイゴコロ,10,,大井
2025/10/21,12,20,5,6,11,サブノリョウマ,7,,大井
2025/10/21,12,20,6,3,6,オンマガトオル,1,,大井
2025/10/21,12,20,7,2,3,デュアルロンド,3,,大井
2025/10/21,12,20,8,5,9,ティーズエナジー,8,,大井
2025/10/21,12,20,9,1,2,ヘクトプリンセス,15,,大井
2025/10/21,12,20,10,2,4,キタノライアン,12,,大井
2025/10/21,12,20,11,7,14,プラチナムロッド,6,,大井
2025/10/21,12,20,12,4,8,シューボーイ,9,,大井
2025/10/21,12,20,13,1,1,ビリーヴホース,14,,大井
2025/10/21,12,20,14,7,13,ノーブルジーク,11,,大井
2025/10/21,12,20,15,3,5,サウンドクラージュ,5,,大井
2025/10/21,10,36,1,1,1,エメラルドシティー,6,19.0,門別
2025/10/21,10,36,2,8,10,クラウンジュエル,1,2.3,門別
2025/10/21,10,36,3,5,5,コンプリート,2,3.7,門別
2025/10/21,10,36,4,7,9,マジックゲール,3,6.1,門別
2025/10/21,10,36,5,4,4,スペースリーガ,4,7.2,門別
2025/10/21,10,36,6,6,6,アースジェイソンテ,9,130.4,門別
2025/10/21,10,36,7,6,7,ヤマニンラリアンス,5,7.7,門別
2025/10/21,10,36,8,3,3,フルーツワゴン,11,255.0,門別
2025/10/21,10,36,9,8,11,シバノテンテン,10,185.4,門別
2025/10/21,10,36,10,7,8,プレシャスブーケ,7,36.4,門別
2025/10/21,10,36,11,2,2,ブラックモア,8,46.2,門別
2025/10/21,11,36,1,1,1,スティールドリーム,2,3.1,門別
2025/10/21,11,36,2,8,8,シンメルーブス,4,17.3,門別
2025/10/21,11,36,3,7,7,グッドボーイ,3,10.2,門別
2025/10/21,11,36,4,6,6,アジャイルブラック,1,1.3,門別
2025/10/21,11,36,5,2,2,ノッテルーナ,8,161.1,門別
2025/10/21,11,36,6,3,3,フレスコバルディ,6,70.8,門別
2025/10/21,11,36,7,4,4,ナムラゴロフキン,7,70.8,門別
2025/10/21,11,36,8,5,5,スティールマジック,5,48.8,門別
2025/10/21,12,36,1,7,10,パレスゴールド,2,4.2,門別
2025/10/21,12,36,2,7,9,トモノシルバー,5,12.2,門別
2025/10/21,12,36,3,8,12,モーニングショー,3,4.4,門別
2025/10/21,12,36,4,3,3,ジョルジュ,1,2.0,門別
2025/10/21,12,36,5,8,11,オカンモシャチョウ,4,9.1,門別
2025/10/21,12,36,6,5,5,フクノブルジュ,8,99.1,門別
2025/10/21,12,36,7,6,8,モノノフブラック,6,19.1,門別
2025/10/21,12,36,8,1,1,スカーズ,10,157.4,門別
2025/10/21,12,36,9,2,2,サクラルーフェン,11,215.4,門別
2025/10/21,12,36,10,4,4,ヒズライフ,12,457.9,門別
2025/10/21,12,36,11,5,6,トラジロウ,7,32.5,門別
2025/10/21,12,36,12,6,7,エバニスタ,9,128.9,門別
2025/10/20,10,20,1,5,5,タケシ,2,,大井
2025/10/20,10,20,2,2,2,セントラルガバナー,1,,大井
2025/10/20,10,20,3,7,7,アポロリヤム,5,,大井
2025/10/20,10,20,4,1,1,ボディコンシャス,6,,大井
2025/10/20,10,20,5,3,3,ゴールデンヨシノ,8,,大井
2025/10/20,10,20,6,8,8,アイズ,7,,大井
2025/10/20,10,20,7,6,6,シザーハンズ,4,,大井
2025/10/20,10,20,8,8,9,キエティスム,3,,大井
2025/10/20,10,20,9,4,4,ウィンウッド,9,,大井
2025/10/20,11,20,1,5,10,アイビーサムライオ,1,,大井
2025/10/20,11,20,2,7,14,ユーヒナタ,6,,大井
2025/10/20,11,20,3,3,6,トランジェント,2,,大井
2025/10/20,11,20,4,8,15,バズッチ,5,,大井
2025/10/20,11,20,5,6,12,コスモバシレウス,13,,大井
2025/10/20,11,20,6,1,2,クイーンカトリーヌ,12,,大井
2025/10/20,11,20,7,3,5,イチニチショチョウ,9,,大井
2025/10/20,11,20,8,1,1,コーミズアムール,14,,大井
2025/10/20,11,20,9,6,11,ヴァルタリ,11,,大井
2025/10/20,11,20,10,2,4,カラーオブジアース,3,,大井
2025/10/20,11,20,11,8,16,ムサシジェリーナ,15,,大井
2025/10/20,11,20,12,4,7,イモノソーダワリデ,4,,大井
2025/10/20,11,20,13,7,13,フロンタルジェダイ,8,,大井
2025/10/20,11,20,14,4,8,ゲールタクト,10,,大井
2025/10/20,11,20,15,5,9,フォルツァ,7,,大井
2025/10/20,11,20,16,2,3,バンドールロゼ,16,,大井
2025/10/20,12,20,1,8,12,ペイシャコパ,3,,大井
2025/10/20,12,20,2,8,13,セキトバシューズ,1,,大井
2025/10/20,12,20,3,5,6,デュードサンライズ,2,,大井
2025/10/20,12,20,4,7,10,サガノオウマサン,7,,大井
2025/10/20,12,20,5,4,5,ギンノダンガン,6,,大井
2025/10/20,12,20,6,6,9,レヴォリオ,12,,大井
2025/10/20,12,20,7,4,4,マイネルイージス,11,,大井
2025/10/20,12,20,8,2,2,センジュ,8,,大井
2025/10/20,12,20,9,3,3,マルチライセンス,13,,大井
2025/10/20,12,20,10,1,1,カズピレウス,4,,大井
2025/10/20,12,20,11,5,7,タキ,5,,大井
2025/10/20,12,20,12,6,8,カレーウドン,9,,大井
2025/10/20,12,20,13,7,11,ブレストサンダー,10,,大井
2025/10/17,10,21,1,3,3,クレシューズ,1,,川崎
2025/10/17,10,21,2,8,13,サイレントヴォイス,2,,川崎
2025/10/17,10,21,3,7,11,グロリアンズタイム,5,,川崎
2025/10/17,10,21,4,5,8,メイショウクラーク,3,,川崎
2025/10/17,10,21,5,6,9,ナリノヴァニーユ,10,,川崎
2025/10/17,10,21,6,6,10,ライパチ,7,,川崎
2025/10/17,10,21,7,5,7,エスシーヤマト,11,,川崎
2025/10/17,10,21,8,2,2,リグレイアー,13,,川崎
2025/10/17,10,21,9,4,5,エスプリゴンザレス,8,,川崎
2025/10/17,10,21,10,8,14,ショウネンジダイ,9,,川崎
2025/10/17,10,21,11,3,4,ディープグラビティ,6,,川崎
2025/10/17,10,21,12,4,6,スコプルス,14,,川崎
2025/10/17,10,21,13,1,1,アルメールヴェント,12,,川崎
2025/10/17,10,21,14,7,12,スイッチオン,4,,川崎
2025/10/17,11,21,1,8,14,カラリパヤット,1,,川崎
2025/10/17,11,21,2,3,4,ジェントルタッチ,2,,川崎
2025/10/17,11,21,3,3,3,オングライドパス,4,,川崎
2025/10/17,11,21,4,4,5,シントーハナノボス,8,,川崎
2025/10/17,11,21,5,1,1,ルージュブラゾン,6,,川崎
2025/10/17,11,21,6,4,6,ギンユウシジン,3,,川崎
2025/10/17,11,21,7,7,12,キタノトパーズ,5,,川崎
2025/10/17,11,21,8,5,7,カタルシス,10,,川崎
2025/10/17,11,21,9,2,2,ミッキーハッスル,11,,川崎
2025/10/17,11,21,10,8,13,レッドサラマンダー,13,,川崎
2025/10/17,11,21,11,6,10,コスモスミッチー,9,,川崎
2025/10/17,11,21,12,6,9,ゲットアップゲート,7,,川崎
2025/10/17,11,21,13,5,8,クラジャンク,14,,川崎
2025/10/17,11,21,14,7,11,クラサーベル,12,,川崎
2025/10/17,12,21,1,3,3,ラックナシェード,1,,川崎
2025/10/17,12,21,2,2,2,ゴーゴーダンサー,3,,川崎
2025/10/17,12,21,3,5,5,ウロンブランカ,9,,川崎
2025/10/17,12,21,4,1,1,ヒメカグラ,4,,川崎
2025/10/17,12,21,5,5,6,タイトルコール,2,,川崎
2025/10/17,12,21,6,6,8,ヒガシブレーヴ,8,,川崎
2025/10/17,12,21,7,8,11,シェナベスト,10,,川崎
2025/10/17,12,21,8,6,7,オースター,5,,川崎
2025/10/17,12,21,9,7,9,ルージュルージュ,7,,川崎
2025/10/17,12,21,10,4,4,クリノエンジェル,11,,川崎
2025/10/17,12,21,11,7,10,ベアビー,12,,川崎
2025/10/17,12,21,12,8,12,アミーコアイドル,6,,川崎
2025/10/16,10,21,1,8,11,マカゼ,1,,川崎
2025/10/16,10,21,2,2,2,ハローマイラブリー,3,,川崎
2025/10/16,10,21,3,1,1,ソレア,7,,川崎
2025/10/16,10,21,4,4,4,シゲルマッハ,2,,川崎
2025/10/16,10,21,5,3,3,アカザ,5,,川崎
2025/10/16,10,21,6,7,8,ルールメイプル,6,,川崎
2025/10/16,10,21,7,5,5,ソウルストライク,11,,川崎
2025/10/16,10,21,8,8,10,タツノマッハ,9,,川崎
2025/10/16,10,21,9,6,7,ライヴトパーズ,8,,川崎
2025/10/16,10,21,10,6,6,デーレーラプター,4,,川崎
2025/10/16,10,21,11,7,9,サザンレイク,10,,川崎
2025/10/16,11,21,1,4,4,エスカティア,3,,川崎
2025/10/16,11,21,2,6,8,ウィルシャイン,1,,川崎
2025/10/16,11,21,3,6,7,アメストリス,4,,川崎
2025/10/16,11,21,4,3,3,マオノジーニー,7,,川崎
2025/10/16,11,21,5,2,2,チャチャハツゴウ,2,,川崎
2025/10/16,11,21,6,7,9,オリコウデレガンス,5,,川崎
2025/10/16,11,21,7,8,11,ハナノウタゲ,9,,川崎
2025/10/16,11,21,8,5,5,セラード,11,,川崎
2025/10/16,11,21,9,5,6,セレニアサミット,6,,川崎
2025/10/16,11,21,10,7,10,アンジュメロディ,10,,川崎
2025/10/16,11,21,11,8,12,ピッツァナポリ,8,,川崎
2025/10/16,12,21,1,5,6,ナチュラルターン,3,,川崎
2025/10/16,12,21,2,2,2,サウンドバッハ,5,,川崎
2025/10/16,12,21,3,6,7,タイセイフランク,6,,川崎
2025/10/16,12,21,4,1,1,ラムテリオス,2,,川崎
2025/10/16,12,21,5,7,9,コパノマロン,1,,川崎
2025/10/16,12,21,6,6,8,アスタラビスタ,10,,川崎
2025/10/16,12,21,7,8,11,ゴールデンカガヤ,11,,川崎
2025/10/16,12,21,8,5,5,グレイトムーン,12,,川崎
2025/10/16,12,21,9,8,12,ショウナンマンテン,4,,川崎
2025/10/16,12,21,10,3,3,ニシノニューリーフ,9,,川崎
2025/10/16,12,21,11,4,4,エスジースパークル,7,,川崎
2025/10/16,12,21,12,7,10,パワポケウイング,8,,川崎
2025/10/16,10,36,1,6,7,ウィンストラテジー,3,6.9,門別
2025/10/16,10,36,2,4,4,エイイチ,2,2.6,門別
2025/10/16,10,36,3,8,11,ジャズダンス,9,72.0,門別
2025/10/16,10,36,4,7,9,ハニービート,5,12.3,門別
2025/10/16,10,36,5,7,10,ビービーダイゴ,6,14.7,門別
2025/10/16,10,36,6,8,12,イクスクローバー,4,12.0,門別
2025/10/16,10,36,7,3,3,クアトロソバージュ,10,259.6,門別
2025/10/16,10,36,8,5,5,ロアリングフレイム,1,2.2,門別
2025/10/16,10,36,9,6,8,テーオーエジソン,8,53.3,門別
2025/10/16,10,36,10,2,2,マナマカナ,7,40.6,門別
2025/10/16,10,36,11,1,1,クラキンカ,11,451.9,門別
2025/10/16,10,36,12,5,6,クィーンズヒル,12,454.4,門別
2025/10/16,11,36,1,8,12,ビリーヴアンドラン,1,2.4,門別
2025/10/16,11,36,2,5,5,アルファインディ,4,9.9,門別
2025/10/16,11,36,3,1,1,ホウヨウムーン,5,13.0,門別
2025/10/16,11,36,4,6,8,タカオスマイル,2,3.1,門別
2025/10/16,11,36,5,8,11,オンドリータイザン,10,165.5,門別
2025/10/16,11,36,6,6,7,ホウオウプラージュ,6,13.5,門別
2025/10/16,11,36,7,3,3,ヤマトオーザー,3,4.9,門別
2025/10/16,11,36,8,7,10,アニュスノーバス,7,28.5,門別
2025/10/16,11,36,9,7,9,フェッテ,9,133.2,門別
2025/10/16,11,36,10,5,6,シロカーク,8,43.4,門別
2025/10/16,11,36,11,4,4,フォールロワ,11,231.6,門別
2025/10/16,12,36,1,8,10,レイヴオン,3,10.5,門別
2025/10/16,12,36,2,1,1,カツノトキメキ,1,1.4,門別
2025/10/16,12,36,3,7,8,デュアルキャリアー,4,12.0,門別
2025/10/16,12,36,4,6,6,レディパイロ,5,20.3,門別
2025/10/16,12,36,5,7,9,サウンドボス,2,4.7,門別
2025/10/16,12,36,6,5,5,バラライカ,8,146.8,門別
2025/10/16,12,36,7,3,3,ラファエーレ,9,224.8,門別
2025/10/16,12,36,8,6,7,グラストップロード,6,21.4,門別
2025/10/16,12,36,9,4,4,パカラボーイ,7,23.4,門別
2025/10/16,12,36,10,8,11,フークファンタジー,11,479.6,門別
2025/10/16,12,36,11,2,2,ボルゲリ,10,321.2,門別
2025/10/15,10,21,1,3,3,ヤプシ,2,,川崎
2025/10/15,10,21,2,2,2,ピエフォール,1,,川崎
2025/10/15,10,21,3,1,1,シゲルオトコギ,5,,川崎
2025/10/15,10,21,4,3,4,サヨノビッグホープ,3,,川崎
2025/10/15,10,21,5,7,11,カナールショウヘイ,9,,川崎
2025/10/15,10,21,6,6,9,エレファントラン,8,,川崎
2025/10/15,10,21,7,8,13,ガストン,4,,川崎
2025/10/15,10,21,8,4,5,チューウィー,11,,川崎
2025/10/15,10,21,9,7,12,ナイトロ,7,,川崎
2025/10/15,10,21,10,4,6,ゴールデンプラチナ,13,,川崎
2025/10/15,10,21,11,5,8,サウンドノバ,14,,川崎
2025/10/15,10,21,12,6,10,ナイスカプチーノ,6,,川崎
2025/10/15,10,21,13,5,7,モトサン,10,,川崎
2025/10/15,10,21,14,8,14,ハチャトリアン,12,,川崎
2025/10/15,11,21,1,5,5,ベストグリーン,1,,川崎
2025/10/15,11,21,2,3,3,ハンデンドレイク,3,,川崎
2025/10/15,11,21,3,6,6,ゼーロス,5,,川崎
2025/10/15,11,21,4,1,1,ララメテオ,6,,川崎
2025/10/15,11,21,5,7,7,ロードレイジング,2,,川崎
2025/10/15,11,21,6,2,2,スマトラフレイバー,4,,川崎
2025/10/15,11,21,7,8,8,クリムゾンプリンス,7,,川崎
2025/10/15,11,21,8,4,4,トルーカ,8,,川崎
2025/10/15,12,21,1,6,9,ペータース,1,,川崎
2025/10/15,12,21,2,4,6,スターアドミラル,9,,川崎
2025/10/15,12,21,3,1,1,キングフリオーソ,8,,川崎
2025/10/15,12,21,4,4,5,ロードアスタリスク,6,,川崎
2025/10/15,12,21,5,2,2,クレーネ,4,,川崎
2025/10/15,12,21,6,6,10,パンプイット,5,,川崎
2025/10/15,12,21,7,8,14,サンナイアガラ,2,,川崎
2025/10/15,12,21,8,7,11,レディオンステージ,3,,川崎
2025/10/15,12,21,9,5,8,テリオスルナ,10,,川崎
2025/10/15,12,21,10,5,7,コンバットココ,11,,川崎
2025/10/15,12,21,11,8,13,オランジー,13,,川崎
2025/10/15,12,21,12,3,4,サンディビーチ,12,,川崎
2025/10/15,12,21,13,7,12,レーザースペックル,7,,川崎
2025/10/15,12,21,14,3,3,ティーケーメイト,14,,川崎
2025/07/01,10,36,1,6,6,ホワイトマジック,1,2.3,門別
2025/07/01,10,36,2,4,4,ホウヨウムーン,5,7.5,門別
2025/07/01,10,36,3,8,11,メフィスト,3,6.3,門別
2025/07/01,10,36,4,1,1,エースオブハーツ,8,50.5,門別
2025/07/01,10,36,5,7,8,ランスロット,2,3.9,門別
2025/07/01,10,36,6,8,10,フリーパスポート,6,17.3,門別
2025/07/01,10,36,7,6,7,スプリングレター,9,179.8,門別
2025/07/01,10,36,8,2,2,ショットブラスト,7,18.2,門別
2025/07/01,10,36,9,3,3,キタサンヤマブキ,4,7.3,門別
2025/07/01,10,36,10,7,9,ダイメイハマダ,11,455.6,門別
2025/07/01,10,36,11,5,5,フォルトシュリット,10,408.0,門別
2025/07/01,11,36,1,2,2,ケイアイアンタレス,3,5.3,門別
2025/07/01,11,36,2,1,1,アルファインディ,4,5.3,門別
2025/07/01,11,36,3,7,7,リコーニック,5,8.6,門別
2025/07/01,11,36,4,5,5,ヤマトオーザー,7,18.0,門別
2025/07/01,11,36,5,8,9,ゲームアップロード,1,3.2,門別
2025/07/01,11,36,6,7,8,ピンクシャウラ,9,43.2,門別
2025/07/01,11,36,7,3,3,セイウンピカイチ,2,3.8,門別
2025/07/01,11,36,8,4,4,ベラジオソノダヒメ,6,17.4,門別
2025/07/01,11,36,9,8,10,フークアーデル,10,227.3,門別
2025/07/01,11,36,10,6,6,ダバイカンティーク,8,19.1,門別
2025/07/01,12,36,1,4,4,スティールドリーム,1,1.4,門別
2025/07/01,12,36,2,8,8,ディーエスエール,3,4.9,門別
2025/07/01,12,36,3,5,5,フレスコバルディ,7,72.0,門別
2025/07/01,12,36,4,3,3,ワンターゲット,4,16.4,門別
2025/07/01,12,36,5,6,6,バンカブルスター,6,55.1,門別
2025/07/01,12,36,6,2,2,フクノブルジュ,2,4.3,門別
2025/07/01,12,36,7,1,1,ブッシュドノエル,8,200.8,門別
2025/07/01,12,36,8,7,7,センゲントップ,5,19.8,門別
2025/04/17,10,36,1,6,6,メイショウマーブル,1,1.6,門別
2025/04/17,10,36,2,8,8,スズロビンソン,4,8.8,門別
2025/04/17,10,36,3,1,1,ラフト,5,10.5,門別
2025/04/17,10,36,4,2,2,ハナカンザシ,3,5.9,門別
2025/04/17,10,36,5,3,3,フークアーデル,6,19.7,門別
2025/04/17,10,36,6,5,5,スプリングレター,2,4.6,門別
2025/04/17,10,36,7,7,7,ベストカリフ,7,102.4,門別
2025/04/17,10,36,8,4,4,ナムラダニー,8,106.6,門別
2025/04/17,11,36,1,3,3,アサマ,2,2.7,門別
2025/04/17,11,36,2,7,7,レルアバド,3,5.5,門別
2025/04/17,11,36,3,2,2,ステラビアンカ,1,2.1,門別
2025/04/17,11,36,4,1,1,シュネルカガ,6,38.0,門別
2025/04/17,11,36,5,4,4,ポンドエクスプレス,5,13.1,門別
2025/04/17,11,36,6,5,5,シロカーク,4,7.9,門別
2025/04/17,11,36,7,6,6,クリムゾンジュエル,7,65.0,門別
2025/04/17,12,36,1,7,8,シシャモフレンド,1,1.4,門別
2025/04/17,12,36,2,8,10,パカラボーイ,4,9.8,門別
2025/04/17,12,36,3,6,6,シャノンフォールズ,5,17.1,門別
2025/04/17,12,36,4,5,5,ブレイヴァリーボス,3,8.1,門別
2025/04/17,12,36,5,2,2,サヤオンニ,6,21.3,門別
2025/04/17,12,36,6,8,9,ヴァンダービルト,7,24.9,門別
2025/04/17,12,36,7,1,1,ヴィルゲート,10,204.2,門別
2025/04/17,12,36,8,7,7,インクルーデッド,2,5.4,門別
2025/04/17,12,36,9,4,4,ジョルジュ,8,61.6,門別
2025/04/17,12,36,10,3,3,サントレゾール,9,196.1,門別
2025/10/14,10,36,1,6,8,セイルロケット,1,1.1,門別
2025/10/14,10,36,2,7,10,デュジャック,3,15.3,門別
2025/10/14,10,36,3,4,4,マッターホルン,4,20.2,門別
2025/10/14,10,36,4,5,6,パウダースノウ,11,112.9,門別
2025/10/14,10,36,5,5,5,アトニモサキニモ,6,29.2,門別
2025/10/14,10,36,6,3,3,マルティネーテ,10,94.8,門別
2025/10/14,10,36,7,7,9,ベルオーブ,8,87.1,門別
2025/10/14,10,36,8,6,7,ミネノブルー,5,21.7,門別
2025/10/14,10,36,9,8,11,スパイツサージュ,12,191.7,門別
2025/10/14,10,36,10,8,12,スフレ,2,8.6,門別
2025/10/14,10,36,11,2,2,キッスミーアイ,9,92.2,門別
2025/10/14,10,36,12,1,1,ディマリア,7,73.4,門別
2025/10/14,11,36,1,6,6,メイショウクツカケ,1,1.3,門別
2025/10/14,11,36,2,7,7,コンヴァラリア,7,45.0,門別
2025/10/14,11,36,3,5,5,トーケンマコット,4,14.0,門別
2025/10/14,11,36,4,3,3,カナデルエア,5,26.9,門別
2025/10/14,11,36,5,2,2,ヤマニンファロ,8,55.3,門別
2025/10/14,11,36,6,4,4,クインタ,3,7.5,門別
2025/10/14,11,36,7,8,9,サクラキングリー,10,123.1,門別
2025/10/14,11,36,8,7,8,バルトゥール,6,41.8,門別
2025/10/14,11,36,9,8,10,ベラヴィットーリア,2,5.4,門別
2025/10/14,11,36,10,1,1,エデュース,9,58.7,門別
2025/10/14,12,36,1,2,2,マーゴットミニモ,4,13.7,門別
2025/10/14,12,36,2,1,1,ファーマシャイン,3,12.2,門別
2025/10/14,12,36,3,6,8,スリーレジェンド,1,1.5,門別
2025/10/14,12,36,4,3,3,グッデーサイレンス,8,63.1,門別
2025/10/14,12,36,5,4,4,クラウォー,6,30.2,門別
2025/10/14,12,36,6,7,10,ケイアイアンタレス,2,3.5,門別
2025/10/14,12,36,7,7,9,メイショウマーブル,7,43.1,門別
2025/10/14,12,36,8,8,11,アンドゥーラ,11,209.9,門別
2025/10/14,12,36,9,6,7,ミスサラワク,9,82.7,門別
2025/10/14,12,36,10,5,5,ウェルメイド,12,295.9,門別
2025/10/14,12,36,11,8,12,アルマブレイド,10,125.2,門別
2025/10/14,12,36,12,5,6,シュネルカガ,5,16.7,門別
2025/10/13,10,21,1,6,6,サランスク,3,,川崎
2025/10/13,10,21,2,7,9,ティーファイブ,8,,川崎
2025/10/13,10,21,3,8,10,エナジーポコアポコ,6,,川崎
2025/10/13,10,21,4,1,1,オーシンスキャット,1,,川崎
2025/10/13,10,21,5,6,7,ランドマックス,5,,川崎
2025/10/13,10,21,6,2,2,バガリーロータス,10,,川崎
2025/10/13,10,21,7,3,3,メンタイマヨ,2,,川崎
2025/10/13,10,21,8,5,5,リッキーザキング,7,,川崎
2025/10/13,10,21,9,4,4,エメリーナ,4,,川崎
2025/10/13,10,21,10,7,8,ナガタエース,9,,川崎
2025/10/13,10,21,11,8,11,オクトニオン,11,,川崎
2025/10/13,11,21,1,2,2,ツウカイノキズナ,1,,川崎
2025/10/13,11,21,2,6,8,マテリアルガール,2,,川崎
2025/10/13,11,21,3,8,12,ブルグミューラー,7,,川崎
2025/10/13,11,21,4,8,13,タイセイストラーダ,12,,川崎
2025/10/13,11,21,5,1,1,シャンパンファイト,9,,川崎
2025/10/13,11,21,6,7,10,サヨノフィールド,6,,川崎
2025/10/13,11,21,7,7,11,ヒロシゲジャック,10,,川崎
2025/10/13,11,21,8,5,7,キャッスルブレイヴ,8,,川崎
2025/10/13,11,21,9,4,4,ツウカイリアル,5,,川崎
2025/10/13,11,21,10,3,3,スパルタレオニダス,4,,川崎
2025/10/13,11,21,11,6,9,アトランティス,3,,川崎
2025/10/13,11,21,12,4,5,コパノマイアミ,11,,川崎
2025/10/13,11,21,13,5,6,ベネロングポイント,13,,川崎
2025/10/13,12,21,1,3,3,エコロスヴァル,1,,川崎
2025/10/13,12,21,2,7,12,ギャビーズメファ,9,,川崎
2025/10/13,12,21,3,8,14,ダイヤクリスタル,7,,川崎
2025/10/13,12,21,4,2,2,スパローズ,3,,川崎
2025/10/13,12,21,5,4,6,アンティシパル,2,,川崎
2025/10/13,12,21,6,6,10,ジューンサレンダー,12,,川崎
2025/10/13,12,21,7,1,1,ミストラ,4,,川崎
2025/10/13,12,21,8,6,9,ミシェット,11,,川崎
2025/10/13,12,21,9,4,5,セクシーウィドー,6,,川崎
2025/10/13,12,21,10,7,11,シナモンポップ,10,,川崎
2025/10/13,12,21,11,8,13,スコメッサ,5,,川崎
2025/10/13,12,21,12,5,7,カレンアイバーソン,13,,川崎
2025/10/13,12,21,13,3,4,ツワモノ,8,,川崎
2025/10/10,8,20,1,2,2,ウインアイリーン,3,,大井
2025/10/10,8,20,2,8,10,サンスイシサン,2,,大井
2025/10/10,8,20,3,7,8,コスモブライヤー,7,,大井
2025/10/10,8,20,4,6,6,ケイアイマハナ,1,,大井
2025/10/10,8,20,5,7,7,ダンタリオン,4,,大井
2025/10/10,8,20,6,5,5,カズノトレジャー,8,,大井
2025/10/10,8,20,7,4,4,アレゴウドウレモン,5,,大井
2025/10/10,8,20,8,3,3,ダイシンゲキ,10,,大井
2025/10/10,8,20,9,8,9,バーストオブカラー,6,,大井
2025/10/10,8,20,10,1,1,アルピニスト,9,,大井
2025/10/10,9,20,1,6,9,リコールガー,3,,大井
2025/10/10,9,20,2,7,11,サトノテンペスト,1,,大井
2025/10/10,9,20,3,2,2,ウナモンタナアルタ,6,,大井
2025/10/10,9,20,4,1,1,ゼルトザーム,4,,大井
2025/10/10,9,20,5,4,4,ベジャール,9,,大井
2025/10/10,9,20,6,5,6,オーシンロクゼロ,8,,大井
2025/10/10,9,20,7,6,8,ウインドフレイバー,7,,大井
2025/10/10,9,20,8,8,12,ケテンドリーム,2,,大井
2025/10/10,9,20,9,4,5,マザオ,5,,大井
2025/10/10,9,20,10,3,3,カツノナノリ,10,,大井
2025/10/10,9,20,11,7,10,フジラプンツェル,12,,大井
2025/10/10,9,20,12,8,13,マイネルロッシュ,13,,大井
2025/10/10,9,20,13,5,7,オルトスラッガー,11,,大井
2025/10/10,10,20,1,5,5,ミラクルメイキング,2,,大井
2025/10/10,10,20,2,8,10,ユメゴテン,1,,大井
2025/10/10,10,20,3,3,3,ヤンノカステップ,8,,大井
2025/10/10,10,20,4,1,1,シューボーイ,3,,大井
2025/10/10,10,20,5,6,6,ナックブレット,6,,大井
2025/10/10,10,20,6,4,4,フォーモサルビー,7,,大井
2025/10/10,10,20,7,8,9,ロッキンミー,5,,大井
2025/10/10,10,20,8,7,8,マルヨジョーダン,10,,大井
2025/10/10,10,20,9,2,2,サフィールシェール,4,,大井
2025/10/10,10,20,10,7,7,リュウワンカノア,9,,大井
2025/10/09,10,20,1,8,12,フジマサテイオー,3,,大井
2025/10/09,10,20,2,6,9,ブルマリンシェール,1,,大井
2025/10/09,10,20,3,7,11,ハニートースト,6,,大井
2025/10/09,10,20,4,8,13,ポンドボーイ,2,,大井
2025/10/09,10,20,5,6,8,タケノシンセイ,8,,大井
2025/10/09,10,20,6,7,10,ガンモレジェンド,7,,大井
2025/10/09,10,20,7,4,5,ケンマキシム,11,,大井
2025/10/09,10,20,8,5,7,アッティラ,9,,大井
2025/10/09,10,20,9,3,3,スミソニアン,10,,大井
2025/10/09,10,20,10,2,2,ファーガス,4,,大井
2025/10/09,10,20,11,4,4,マイネルボンバー,12,,大井
2025/10/09,10,20,12,1,1,クラウンシューター,5,,大井
2025/10/09,10,20,13,5,6,ジーゲル,13,,大井
2025/10/09,11,20,1,6,12,ヤマニンチェルキ,2,,大井
2025/10/09,11,20,2,8,16,クロジシジョー,4,,大井
2025/10/09,11,20,3,4,7,サンライズアムール,3,,大井
2025/10/09,11,20,4,4,8,ドンアミティエ,1,,大井
2025/10/09,11,20,5,1,2,マックス,9,,大井
2025/10/09,11,20,6,2,4,コンティノアール,5,,大井
2025/10/09,11,20,7,1,1,エンテレケイア,7,,大井
2025/10/09,11,20,8,2,3,ドリームビリーバー,13,,大井
2025/10/09,11,20,9,3,6,ジョンソンテソーロ,15,,大井
2025/10/09,11,20,10,8,15,オメガレインボー,12,,大井
2025/10/09,11,20,11,7,13,イグザルト,11,,大井
2025/10/09,11,20,12,5,9,アームズレイン,8,,大井
2025/10/09,11,20,13,6,11,マースインディ,16,,大井
2025/10/09,11,20,14,7,14,シアージスト,6,,大井
2025/10/09,11,20,15,3,5,ウインリブルマン,14,,大井
2025/10/09,12,20,1,2,2,マイネルオデーサ,1,,大井
2025/10/09,12,20,2,6,7,コスモバシレウス,2,,大井
2025/10/09,12,20,3,7,10,ベストリオン,4,,大井
2025/10/09,12,20,4,5,6,カフジペンタゴン,7,,大井
2025/10/09,12,20,5,6,8,エイシンクレモナ,5,,大井
2025/10/09,12,20,6,3,3,レヴォリオ,6,,大井
2025/10/09,12,20,7,8,12,チュイション,8,,大井
2025/10/09,12,20,8,4,4,ワイドコンプリー,9,,大井
2025/10/09,12,20,9,1,1,ベアーザベル,11,,大井
2025/10/09,12,20,10,5,5,ゲルタ,3,,大井
2025/10/09,12,20,11,8,11,ネオエトワール,10,,大井
2025/10/09,12,20,12,7,9,ランカグア,12,,大井
2025/10/09,10,36,1,2,2,ソリッドベーシス,1,2.0,門別
2025/10/09,10,36,2,8,8,アイルヴィータ,4,12.9,門別
2025/10/09,10,36,3,4,4,ドバイミッション,2,2.2,門別
2025/10/09,10,36,4,6,6,マイプレスティ,6,21.7,門別
2025/10/09,10,36,5,3,3,マジックライン,5,15.3,門別
2025/10/09,10,36,6,7,7,クールメゾン,3,8.5,門別
2025/10/09,10,36,7,1,1,アンジュパラディ,8,183.0,門別
2025/10/09,10,36,8,5,5,エミネンスローズ,7,120.5,門別
2025/10/09,11,36,1,5,5,スペシャルエックス,1,1.2,門別
2025/10/09,11,36,2,8,8,ラッキーホープ,2,4.7,門別
2025/10/09,11,36,3,3,3,ケイアイロベージ,5,22.5,門別
2025/10/09,11,36,4,6,6,ヒカリオーソ,7,68.8,門別
2025/10/09,11,36,5,8,9,デアフルーグ,4,20.6,門別
2025/10/09,11,36,6,4,4,ブリックロード,3,10.1,門別
2025/10/09,11,36,7,7,7,スティールストーム,8,181.6,門別
2025/10/09,11,36,8,1,1,ドラゴンゴクウ,6,68.0,門別
2025/10/09,11,36,9,2,2,ショーム,9,223.6,門別
2025/10/09,12,36,1,7,7,ゼロアワー,1,1.8,門別
2025/10/09,12,36,2,3,3,サンオークレア,2,2.8,門別
2025/10/09,12,36,3,8,8,ヴィヴィアンエイト,3,7.7,門別
2025/10/09,12,36,4,6,6,ポルラノーチェ,5,13.0,門別
2025/10/09,12,36,5,2,2,ワンダーウーマン,4,9.8,門別
2025/10/09,12,36,6,4,4,ヴィルミーキスミー,9,181.3,門別
2025/10/09,12,36,7,8,9,スイートキャンディ,6,53.1,門別
2025/10/09,12,36,8,5,5,シルバーミラージュ,8,162.4,門別
2025/10/09,12,36,9,1,1,サウスヴィルステラ,7,150.2,門別
2025/10/08,10,20,1,7,10,ニホンダイラ,3,,大井
2025/10/08,10,20,2,8,11,ウータンビート,1,,大井
2025/10/08,10,20,3,6,8,バジルフレイバー,7,,大井
2025/10/08,10,20,4,5,5,ウエストリーダー,2,,大井
2025/10/08,10,20,5,5,6,リュウノウィザード,6,,大井
2025/10/08,10,20,6,4,4,エスプリワールド,5,,大井
2025/10/08,10,20,7,2,2,レアリゼアンレーヴ,11,,大井
2025/10/08,10,20,8,6,7,ツートンショコラ,9,,大井
2025/10/08,10,20,9,3,3,ノイバラ,10,,大井
2025/10/08,10,20,10,8,12,デスティニーホープ,4,,大井
2025/10/08,10,20,11,1,1,クレイジーフルーツ,8,,大井
2025/10/08,10,20,12,7,9,ウエノマルダンディ,12,,大井
2025/10/08,11,20,1,3,5,ナルカミ,3,,大井
2025/10/08,11,20,2,8,15,ナチュラルライズ,1,,大井
2025/10/08,11,20,3,7,13,ルクソールカフェ,2,,大井
2025/10/08,11,20,4,1,1,ハグ,7,,大井
2025/10/08,11,20,5,4,8,クレーキング,4,,大井
2025/10/08,11,20,6,5,9,ケンシレインボー,12,,大井
2025/10/08,11,20,7,2,4,ナイトオブファイア,8,,大井
2025/10/08,11,20,8,1,2,シーソーゲーム,10,,大井
2025/10/08,11,20,9,5,10,アドマイヤデイトナ,5,,大井
2025/10/08,11,20,10,4,7,ソルジャーフィルド,9,,大井
2025/10/08,11,20,11,6,11,ドンインザムード,6,,大井
2025/10/08,11,20,12,3,6,ユウユウスキー,13,,大井
2025/10/08,11,20,13,2,3,スマイルマンボ,11,,大井
2025/10/08,11,20,14,8,16,カセノタイガー,14,,大井
2025/10/08,11,20,15,6,12,スキャロップ,16,,大井
2025/10/08,11,20,16,7,14,フレンドローマ,15,,大井
2025/10/08,12,20,1,2,3,アシャニンカ,8,,大井
2025/10/08,12,20,2,3,5,ピエールオレゴン,1,,大井
2025/10/08,12,20,3,1,2,ラインガーラ,4,,大井
2025/10/08,12,20,4,3,6,スマイルケイ,7,,大井
2025/10/08,12,20,5,8,16,レゲエビーチ,3,,大井
2025/10/08,12,20,6,8,15,ジャティルウィ,6,,大井
2025/10/08,12,20,7,2,4,ベイステート,12,,大井
2025/10/08,12,20,8,7,13,ゴッドバーグ,2,,大井
2025/10/08,12,20,9,1,1,エクラシェール,11,,大井
2025/10/08,12,20,10,6,12,ファサード,10,,大井
2025/10/08,12,20,11,4,7,エドノビートイン,15,,大井
2025/10/08,12,20,12,7,14,ファーマビューティ,16,,大井
2025/10/08,12,20,13,4,8,キャンディガール,14,,大井
2025/10/08,12,20,14,6,11,ホクトブルース,13,,大井
2025/10/08,12,20,15,5,9,ルミナヴァル,5,,大井
2025/10/08,12,20,16,5,10,ダングラール,9,,大井
2025/10/08,10,36,1,7,10,カーヌスティ,1,1.0,門別
2025/10/08,10,36,2,6,8,アイガイッパイ,2,11.5,門別
2025/10/08,10,36,3,8,11,プリスマティカ,5,30.9,門別
2025/10/08,10,36,4,5,6,ステラブローニュ,9,65.1,門別
2025/10/08,10,36,5,6,7,スマイルムーン,7,49.5,門別
2025/10/08,10,36,6,4,4,ディーズミソロジー,6,32.5,門別
2025/10/08,10,36,7,1,1,ダンストンアンセム,11,182.4,門別
2025/10/08,10,36,8,7,9,ジャスパーサン,4,23.4,門別
2025/10/08,10,36,9,3,3,ラスターカノン,10,149.2,門別
2025/10/08,10,36,9,8,12,キタノロワーズ,3,18.9,門別
2025/10/08,10,36,11,2,2,マーヤボニータ,8,55.1,門別
2025/10/08,10,36,12,5,5,ナムラダニー,12,346.1,門別
2025/10/08,11,36,1,8,9,パレスゴールド,1,1.5,門別
2025/10/08,11,36,2,8,10,マノレア,4,12.5,門別
2025/10/08,11,36,3,6,6,トレヴェナ,3,5.6,門別
2025/10/08,11,36,4,4,4,ラストボーン,5,13.1,門別
2025/10/08,11,36,5,5,5,ディオスメッセージ,2,4.5,門別
2025/10/08,11,36,6,2,2,トーセンジャック,6,26.9,門別
2025/10/08,11,36,7,1,1,ブラックアピス,7,122.1,門別
2025/10/08,11,36,8,7,7,フォルテース,9,286.7,門別
2025/10/08,11,36,9,3,3,エターナルルビー,10,315.7,門別
2025/10/08,11,36,10,7,8,マリンジェミナイ,8,266.0,門別
2025/10/08,12,36,1,8,10,パッションクライ,1,1.9,門別
2025/10/08,12,36,2,7,8,エメヴィベール,3,5.2,門別
2025/10/08,12,36,3,7,9,クルードラゴン,4,11.7,門別
2025/10/08,12,36,4,6,7,ケイアイパープル,2,2.4,門別
2025/10/08,12,36,5,1,1,ドスハーツ,5,38.4,門別
2025/10/08,12,36,6,6,6,モダスオペランディ,9,359.5,門別
2025/10/08,12,36,7,8,11,ブレイブアモーレ,6,82.1,門別
2025/10/08,12,36,8,5,5,アレクサ,7,109.3,門別
2025/10/08,12,36,9,4,4,サヴァ,8,156.0,門別
2025/10/08,12,36,10,3,3,ナムラゴロフキン,10,440.1,門別
2025/10/07,10,20,1,4,4,シャインフォール,4,34.3,大井
2025/10/07,10,20,2,6,7,サクハル,2,77.3,大井
2025/10/07,10,20,3,8,10,ティーズエナジー,5,167.1,大井
2025/10/07,10,20,4,7,8,カイタロー,3,4.2,大井
2025/10/07,10,20,5,7,9,デュアルロンド,6,45.7,大井
2025/10/07,10,20,6,8,11,サブノリョウマ,1,,大井
2025/10/07,10,20,7,6,6,フォースチルドレン,8,2.5,大井
2025/10/07,10,20,8,2,2,モントーク,7,8.5,大井
2025/10/07,10,20,9,3,3,クイーンオブソウル,9,7.3,大井
2025/10/07,10,20,10,5,5,エイシンネクタル,11,59.9,大井
2025/10/07,10,20,11,1,1,バンドールロゼ,10,3.6,大井
2025/10/07,11,20,1,8,12,ビヨンドザヴァレー,5,,大井
2025/10/07,11,20,2,6,7,テンカジョウ,1,4.7,大井
2025/10/07,11,20,3,7,10,バスタードサフラン,4,,大井
2025/10/07,11,20,4,8,11,フェブランシェ,2,,大井
2025/10/07,11,20,5,6,8,ベルグラシアス,7,35.4,大井
2025/10/07,11,20,6,7,9,マテリアルガール,11,11.7,大井
2025/10/07,11,20,7,2,2,ラブラブパイロ,8,17.6,大井
2025/10/07,11,20,8,4,4,タクシンイメル,6,1.3,大井
2025/10/07,11,20,9,3,3,アンモシエラ,3,31.0,大井
2025/10/07,11,20,10,1,1,ローリエフレイバー,9,38.1,大井
2025/10/07,11,20,11,5,5,シトラルテミニ,10,18.6,大井
2025/10/07,11,20,12,5,6,アンティキティラ,12,25.2,大井
2025/10/07,12,20,1,2,2,クレールジャック,2,5.7,大井
2025/10/07,12,20,2,3,3,ランベリー,5,22.0,大井
2025/10/07,12,20,3,8,10,アポロリヤム,8,,大井
2025/10/07,12,20,4,4,4,リュウノファウラー,3,35.6,大井
2025/10/07,12,20,5,6,6,ゴールドジャッジ,6,29.7,大井
2025/10/07,12,20,6,5,5,クオレス,10,1.2,大井
2025/10/07,12,20,7,7,7,カナウ,1,15.4,大井
2025/10/07,12,20,8,8,9,ゴールデンヨシノ,9,213.3,大井
2025/10/07,12,20,9,1,1,トップアメリカン,4,18.1,大井
2025/10/07,12,20,10,7,8,デーレーラプター,7,33.0,大井
2025/10/07,10,36,1,5,5,ジンガブリッツ,5,10.6,門別
2025/10/07,10,36,2,2,2,ジャスマン,3,7.1,門別
2025/10/07,10,36,3,3,3,アナベルケイツー,4,7.3,門別
2025/10/07,10,36,4,8,12,マーゴットビースト,1,1.7,門別
2025/10/07,10,36,5,6,7,アックラマーレ,9,73.3,門別
2025/10/07,10,36,6,4,4,ミラコレジェンヌ,6,33.2,門別
2025/10/07,10,36,7,5,6,メモリードライブ,2,5.4,門別
2025/10/07,10,36,8,8,11,アースウルフ,10,86.2,門別
2025/10/07,10,36,9,7,10,ヴォルケシェッツェ,11,172.2,門別
2025/10/07,10,36,10,6,8,ガーンディーヴァ,8,42.8,門別
2025/10/07,10,36,11,1,1,フェイストゥーラ,7,36.0,門別
2025/10/07,10,36,12,7,9,フルーツワゴン,12,197.5,門別
2025/10/07,11,36,1,6,7,ダグフォース,2,4.4,門別
2025/10/07,11,36,2,3,3,グッドボーイ,4,13.7,門別
2025/10/07,11,36,3,7,10,スティールドリーム,1,1.8,門別
2025/10/07,11,36,4,7,9,レルアバド,8,37.3,門別
2025/10/07,11,36,5,8,12,フレスコバルディ,9,37.6,門別
2025/10/07,11,36,6,5,5,バンカブルスター,11,64.8,門別
2025/10/07,11,36,7,2,2,イイデマイヒメ,6,22.6,門別
2025/10/07,11,36,8,1,1,ヨシイチ,3,4.9,門別
2025/10/07,11,36,9,8,11,クーシフォン,12,180.9,門別
2025/10/07,11,36,10,5,6,マイモーメント,10,51.2,門別
2025/10/07,11,36,11,6,8,ズンガリプテルス,7,35.6,門別
2025/10/07,11,36,12,4,4,パンテレリア,5,19.2,門別
2025/10/07,12,36,1,6,8,ベラジオゼロ,1,1.5,門別
2025/10/07,12,36,2,7,10,ジョルジュ,2,3.9,門別
2025/10/07,12,36,3,3,3,モーニングショー,4,13.8,門別
2025/10/07,12,36,4,5,5,トモノシルバー,3,9.7,門別
2025/10/07,12,36,5,1,1,モノノフブラック,5,14.3,門別
2025/10/07,12,36,6,2,2,カッパギ,6,21.9,門別
2025/10/07,12,36,7,6,7,シンメルーブス,8,48.2,門別
2025/10/07,12,36,8,8,11,スティールマジック,7,33.3,門別
2025/10/07,12,36,9,5,6,エバニスタ,11,397.8,門別
2025/10/07,12,36,10,8,12,フクノブルジュ,9,78.2,門別
2025/10/07,12,36,11,4,4,サクラルーフェン,12,475.0,門別
2025/10/07,12,36,12,7,9,スカーズ,10,235.9,門別
2026/01/03,10,21,1,5,7,スターグリップ,1,,川崎
2026/01/03,10,21,2,3,4,リコーベレッタ,9,,川崎
2026/01/03,10,21,3,6,9,エレファントラン,4,,川崎
2026/01/03,10,21,4,2,2,エムティワイザー,3,,川崎
2026/01/03,10,21,5,6,10,モンド,11,,川崎
2026/01/03,10,21,6,3,3,ノッテストラータ,10,,川崎
2026/01/03,10,21,7,7,11,スワッガー,12,,川崎
2026/01/03,10,21,8,1,1,タイセイフランク,6,,川崎
2026/01/03,10,21,9,7,12,ジャスタースパーク,7,,川崎
2026/01/03,10,21,10,4,5,シントーハナノボス,8,,川崎
2026/01/03,10,21,11,4,6,アイノセンシ,5,,川崎
2026/01/03,10,21,12,8,14,ビップソリオ,2,,川崎
2026/01/03,10,21,13,5,8,ガルヴァナイズ,13,,川崎
2026/01/03,11,21,1,2,2,アランバローズ,1,,川崎
2026/01/03,11,21,2,3,3,ハイエストエンド,10,,川崎
2026/01/03,11,21,3,8,10,ゴールドレガシー,2,,川崎
2026/01/03,11,21,4,7,9,ヴィクトゥーラ,8,,川崎
2026/01/03,11,21,5,6,6,アームズレイン,4,,川崎
2026/01/03,11,21,6,1,1,ビヨンドザファザー,6,,川崎
2026/01/03,11,21,7,8,11,ドナギニー,3,,川崎
2026/01/03,11,21,8,7,8,ゴールドホイヤー,9,,川崎
2026/01/03,11,21,9,4,4,シーサーペント,5,,川崎
2026/01/03,11,21,10,5,5,エミサキホコル,7,,川崎
2026/01/03,11,21,11,6,7,レベルフォー,11,,川崎
2026/01/03,12,21,1,7,9,サラサエンペラー,2,,川崎
2026/01/03,12,21,2,2,2,ランニングホット,4,,川崎
2026/01/03,12,21,3,3,3,ラピルスイメル,5,,川崎
2026/01/03,12,21,4,8,11,ビルドラポール,9,,川崎
2026/01/03,12,21,5,5,5,ポテンザ,1,,川崎
2026/01/03,12,21,6,1,1,ラヴィンローゼス,3,,川崎
2026/01/03,12,21,7,8,12,ビタリス,7,,川崎
2026/01/03,12,21,8,6,8,ミュークレグルス,8,,川崎
2026/01/03,12,21,9,6,7,ボルドーティラミス,6,,川崎
2026/01/03,12,21,10,7,10,グァンバーレ,11,,川崎
2026/01/03,12,21,11,5,6,ティーケーメイト,12,,川崎
2026/01/03,12,21,12,4,4,カルデライト,10,,川崎
2025/11/18,10,21,1,8,9,アドマイヤエイジア,1,,川崎
2025/11/18,10,21,2,4,4,ジャックパール,2,,川崎
2025/11/18,10,21,3,5,5,グレートフリオーソ,3,,川崎
2025/11/18,10,21,4,1,1,マリアッチ,7,,川崎
2025/11/18,10,21,5,6,6,ヴィブエアー,4,,川崎
2025/11/18,10,21,6,2,2,グロリアンズタイム,5,,川崎
2025/11/18,10,21,7,8,8,ディープグラビティ,6,,川崎
2025/11/18,10,21,8,3,3,エスシーヤマト,9,,川崎
2025/11/18,10,21,9,7,7,レッドサラマンダー,8,,川崎
2025/11/18,11,21,1,6,8,アンジュルナ,1,,川崎
2025/11/18,11,21,2,2,2,トリップス,3,,川崎
2025/11/18,11,21,3,4,4,カンターレ,5,,川崎
2025/11/18,11,21,4,8,11,ナーサリーテイル,2,,川崎
2025/11/18,11,21,5,6,7,ラミアメロディア,6,,川崎
2025/11/18,11,21,6,1,1,サラサチャレンジ,8,,川崎
2025/11/18,11,21,7,7,9,イルフロッタント,9,,川崎
2025/11/18,11,21,8,5,6,ユウユウシロパン,10,,川崎
2025/11/18,11,21,9,3,3,トウキョーアンナ,4,,川崎
2025/11/18,11,21,10,7,10,ミオサンダー,11,,川崎
2025/11/18,11,21,11,8,12,スプリンガフォート,7,,川崎
2025/11/18,12,21,1,3,4,ブーケドグレイス,1,,川崎
2025/11/18,12,21,2,6,9,ベネディット,10,,川崎
2025/11/18,12,21,3,5,8,デルマツリダシ,11,,川崎
2025/11/18,12,21,4,4,6,カガヤキファイター,5,,川崎
2025/11/18,12,21,5,8,13,アイリーズパキラ,8,,川崎
2025/11/18,12,21,6,5,7,ビービーシャーンス,6,,川崎
2025/11/18,12,21,7,3,3,ヴァレンテ,9,,川崎
2025/11/18,12,21,8,4,5,パンプイット,7,,川崎
2025/11/18,12,21,9,7,11,シトロンヴェール,4,,川崎
2025/11/18,12,21,10,2,2,サンディビーチ,12,,川崎
2025/11/18,12,21,11,6,10,メイワノワ,3,,川崎
2025/11/18,12,21,12,7,12,ヤマニンパルフェ,2,,川崎
2025/11/18,12,21,13,8,14,メルティーショコラ,14,,川崎
2025/10/02,10,36,1,5,6,レディパイロ,6,16.4,門別
2025/10/02,10,36,2,5,5,ビービーバシリス,7,30.1,門別
2025/10/02,10,36,3,4,4,エイイチ,3,5.6,門別
2025/10/02,10,36,4,7,10,ビービーダイゴ,4,8.1,門別
2025/10/02,10,36,5,1,1,ヤマニンパッセ,1,1.9,門別
2025/10/02,10,36,6,6,7,ハニービート,2,5.2,門別
2025/10/02,10,36,7,3,3,イクスクローバー,9,66.1,門別
2025/10/02,10,36,8,7,9,ジャズダンス,8,46.9,門別
2025/10/02,10,36,9,8,11,コルテデフィート,10,321.8,門別
2025/10/02,10,36,10,8,12,テーオーエジソン,5,9.2,門別
2025/10/02,10,36,11,6,8,アフロビート,12,624.1,門別
2025/10/02,10,36,12,2,2,アイスボウル,11,361.3,門別
2025/10/02,11,36,1,6,6,ファーマシャイン,1,2.4,門別
2025/10/02,11,36,2,4,4,グッデーサイレンス,6,9.1,門別
2025/10/02,11,36,3,7,8,アルファインディ,7,12.6,門別
2025/10/02,11,36,4,5,5,ホウヨウムーン,2,5.9,門別
2025/10/02,11,36,5,8,10,ホウオウプラージュ,8,17.1,門別
2025/10/02,11,36,6,7,9,フォールロワ,11,490.4,門別
2025/10/02,11,36,7,6,7,クラウンハヴィ,3,7.9,門別
2025/10/02,11,36,8,8,11,メイショウイチズ,10,50.4,門別
2025/10/02,11,36,9,1,1,メイショウマーブル,4,8.1,門別
2025/10/02,11,36,10,2,2,アニュスノーバス,9,28.8,門別
2025/10/02,11,36,11,3,3,レジュークレール,5,8.1,門別
2025/10/02,12,36,1,6,9,スペシャルチャンス,2,3.8,門別
2025/10/02,12,36,2,6,10,ゴッドバロック,1,3.3,門別
2025/10/02,12,36,3,1,1,ブルーメンガルテン,8,33.0,門別
2025/10/02,12,36,3,8,13,バウヴォーグ,4,7.2,門別
2025/10/02,12,36,5,4,5,シーテープ,5,8.8,門別
2025/10/02,12,36,6,3,4,ワナハヴファン,10,39.2,門別
2025/10/02,12,36,7,7,12,ドライブミーホーム,9,34.8,門別
2025/10/02,12,36,8,4,6,リバーサルトップ,14,342.2,門別
2025/10/02,12,36,9,2,2,カミハマッテイル,6,9.5,門別
2025/10/02,12,36,10,3,3,ビッグカレンルーフ,3,6.0,門別
2025/10/02,12,36,11,5,7,トーアサジタリウス,11,43.9,門別
2025/10/02,12,36,12,8,14,ファインキック,7,24.0,門別
2025/10/02,12,36,13,7,11,ガンタン,13,149.5,門別
2025/10/02,12,36,14,5,8,カイシンパジェント,12,79.9,門別
2025/10/01,10,36,1,7,9,ロアリングフレイム,1,1.3,門別
2025/10/01,10,36,2,8,11,オフビート,8,62.2,門別
2025/10/01,10,36,3,6,7,ハニーベリー,6,15.0,門別
2025/10/01,10,36,4,8,12,ヤマニンリーリオ,2,5.8,門別
2025/10/01,10,36,5,3,3,サクラカレント,11,394.2,門別
2025/10/01,10,36,6,4,4,トドイワウィンド,7,47.7,門別
2025/10/01,10,36,7,5,5,キュータロー,4,13.3,門別
2025/10/01,10,36,8,7,10,サクラソーレ,3,12.3,門別
2025/10/01,10,36,9,5,6,コンサイダー,5,14.5,門別
2025/10/01,10,36,10,2,2,シセイダイキ,9,73.7,門別
2025/10/01,10,36,11,1,1,メイショウコウテツ,10,325.1,門別
2025/10/01,11,36,1,5,5,インクルーデッド,2,3.7,門別
2025/10/01,11,36,2,6,6,カツノトキメキ,1,1.3,門別
2025/10/01,11,36,3,7,8,ニンリル,4,26.4,門別
2025/10/01,11,36,4,8,11,グラストップロード,3,7.2,門別
2025/10/01,11,36,5,1,1,パカラボーイ,5,33.5,門別
2025/10/01,11,36,6,8,10,ラファエーレ,9,108.0,門別
2025/10/01,11,36,7,3,3,バラライカ,8,101.1,門別
2025/10/01,11,36,8,6,7,ブレイヴァリーボス,7,67.6,門別
2025/10/01,11,36,9,4,4,クラシカルスカラー,6,64.1,門別
2025/10/01,11,36,10,7,9,ボルゲリ,10,204.0,門別
2025/10/01,11,36,11,2,2,フークファンタジー,11,547.5,門別
2025/10/01,12,36,1,5,7,エンドレスソロウ,2,6.7,門別
2025/10/01,12,36,2,5,6,スターシップ,3,11.1,門別
2025/10/01,12,36,3,4,4,アヤサンジョウタロ,4,11.5,門別
2025/10/01,12,36,4,8,12,マロンソレイユ,1,1.3,門別
2025/10/01,12,36,5,1,1,モエレサワンミヤギ,10,177.9,門別
2025/10/01,12,36,6,2,2,クラウニングカップ,6,30.1,門別
2025/10/01,12,36,7,3,3,リコーヒューズ,5,15.6,門別
2025/10/01,12,36,8,6,8,トレモロ,7,38.0,門別
2025/10/01,12,36,9,8,13,タイセイスライブ,8,58.4,門別
2025/10/01,12,36,10,4,5,ベラジオジーニアス,9,97.9,門別
2025/10/01,12,36,11,7,11,ミノベル,12,496.6,門別
2025/10/01,12,36,12,6,9,カイリクイーン,11,343.2,門別
2025/09/30,10,22,1,1,1,ジャスパーロブスト,3,,船橋
2025/09/30,10,22,2,2,2,ディープリボーン,4,,船橋
2025/09/30,10,22,3,8,12,カズタンジャー,1,,船橋
2025/09/30,10,22,4,8,11,シンメデージー,2,,船橋
2025/09/30,10,22,5,6,7,メイショウフンジン,6,,船橋
2025/09/30,10,22,6,7,9,ピュアキアン,5,,船橋
2025/09/30,10,22,7,4,4,サクラトップキッド,7,,船橋
2025/09/30,10,22,8,5,6,アンタンスルフレ,12,,船橋
2025/09/30,10,22,9,3,3,メルテミア,9,,船橋
2025/09/30,10,22,10,5,5,ビバロジータ,8,,船橋
2025/09/30,10,22,11,7,10,ウェザーコック,10,,船橋
2025/09/30,10,22,12,6,8,マイネルシスネロス,11,,船橋
2025/09/30,11,22,1,3,3,マンガン,2,,船橋
2025/09/30,11,22,2,4,4,ペガサスターボ,8,,船橋
2025/09/30,11,22,3,1,1,プレシオーソ,3,,船橋
2025/09/30,11,22,4,6,6,テイコク,7,,船橋
2025/09/30,11,22,5,7,7,リケアマロン,4,,船橋
2025/09/30,11,22,6,2,2,ロマンスグレー,5,,船橋
2025/09/30,11,22,7,8,9,リトルサムシング,1,,船橋
2025/09/30,11,22,8,8,10,タントゥーム,9,,船橋
2025/09/30,11,22,9,5,5,ウインエタンセル,10,,船橋
2025/09/30,12,22,1,3,3,ヤマメクィーン,2,,船橋
2025/09/30,12,22,2,1,1,ショウガフクキタル,4,,船橋
2025/09/30,12,22,3,4,4,ウインコマチ,5,,船橋
2025/09/30,12,22,4,2,2,オヌシナニモノ,1,,船橋
2025/09/30,12,22,5,5,5,ホウオウジュレップ,3,,船橋
2025/09/30,10,36,1,1,1,ファリードゥーン,1,3.0,門別
2025/09/30,10,36,2,3,3,トーケンサワー,5,6.8,門別
2025/09/30,10,36,3,2,2,アームズクイーン,4,6.0,門別
2025/09/30,10,36,4,5,6,ロピア,7,33.8,門別
2025/09/30,10,36,5,5,5,スフレ,3,4.8,門別
2025/09/30,10,36,6,7,9,ケイアイワカポノ,6,25.2,門別
2025/09/30,10,36,7,6,8,キスメット,8,40.1,門別
2025/09/30,10,36,8,6,7,シンデレラワルツ,12,408.2,門別
2025/09/30,10,36,9,4,4,フリーパスポート,10,92.0,門別
2025/09/30,10,36,10,8,11,イイデスカイハイ,9,52.5,門別
2025/09/30,10,36,11,7,10,キタノプレンティ,2,3.6,門別
2025/09/30,10,36,12,8,12,ゴールドアバンティ,11,158.5,門別
2025/09/30,11,36,1,2,2,マナコア,1,1.7,門別
2025/09/30,11,36,2,3,3,ガロス,4,6.3,門別
2025/09/30,11,36,3,7,7,アニマルフルーツ,2,4.1,門別
2025/09/30,11,36,4,4,4,ワイルドラヴ,5,21.7,門別
2025/09/30,11,36,5,1,1,イモータルウインド,3,4.5,門別
2025/09/30,11,36,6,5,5,ラグナキリア,6,105.2,門別
2025/09/30,11,36,7,8,8,ヴィルゲート,7,227.1,門別
2025/09/30,11,36,8,6,6,シャイニーメイン,8,319.2,門別
2025/09/30,12,36,1,8,8,ライルアケカイ,1,1.8,門別
2025/09/30,12,36,2,3,3,リムショット,3,8.4,門別
2025/09/30,12,36,3,6,6,ショーケン,2,2.3,門別
2025/09/30,12,36,4,2,2,マーゴットミニモ,4,9.3,門別
2025/09/30,12,36,5,4,4,クラウォー,5,22.5,門別
2025/09/30,12,36,6,7,7,アンドゥーラ,6,132.3,門別
2025/09/26,10,23,1,1,1,プリュムドランジュ,1,,浦和
2025/09/26,10,23,2,4,4,ミュークカルム,4,,浦和
2025/09/26,10,23,3,6,6,ミヤビエクセレント,2,,浦和
2025/09/26,10,23,4,8,10,ルクスソレイユ,3,,浦和
2025/09/26,10,23,5,5,5,テーオーライラ,9,,浦和
2025/09/26,10,23,6,7,8,ジョリーメモリー,10,,浦和
2025/09/26,10,23,7,3,3,チュウワジョーダン,7,,浦和
2025/09/26,10,23,8,2,2,ラララランランラン,6,,浦和
2025/09/26,10,23,9,8,9,シルバーブリッジ,5,,浦和
2025/09/26,10,23,10,7,7,オーケーミネルバ,8,,浦和
2025/09/26,11,23,1,1,1,プロペラシャフト,5,,浦和
2025/09/26,11,23,2,6,6,レッツシンク,7,,浦和
2025/09/26,11,23,3,3,3,ミルタンドレス,6,,浦和
2025/09/26,11,23,4,7,7,リックトラチャン,3,,浦和
2025/09/26,11,23,5,8,8,ホクセンキングオー,4,,浦和
2025/09/26,11,23,6,2,2,モーニングフジ,2,,浦和
2025/09/26,11,23,7,4,4,パープルグローリー,8,,浦和
2025/09/26,11,23,8,5,5,トウメイヨリキレイ,9,,浦和
2025/09/26,11,23,9,8,9,リンクスプリエール,1,,浦和
2025/09/25,10,23,1,8,8,スタンレー,1,,浦和
2025/09/25,10,23,2,2,2,ボワエトワール,3,,浦和
2025/09/25,10,23,3,7,7,クロスレイジング,9,,浦和
2025/09/25,10,23,4,3,3,ツインレイ,7,,浦和
2025/09/25,10,23,5,4,4,ロジマスタング,6,,浦和
2025/09/25,10,23,6,6,6,ヨツヤカイダン,8,,浦和
2025/09/25,10,23,7,1,1,アップフェリス,4,,浦和
2025/09/25,10,23,8,5,5,カンナリリー,2,,浦和
2025/09/25,10,23,9,8,9,セイエクシード,5,,浦和
2025/09/25,10,36,1,4,4,ダバイカンティーク,5,19.7,門別
2025/09/25,10,36,2,7,8,リコーニック,2,3.9,門別
2025/09/25,10,36,3,2,2,ジンガブリッツ,10,118.5,門別
2025/09/25,10,36,4,6,6,イザベルソレイユ,1,1.5,門別
2025/09/25,10,36,5,8,10,テンケイ,6,24.4,門別
2025/09/25,10,36,6,1,1,サンウイング,11,173.7,門別
2025/09/25,10,36,7,8,11,アースウルフ,9,90.1,門別
2025/09/25,10,36,8,7,9,アルマロベイラ,7,61.9,門別
2025/09/25,10,36,9,6,7,タイセイアズーロ,4,18.3,門別
2025/09/25,10,36,10,5,5,リリーパーク,3,6.3,門別
2025/09/25,10,36,11,3,3,アブラカタブラ,8,88.7,門別
2025/09/25,11,36,1,7,7,エメラルドビーチ,5,10.6,門別
2025/09/25,11,36,2,7,8,ブリックロード,2,3.5,門別
2025/09/25,11,36,3,5,5,デアフルーグ,4,10.3,門別
2025/09/25,11,36,4,3,3,ウルトラノホシ,1,2.2,門別
2025/09/25,11,36,5,4,4,ドラゴンゴクウ,7,19.2,門別
2025/09/25,11,36,6,2,2,ショーム,10,206.0,門別
2025/09/25,11,36,7,6,6,ケイアイロベージ,3,6.4,門別
2025/09/25,11,36,8,8,9,スティールストーム,9,48.5,門別
2025/09/25,11,36,9,8,10,タイセイサムソン,8,31.4,門別
2025/09/25,11,36,10,1,1,トウカイエトワール,6,14.9,門別
2025/09/25,12,36,1,6,6,ベルピット,1,1.0,門別
2025/09/25,12,36,2,4,4,プラセボ,4,30.2,門別
2025/09/25,12,36,3,8,8,スコルピウス,8,210.9,門別
2025/09/25,12,36,4,7,7,ニシケンボブ,2,10.2,門別
2025/09/25,12,36,5,2,2,ヒストリーメイカー,3,27.5,門別
2025/09/25,12,36,6,5,5,ヨシイチ,5,51.4,門別
2025/09/25,12,36,7,3,3,ハセノパイロ,7,149.8,門別
2025/09/25,12,36,8,1,1,ベルウッドグラス,6,69.5,門別
2025/09/24,10,23,1,4,4,コンバットトーラス,2,,浦和
2025/09/24,10,23,2,3,3,ゴールウェイガール,3,,浦和
2025/09/24,10,23,3,1,1,オレンタノ,1,,浦和
2025/09/24,10,23,4,5,5,ユニヴェールアン,8,,浦和
2025/09/24,10,23,5,2,2,ビルジキール,7,,浦和
2025/09/24,10,23,6,8,10,マルヨファーザ,6,,浦和
2025/09/24,10,23,7,6,6,セブンスリーローズ,10,,浦和
2025/09/24,10,23,8,7,8,トーホウジェンマ,9,,浦和
2025/09/24,10,23,9,7,7,マウンテンピオニー,4,,浦和
2025/09/24,10,23,10,8,9,イカロス,5,,浦和
2025/09/24,10,36,1,8,11,ユーライナー,9,89.7,門別
2025/09/24,10,36,2,7,9,マークオブゾロ,2,4.5,門別
2025/09/24,10,36,3,6,7,エメラルドシティー,4,6.1,門別
2025/09/24,10,36,4,8,12,ヤマニンラリアンス,3,4.9,門別
2025/09/24,10,36,5,5,6,キタノチャンス,1,2.3,門別
2025/09/24,10,36,6,7,10,カズナリ,7,42.0,門別
2025/09/24,10,36,7,5,5,フルーツワゴン,10,140.8,門別
2025/09/24,10,36,8,4,4,ビアルベーロ,6,19.2,門別
2025/09/24,10,36,9,3,3,シバノテンテン,12,172.8,門別
2025/09/24,10,36,10,2,2,ベイサルシュート,11,164.1,門別
2025/09/24,10,36,11,1,1,グレートシューター,5,7.6,門別
2025/09/24,10,36,12,6,8,プレシャスブーケ,8,83.3,門別
2025/09/24,11,36,1,8,8,パッションクライ,1,1.5,門別
2025/09/24,11,36,2,7,7,エメヴィベール,4,8.5,門別
2025/09/24,11,36,3,6,6,ディーエスエール,2,4.2,門別
2025/09/24,11,36,4,4,4,クルードラゴン,3,7.2,門別
2025/09/24,11,36,5,2,2,アースライザー,5,18.8,門別
2025/09/24,11,36,6,1,1,モダスオペランディ,8,184.5,門別
2025/09/24,11,36,7,5,5,ナムラゴロフキン,7,182.1,門別
2025/09/24,11,36,8,3,3,サヴァ,6,29.5,門別
2025/09/24,12,36,1,4,4,キャンディドライヴ,1,1.7,門別
2025/09/24,12,36,2,6,6,デステージョ,2,2.9,門別
2025/09/24,12,36,3,8,9,ストリーム,3,8.3,門別
2025/09/24,12,36,4,7,7,ジャスパーメジャー,4,14.8,門別
2025/09/24,12,36,5,2,2,ピンクヴェノム,7,35.0,門別
2025/09/24,12,36,6,8,8,ラッキーホープ,5,16.6,門別
2025/09/24,12,36,7,5,5,ドウドウキリシマ,8,62.6,門別
2025/09/24,12,36,8,1,1,ワンダーウーマン,6,19.5,門別
2025/09/24,12,36,9,3,3,サイモンハロルド,9,217.9,門別
2025/09/23,10,23,1,3,3,パンセ,1,,浦和
2025/09/23,10,23,2,7,7,クロッチ,2,,浦和
2025/09/23,10,23,3,2,2,ゴコウサス,4,,浦和
2025/09/23,10,23,4,1,1,サンズオブタイム,6,,浦和
2025/09/23,10,23,5,5,5,ナリタブレード,5,,浦和
2025/09/23,10,23,6,6,6,ハヤイモノガチ,7,,浦和
2025/09/23,10,23,7,4,4,ミカチャン,3,,浦和
2025/09/23,11,23,1,4,4,サンライズホープ,3,,浦和
2025/09/23,11,23,2,2,2,ナムラタタ,2,,浦和
2025/09/23,11,23,3,5,5,イイネイイネイイネ,1,,浦和
2025/09/23,11,23,4,7,7,ミグラテール,6,,浦和
2025/09/23,11,23,5,1,1,コトシロ,9,,浦和
2025/09/23,11,23,6,8,8,サンヨウスフィーダ,4,,浦和
2025/09/23,11,23,7,8,9,キャッシュブリッツ,5,,浦和
2025/09/23,11,23,8,3,3,ルテリブル,7,,浦和
2025/09/23,11,23,9,6,6,トランスナショナル,8,,浦和
2025/09/23,10,36,1,1,1,ヴィトーリアヘーザ,5,15.5,門別
2025/09/23,10,36,2,4,4,ダイヤノゴトク,1,2.3,門別
2025/09/23,10,36,3,5,6,ハビビ,2,2.8,門別
2025/09/23,10,36,4,2,2,マジックゲール,11,152.8,門別
2025/09/23,10,36,5,8,12,キングズロア,6,24.4,門別
2025/09/23,10,36,6,6,7,クラウンジュエル,3,4.4,門別
2025/09/23,10,36,7,7,10,ベラジオカゼタチヌ,4,12.5,門別
2025/09/23,10,36,8,7,9,ウナトライオン,7,49.1,門別
2025/09/23,10,36,9,5,5,リックトメンマ,9,93.5,門別
2025/09/23,10,36,10,6,8,クライオブジアース,12,492.7,門別
2025/09/23,10,36,11,8,11,ショットブラスト,8,52.0,門別
2025/09/23,10,36,12,3,3,ヤルキゲンキユウキ,10,129.8,門別
2025/09/23,11,36,1,7,9,アジャイルブラック,1,1.6,門別
2025/09/23,11,36,2,2,2,スティールドリーム,2,3.1,門別
2025/09/23,11,36,3,5,5,スペイスフォース,11,343.8,門別
2025/09/23,11,36,4,8,11,バンカブルスター,6,34.8,門別
2025/09/23,11,36,5,4,4,レルアバド,5,31.2,門別
2025/09/23,11,36,6,8,12,パンテレリア,3,8.2,門別
2025/09/23,11,36,7,6,8,マイモーメント,7,42.2,門別
2025/09/23,11,36,8,6,7,フレスコバルディ,8,46.9,門別
2025/09/23,11,36,9,3,3,クーシフォン,12,411.1,門別
2025/09/23,11,36,10,1,1,ワンターゲット,9,173.4,門別
2025/09/23,11,36,11,7,10,アレクサ,4,10.7,門別
2025/09/23,11,36,12,5,6,ブッシュドノエル,10,206.0,門別
2025/09/23,12,36,1,4,4,モーニングショー,6,9.2,門別
2025/09/23,12,36,2,6,8,トモノシルバー,5,8.6,門別
2025/09/23,12,36,3,6,7,オンラインボス,1,3.0,門別
2025/09/23,12,36,4,8,12,オカンモシャチョウ,7,9.9,門別
2025/09/23,12,36,5,7,10,カッパギ,2,4.0,門別
2025/09/23,12,36,6,2,2,シンメルーブス,4,7.0,門別
2025/09/23,12,36,7,8,11,スティールマジック,3,6.6,門別
2025/09/23,12,36,8,3,3,スカーズ,10,197.0,門別
2025/09/23,12,36,9,7,9,サクラルーフェン,11,211.5,門別
2025/09/23,12,36,10,1,1,フクノブルジュ,8,23.6,門別
2025/09/23,12,36,11,5,6,エバニスタ,9,186.2,門別
2025/09/23,12,36,12,5,5,ヒズライフ,12,322.0,門別
2025/09/19,10,20,1,1,1,アシャニンカ,4,,大井
2025/09/19,10,20,2,6,7,スマイルケイ,2,,大井
2025/09/19,10,20,3,4,4,エピルシェール,5,,大井
2025/09/19,10,20,4,5,5,クイーンマートル,10,,大井
2025/09/19,10,20,5,7,8,ヴィヴァンラリー,1,,大井
2025/09/19,10,20,6,8,10,ブレイブゼウス,7,,大井
2025/09/19,10,20,7,3,3,インペリオ,8,,大井
2025/09/19,10,20,8,8,11,パワポケチャンプ,3,,大井
2025/09/19,10,20,9,2,2,サンクスグランパ,6,,大井
2025/09/19,10,20,10,6,6,ラブラブバゴバゴ,9,,大井
2025/09/19,10,20,11,7,9,コパマエチャン,11,,大井
2025/09/19,11,20,1,7,11,ビシャモンテン,6,,大井
2025/09/19,11,20,2,6,10,ブルマリンシェール,4,,大井
2025/09/19,11,20,3,3,3,イマヲトキメク,8,,大井
2025/09/19,11,20,4,5,7,カツノナノリ,11,,大井
2025/09/19,11,20,5,5,8,アオイイーグル,2,,大井
2025/09/19,11,20,6,7,12,コアリオ,9,,大井
2025/09/19,11,20,7,8,13,タイセイストラーダ,13,,大井
2025/09/19,11,20,8,6,9,エナジーポコアポコ,10,,大井
2025/09/19,11,20,9,2,2,ムットクルフェ,3,,大井
2025/09/19,11,20,10,4,6,クラウンシューター,5,,大井
2025/09/19,11,20,11,1,1,ソレナ,7,,大井
2025/09/19,11,20,12,8,14,マイネルロッシュ,14,,大井
2025/09/19,11,20,13,3,4,キトン,1,,大井
2025/09/19,11,20,14,4,5,ハリウッドヒルズ,12,,大井
2025/09/19,12,20,1,3,5,ブルーヒサシン,1,,大井
2025/09/19,12,20,2,8,16,マスターオブライフ,2,,大井
2025/09/19,12,20,3,5,10,シャインフォール,10,,大井
2025/09/19,12,20,4,6,12,アポロリヤム,8,,大井
2025/09/19,12,20,5,2,4,ヘクトプリンセス,14,,大井
2025/09/19,12,20,6,4,7,サブノコイゴコロ,12,,大井
2025/09/19,12,20,7,3,6,トチノヒーロー,13,,大井
2025/09/19,12,20,8,4,8,フォースチルドレン,7,,大井
2025/09/19,12,20,9,2,3,アンフォラ,4,,大井
2025/09/19,12,20,10,8,15,モントーク,11,,大井
2025/09/19,12,20,11,5,9,キタノライアン,9,,大井
2025/09/19,12,20,12,7,14,エイシンネクタル,16,,大井
2025/09/19,12,20,13,6,11,ベネチアフレイバー,5,,大井
2025/09/19,12,20,14,7,13,サクハル,3,,大井
2025/09/19,12,20,15,1,1,ティーズエナジー,6,,大井
2025/09/19,12,20,16,1,2,バンドールロゼ,15,,大井
2025/09/18,10,36,1,7,9,ファリードゥーン,1,1.7,門別
2025/09/18,10,36,2,6,6,スマートテンペスト,3,3.9,門別
2025/09/18,10,36,3,6,7,エリオットゲーム,2,3.8,門別
2025/09/18,10,36,4,7,8,ユニコーンホエール,7,95.2,門別
2025/09/18,10,36,5,5,5,フィールマイウェイ,4,18.7,門別
2025/09/18,10,36,6,8,10,ベラヴィットーリア,5,19.1,門別
2025/09/18,10,36,7,3,3,エデュース,8,122.0,門別
2025/09/18,10,36,8,8,11,ヤマミウルフ,6,28.7,門別
2025/09/18,10,36,9,4,4,ロイヤルジョダーナ,10,161.0,門別
2025/09/18,10,36,10,2,2,フークアーデル,11,182.1,門別
2025/09/18,10,36,11,1,1,マドンナリリー,9,144.6,門別
2025/09/18,11,36,1,6,7,デュアルキャリアー,8,40.7,門別
2025/09/18,11,36,2,1,1,ハニービート,3,5.9,門別
2025/09/18,11,36,3,8,12,ビービーダイゴ,2,3.7,門別
2025/09/18,11,36,4,4,4,レディパイロ,5,14.4,門別
2025/09/18,11,36,5,7,9,ウィンストラテジー,1,1.8,門別
2025/09/18,11,36,6,6,8,コンサイダー,7,32.2,門別
2025/09/18,11,36,7,8,11,ジャズダンス,6,30.6,門別
2025/09/18,11,36,8,5,5,イクスクローバー,4,13.7,門別
2025/09/18,11,36,9,5,6,サクラファシナンテ,12,171.8,門別
2025/09/18,11,36,10,3,3,アイスボウル,9,52.1,門別
2025/09/18,11,36,11,2,2,アフロビート,11,107.2,門別
2025/09/18,11,36,12,7,10,クィーンズヒル,10,54.7,門別
2025/09/18,12,36,1,5,5,ニジコ,3,6.9,門別
2025/09/18,12,36,2,2,2,バレンタインケーキ,1,1.8,門別
2025/09/18,12,36,3,6,6,リバーストリート,5,13.6,門別
2025/09/18,12,36,4,8,8,ブレイズエッジ,4,12.3,門別
2025/09/18,12,36,5,8,9,カイリクイーン,9,70.1,門別
2025/09/18,12,36,6,7,7,ウィルラウス,2,3.3,門別
2025/09/18,12,36,7,1,1,クィーンズジョリー,8,57.7,門別
2025/09/18,12,36,8,4,4,スルーザミル,6,17.7,門別
2025/09/18,12,36,9,3,3,ティーズセラフ,7,47.5,門別
2025/09/17,10,20,1,6,8,トーケンレナン,8,,大井
2025/09/17,10,20,2,6,7,サンスイシサン,3,,大井
2025/09/17,10,20,3,5,6,レジェンドウェイ,2,,大井
2025/09/17,10,20,4,7,9,ケイアイマハナ,1,,大井
2025/09/17,10,20,5,3,3,カレンマウラー,10,,大井
2025/09/17,10,20,6,1,1,アレゴウドウレモン,6,,大井
2025/09/17,10,20,7,4,4,オーデンミカ,5,,大井
2025/09/17,10,20,8,8,11,アリーバ,12,,大井
2025/09/17,10,20,9,7,10,ヤマノリッチ,9,,大井
2025/09/17,10,20,10,5,5,フレンドリーシップ,11,,大井
2025/09/17,10,20,11,2,2,バーストオブカラー,4,,大井
2025/09/17,10,20,12,8,12,クルーミーズクライ,7,,大井
2025/09/17,11,20,1,6,10,マルカンラニ,3,,大井
2025/09/17,11,20,2,7,12,グロリアムンディ,1,,大井
2025/09/17,11,20,3,4,6,ナチュラルハイ,4,,大井
2025/09/17,11,20,4,5,7,グリューヴルム,2,,大井
2025/09/17,11,20,5,3,4,エクセスリターン,6,,大井
2025/09/17,11,20,6,4,5,カイル,12,,大井
2025/09/17,11,20,7,6,9,ヴェルテックス,8,,大井
2025/09/17,11,20,8,8,14,ヴィアメント,5,,大井
2025/09/17,11,20,9,8,13,セイカメテオポリス,7,,大井
2025/09/17,11,20,10,5,8,ペルマナント,13,,大井
2025/09/17,11,20,11,7,11,マンダリンヒーロー,9,,大井
2025/09/17,11,20,12,3,3,グランデマーレ,14,,大井
2025/09/17,11,20,13,1,1,ヒロシゲジャック,11,,大井
2025/09/17,11,20,14,2,2,ロイヤルペガサス,10,,大井
2025/09/17,12,20,1,8,13,ビリーヴホース,8,,大井
2025/09/17,12,20,2,8,12,サウンドキングダム,1,,大井
2025/09/17,12,20,3,6,8,リュウワンカノア,10,,大井
2025/09/17,12,20,4,7,11,フォーモサルビー,2,,大井
2025/09/17,12,20,5,3,3,アトラスライズ,7,,大井
2025/09/17,12,20,6,6,9,スピリチュアル,9,,大井
2025/09/17,12,20,7,1,1,カズノミカヅキ,6,,大井
2025/09/17,12,20,8,4,4,タイセイエルフィン,12,,大井
2025/09/17,12,20,9,5,6,ナックアテナ,3,,大井
2025/09/17,12,20,10,4,5,アダラズプレイヤー,4,,大井
2025/09/17,12,20,11,7,10,シタン,13,,大井
2025/09/17,12,20,12,2,2,カヴァス,11,,大井
2025/09/17,12,20,13,5,7,マルヨジョーダン,5,,大井
2025/09/17,10,36,1,7,8,スペルビア,2,4.4,門別
2025/09/17,10,36,2,4,4,ニシケンカバル,1,1.5,門別
2025/09/17,10,36,3,8,11,コインポケット,5,11.4,門別
2025/09/17,10,36,4,6,6,ヨンプク,3,9.3,門別
2025/09/17,10,36,5,3,3,ヤマノプリティー,6,22.1,門別
2025/09/17,10,36,6,6,7,ブラーブサージュ,8,170.6,門別
2025/09/17,10,36,7,5,5,サクラカレント,7,145.2,門別
2025/09/17,10,36,8,8,10,メイショウコウテツ,10,177.2,門別
2025/09/17,10,36,9,2,2,パームアイル,9,175.6,門別
2025/09/17,10,36,10,1,1,トドイワウィンド,4,9.5,門別
2025/09/17,10,36,11,7,9,ヴィーゲイツ,11,229.0,門別
2025/09/17,11,36,1,7,10,デュジャック,2,2.7,門別
2025/09/17,11,36,2,8,11,トーケンマコット,6,27.7,門別
2025/09/17,11,36,3,7,9,アイガイッパイ,4,17.0,門別
2025/09/17,11,36,4,8,12,ディーズミソロジー,8,38.4,門別
2025/09/17,11,36,5,6,7,カナデルエア,7,28.2,門別
2025/09/17,11,36,6,1,1,マーヤボニータ,3,14.4,門別
2025/09/17,11,36,7,2,2,ダンストンアンセム,12,183.7,門別
2025/09/17,11,36,8,3,3,エイダイファルコン,10,85.3,門別
2025/09/17,11,36,9,5,5,マリノシュライエン,5,27.4,門別
2025/09/17,11,36,10,5,6,フィリグラン,1,1.7,門別
2025/09/17,11,36,11,4,4,ヤマニンファロ,9,44.7,門別
2025/09/17,11,36,12,6,8,クリムゾンジュエル,11,134.5,門別
2025/09/17,12,36,1,8,11,インクルーデッド,2,4.6,門別
2025/09/17,12,36,2,2,2,ルクスディライト,6,15.0,門別
2025/09/17,12,36,3,6,6,イモータルウインド,1,2.3,門別
2025/09/17,12,36,4,7,8,マノレア,3,5.3,門別
2025/09/17,12,36,5,8,10,スマイルシエラ,4,6.1,門別
2025/09/17,12,36,6,3,3,バラライカ,8,57.5,門別
2025/09/17,12,36,7,5,5,ホイッスルソング,9,91.1,門別
2025/09/17,12,36,8,7,9,ボルゲリ,10,203.3,門別
2025/09/17,12,36,9,1,1,クラシカルスカラー,7,29.6,門別
2025/09/17,12,36,10,6,7,グラストップロード,5,8.1,門別
2025/09/17,12,36,11,4,4,アンドゥーラ,11,259.0,門別
2025/09/16,10,20,1,7,7,エルツ,1,3.5,大井
2025/09/16,10,20,2,4,4,フォルツァ,6,42.7,大井
2025/09/16,10,20,3,3,3,バズッチ,3,4.6,大井
2025/09/16,10,20,4,1,1,ヴァルタリ,4,11.1,大井
2025/09/16,10,20,5,6,6,クイーンカトリーヌ,5,22.8,大井
2025/09/16,10,20,6,2,2,カルテメトレス,2,5.3,大井
2025/09/16,10,20,7,5,5,パレスパートナー,7,5.1,大井
2025/09/16,11,20,1,2,2,サッキーミツグ,6,18.4,大井
2025/09/16,11,20,2,6,7,テンドウ,3,8.8,大井
2025/09/16,11,20,3,1,1,タケシ,1,108.3,大井
2025/09/16,11,20,4,8,10,ハニートースト,2,230.8,大井
2025/09/16,11,20,5,4,4,アイズ,7,29.1,大井
2025/09/16,11,20,6,3,3,ロンリープラネット,5,43.0,大井
2025/09/16,11,20,7,5,5,ナサ,11,10.5,大井
2025/09/16,11,20,8,8,11,ニシノデフィレ,10,24.7,大井
2025/09/16,11,20,9,7,9,ラブミーメアリー,8,4.1,大井
2025/09/16,11,20,10,6,6,シゲルマッハ,4,1.9,大井
2025/09/16,11,20,11,7,8,ウィンウッド,9,20.0,大井
2025/09/16,12,20,1,6,9,アクイローネ,1,45.2,大井
2025/09/16,12,20,2,7,12,センジュ,2,6.9,大井
2025/09/16,12,20,3,8,14,ビートリニティ,8,,大井
2025/09/16,12,20,4,3,3,ヤザン,7,3.1,大井
2025/09/16,12,20,5,6,10,コスモギンガ,9,7.6,大井
2025/09/16,12,20,6,7,11,ホヌ,10,113.4,大井
2025/09/16,12,20,7,2,2,フェリスラリー,6,28.4,大井
2025/09/16,12,20,8,4,5,マカーリオ,3,13.1,大井
2025/09/16,12,20,9,8,13,ベアウェイトゥゴー,14,,大井
2025/09/16,12,20,10,4,6,ウィーナーズソング,5,151.1,大井
2025/09/16,12,20,11,5,7,ショウナンタバルア,4,5.8,大井
2025/09/16,12,20,12,1,1,ネオエトワール,13,17.8,大井
2025/09/16,12,20,13,5,8,ビップライアン,11,136.4,大井
2025/09/16,12,20,14,3,4,ブラッドワイルド,12,3.6,大井
2025/09/16,10,36,1,2,2,ジャスパーエイト,9,73.1,門別
2025/09/16,10,36,2,3,3,ニシノレヴィガータ,7,20.2,門別
2025/09/16,10,36,3,8,11,マッターホルン,2,7.3,門別
2025/09/16,10,36,4,7,9,アトニモサキニモ,6,17.8,門別
2025/09/16,10,36,5,8,10,マルティネーテ,5,15.8,門別
2025/09/16,10,36,6,1,1,スパイツサージュ,8,29.5,門別
2025/09/16,10,36,7,4,4,ラピルスイメル,1,1.4,門別
2025/09/16,10,36,8,7,8,ラグドール,10,111.7,門別
2025/09/16,10,36,9,5,5,ベルオーブ,3,8.0,門別
2025/09/16,10,36,10,6,7,キッスミーアイ,4,14.5,門別
2025/09/16,10,36,11,6,6,ドゴン,11,612.6,門別
2025/09/16,11,36,1,4,4,アニマルフルーツ,2,2.9,門別
2025/09/16,11,36,2,1,1,サヤオンニ,3,6.5,門別
2025/09/16,11,36,3,8,9,ワイルドラヴ,5,8.5,門別
2025/09/16,11,36,4,3,3,スティールブライト,1,2.1,門別
2025/09/16,11,36,5,8,8,ブレイヴァリーボス,4,7.9,門別
2025/09/16,11,36,6,2,2,ヴィルゲート,9,136.5,門別
2025/09/16,11,36,7,7,7,フェールアシュバル,8,101.2,門別
2025/09/16,11,36,8,5,5,ラグナキリア,6,31.7,門別
2025/09/16,11,36,9,6,6,シャイニーメイン,7,99.1,門別
2025/09/16,12,36,1,7,9,スリーレジェンド,2,2.9,門別
2025/09/16,12,36,2,2,2,トネムスメ,3,4.9,門別
2025/09/16,12,36,3,6,7,ライルアケカイ,1,2.7,門別
2025/09/16,12,36,4,4,4,マーゴットミニモ,6,14.4,門別
2025/09/16,12,36,5,8,10,クラウォー,4,10.2,門別
2025/09/16,12,36,6,1,1,ワイドカイゼリン,8,32.8,門別
2025/09/16,12,36,7,7,8,ニンリル,7,31.3,門別
2025/09/16,12,36,8,3,3,シュネルカガ,5,10.3,門別
2025/09/16,12,36,9,8,11,ウェルメイド,10,181.8,門別
2025/09/16,12,36,10,6,6,バスターウルフ,11,315.2,門別
2025/09/16,12,36,11,5,5,ハードボイルド,9,120.5,門別
2025/09/15,10,20,1,8,10,デリッサ,1,,大井
2025/09/15,10,20,2,1,1,ナムラミック,2,3.1,大井
2025/09/15,10,20,3,6,6,エイコーカイザー,5,3.4,大井
2025/09/15,10,20,4,4,4,ペイルムーン,3,3.2,大井
2025/09/15,10,20,5,3,3,アイスラリマー,10,,大井
2025/09/15,10,20,6,5,5,キャプテンジャック,4,56.4,大井
2025/09/15,10,20,7,7,8,エスプリナミコ,7,39.8,大井
2025/09/15,10,20,8,8,11,イクノオリンピア,8,,大井
2025/09/15,10,20,9,6,7,イチモクサン,6,5.7,大井
2025/09/15,10,20,10,7,9,ラフォンターナ,9,,大井
2025/09/15,10,20,11,2,2,スターオブウーノ,11,8.3,大井
2025/09/15,11,20,1,3,3,ランプロン,3,2.2,大井
2025/09/15,11,20,2,2,2,トップアメリカン,11,27.2,大井
2025/09/15,11,20,3,5,5,ゼルトザーム,1,7.5,大井
2025/09/15,11,20,4,6,7,パワースレイヴ,9,8.6,大井
2025/09/15,11,20,5,4,4,ローウェル,4,7.9,大井
2025/09/15,11,20,6,6,6,ベルウッドワン,2,59.6,大井
2025/09/15,11,20,7,8,11,ロアリングルックス,6,,大井
2025/09/15,11,20,8,7,9,ヘリアンフォラ,7,8.7,大井
2025/09/15,11,20,9,1,1,ヴィクラント,8,4.1,大井
2025/09/15,11,20,10,8,10,キャンユーキッス,10,,大井
2025/09/15,11,20,11,7,8,ゴールドジャッジ,5,48.3,大井
2025/09/15,12,20,1,1,1,エスプリブルズアイ,4,92.6,大井
2025/09/15,12,20,2,3,3,ペイシャコパ,7,10.8,大井
2025/09/15,12,20,3,6,9,アレアラミア,3,1.6,大井
2025/09/15,12,20,4,5,7,マイネルオデーサ,5,10.3,大井
2025/09/15,12,20,5,8,13,レペンテ,8,,大井
2025/09/15,12,20,6,8,12,マイネルイージス,13,,大井
2025/09/15,12,20,7,6,8,サガノオウマサン,6,15.4,大井
2025/09/15,12,20,8,7,10,カレーウドン,12,,大井
2025/09/15,12,20,9,2,2,リコーテリア,1,214.0,大井
2025/09/15,12,20,10,5,6,リュウノウィザード,10,6.8,大井
2025/09/15,12,20,11,4,4,ダンタリオン,2,4.3,大井
2025/09/15,12,20,12,4,5,オールアイズオン,11,369.1,大井
2025/09/15,12,20,13,7,11,グリークトレジャー,9,,大井
2025/09/12,10,21,1,3,4,ミスマルゴー,6,,川崎
2025/09/12,10,21,2,7,11,ビップソリオ,1,,川崎
2025/09/12,10,21,3,3,3,スピナッチバイパー,8,,川崎
2025/09/12,10,21,4,8,14,キャップ,7,,川崎
2025/09/12,10,21,5,8,13,キタノトパーズ,4,,川崎
2025/09/12,10,21,6,4,5,ギンユウシジン,5,,川崎
2025/09/12,10,21,7,2,2,ナチュラルターン,2,,川崎
2025/09/12,10,21,8,5,8,ゲットアップゲート,11,,川崎
2025/09/12,10,21,9,7,12,サウンドノバ,13,,川崎
2025/09/12,10,21,10,6,10,ニシノアウェイク,9,,川崎
2025/09/12,10,21,11,4,6,ブラックロータス,10,,川崎
2025/09/12,10,21,12,6,9,アルフィーノ,12,,川崎
2025/09/12,10,21,13,5,7,シントーハナノボス,3,,川崎
2025/09/12,11,21,1,8,11,プリモパイソン,1,,川崎
2025/09/12,11,21,2,7,10,フリーダム,4,,川崎
2025/09/12,11,21,3,2,2,サンダーゼウス,8,,川崎
2025/09/12,11,21,4,8,12,キューティロメラ,5,,川崎
2025/09/12,11,21,5,4,4,シナノスマイル,7,,川崎
2025/09/12,11,21,6,3,3,レアグリフォン,6,,川崎
2025/09/12,11,21,7,6,8,マッドシェリー,9,,川崎
2025/09/12,11,21,8,6,7,レベルフォー,11,,川崎
2025/09/12,11,21,9,5,5,ライゾマティクス,10,,川崎
2025/09/12,11,21,10,5,6,リノデスティーノ,3,,川崎
2025/09/12,11,21,11,7,9,ハセノエクスプレス,2,,川崎
2025/09/12,12,21,1,6,6,ヴァリスタ,5,,川崎
2025/09/12,12,21,2,8,8,フクフクテンテン,1,,川崎
2025/09/12,12,21,3,7,7,オビワンリュウセイ,3,,川崎
2025/09/12,12,21,4,4,4,ブルーパール,2,,川崎
2025/09/12,12,21,5,2,2,マッドリボンガール,4,,川崎
2025/09/12,12,21,6,5,5,ブルートルマリン,7,,川崎
2025/09/12,12,21,7,3,3,ダイナマイトブル,6,,川崎
2025/09/12,12,21,8,1,1,プレミアムプリモ,8,,川崎
2025/09/11,10,36,1,5,6,タカオスマイル,7,10.7,門別
2025/09/11,10,36,2,3,3,ラディアンテ,3,6.8,門別
2025/09/11,10,36,3,6,8,レッドコート,1,3.1,門別
2025/09/11,10,36,4,8,11,アイルヴィータ,4,8.2,門別
2025/09/11,10,36,5,7,9,リリーパーク,6,8.7,門別
2025/09/11,10,36,6,2,2,ウインラムセス,11,67.4,門別
2025/09/11,10,36,7,1,1,マジックライン,8,30.2,門別
2025/09/11,10,36,8,7,10,アンジュパラディ,10,48.5,門別
2025/09/11,10,36,9,5,5,ミライヘホウショウ,9,32.8,門別
2025/09/11,10,36,10,6,7,トレビアンクリール,5,8.5,門別
2025/09/11,10,36,11,8,12,ピンクシャウラ,12,90.1,門別
2025/09/11,10,36,12,4,4,パッションプリマ,2,4.2,門別
2025/09/11,11,36,1,6,6,ゼファーバローズ,1,3.9,門別
2025/09/11,11,36,2,7,9,ディマリア,7,14.7,門別
2025/09/11,11,36,3,4,4,キタノロワーズ,2,4.0,門別
2025/09/11,11,36,4,1,1,ミネノブルー,3,4.3,門別
2025/09/11,11,36,5,5,5,バフェ,4,5.6,門別
2025/09/11,11,36,6,2,2,トーケンアーサー,6,12.3,門別
2025/09/11,11,36,7,6,7,トーアエデン,9,27.4,門別
2025/09/11,11,36,8,7,8,プレイフルネス,10,80.0,門別
2025/09/11,11,36,9,8,11,アースカムイ,8,19.6,門別
2025/09/11,11,36,10,3,3,コンヴァラリア,5,11.5,門別
2025/09/11,11,36,11,8,10,プレジールツッキー,11,269.3,門別
2025/09/11,12,36,1,6,6,ジャスパーメジャー,2,2.7,門別
2025/09/11,12,36,2,7,7,ピンクヴェノム,1,2.4,門別
2025/09/11,12,36,3,5,5,ブリックロード,3,4.5,門別
2025/09/11,12,36,4,4,4,トウカイエトワール,4,6.4,門別
2025/09/11,12,36,5,3,3,スティールストーム,6,58.5,門別
2025/09/11,12,36,6,1,1,タイセイサムソン,5,11.5,門別
2025/09/10,10,21,1,7,9,マカゼ,3,,川崎
2025/09/10,10,21,2,3,3,オソレ,1,,川崎
2025/09/10,10,21,3,5,5,タマモアルタイル,4,,川崎
2025/09/10,10,21,4,8,10,デーレーラプター,2,,川崎
2025/09/10,10,21,5,6,7,アカザ,6,,川崎
2025/09/10,10,21,6,2,2,ライヴトパーズ,9,,川崎
2025/09/10,10,21,7,4,4,タツノマッハ,8,,川崎
2025/09/10,10,21,8,7,8,プレストルーチェ,7,,川崎
2025/09/10,10,21,9,6,6,ソウルストライク,10,,川崎
2025/09/10,10,21,10,8,11,サザンレイク,5,,川崎
2025/09/10,10,21,11,1,1,トキノゴールド,11,,川崎
2025/09/10,11,21,1,8,9,ナイトオブファイア,2,,川崎
2025/09/10,11,21,2,2,2,ユウユウスキー,4,,川崎
2025/09/10,11,21,3,4,4,シーソーゲーム,1,,川崎
2025/09/10,11,21,4,7,8,ヤギリケハヤ,6,,川崎
2025/09/10,11,21,5,1,1,ピノマハナ,3,,川崎
2025/09/10,11,21,6,8,10,スピンディエゴール,5,,川崎
2025/09/10,11,21,7,6,6,プレミアムハンド,7,,川崎
2025/09/10,11,21,8,3,3,プローラーティオー,8,,川崎
2025/09/10,11,21,9,7,7,アルメールヴェント,10,,川崎
2025/09/10,11,21,10,5,5,ストームレーン,9,,川崎
2025/09/10,12,21,1,2,2,エスプリゴンザレス,3,,川崎
2025/09/10,12,21,2,5,7,パンプイット,6,,川崎
2025/09/10,12,21,3,3,4,ミュークレグルス,5,,川崎
2025/09/10,12,21,4,4,6,ポッドジャスパー,2,,川崎
2025/09/10,12,21,5,7,11,ボレロオブソロウ,10,,川崎
2025/09/10,12,21,6,8,14,クレーネ,1,,川崎
2025/09/10,12,21,7,5,8,タイムトゥキル,12,,川崎
2025/09/10,12,21,8,4,5,デルマツリダシ,8,,川崎
2025/09/10,12,21,9,7,12,カシスオレンジ,14,,川崎
2025/09/10,12,21,10,1,1,ウワサノアノコ,9,,川崎
2025/09/10,12,21,11,6,9,ライジングキャノン,7,,川崎
2025/09/10,12,21,12,6,10,グラスアラバニーユ,13,,川崎
2025/09/10,12,21,13,3,3,ティーケーメイト,11,,川崎
2025/09/10,12,21,14,8,13,コモドアーズ,4,,川崎
2025/09/10,10,36,1,7,8,マンダレーヒル,1,2.4,門別
2025/09/10,10,36,2,8,9,エメラルドシティー,5,9.4,門別
2025/09/10,10,36,3,7,7,キタサンモンドー,3,5.8,門別
2025/09/10,10,36,4,1,1,ヤルキゲンキユウキ,8,34.6,門別
2025/09/10,10,36,5,8,10,グランリッジライン,7,33.3,門別
2025/09/10,10,36,6,5,5,コパノイノリ,10,152.0,門別
2025/09/10,10,36,7,2,2,アースリンゴ,4,8.3,門別
2025/09/10,10,36,8,6,6,カズナリ,6,9.8,門別
2025/09/10,10,36,9,3,3,シバノテンテン,9,75.4,門別
2025/09/10,10,36,10,4,4,ダンクバローズ,2,3.8,門別
2025/09/10,11,36,1,2,2,クルードラゴン,6,41.0,門別
2025/09/10,11,36,2,6,8,プラセボ,2,5.0,門別
2025/09/10,11,36,3,6,7,アースライザー,9,114.7,門別
2025/09/10,11,36,4,8,11,ケイアイパープル,1,1.2,門別
2025/09/10,11,36,5,8,12,ハセノパイロ,10,136.5,門別
2025/09/10,11,36,6,5,5,ドスハーツ,8,89.5,門別
2025/09/10,11,36,7,3,3,ブリッツファング,3,12.9,門別
2025/09/10,11,36,8,7,10,ヒカリオーソ,5,38.1,門別
2025/09/10,11,36,9,7,9,アレクサ,4,20.7,門別
2025/09/10,11,36,10,5,6,サヴァ,7,66.3,門別
2025/09/10,11,36,11,1,1,ナムラゴロフキン,12,396.0,門別
2025/09/10,11,36,12,4,4,スカーズ,11,390.4,門別
2025/09/10,12,36,1,5,5,トモノシルバー,1,1.9,門別
2025/09/10,12,36,2,2,2,モーニングショー,2,2.7,門別
2025/09/10,12,36,3,6,6,ガンスリンガー,5,13.6,門別
2025/09/10,12,36,4,4,4,イイデマイヒメ,3,6.1,門別
2025/09/10,12,36,5,3,3,ジャスパーシャイン,4,8.0,門別
2025/09/10,12,36,6,7,7,エターナルルビー,7,222.7,門別
2025/09/10,12,36,7,1,1,グッドフェイス,6,144.8,門別
2025/09/09,10,21,1,6,9,ラブアンドハピネス,2,,川崎
2025/09/09,10,21,2,8,12,アークボルト,7,,川崎
2025/09/09,10,21,3,7,10,リリーバローズ,10,,川崎
2025/09/09,10,21,4,4,5,シグナルファイアー,9,,川崎
2025/09/09,10,21,5,2,2,グロリアンズタイム,5,,川崎
2025/09/09,10,21,6,7,11,ダートレイジング,4,,川崎
2025/09/09,10,21,7,5,6,イエヴァンポルッカ,12,,川崎
2025/09/09,10,21,8,6,8,トウロウノオノ,6,,川崎
2025/09/09,10,21,9,5,7,ツウエンティフォー,3,,川崎
2025/09/09,10,21,10,1,1,レッドサラマンダー,8,,川崎
2025/09/09,10,21,11,8,13,フクチャンキング,11,,川崎
2025/09/09,11,21,1,7,12,シンビリーブ,1,,川崎
2025/09/09,11,21,2,4,5,タブラオ,3,,川崎
2025/09/09,11,21,3,2,2,ニフェーデービル,8,,川崎
2025/09/09,11,21,4,1,1,オルノア,5,,川崎
2025/09/09,11,21,5,6,10,サマーアゲイン,7,,川崎
2025/09/09,11,21,6,5,7,コパノアントニオ,6,,川崎
2025/09/09,11,21,7,5,8,トノパー,9,,川崎
2025/09/09,11,21,8,6,9,ブラヴール,14,,川崎
2025/09/09,11,21,9,4,6,トルショー,2,,川崎
2025/09/09,11,21,10,8,14,ゼウスバイオ,4,,川崎
2025/09/09,11,21,11,3,3,マサハヤウォルズ,11,,川崎
2025/09/09,11,21,12,8,13,シャンパンファイト,13,,川崎
2025/09/09,11,21,13,7,11,ナガタエース,12,,川崎
2025/09/09,11,21,14,3,4,ブルグミューラー,10,,川崎
2025/09/09,12,21,1,3,4,スナオナキモチ,7,,川崎
2025/09/09,12,21,2,8,14,サーブザミッション,1,,川崎
2025/09/09,12,21,3,8,13,マリアナジャズ,9,,川崎
2025/09/09,12,21,4,4,6,ラヴィンローゼス,8,,川崎
2025/09/09,12,21,5,1,1,ロードアスタリスク,10,,川崎
2025/09/09,12,21,6,5,7,ゴーダンシング,12,,川崎
2025/09/09,12,21,7,2,2,カガヤキファイター,4,,川崎
2025/09/09,12,21,8,7,12,パーチル,6,,川崎
2025/09/09,12,21,9,7,11,グッモーニン,13,,川崎
2025/09/09,12,21,10,4,5,ランニングホット,2,,川崎
2025/09/09,12,21,11,5,8,ヴェッターホルン,5,,川崎
2025/09/09,12,21,12,3,3,リュラグリーン,14,,川崎
2025/09/09,12,21,13,6,10,サンディビーチ,11,,川崎
2025/09/09,12,21,14,6,9,レーザースペックル,3,,川崎
2025/09/09,10,36,1,1,1,エクストラチャージ,2,3.3,門別
2025/09/09,10,36,2,8,12,カーヌスティ,1,2.3,門別
2025/09/09,10,36,3,7,9,ハビビ,8,36.1,門別
2025/09/09,10,36,4,3,3,フクノジョヴァンニ,3,5.6,門別
2025/09/09,10,36,5,2,2,リックトメンマ,12,274.0,門別
2025/09/09,10,36,6,5,6,マロガレ,6,22.2,門別
2025/09/09,10,36,7,6,7,ヴィトーリアヘーザ,4,7.3,門別
2025/09/09,10,36,8,7,10,ウナトライオン,9,41.9,門別
2025/09/09,10,36,9,5,5,エースオブハーツ,7,25.4,門別
2025/09/09,10,36,10,4,4,ハナレタクナイ,11,219.2,門別
2025/09/09,10,36,11,8,11,ヤマニンラリアンス,5,18.8,門別
2025/09/09,10,36,12,6,8,ジンガブリッツ,10,99.8,門別
2025/09/09,11,36,1,2,2,ダグフォース,1,1.9,門別
2025/09/09,11,36,2,6,6,グッドボーイ,4,6.7,門別
2025/09/09,11,36,3,8,8,パンテレリア,2,3.2,門別
2025/09/09,11,36,4,3,3,フレスコバルディ,3,6.4,門別
2025/09/09,11,36,5,4,4,バンカブルスター,5,10.1,門別
2025/09/09,11,36,6,7,7,スペイスフォース,7,57.2,門別
2025/09/09,11,36,7,1,1,ブッシュドノエル,9,299.7,門別
2025/09/09,11,36,8,8,9,クーシフォン,6,56.2,門別
2025/09/09,11,36,9,5,5,センゲントップ,8,217.2,門別
2025/09/09,12,36,1,1,1,ヴィヴィアンエイト,1,2.4,門別
2025/09/09,12,36,2,8,8,スティールマジック,5,23.6,門別
2025/09/09,12,36,3,5,5,オンラインボス,2,2.5,門別
2025/09/09,12,36,4,2,2,カッパギ,3,2.8,門別
2025/09/09,12,36,5,3,3,フクノブルジュ,4,18.8,門別
2025/09/09,12,36,6,6,6,サクラルーフェン,8,261.1,門別
2025/09/09,12,36,7,8,9,エバニスタ,6,205.6,門別
2025/09/09,12,36,8,7,7,ヒズライフ,7,259.0,門別
2025/09/08,10,21,1,4,4,ベリーク,2,,川崎
2025/09/08,10,21,2,7,10,サンスレッド,10,,川崎
2025/09/08,10,21,3,7,9,ビヴァアカプルコ,4,,川崎
2025/09/08,10,21,4,8,12,ジョイルミナス,8,,川崎
2025/09/08,10,21,5,5,5,リラスカイ,6,,川崎
2025/09/08,10,21,6,1,1,セクシーウィドー,7,,川崎
2025/09/08,10,21,7,8,11,ノクターナル,1,,川崎
2025/09/08,10,21,8,5,6,ヴァルトビューネ,3,,川崎
2025/09/08,10,21,9,6,7,ミツカネトーラス,9,,川崎
2025/09/08,10,21,10,3,3,タイセイスパート,5,,川崎
2025/09/08,11,21,1,8,14,インナースティール,1,,川崎
2025/09/08,11,21,2,3,4,モネ,8,,川崎
2025/09/08,11,21,3,5,8,レグノ,9,,川崎
2025/09/08,11,21,4,2,2,スカイアクロス,3,,川崎
2025/09/08,11,21,5,7,11,カンデラリア,2,,川崎
2025/09/08,11,21,6,1,1,デアシュトゥルム,5,,川崎
2025/09/08,11,21,7,3,3,メロスゴー,10,,川崎
2025/09/08,11,21,8,5,7,コールブランド,7,,川崎
2025/09/08,11,21,9,6,9,ミュステーリオン,4,,川崎
2025/09/08,11,21,10,8,13,サブリュウシン,11,,川崎
2025/09/08,11,21,11,6,10,キーラーヴォッヘ,13,,川崎
2025/09/08,11,21,12,7,12,トーホウボルツ,14,,川崎
2025/09/08,11,21,13,4,5,サラサグッドワーク,6,,川崎
2025/09/08,11,21,14,4,6,モンゲーキララ,12,,川崎
2025/09/08,12,21,1,7,12,ペータース,1,,川崎
2025/09/08,12,21,2,3,3,カラフルピーチ,4,,川崎
2025/09/08,12,21,3,2,2,エコロジョイアー,2,,川崎
2025/09/08,12,21,4,3,4,ガルニエ,3,,川崎
2025/09/08,12,21,5,8,13,スパローズ,5,,川崎
2025/09/08,12,21,6,6,9,ソーヴキプ,9,,川崎
2025/09/08,12,21,7,4,6,ファイヤーボール,6,,川崎
2025/09/08,12,21,8,4,5,ボニファシオ,7,,川崎
2025/09/08,12,21,9,5,8,ミシェット,13,,川崎
2025/09/08,12,21,10,1,1,ヒシルリアン,12,,川崎
2025/09/08,12,21,10,7,11,ツワモノ,10,,川崎
2025/09/08,12,21,12,8,14,シヴァシン,14,,川崎
2025/09/08,12,21,13,5,7,シェナクラウン,8,,川崎
2025/09/08,12,21,14,6,10,リュウノアラス,11,,川崎
2025/09/05,10,20,1,2,2,モリデンステルス,3,,大井
2025/09/05,10,20,2,7,9,ジャガーバローズ,6,,大井
2025/09/05,10,20,3,6,7,キタノライジン,5,,大井
2025/09/05,10,20,4,8,11,グレイテストワーク,1,,大井
2025/09/05,10,20,5,5,6,シャークシャイニー,11,,大井
2025/09/05,10,20,6,1,1,ウインアイリーン,7,,大井
2025/09/05,10,20,7,7,10,ダイシンゲキ,12,,大井
2025/09/05,10,20,8,8,12,ポチョラーダ,4,,大井
2025/09/05,10,20,9,3,3,ムサシエクスプレス,9,,大井
2025/09/05,10,20,10,5,5,コスタデラルス,8,,大井
2025/09/05,10,20,11,6,8,コパノスタンリー,10,,大井
2025/09/05,10,20,12,4,4,スーパーアグリ,2,,大井
2025/09/05,11,20,1,6,8,シザーハンズ,2,,大井
2025/09/05,11,20,2,8,12,アンフォラ,6,,大井
2025/09/05,11,20,3,7,10,アポロリヤム,8,,大井
2025/09/05,11,20,4,7,9,ティーズエナジー,7,,大井
2025/09/05,11,20,5,8,11,プラチナムロッド,1,,大井
2025/09/05,11,20,6,4,4,グランジュール,4,,大井
2025/09/05,11,20,7,2,2,ラインエンジェル,5,,大井
2025/09/05,11,20,8,1,1,シャインフォール,9,,大井
2025/09/05,11,20,9,5,6,ノーブルジーク,12,,大井
2025/09/05,11,20,10,3,3,ヤマノウォーリア,10,,大井
2025/09/05,11,20,11,6,7,コーミズアムール,11,,大井
2025/09/05,11,20,12,5,5,サブノコイゴコロ,3,,大井
2025/09/05,12,20,1,8,9,ブルーヒサシン,1,,大井
2025/09/05,12,20,2,3,3,シューボーイ,9,,大井
2025/09/05,12,20,3,7,8,カガヤキトップ,6,,大井
2025/09/05,12,20,4,8,10,ナックブレット,3,,大井
2025/09/05,12,20,5,7,7,ユメゴテン,2,,大井
2025/09/05,12,20,6,5,5,サンスイシサン,5,,大井
2025/09/05,12,20,7,2,2,ビリーヴホース,10,,大井
2025/09/05,12,20,8,1,1,トーケンレナン,8,,大井
2025/09/05,12,20,9,4,4,スキャロップ,7,,大井
2025/09/05,12,20,10,6,6,マルヨジョーダン,4,,大井
2025/11/14,10,20,1,5,7,コーラルキング,1,,大井
2025/11/14,10,20,2,6,10,ドゥーロアバンティ,6,,大井
2025/11/14,10,20,3,7,12,コスモブライヤー,7,,大井
2025/11/14,10,20,4,3,3,グレイテストワーク,2,,大井
2025/11/14,10,20,5,6,9,トチノヒーロー,12,,大井
2025/11/14,10,20,6,4,5,トーケンレナン,5,,大井
2025/11/14,10,20,7,4,6,サウンドクラージュ,9,,大井
2025/11/14,10,20,8,1,1,フェヴリエ,8,,大井
2025/11/14,10,20,9,2,2,ティーズアペックス,10,,大井
2025/11/14,10,20,10,8,14,ヨゾラノムコウニ,3,,大井
2025/11/14,10,20,11,5,8,サンスイシサン,4,,大井
2025/11/14,10,20,12,7,11,ピリー,11,,大井
2025/11/14,10,20,13,3,4,チャンチャン,13,,大井
2025/11/14,10,20,14,8,13,バンドールロゼ,14,,大井
2025/11/14,11,20,1,4,4,フジマサテイオー,1,,大井
2025/11/14,11,20,2,8,12,マイネルサブマリン,2,,大井
2025/11/14,11,20,3,4,5,スパルタレオニダス,5,,大井
2025/11/14,11,20,4,1,1,ファーガス,6,,大井
2025/11/14,11,20,5,5,7,ポンドボーイ,4,,大井
2025/11/14,11,20,6,3,3,アッティラ,10,,大井
2025/11/14,11,20,7,5,6,ヒミノフラッシュ,12,,大井
2025/11/14,11,20,8,6,9,クラウンシューター,7,,大井
2025/11/14,11,20,9,7,11,シャンボール,8,,大井
2025/11/14,11,20,10,8,13,オルトスラッガー,11,,大井
2025/11/14,11,20,11,6,8,マイネルロッシュ,13,,大井
2025/11/14,11,20,12,7,10,シュガーコルト,9,,大井
2025/11/14,11,20,13,2,2,ゴールデンブザー,3,,大井
2025/11/14,12,20,1,2,4,カガヤキテンマ,1,,大井
2025/11/14,12,20,2,1,2,アジアジェニファー,5,,大井
2025/11/14,12,20,3,5,9,プラズマ,6,,大井
2025/11/14,12,20,4,4,8,フィエレッツァ,2,,大井
2025/11/14,12,20,5,1,1,ベンテイガ,4,,大井
2025/11/14,12,20,6,8,16,キエティスム,10,,大井
2025/11/14,12,20,7,7,14,ガンモレジェンド,9,,大井
2025/11/14,12,20,8,6,12,ナイスデスネ,13,,大井
2025/11/14,12,20,9,4,7,ランディスシティ,11,,大井
2025/11/14,12,20,10,7,13,レイリ,12,,大井
2025/11/14,12,20,11,2,3,ロンギングナイス,3,,大井
2025/11/14,12,20,12,3,6,マイネルディレクト,7,,大井
2025/11/14,12,20,13,3,5,スナイプフレイバー,8,,大井
2025/11/14,12,20,14,6,11,ミラコロカナーレ,14,,大井
2025/11/14,12,20,15,8,15,ヤクモ,15,,大井
2025/11/14,12,20,16,5,10,ウィンウッド,16,,大井
2025/09/04,10,36,1,8,9,ライルアケカイ,3,5.3,門別
2025/09/04,10,36,2,6,6,ショーケン,2,3.8,門別
2025/09/04,10,36,3,8,10,ケイアイアンタレス,1,1.9,門別
2025/09/04,10,36,4,1,1,リムショット,4,5.8,門別
2025/09/04,10,36,5,7,7,アルファインディ,6,30.3,門別
2025/09/04,10,36,6,5,5,エルデストサン,5,19.4,門別
2025/09/04,10,36,7,4,4,メイショウイチズ,9,277.0,門別
2025/09/04,10,36,8,3,3,ホウオウプラージュ,8,77.6,門別
2025/09/04,10,36,9,7,8,アフロビート,7,75.5,門別
2025/09/04,10,36,10,2,2,アンドゥーラ,10,293.0,門別
2025/09/04,11,36,1,8,8,マナコア,1,1.3,門別
2025/09/04,11,36,2,4,4,エターナルウインド,3,9.4,門別
2025/09/04,11,36,3,8,9,ビービーバシリス,2,5.0,門別
2025/09/04,11,36,4,6,6,アライグマパンチ,8,99.0,門別
2025/09/04,11,36,5,7,7,ラトワール,5,18.4,門別
2025/09/04,11,36,6,3,3,クアトロソバージュ,7,28.6,門別
2025/09/04,11,36,7,2,2,ミッドナイトゲイル,6,24.2,門別
2025/09/04,11,36,8,1,1,レイワホクト,4,18.1,門別
2025/09/04,12,36,1,6,8,インクルーデッド,4,6.8,門別
2025/09/04,12,36,2,5,6,ハニービート,3,6.3,門別
2025/09/04,12,36,3,7,10,ビービーダイゴ,1,2.5,門別
2025/09/04,12,36,4,8,12,メイショウマーブル,5,7.1,門別
2025/09/04,12,36,5,6,7,レディパイロ,7,15.2,門別
2025/09/04,12,36,6,4,4,テーオーエジソン,6,9.2,門別
2025/09/04,12,36,7,2,2,アイスボウル,10,78.2,門別
2025/09/04,12,36,8,3,3,デュアルキャリアー,8,30.0,門別
2025/09/04,12,36,9,7,9,クラキンカ,12,272.3,門別
2025/09/04,12,36,10,8,11,コルテデフィート,11,218.5,門別
2025/09/04,12,36,11,1,1,サクラファシナンテ,9,56.6,門別
2025/09/04,12,36,12,5,5,イクスクローバー,2,5.9,門別
2025/09/03,10,20,1,2,2,トレインザマインド,1,,大井
2025/09/03,10,20,2,7,13,ルシャリオ,3,,大井
2025/09/03,10,20,3,8,14,レペンテ,14,,大井
2025/09/03,10,20,4,5,9,ベルエアフォース,5,,大井
2025/09/03,10,20,5,4,6,アルミンテソーロ,4,,大井
2025/09/03,10,20,6,3,4,マオノジーニー,7,,大井
2025/09/03,10,20,7,6,10,インターステラ,11,,大井
2025/09/03,10,20,8,7,12,ワイドコンプリー,13,,大井
2025/09/03,10,20,9,3,5,ケングロリア,12,,大井
2025/09/03,10,20,10,4,7,グリークトレジャー,9,,大井
2025/09/03,10,20,11,1,1,サクラサクヤヒメ,2,,大井
2025/09/03,10,20,12,8,15,カドバンソコヂカラ,10,,大井
2025/09/03,10,20,13,5,8,マニキュア,15,,大井
2025/09/03,10,20,14,2,3,ウインマグノリア,6,,大井
2025/09/03,11,20,1,6,11,ファーンヒル,1,,大井
2025/09/03,11,20,2,1,2,トーセンサンダー,9,,大井
2025/09/03,11,20,3,6,12,ドリームビリーバー,8,,大井
2025/09/03,11,20,4,1,1,マックス,2,,大井
2025/09/03,11,20,5,8,15,オメガレインボー,5,,大井
2025/09/03,11,20,6,7,14,スワーヴシャルル,11,,大井
2025/09/03,11,20,7,3,5,ランベリー,14,,大井
2025/09/03,11,20,8,4,7,ポリゴンウェイヴ,6,,大井
2025/09/03,11,20,9,4,8,フリーダム,13,,大井
2025/09/03,11,20,10,3,6,マースインディ,15,,大井
2025/09/03,11,20,11,2,3,リオンダリーナ,3,,大井
2025/09/03,11,20,12,8,16,ワラ,12,,大井
2025/09/03,11,20,13,5,9,シーサーペント,7,,大井
2025/09/03,11,20,14,5,10,ボヌールバローズ,10,,大井
2025/09/03,11,20,15,2,4,ジゼル,4,,大井
2025/09/03,11,20,16,7,13,グランデマーレ,16,,大井
2025/09/03,12,20,1,8,12,リュウノファウラー,6,,大井
2025/09/03,12,20,2,5,7,タケシ,3,,大井
2025/09/03,12,20,3,5,6,ケイアイカペラ,1,,大井
2025/09/03,12,20,4,4,4,フレンドローマ,2,,大井
2025/09/03,12,20,5,4,5,サッキーミツグ,4,,大井
2025/09/03,12,20,6,7,11,ラブミーメアリー,7,,大井
2025/09/03,12,20,7,6,9,ゴールデンヨシノ,8,,大井
2025/09/03,12,20,8,1,1,ナサ,12,,大井
2025/09/03,12,20,9,7,10,ニシノデフィレ,9,,大井
2025/09/03,12,20,10,6,8,ヤクモ,10,,大井
2025/09/03,12,20,11,2,2,エドノフェニックス,5,,大井
2025/09/03,12,20,12,8,13,ウィンウッド,11,,大井
2025/09/03,12,20,13,3,3,ガルヴァナイズ,13,,大井
2025/09/03,10,36,1,1,1,パープルビューティ,1,2.1,門別
2025/09/03,10,36,2,2,2,ヤマノプリティー,5,17.9,門別
2025/09/03,10,36,3,4,4,ヨンプク,3,7.4,門別
2025/09/03,10,36,4,6,7,ジャティルウィ,2,2.2,門別
2025/09/03,10,36,5,6,6,コインポケット,4,7.9,門別
2025/09/03,10,36,6,8,10,サクラカレント,6,84.0,門別
2025/09/03,10,36,7,5,5,ブラーブサージュ,8,249.6,門別
2025/09/03,10,36,8,3,3,パームアイル,10,437.9,門別
2025/09/03,10,36,9,7,9,メイショウコウテツ,7,106.4,門別
2025/09/03,10,36,10,7,8,リリベット,9,387.0,門別
2025/09/03,10,36,11,8,11,ドゴン,11,528.5,門別
2025/09/03,11,36,1,1,1,ミスサラワク,2,6.4,門別
2025/09/03,11,36,2,4,4,エアプレイ,1,1.2,門別
2025/09/03,11,36,3,3,3,アニュスノーバス,3,6.9,門別
2025/09/03,11,36,4,2,2,ベンデュガ,5,15.0,門別
2025/09/03,11,36,5,7,7,ゲームアップロード,4,11.9,門別
2025/09/03,11,36,6,6,6,オンドリータイザン,7,114.0,門別
2025/09/03,11,36,7,5,5,カムイノウタゲ,6,105.8,門別
2025/09/03,12,36,1,8,10,マノレア,5,19.5,門別
2025/09/03,12,36,2,3,3,イモータルウインド,2,4.3,門別
2025/09/03,12,36,3,4,4,スマイルシエラ,4,18.2,門別
2025/09/03,12,36,4,6,6,ラストボーン,3,12.2,門別
2025/09/03,12,36,5,6,7,トネムスメ,1,1.3,門別
2025/09/03,12,36,6,1,1,ブレイヴァリーボス,8,40.9,門別
2025/09/03,12,36,7,2,2,ホイッスルソング,7,35.2,門別
2025/09/03,12,36,8,7,8,ワイルドラヴ,6,34.7,門別
2025/09/03,12,36,9,5,5,フェールアシュバル,10,215.2,門別
2025/09/03,12,36,10,7,9,バラライカ,9,42.0,門別
2025/09/02,10,20,1,1,1,レディーティアラ,2,,大井
2025/09/02,10,20,2,6,9,スプレンデンテ,1,,大井
2025/09/02,10,20,3,7,10,ノースボブキャット,6,,大井
2025/09/02,10,20,4,2,2,ヤンノカステップ,8,,大井
2025/09/02,10,20,5,4,5,ハクアイアテナ,4,,大井
2025/09/02,10,20,6,6,8,ヤマノリッチ,9,,大井
2025/09/02,10,20,7,5,7,ジャスミンツー,5,,大井
2025/09/02,10,20,8,5,6,タイセイエルフィン,12,,大井
2025/09/02,10,20,9,7,11,オーデンミカ,7,,大井
2025/09/02,10,20,10,3,3,ランベントライト,3,,大井
2025/09/02,10,20,11,8,13,アルピニスト,10,,大井
2025/09/02,10,20,12,8,12,シタン,13,,大井
2025/09/02,10,20,13,4,4,コパノモナルカ,11,,大井
2025/09/02,11,20,1,8,11,ワールドエイム,2,,大井
2025/09/02,11,20,2,7,10,カガヤキテンマ,3,,大井
2025/09/02,11,20,3,4,4,フォルツァ,8,,大井
2025/09/02,11,20,4,1,1,サクハル,1,,大井
2025/09/02,11,20,5,3,3,ティーズアペックス,5,,大井
2025/09/02,11,20,6,2,2,ラペルシェール,7,,大井
2025/09/02,11,20,7,5,6,トチノヒーロー,6,,大井
2025/09/02,11,20,8,8,12,ヘクトプリンセス,9,,大井
2025/09/02,11,20,9,5,5,ドゥーロアバンティ,4,,大井
2025/09/02,11,20,10,6,8,クイーンオブソウル,10,,大井
2025/09/02,11,20,11,6,7,スターゲット,12,,大井
2025/09/02,11,20,12,7,9,グレンノハナ,11,,大井
2025/09/02,12,20,1,7,10,サカベンクイーン,4,,大井
2025/09/02,12,20,2,8,12,サヴォイア,5,,大井
2025/09/02,12,20,3,1,1,タカノドリーム,7,,大井
2025/09/02,12,20,4,6,9,ルイーサ,3,,大井
2025/09/02,12,20,5,4,4,ポムヴェルト,1,,大井
2025/09/02,12,20,6,6,8,ジェーボンド,6,,大井
2025/09/02,12,20,7,7,11,ベルベットハンマー,9,,大井
2025/09/02,12,20,8,8,13,スリーボビー,2,,大井
2025/09/02,12,20,9,5,6,カステラ,11,,大井
2025/09/02,12,20,10,5,7,キラン,12,,大井
2025/09/02,12,20,11,2,2,エルマスフエルテ,10,,大井
2025/09/02,12,20,12,4,5,アンダラクリスタル,8,,大井
2025/09/02,10,36,1,5,6,オオイシシャクナゲ,6,15.4,門別
2025/09/02,10,36,2,5,5,セイジョークラウン,5,14.6,門別
2025/09/02,10,36,3,7,10,パド,2,4.9,門別
2025/09/02,10,36,4,3,3,リックスターク,7,24.5,門別
2025/09/02,10,36,5,2,2,ケンブリッジロス,1,1.9,門別
2025/09/02,10,36,6,4,4,アンシーン,10,39.1,門別
2025/09/02,10,36,7,6,7,ケンシロウニセイ,8,26.1,門別
2025/09/02,10,36,8,1,1,クロノライデン,11,54.4,門別
2025/09/02,10,36,9,8,12,モリスカイ,3,6.5,門別
2025/09/02,10,36,10,7,9,ダンストンチアーズ,4,10.0,門別
2025/09/02,10,36,11,6,8,ヤマジュンヤング,9,37.8,門別
2025/09/02,10,36,12,8,11,ムーンマイハート,12,178.0,門別
2025/09/02,11,36,1,5,5,ジャイロ,3,5.0,門別
2025/09/02,11,36,2,3,3,スティールブライト,4,6.8,門別
2025/09/02,11,36,3,6,6,サヤオンニ,6,16.9,門別
2025/09/02,11,36,4,7,7,ガロス,2,4.4,門別
2025/09/02,11,36,5,8,9,クラシカルスカラー,5,11.6,門別
2025/09/02,11,36,6,2,2,ヒラソール,7,187.4,門別
2025/09/02,11,36,7,8,8,ヴィルゲート,8,276.4,門別
2025/09/02,11,36,8,4,4,シャイニーメイン,9,384.9,門別
2025/09/02,12,36,1,4,4,レルアバド,2,2.9,門別
2025/09/02,12,36,2,6,6,マリノフォルテシモ,3,6.3,門別
2025/09/02,12,36,3,3,3,スリーレジェンド,1,1.4,門別
2025/09/02,12,36,4,7,7,ウェルメイド,7,133.0,門別
2025/09/02,12,36,5,5,5,ハードボイルド,6,78.5,門別
2025/09/02,12,36,6,2,2,ボルゲリ,5,54.8,門別
2025/09/02,12,36,7,1,1,バスターウルフ,4,31.8,門別
2025/09/01,10,20,1,8,10,デュードサンライズ,1,,大井
2025/09/01,10,20,2,7,8,センジュ,3,,大井
2025/09/01,10,20,3,5,5,コスモギンガ,8,,大井
2025/09/01,10,20,4,3,3,ショウナンタバルア,7,,大井
2025/09/01,10,20,5,6,6,フェリスラリー,4,,大井
2025/09/01,10,20,6,2,2,ヤザン,6,,大井
2025/09/01,10,20,7,7,9,ベアウェイトゥゴー,9,,大井
2025/09/01,10,20,8,1,1,ウィーナーズソング,2,,大井
2025/09/01,10,20,9,6,7,アンパト,11,,大井
2025/09/01,10,20,10,8,11,ナックジャスパー,5,,大井
2025/09/01,10,20,11,4,4,アンナネーヴェ,10,,大井
2025/09/01,11,20,1,1,1,ウナモンタナアルタ,7,,大井
2025/09/01,11,20,2,6,9,ペルセヴェランテ,1,,大井
2025/09/01,11,20,3,7,11,カナウ,3,,大井
2025/09/01,11,20,4,8,13,クレールジャック,4,,大井
2025/09/01,11,20,5,8,12,ドラケン,2,,大井
2025/09/01,11,20,6,2,2,サブノハクタカ,11,,大井
2025/09/01,11,20,7,3,3,ハリウッドヒルズ,12,,大井
2025/09/01,11,20,8,5,7,ゴールドジャッジ,5,,大井
2025/09/01,11,20,9,4,5,フジラプンツェル,10,,大井
2025/09/01,11,20,10,6,8,ヴィクラント,8,,大井
2025/09/01,11,20,11,4,4,ライトスリー,6,,大井
2025/09/01,11,20,12,5,6,マイネルロッシュ,13,,大井
2025/09/01,11,20,13,7,10,クオレス,9,,大井
2025/09/01,12,20,1,2,2,アレスエルピーダ,1,,大井
2025/09/01,12,20,2,3,3,エルツ,2,,大井
2025/09/01,12,20,3,1,1,クイーンカトリーヌ,8,,大井
2025/09/01,12,20,4,4,4,リュミエール,3,,大井
2025/09/01,12,20,5,7,7,カルテメトレス,4,,大井
2025/09/01,12,20,6,6,6,ミユキコクシムソウ,5,,大井
2025/09/01,12,20,7,5,5,パレスパートナー,9,,大井
2025/09/01,12,20,8,7,8,エグマリーヌ,7,,大井
2025/09/01,12,20,9,8,10,ヴァルタリ,6,,大井
2025/09/01,12,20,10,8,9,エイシンネクタル,10,,大井
2025/08/28,10,36,1,4,4,ラディアンテ,2,3.3,門別
2025/08/28,10,36,2,7,10,マジックライン,8,37.0,門別
2025/08/28,10,36,3,8,11,エクストラチャージ,1,2.0,門別
2025/08/28,10,36,4,7,9,ミライヘホウショウ,4,10.2,門別
2025/08/28,10,36,5,8,12,アンノウンヒーロー,7,35.2,門別
2025/08/28,10,36,6,3,3,アイルヴィータ,3,8.0,門別
2025/08/28,10,36,7,6,7,サンウイング,10,142.0,門別
2025/08/28,10,36,8,5,6,ベラジオケンシロウ,5,12.8,門別
2025/08/28,10,36,9,6,8,アルゴフィリオ,11,187.2,門別
2025/08/28,10,36,10,5,5,ドスコ,9,97.5,門別
2025/08/28,10,36,11,1,1,ランスロット,6,13.0,門別
2025/08/28,10,36,12,2,2,コパノイノリ,12,217.7,門別
2025/08/28,11,36,1,7,7,ライオットガール,4,20.6,門別
2025/08/28,11,36,2,1,1,ダブルハートボンド,2,3.2,門別
2025/08/28,11,36,3,3,3,オーサムリザルト,1,1.4,門別
2025/08/28,11,36,4,8,9,マンマリアーレ,5,33.2,門別
2025/08/28,11,36,5,4,4,ゼロアワー,7,212.4,門別
2025/08/28,11,36,6,5,5,サンオークレア,6,63.7,門別
2025/08/28,11,36,7,2,2,グランブリッジ,3,7.0,門別
2025/08/28,11,36,8,8,8,マーゴットミニモ,8,433.6,門別
2025/08/28,11,36,9,6,6,ブッシュドノエル,9,537.2,門別
2025/08/28,12,36,1,4,4,ドウドウキリシマ,3,4.9,門別
2025/08/28,12,36,2,8,9,ピンクヴェノム,1,1.7,門別
2025/08/28,12,36,3,7,7,デアフルーグ,6,40.9,門別
2025/08/28,12,36,4,1,1,ブリックロード,2,4.5,門別
2025/08/28,12,36,5,8,8,トウカイエトワール,4,6.9,門別
2025/08/28,12,36,6,2,2,スティールストーム,7,64.5,門別
2025/08/28,12,36,7,3,3,ショーム,9,209.6,門別
2025/08/28,12,36,8,6,6,パウオレ,5,19.6,門別
2025/08/28,12,36,9,5,5,スターオブフェイス,8,196.4,門別
2025/11/04,10,22,1,6,6,イルミネーター,6,,船橋
2025/11/04,10,22,2,1,1,ショウガフクキタル,3,,船橋
2025/11/04,10,22,3,4,4,シントーツバキ,7,,船橋
2025/11/04,10,22,4,7,7,クールドレーヌ,9,,船橋
2025/11/04,10,22,5,8,9,プレストカイザー,1,,船橋
2025/11/04,10,22,6,8,8,エコロブレード,2,,船橋
2025/11/04,10,22,7,2,2,ゴールドレコーダー,8,,船橋
2025/11/04,10,22,8,3,3,グランファラオ,5,,船橋
2025/11/04,10,22,9,5,5,ソングフォーユー,4,,船橋
2025/08/27,10,36,1,7,7,ソルジャーフィルド,1,1.5,門別
2025/08/27,10,36,2,6,6,ヒストリーメイカー,6,28.1,門別
2025/08/27,10,36,3,8,8,ディーエスエール,8,55.1,門別
2025/08/27,10,36,4,1,1,プラセボ,5,19.5,門別
2025/08/27,10,36,5,8,9,パッションクライ,2,3.2,門別
2025/08/27,10,36,6,4,4,ウルトラノホシ,4,12.9,門別
2025/08/27,10,36,7,3,3,サヴァ,3,9.6,門別
2025/08/27,10,36,8,5,5,ドラゴンゴクウ,9,193.5,門別
2025/08/27,10,36,9,2,2,ベルウッドグラス,7,43.1,門別
2025/08/27,11,36,1,2,2,イッツクール,7,45.7,門別
2025/08/27,11,36,2,5,5,ストリーム,1,1.3,門別
2025/08/27,11,36,3,1,1,ボディコンシャス,4,10.5,門別
2025/08/27,11,36,4,6,6,エメラルドビーチ,2,6.1,門別
2025/08/27,11,36,5,4,4,サイモンハロルド,8,93.8,門別
2025/08/27,11,36,6,3,3,ジャスパーイーグル,6,41.5,門別
2025/08/27,11,36,7,8,8,シシャモフレンド,3,7.6,門別
2025/08/27,11,36,8,7,7,ヨシノヒローイン,5,14.0,門別
2025/08/27,12,36,1,2,2,カッパギ,3,3.0,門別
2025/08/27,12,36,2,6,6,オンラインボス,2,2.7,門別
2025/08/27,12,36,3,6,7,モノノフブラック,1,2.2,門別
2025/08/27,12,36,4,5,5,フクノブルジュ,5,26.2,門別
2025/08/27,12,36,5,8,11,サクラルーフェン,6,113.7,門別
2025/08/27,12,36,6,7,9,ノッテルーナ,4,18.8,門別
2025/08/27,12,36,7,3,3,ヒズライフ,10,449.1,門別
2025/08/27,12,36,8,7,8,エバニスタ,7,187.4,門別
2025/08/27,12,36,9,8,10,グッドフェイス,9,313.1,門別
2025/08/27,12,36,10,1,1,ロフティフレーズ,8,218.4,門別
2025/08/26,10,21,1,7,9,ソフィアクラウン,2,,川崎
2025/08/26,10,21,2,1,1,セレニアサミット,3,,川崎
2025/08/26,10,21,3,7,8,リリーバローズ,7,,川崎
2025/08/26,10,21,4,3,3,ワチュゴナドゥ,1,,川崎
2025/08/26,10,21,5,5,5,ダートレイジング,5,,川崎
2025/08/26,10,21,6,6,7,アスタラビスタ,4,,川崎
2025/08/26,10,21,7,4,4,クリノフラッグ,9,,川崎
2025/08/26,10,21,8,2,2,サウンドノバ,8,,川崎
2025/08/26,10,21,9,6,6,リュウバター,11,,川崎
2025/08/26,10,21,10,8,10,レッドサラマンダー,10,,川崎
2025/08/26,10,21,11,8,11,スノーライトニング,6,,川崎
2025/08/26,11,21,1,2,2,リンゾウチャネル,3,,川崎
2025/08/26,11,21,2,4,4,シシュフォス,4,,川崎
2025/08/26,11,21,3,3,3,アランバローズ,2,,川崎
2025/08/26,11,21,4,1,1,オメガレインボー,7,,川崎
2025/08/26,11,21,5,7,7,ランリョウオー,5,,川崎
2025/08/26,11,21,6,5,5,ライラボンド,6,,川崎
2025/08/26,11,21,7,6,6,ベアバッキューン,1,,川崎
2025/08/26,12,21,1,5,6,リラスカイ,3,,川崎
2025/08/26,12,21,2,6,8,ラプラタ,9,,川崎
2025/08/26,12,21,3,8,11,エイカイゴールド,4,,川崎
2025/08/26,12,21,4,5,5,コスモキルカス,6,,川崎
2025/08/26,12,21,5,8,12,セクシーウィドー,1,,川崎
2025/08/26,12,21,6,7,10,オーロファースト,2,,川崎
2025/08/26,12,21,7,6,7,ダルジェント,8,,川崎
2025/08/26,12,21,8,7,9,カレンアイバーソン,5,,川崎
2025/08/26,12,21,9,2,2,シヴァシン,12,,川崎
2025/08/26,12,21,10,3,3,マイネルガンナー,11,,川崎
2025/08/26,12,21,11,4,4,ツワモノ,7,,川崎
2025/08/26,12,21,12,1,1,モエヨカルテット,10,,川崎
2025/08/26,10,36,1,2,2,ラスターカノン,6,30.0,門別
2025/08/26,10,36,2,1,1,カカムノヒメ,3,3.7,門別
2025/08/26,10,36,3,8,11,ヤルキゲンキユウキ,2,3.3,門別
2025/08/26,10,36,4,7,10,シャンセレナーデ,5,12.4,門別
2025/08/26,10,36,5,6,7,コモモチャン,4,6.6,門別
2025/08/26,10,36,6,6,8,テンアリオン,1,3.1,門別
2025/08/26,10,36,7,3,3,クイーンサイド,9,54.2,門別
2025/08/26,10,36,8,5,5,マエストーソ,7,31.9,門別
2025/08/26,10,36,9,7,9,シャドウクロス,10,66.2,門別
2025/08/26,10,36,10,5,6,ヤマトノヒカリ,8,31.9,門別
2025/08/26,10,36,11,4,4,エマーブルクラス,12,220.0,門別
2025/08/26,10,36,12,8,12,ダンシングウィズ,11,147.6,門別
2025/08/26,11,36,1,8,8,パレスゴールド,1,1.2,門別
2025/08/26,11,36,2,8,9,トモノシルバー,2,6.5,門別
2025/08/26,11,36,3,1,1,ジョルジュ,4,12.1,門別
2025/08/26,11,36,4,5,5,ジャスパードリーム,6,19.7,門別
2025/08/26,11,36,5,7,7,ウイスキータイム,5,13.5,門別
2025/08/26,11,36,6,6,6,クウェンヤ,9,280.3,門別
2025/08/26,11,36,7,2,2,エターナルルビー,8,223.6,門別
2025/08/26,11,36,8,4,4,ラビアータ,3,10.2,門別
2025/08/26,11,36,9,3,3,マリンジェミナイ,7,106.8,門別
2025/08/26,12,36,1,2,2,ヨシイチ,1,1.9,門別
2025/08/26,12,36,2,1,1,フレスコバルディ,6,28.8,門別
2025/08/26,12,36,3,6,6,ダグフォース,2,3.6,門別
2025/08/26,12,36,4,5,5,バンカブルスター,5,20.6,門別
2025/08/26,12,36,5,8,8,マイモーメント,3,3.8,門別
2025/08/26,12,36,6,8,9,アヴェッリーノ,9,106.9,門別
2025/08/26,12,36,7,7,7,ズンガリプテルス,4,11.5,門別
2025/08/26,12,36,8,3,3,スペイスフォース,8,71.9,門別
2025/08/26,12,36,9,4,4,クーシフォン,7,60.7,門別
2025/08/25,10,21,1,8,13,ビップソリオ,2,,川崎
2025/08/25,10,21,2,6,8,キャップ,9,,川崎
2025/08/25,10,21,3,8,12,リコーベレッタ,7,,川崎
2025/08/25,10,21,4,1,1,ビステル,10,,川崎
2025/08/25,10,21,5,2,2,ナイスカプチーノ,8,,川崎
2025/08/25,10,21,6,5,6,エスジースパークル,3,,川崎
2025/08/25,10,21,7,4,5,リグレイアー,13,,川崎
2025/08/25,10,21,8,4,4,ガストン,6,,川崎
2025/08/25,10,21,9,7,11,アルメールヴェント,11,,川崎
2025/08/25,10,21,10,3,3,サイレントヴォイス,1,,川崎
2025/08/25,10,21,11,7,10,エレファントラン,4,,川崎
2025/08/25,10,21,12,6,9,エピファドール,12,,川崎
2025/08/25,10,21,13,5,7,ピッツァナポリ,5,,川崎
2025/08/25,11,21,1,7,7,ホッコーソムニウム,1,,川崎
2025/08/25,11,21,2,5,5,サヨノフィールド,2,,川崎
2025/08/25,11,21,3,3,3,マインドユアミモザ,7,,川崎
2025/08/25,11,21,4,2,2,ファルコンソード,5,,川崎
2025/08/25,11,21,5,8,8,コパノマイアミ,3,,川崎
2025/08/25,11,21,6,8,9,シャンパンファイト,4,,川崎
2025/08/25,11,21,7,1,1,ナガタエース,6,,川崎
2025/08/25,11,21,8,6,6,アヴァニイ,8,,川崎
2025/08/25,12,21,1,7,7,フェデフルール,6,,川崎
2025/08/25,12,21,2,5,5,オーデンリッキー,2,,川崎
2025/08/25,12,21,3,3,3,シルバーサドル,1,,川崎
2025/08/25,12,21,4,6,6,タウンホール,3,,川崎
2025/08/25,12,21,5,4,4,ガルヴァニック,8,,川崎
2025/08/25,12,21,6,1,1,マニエジェニー,5,,川崎
2025/08/25,12,21,7,8,9,ガリンシャ,7,,川崎
2025/08/25,12,21,8,8,8,シュンレツ,4,,川崎
2025/08/25,12,21,9,2,2,ローゼシュティア,9,,川崎
2025/08/22,10,21,1,5,5,クリスタライズ,10,,川崎
2025/08/22,10,21,2,7,10,ランラン,3,,川崎
2025/08/22,10,21,3,6,7,ピンクタオルチャン,2,,川崎
2025/08/22,10,21,4,5,6,タマモアルタイル,1,,川崎
2025/08/22,10,21,5,1,1,サンエイジロー,4,,川崎
2025/08/22,10,21,6,4,4,イソエヴィクラント,8,,川崎
2025/08/22,10,21,7,6,8,ミスティライラック,6,,川崎
2025/08/22,10,21,8,8,11,ケイツーユーロ,11,,川崎
2025/08/22,10,21,9,2,2,ディスラプター,5,,川崎
2025/08/22,10,21,10,8,12,オーケーソニック,12,,川崎
2025/08/22,10,21,11,7,9,ルールメイプル,7,,川崎
2025/08/22,11,21,1,7,7,オリコウデレガンス,1,,川崎
2025/08/22,11,21,2,6,6,デアシュトゥルム,7,,川崎
2025/08/22,11,21,3,5,5,フォースゲイト,5,,川崎
2025/08/22,11,21,4,8,8,モネ,3,,川崎
2025/08/22,11,21,5,2,2,トーホウボルツ,8,,川崎
2025/08/22,11,21,6,3,3,ドリームジャパン,4,,川崎
2025/08/22,11,21,7,4,4,バガリーロータス,2,,川崎
2025/08/22,11,21,8,1,1,モンゲーキララ,6,,川崎
2025/08/22,12,21,1,4,4,ジュウニントイロ,5,,川崎
2025/08/22,12,21,2,7,8,クレーネ,2,,川崎
2025/08/22,12,21,3,1,1,レーザースペックル,6,,川崎
2025/08/22,12,21,4,3,3,パンプイット,10,,川崎
2025/08/22,12,21,5,8,11,パーチル,8,,川崎
2025/08/22,12,21,6,8,10,アイノシャンティー,1,,川崎
2025/08/22,12,21,7,5,5,ランニングホット,3,,川崎
2025/08/22,12,21,8,6,6,フクノバルトラン,9,,川崎
2025/08/22,12,21,9,2,2,ニシノタマユラ,7,,川崎
2025/08/22,12,21,10,7,9,カシスオレンジ,11,,川崎
2025/08/22,12,21,11,6,7,ピーチマカロン,4,,川崎
2025/08/21,10,21,1,8,11,ソーサレス,1,,川崎
2025/08/21,10,21,2,4,4,ショコラクイーン,2,,川崎
2025/08/21,10,21,3,7,8,コパノモンタナ,8,,川崎
2025/08/21,10,21,4,6,6,ライジングキャノン,4,,川崎
2025/08/21,10,21,5,7,9,バードハズフロウン,5,,川崎
2025/08/21,10,21,6,5,5,メイショウフェリオ,6,,川崎
2025/08/21,10,21,7,1,1,サンスレッド,9,,川崎
2025/08/21,10,21,8,8,10,パーティーモード,3,,川崎
2025/08/21,10,21,9,6,7,ミツカネトーラス,7,,川崎
2025/08/21,10,21,10,2,2,ウィルダネス,10,,川崎
2025/08/21,11,21,1,1,1,リノデスティーノ,3,,川崎
2025/08/21,11,21,2,2,2,ノースプリマ,1,,川崎
2025/08/21,11,21,3,4,4,サンダーゼウス,5,,川崎
2025/08/21,11,21,4,7,10,マカゼ,7,,川崎
2025/08/21,11,21,5,6,8,ノボベルサイユ,2,,川崎
2025/08/21,11,21,6,8,11,デーレーラプター,6,,川崎
2025/08/21,11,21,7,5,6,アカザ,8,,川崎
2025/08/21,11,21,8,7,9,シナノスマイル,4,,川崎
2025/08/21,11,21,9,8,12,ライヴトパーズ,9,,川崎
2025/08/21,11,21,10,5,5,ソウルストライク,10,,川崎
2025/08/21,11,21,11,3,3,トキノゴールド,11,,川崎
2025/08/21,12,21,1,2,2,ショウナンマンテン,2,,川崎
2025/08/21,12,21,2,6,6,ペータース,1,,川崎
2025/08/21,12,21,3,1,1,ブリリアントスピカ,7,,川崎
2025/08/21,12,21,4,8,9,フライングロッド,5,,川崎
2025/08/21,12,21,5,4,4,ルージュメイベル,6,,川崎
2025/08/21,12,21,6,8,10,タツノキセキ,3,,川崎
2025/08/21,12,21,7,5,5,タイセイスパート,8,,川崎
2025/08/21,12,21,8,3,3,アリダンジェロ,10,,川崎
2025/08/21,12,21,9,7,8,ドゥフレーシュ,9,,川崎
2025/08/21,12,21,10,7,7,キッドストン,4,,川崎
2025/08/21,10,36,1,6,7,サクラソーレ,5,11.8,門別
2025/08/21,10,36,2,8,10,フィールマイウェイ,7,30.6,門別
2025/08/21,10,36,3,7,8,ロピア,1,1.9,門別
2025/08/21,10,36,4,5,5,ランドチャーター,3,4.3,門別
2025/08/21,10,36,5,3,3,ロワン,2,4.2,門別
2025/08/21,10,36,6,6,6,アルパインハット,6,27.3,門別
2025/08/21,10,36,7,7,9,スズロビンソン,4,11.0,門別
2025/08/21,10,36,8,2,2,エデュース,8,45.1,門別
2025/08/21,10,36,9,4,4,ダンストンアンセム,10,157.1,門別
2025/08/21,10,36,10,1,1,アブラカタブラ,9,150.5,門別
2025/08/21,10,36,11,8,11,フークアーデル,11,366.8,門別
2025/08/21,11,36,1,8,8,ホワイトマジック,2,5.9,門別
2025/08/21,11,36,2,5,5,トネムスメ,1,1.2,門別
2025/08/21,11,36,3,4,4,ラストボーン,4,8.9,門別
2025/08/21,11,36,4,7,7,ブレイヴァリーボス,5,28.4,門別
2025/08/21,11,36,5,6,6,ボルゲリ,8,376.4,門別
2025/08/21,11,36,6,2,2,マノレア,6,29.6,門別
2025/08/21,11,36,7,1,1,コルテデフィート,7,207.3,門別
2025/08/21,11,36,8,3,3,レイヴオン,3,8.2,門別
2025/08/21,12,36,1,4,4,ベストグリーン,1,1.4,門別
2025/08/21,12,36,2,1,1,マロンソレイユ,2,3.1,門別
2025/08/21,12,36,3,2,2,アヤサンジョウタロ,4,42.6,門別
2025/08/21,12,36,4,6,6,バレンタインケーキ,3,5.5,門別
2025/08/21,12,36,5,3,3,トレモロ,5,42.7,門別
2025/08/21,12,36,6,7,7,イイデスカイボス,6,57.5,門別
2025/08/21,12,36,7,5,5,ティーズアライト,7,190.3,門別
2025/08/20,10,36,1,8,11,ルクスディライト,9,37.6,門別
2025/08/20,10,36,2,7,10,ハニービート,5,11.3,門別
2025/08/20,10,36,3,3,3,ウィンストラテジー,1,2.7,門別
2025/08/20,10,36,4,2,2,メイショウマーブル,11,70.5,門別
2025/08/20,10,36,5,8,12,ベートーヴェン,4,6.7,門別
2025/08/20,10,36,6,7,9,ジャティルウィ,6,20.8,門別
2025/08/20,10,36,7,6,7,テーオーエジソン,3,5.0,門別
2025/08/20,10,36,8,5,5,アイスボウル,7,29.4,門別
2025/08/20,10,36,9,6,8,フロンテアブライト,12,137.0,門別
2025/08/20,10,36,10,4,4,ハニーベリー,8,29.8,門別
2025/08/20,10,36,11,5,6,エターナルウインド,2,3.7,門別
2025/08/20,10,36,12,1,1,ジャズダンス,10,51.9,門別
2025/08/20,11,36,1,5,5,ジャイロ,3,5.5,門別
2025/08/20,11,36,2,8,9,アニマルフルーツ,2,2.8,門別
2025/08/20,11,36,3,6,6,サヤオンニ,4,10.2,門別
2025/08/20,11,36,4,7,7,スティールブライト,1,1.6,門別
2025/08/20,11,36,5,3,3,スワンオーキッド,6,139.5,門別
2025/08/20,11,36,6,8,8,コパノライダー,5,84.5,門別
2025/08/20,11,36,7,4,4,ハードボイルド,7,203.6,門別
2025/08/20,11,36,8,2,2,ヒラソール,8,221.9,門別
2025/08/20,11,36,9,1,1,シャイニーメイン,9,438.9,門別
2025/08/20,12,36,1,6,7,リュウノフライト,1,1.4,門別
2025/08/20,12,36,2,8,12,ミスティライズ,3,7.9,門別
2025/08/20,12,36,3,6,8,イイデヒロイン,7,31.0,門別
2025/08/20,12,36,4,8,11,ニジコ,11,146.5,門別
2025/08/20,12,36,5,5,5,カイシンパジェント,8,46.5,門別
2025/08/20,12,36,6,4,4,スルーザミル,10,68.5,門別
2025/08/20,12,36,7,5,6,クィーンズジョリー,9,66.9,門別
2025/08/20,12,36,8,7,10,ブレイズエッジ,2,4.3,門別
2025/08/20,12,36,9,2,2,リバーストリート,4,21.7,門別
2025/08/20,12,36,10,1,1,トクノリュミエール,12,291.6,門別
2025/08/20,12,36,11,7,9,マダムドゥスタール,6,26.7,門別
2025/08/20,12,36,12,3,3,ブルーコスモス,5,22.3,門別
2025/12/18,10,21,1,8,10,スターグリップ,1,,川崎
2025/12/18,10,21,2,1,1,エレファントラン,3,,川崎
2025/12/18,10,21,3,5,5,エムティワイザー,4,,川崎
2025/12/18,10,21,4,2,2,フィラメント,5,,川崎
2025/12/18,10,21,5,7,8,スイッチオン,2,,川崎
2025/12/18,10,21,6,8,9,ライヴペッパー,7,,川崎
2025/12/18,10,21,7,4,4,ノッテストラータ,6,,川崎
2025/12/18,10,21,8,7,7,アートオブライフ,8,,川崎
2025/12/18,10,21,9,6,6,ナイスカプチーノ,9,,川崎
2025/12/18,10,21,10,3,3,エピファドール,10,,川崎
2025/12/18,11,21,1,4,4,ラティサワー,2,,川崎
2025/12/18,11,21,2,7,10,ソウルストライク,3,,川崎
2025/12/18,11,21,3,8,11,ローズピリオド,8,,川崎
2025/12/18,11,21,4,1,1,ランドマックス,4,,川崎
2025/12/18,11,21,5,2,2,デアシュトゥルム,9,,川崎
2025/12/18,11,21,6,7,9,ヤマニンクイッカー,5,,川崎
2025/12/18,11,21,7,8,12,ファルコンソード,7,,川崎
2025/12/18,11,21,8,6,8,キットサクラサク,11,,川崎
2025/12/18,11,21,9,3,3,ガルヴァナイズ,10,,川崎
2025/12/18,11,21,10,5,6,ヤプシ,6,,川崎
2025/12/18,11,21,11,6,7,チャチャハツゴウ,1,,川崎
2025/12/18,12,21,1,5,8,ファイヤーウィップ,1,,川崎
2025/12/18,12,21,2,4,6,マイアミ,10,,川崎
2025/12/18,12,21,3,1,1,プルーフリーダー,2,,川崎
2025/12/18,12,21,4,2,2,アルハイルフォート,5,,川崎
2025/12/18,12,21,5,6,9,ラヴィンローゼス,11,,川崎
2025/12/18,12,21,6,4,5,モジモジ,7,,川崎
2025/12/18,12,21,7,7,12,ノーブルクリード,3,,川崎
2025/12/18,12,21,8,3,3,アヤサンメルシー,6,,川崎
2025/12/18,12,21,9,6,10,モモジロー,14,,川崎
2025/12/18,12,21,10,5,7,スウィートドリーム,12,,川崎
2025/12/18,12,21,11,8,13,テリオスルナ,13,,川崎
2025/12/18,12,21,12,3,4,アオイラン,4,,川崎
2025/12/18,12,21,13,7,11,スターアドミラル,9,,川崎
2025/12/18,12,21,14,8,14,カネトシシュキン,8,,川崎
2025/08/15,10,23,1,7,8,メリーゴーラウンド,4,,浦和
2025/08/15,10,23,2,7,7,サンモスクテール,1,,浦和
2025/08/15,10,23,3,1,1,デクラーク,6,,浦和
2025/08/15,10,23,4,4,4,ミックスアップ,8,,浦和
2025/08/15,10,23,5,8,9,キセキノクニ,3,,浦和
2025/08/15,10,23,6,3,3,ヤマジュンセーヌ,5,,浦和
2025/08/15,10,23,7,2,2,フォルテッサ,9,,浦和
2025/08/15,10,23,8,6,6,スマートマナリス,7,,浦和
2025/08/15,10,23,9,5,5,モイエンド,10,,浦和
2025/08/15,10,23,10,8,10,ステラヴェルデ,2,,浦和
2025/08/15,11,23,1,7,7,ヨサリ,1,,浦和
2025/08/15,11,23,2,1,1,ラブリーボニータ,6,,浦和
2025/08/15,11,23,3,5,5,ミリオンダラベイブ,2,,浦和
2025/08/15,11,23,4,4,4,ミカエル,5,,浦和
2025/08/15,11,23,5,3,3,カケルゴメンネ,4,,浦和
2025/08/15,11,23,6,2,2,メイプルグローリー,3,,浦和
2025/08/15,11,23,7,8,8,マルキスト,7,,浦和
2025/08/15,11,23,8,6,6,アライグマダッシュ,8,,浦和
2025/08/15,8,20,1,1,1,プルミエールパス,3,,大井
2025/08/15,8,20,2,8,13,ビックプーカオ,1,,大井
2025/08/15,8,20,3,4,6,ヤマショウカリズマ,8,,大井
2025/08/15,8,20,4,4,5,クチャモザクワジャ,2,,大井
2025/08/15,8,20,5,7,12,アシャニンカ,7,,大井
2025/08/15,8,20,6,3,4,ヴィヴァンラリー,5,,大井
2025/08/15,8,20,7,6,9,ラインガーラ,4,,大井
2025/08/15,8,20,8,3,3,ディフィラリー,11,,大井
2025/08/15,8,20,9,2,2,デイジーキング,14,,大井
2025/08/15,8,20,10,6,10,カフジタウルス,9,,大井
2025/08/15,8,20,11,5,7,トラーパニ,12,,大井
2025/08/15,8,20,12,7,11,インペリオ,10,,大井
2025/08/15,8,20,13,5,8,ジョーアラモード,6,,大井
2025/08/15,8,20,14,8,14,ゴーゴーケイコ,13,,大井
2025/08/15,9,20,1,6,6,オメガシンフォニー,4,,大井
2025/08/15,9,20,2,8,8,リコールガー,3,,大井
2025/08/15,9,20,3,1,1,エイシンピストン,2,,大井
2025/08/15,9,20,4,7,7,メーサンデュラント,5,,大井
2025/08/15,9,20,5,3,3,ペルセヴェランテ,1,,大井
2025/08/15,9,20,6,8,9,ベニッシモ,7,,大井
2025/08/15,9,20,7,4,4,タイセイシェダル,6,,大井
2025/08/15,9,20,8,5,5,ハリウッドヒルズ,9,,大井
2025/08/15,9,20,9,2,2,ニジイロハーピー,8,,大井
2025/08/15,10,20,1,3,3,マルカンラニ,1,,大井
2025/08/15,10,20,2,5,5,キトン,2,,大井
2025/08/15,10,20,3,4,4,ビシャモンテン,7,,大井
2025/08/15,10,20,4,7,8,エスケンドリーム,3,,大井
2025/08/15,10,20,5,7,7,スミソニアン,10,,大井
2025/08/15,10,20,6,8,9,タイセイストラーダ,9,,大井
2025/08/15,10,20,7,6,6,ソレナ,6,,大井
2025/08/15,10,20,8,2,2,ワセダハーツ,8,,大井
2025/08/15,10,20,9,1,1,アトランティス,4,,大井
2025/09/29,10,22,1,3,3,イモータルソウル,1,,船橋
2025/09/29,10,22,2,6,6,スターカナザワ,2,,船橋
2025/09/29,10,22,3,5,5,アドバンスドリーム,6,,船橋
2025/09/29,10,22,4,4,4,フラッシュフリーズ,3,,船橋
2025/09/29,10,22,5,2,2,ニューレトロ,5,,船橋
2025/09/29,10,22,6,7,7,マイネルトワイス,7,,船橋
2025/09/29,10,22,7,1,1,ウインエイムハイ,8,,船橋
2025/09/29,10,22,8,8,8,ナイトアウェイ,4,,船橋
2025/09/29,11,22,1,5,6,ビスクウィザード,1,,船橋
2025/09/29,11,22,2,4,4,シルバーステラ,10,,船橋
2025/09/29,11,22,3,2,2,ピエドラアギーラ,2,,船橋
2025/09/29,11,22,4,8,11,アリーエテルネ,7,,船橋
2025/09/29,11,22,5,3,3,カミノマジック,5,,船橋
2025/09/29,11,22,6,5,5,ウインペルセ,8,,船橋
2025/09/29,11,22,7,7,9,カクシン,9,,船橋
2025/09/29,11,22,8,8,12,ケイバラード,6,,船橋
2025/09/29,11,22,9,6,8,フェイマスグラース,4,,船橋
2025/09/29,11,22,10,6,7,エイシンリュージュ,12,,船橋
2025/09/29,11,22,11,7,10,エイシンドップラー,11,,船橋
2025/09/29,11,22,12,1,1,グリグリグリジロウ,3,,船橋
2025/09/29,12,22,1,7,7,ケーズコマクサ,1,,船橋
2025/09/29,12,22,2,1,1,カミノメノルカ,2,,船橋
2025/09/29,12,22,3,4,4,ノトフェニックス,6,,船橋
2025/09/29,12,22,4,8,8,モーモークローム,7,,船橋
2025/09/29,12,22,5,3,3,リュウノタイタン,3,,船橋
2025/09/29,12,22,6,8,9,プロミスザムーン,4,,船橋
2025/09/29,12,22,7,5,5,リュシエンヌ,5,,船橋
2025/09/29,12,22,8,2,2,ヤマミダイオウ,9,,船橋
2025/09/29,12,22,9,6,6,ゴールドリスト,8,,船橋
2025/08/14,10,36,1,7,10,ブラストバローズ,2,4.1,門別
2025/08/14,10,36,2,3,3,ビリーヴアンドラン,3,4.5,門別
2025/08/14,10,36,3,5,5,トゥスイート,1,3.3,門別
2025/08/14,10,36,4,6,8,ピエールテネシー,8,70.3,門別
2025/08/14,10,36,5,8,11,ホウヨウムーン,4,5.1,門別
2025/08/14,10,36,6,8,12,エネルゲイア,5,5.7,門別
2025/08/14,10,36,7,2,2,キョウエイフレアー,9,85.4,門別
2025/08/14,10,36,8,5,6,ディマリア,10,142.1,門別
2025/08/14,10,36,9,4,4,ラストカノン,7,31.8,門別
2025/08/14,10,36,10,1,1,ラフト,11,155.2,門別
2025/08/14,10,36,11,7,9,ショウミーザマネー,12,212.7,門別
2025/08/14,10,36,12,6,7,ヤマニンアリーズ,6,21.6,門別
2025/08/14,11,36,1,7,7,ヤマニンチェルキ,2,3.7,門別
2025/08/14,11,36,2,2,2,マテンロウコマンド,1,2.0,門別
2025/08/14,11,36,3,1,1,エコロアゼル,4,4.8,門別
2025/08/14,11,36,4,4,4,ワンダーウーマン,6,65.9,門別
2025/08/14,11,36,5,5,5,ベラジオゼロ,5,29.5,門別
2025/08/14,11,36,6,8,8,パレスゴールド,7,173.9,門別
2025/08/14,11,36,7,6,6,ヴィルミーキスミー,8,410.2,門別
2025/08/14,11,36,8,3,3,ミラクルヴォイス,3,4.3,門別
2025/08/14,12,36,1,4,4,ピンクヴェノム,2,4.4,門別
2025/08/14,12,36,2,8,10,ラッキーホープ,1,1.6,門別
2025/08/14,12,36,3,6,6,トウカイエトワール,3,6.1,門別
2025/08/14,12,36,4,5,5,サイモンハロルド,9,177.2,門別
2025/08/14,12,36,5,7,9,スティールストーム,7,45.2,門別
2025/08/14,12,36,6,2,2,デアフルーグ,6,37.8,門別
2025/08/14,12,36,7,7,8,ジャスパーイーグル,5,16.9,門別
2025/08/14,12,36,8,1,1,クルマトラサン,10,224.0,門別
2025/08/14,12,36,9,6,7,スターオブフェイス,8,69.2,門別
2025/08/14,12,36,10,3,3,パウオレ,4,9.4,門別
2025/08/14,12,36,11,8,11,ジュビリーヘッド,11,364.3,門別
2025/08/13,10,20,1,5,9,ココナッツガーデン,1,,大井
2025/08/13,10,20,2,6,11,サウンドズーム,9,,大井
2025/08/13,10,20,3,2,3,エスプリブルズアイ,11,,大井
2025/08/13,10,20,4,3,4,リックマーベル,4,,大井
2025/08/13,10,20,5,8,14,マイネルオデーサ,8,,大井
2025/08/13,10,20,6,7,12,グレイトフルペイン,3,,大井
2025/08/13,10,20,7,4,6,マオノジーニー,7,,大井
2025/08/13,10,20,8,5,8,レヴォリオ,14,,大井
2025/08/13,10,20,9,1,1,タキ,6,,大井
2025/08/13,10,20,10,8,15,カズノトレジャー,13,,大井
2025/08/13,10,20,11,4,7,グリークトレジャー,5,,大井
2025/08/13,10,20,12,3,5,マイネルイージス,15,,大井
2025/08/13,10,20,13,2,2,ヴュルディヒ,2,,大井
2025/08/13,10,20,14,7,13,オールアイズオン,10,,大井
2025/08/13,10,20,15,6,10,マルチライセンス,12,,大井
2025/08/13,11,20,1,5,5,マウンテンローレル,3,,大井
2025/08/13,11,20,2,4,4,セイエイ,5,,大井
2025/08/13,11,20,3,6,7,ミクニサンビーム,1,,大井
2025/08/13,11,20,4,6,8,ユウユウスキー,2,,大井
2025/08/13,11,20,5,3,3,ドナギニー,4,,大井
2025/08/13,11,20,6,1,1,プレミアムハンド,8,,大井
2025/08/13,11,20,7,8,11,ヤマノアシオト,7,,大井
2025/08/13,11,20,8,8,12,ヨシノダイセン,10,,大井
2025/08/13,11,20,9,7,9,フレンドローマ,6,,大井
2025/08/13,11,20,10,7,10,アレンパ,9,,大井
2025/08/13,11,20,11,5,6,コスタデラルス,12,,大井
2025/08/13,11,20,12,2,2,ランベリー,11,,大井
2025/08/13,12,20,1,2,2,プラチナムロッド,6,,大井
2025/08/13,12,20,2,7,10,サブノコイゴコロ,9,,大井
2025/08/13,12,20,3,6,8,シザーハンズ,2,,大井
2025/08/13,12,20,4,4,4,グランジュール,4,,大井
2025/08/13,12,20,5,8,13,アポロリヤム,5,,大井
2025/08/13,12,20,6,3,3,ティーズエナジー,3,,大井
2025/08/13,12,20,7,5,6,シャインフォール,7,,大井
2025/08/13,12,20,8,8,12,ベネチアフレイバー,1,,大井
2025/08/13,12,20,9,7,11,コーミズアムール,10,,大井
2025/08/13,12,20,10,6,9,ヤマノウォーリア,11,,大井
2025/08/13,12,20,11,5,7,ミモレフレイバー,8,,大井
2025/08/13,12,20,12,4,5,バンドールロゼ,13,,大井
2025/08/13,12,20,13,1,1,グレンノハナ,12,,大井
2025/08/13,10,36,1,5,6,モノノフブラック,2,3.5,門別
2025/08/13,10,36,2,8,11,オンラインボス,1,2.3,門別
2025/08/13,10,36,3,7,9,シンメルーブス,3,4.2,門別
2025/08/13,10,36,4,3,3,グッドボーイ,5,9.3,門別
2025/08/13,10,36,5,7,10,フクノブルジュ,6,20.8,門別
2025/08/13,10,36,6,2,2,ノッテルーナ,7,43.6,門別
2025/08/13,10,36,7,1,1,サクラルーフェン,11,344.7,門別
2025/08/13,10,36,8,4,4,スティールマジック,4,8.7,門別
2025/08/13,10,36,9,8,12,エバニスタ,8,141.4,門別
2025/08/13,10,36,10,5,5,グッドフェイス,9,306.5,門別
2025/08/13,10,36,11,6,8,ヒズライフ,12,834.7,門別
2025/08/13,10,36,12,6,7,ロフティフレーズ,10,341.3,門別
2025/08/13,11,36,1,1,1,ケイアイパープル,1,1.0,門別
2025/08/13,11,36,2,6,6,ドスハーツ,5,44.0,門別
2025/08/13,11,36,3,8,9,ベルウッドグラス,2,5.5,門別
2025/08/13,11,36,4,4,4,アンタンスルフレ,3,13.1,門別
2025/08/13,11,36,5,3,3,アルファインディ,4,18.6,門別
2025/08/13,11,36,6,2,2,ブッシュドノエル,6,276.9,門別
2025/08/13,11,36,7,7,7,シャドウクロス,7,283.7,門別
2025/08/13,12,36,1,6,6,ニシケンボブ,1,1.1,門別
2025/08/13,12,36,2,3,3,ディーエスエール,3,8.2,門別
2025/08/13,12,36,3,1,1,クルードラゴン,4,30.9,門別
2025/08/13,12,36,4,7,7,アースライザー,5,51.0,門別
2025/08/13,12,36,5,4,4,ポルラノーチェ,2,6.0,門別
2025/08/13,12,36,6,5,5,ナムラゴロフキン,7,190.5,門別
2025/08/13,12,36,7,2,2,スカーズ,6,156.8,門別
2025/08/12,8,20,1,8,15,オペラアリア,2,,大井
2025/08/12,8,20,2,1,2,ティアード,3,,大井
2025/08/12,8,20,3,5,10,ポチョラーダ,4,,大井
2025/08/12,8,20,4,5,9,ジャストリアン,11,,大井
2025/08/12,8,20,5,7,13,オアシスドール,1,,大井
2025/08/12,8,20,6,6,11,ヤマノリッチ,14,,大井
2025/08/12,8,20,7,4,7,ノースボブキャット,6,,大井
2025/08/12,8,20,8,7,14,コパノスタンリー,7,,大井
2025/08/12,8,20,9,2,4,バズッチ,8,,大井
2025/08/12,8,20,10,3,5,アルピニスト,16,,大井
2025/08/12,8,20,11,8,16,オメガオリーブ,13,,大井
2025/08/12,8,20,12,1,1,ウインアイリーン,5,,大井
2025/08/12,8,20,13,4,8,キャンディガール,15,,大井
2025/08/12,8,20,14,6,12,フレンドリーシップ,12,,大井
2025/08/12,8,20,15,3,6,スピリチュアル,9,,大井
2025/08/12,8,20,16,2,3,ヒメカミノメガミ,10,,大井
2025/08/12,9,20,1,1,1,マックス,1,,大井
2025/08/12,9,20,2,5,5,ドリームビリーバー,3,,大井
2025/08/12,9,20,3,8,12,ゼルトザーム,2,,大井
2025/08/12,9,20,4,6,7,グットディール,5,,大井
2025/08/12,9,20,5,6,8,マースインディ,10,,大井
2025/08/12,9,20,6,7,10,カールスバート,8,,大井
2025/08/12,9,20,7,8,11,ローウェル,6,,大井
2025/08/12,9,20,8,3,3,パワースレイヴ,9,,大井
2025/08/12,9,20,9,4,4,グランデマーレ,12,,大井
2025/08/12,9,20,10,2,2,ロイヤルペガサス,11,,大井
2025/08/12,9,20,11,5,6,タイセイブリリオ,7,,大井
2025/08/12,9,20,12,7,9,ハコダテブショウ,4,,大井
2025/08/12,10,20,1,5,7,ムットクルフェ,1,,大井
2025/08/12,10,20,2,7,12,リトルビッグホーン,3,,大井
2025/08/12,10,20,3,6,9,フィエレッツァ,2,,大井
2025/08/12,10,20,4,1,1,レイリ,7,,大井
2025/08/12,10,20,5,8,13,ガンモレジェンド,6,,大井
2025/08/12,10,20,6,7,11,クラウンシューター,9,,大井
2025/08/12,10,20,7,3,3,エルモサミオ,5,,大井
2025/08/12,10,20,8,6,10,デッドフレイ,14,,大井
2025/08/12,10,20,9,8,14,キタサンヒコボシ,4,,大井
2025/08/12,10,20,10,4,6,アイズ,8,,大井
2025/08/12,10,20,11,5,8,ユウシンイモン,11,,大井
2025/08/12,10,20,12,2,2,マイネルボンバー,10,,大井
2025/08/12,10,20,13,3,4,スペシャルドラマ,13,,大井
2025/08/12,10,20,14,4,5,ヤクモ,12,,大井
2025/08/12,10,36,1,8,12,エアプレイ,1,1.9,門別
2025/08/12,10,36,2,5,6,ファーマシャイン,4,10.3,門別
2025/08/12,10,36,3,1,1,トレビアンクリール,6,40.4,門別
2025/08/12,10,36,4,7,9,レッドコート,5,30.2,門別
2025/08/12,10,36,5,4,4,パッションプリマ,3,6.2,門別
2025/08/12,10,36,6,5,5,アルマロベイラ,10,110.0,門別
2025/08/12,10,36,7,8,11,アンジュパラディ,11,176.0,門別
2025/08/12,10,36,8,7,10,ダバイカンティーク,9,103.4,門別
2025/08/12,10,36,9,3,3,ピンクシャウラ,7,67.3,門別
2025/08/12,10,36,10,6,7,トウテイラン,8,72.4,門別
2025/08/12,10,36,11,6,8,カツコノヒヤザケ,2,2.7,門別
2025/08/12,11,36,1,7,7,モーニングショー,1,2.5,門別
2025/08/12,11,36,2,3,3,ラビアータ,5,8.8,門別
2025/08/12,11,36,3,6,6,トモノシルバー,2,3.4,門別
2025/08/12,11,36,4,4,4,ジョルジュ,3,4.0,門別
2025/08/12,11,36,5,5,5,カプセル,4,5.4,門別
2025/08/12,11,36,6,2,2,エターナルルビー,7,209.1,門別
2025/08/12,11,36,7,1,1,クウェンヤ,6,86.5,門別
2025/08/12,12,36,1,6,6,アジャイルブラック,1,1.0,門別
2025/08/12,12,36,2,2,2,バンカブルスター,7,47.7,門別
2025/08/12,12,36,3,8,8,フレスコバルディ,3,16.6,門別
2025/08/12,12,36,4,1,1,クーシフォン,5,30.7,門別
2025/08/12,12,36,5,7,7,スペイスフォース,4,22.0,門別
2025/08/12,12,36,6,5,5,ワンターゲット,6,31.6,門別
2025/08/12,12,36,7,4,4,アヴェッリーノ,2,10.4,門別
2025/08/12,12,36,8,3,3,センゲントップ,8,69.4,門別
2025/08/11,9,20,1,3,3,アドマイヤエイジア,1,,大井
2025/08/11,9,20,2,8,9,イモノソーダワリデ,4,,大井
2025/08/11,9,20,3,2,2,リュミエール,2,,大井
2025/08/11,9,20,4,7,7,ダイアモンドモア,5,,大井
2025/08/11,9,20,5,4,4,ヴァルタリ,3,,大井
2025/08/11,9,20,6,6,6,マリアッチ,6,,大井
2025/08/11,9,20,7,5,5,ミライヘノシンゲキ,8,,大井
2025/08/11,9,20,8,8,8,ノーブルマルシェ,9,,大井
2025/08/11,10,20,1,5,5,ケテンドリーム,1,,大井
2025/08/11,10,20,2,6,7,カツノナノリ,9,,大井
2025/08/11,10,20,3,7,9,フクノフードゥル,8,,大井
2025/08/11,10,20,4,3,3,フリーダム,4,,大井
2025/08/11,10,20,5,6,8,ナックダンス,6,,大井
2025/08/11,10,20,6,7,10,コアリオ,2,,大井
2025/08/11,10,20,7,1,1,メランポジューム,3,,大井
2025/08/11,10,20,8,2,2,ラブミーメアリー,7,,大井
2025/08/11,10,20,9,8,11,フェルディナンド,5,,大井
2025/08/11,10,20,10,8,12,フジラプンツェル,11,,大井
2025/08/11,10,20,11,5,6,クオレス,10,,大井
2025/08/11,10,20,12,4,4,ナサ,12,,大井
2025/08/11,11,20,1,8,14,ニチリン,1,,大井
2025/08/11,11,20,2,8,13,シャッダンコナー,5,,大井
2025/08/11,11,20,3,5,7,サカベンクイーン,7,,大井
2025/08/11,11,20,4,4,6,サヴォイア,4,,大井
2025/08/11,11,20,5,4,5,ルイーサ,2,,大井
2025/08/11,11,20,6,6,10,アスフォデロース,6,,大井
2025/08/11,11,20,7,7,11,コトブキエース,8,,大井
2025/08/11,11,20,8,6,9,ラフォンターナ,9,,大井
2025/08/11,11,20,9,3,3,カーラミーア,3,,大井
2025/08/11,11,20,10,2,2,イチモクサン,10,,大井
2025/08/11,11,20,11,7,12,ビアンカ,11,,大井
2025/08/11,11,20,12,1,1,キラン,12,,大井
2025/08/11,11,20,13,5,8,スターオブウーノ,13,,大井
2025/08/10,6,20,1,7,10,サガノオウマサン,2,,大井
2025/08/10,6,20,2,6,7,カレーウドン,3,,大井
2025/08/10,6,20,3,6,8,アクイローネ,1,,大井
2025/08/10,6,20,4,5,5,フェリスラリー,7,,大井
2025/08/10,6,20,5,8,12,ウィーナーズソング,5,,大井
2025/08/10,6,20,6,5,6,センジュ,6,,大井
2025/08/10,6,20,7,3,3,アンナネーヴェ,9,,大井
2025/08/10,6,20,8,2,2,テーオードリアン,4,,大井
2025/08/10,6,20,9,8,11,ヤザン,8,,大井
2025/08/10,6,20,10,1,1,ベアウェイトゥゴー,10,,大井
2025/08/10,6,20,11,7,9,ブラッドワイルド,11,,大井
2025/08/10,7,20,1,5,5,キタサンベレーザ,1,,大井
2025/08/10,7,20,2,6,6,ベルウッドワン,3,,大井
2025/08/10,7,20,3,6,7,ゴールドジャッジ,4,,大井
2025/08/10,7,20,4,7,8,ヴィクラント,6,,大井
2025/08/10,7,20,5,1,1,ランプロン,2,,大井
2025/08/10,7,20,6,7,9,キャンユーキッス,7,,大井
2025/08/10,7,20,7,2,2,ロアリングルックス,5,,大井
2025/08/10,7,20,8,4,4,マイネルロッシュ,11,,大井
2025/08/10,7,20,9,3,3,サブノハクタカ,10,,大井
2025/08/10,7,20,10,8,10,イデアミラーグロ,8,,大井
2025/08/10,7,20,11,8,11,ハイパータンク,9,,大井
2025/08/10,8,20,1,5,6,アジアジェニファー,3,,大井
2025/08/10,8,20,2,8,12,シャドウルパン,2,,大井
2025/08/10,8,20,3,1,1,ティーズアペックス,4,,大井
2025/08/10,8,20,4,6,8,ビッグショット,6,,大井
2025/08/10,8,20,5,8,11,トチノヒーロー,5,,大井
2025/08/10,8,20,6,5,5,カガヤキテンマ,1,,大井
2025/08/10,8,20,7,3,3,ラペルシェール,7,,大井
2025/08/10,8,20,8,7,10,フォルツァ,11,,大井
2025/08/10,8,20,9,6,7,ノーブルジーク,9,,大井
2025/08/10,8,20,10,2,2,クラジャンク,12,,大井
2025/08/10,8,20,11,4,4,アンニンドウフ,8,,大井
2025/08/10,8,20,12,7,9,クイーンオブソウル,10,,大井
2025/08/08,10,21,1,2,2,オリコウデレガンス,2,,川崎
2025/08/08,10,21,2,6,6,スカイアクロス,4,,川崎
2025/08/08,10,21,3,4,4,リコーベレッタ,8,,川崎
2025/08/08,10,21,4,8,10,ミスマルゴー,3,,川崎
2025/08/08,10,21,5,1,1,ピンクタオルチャン,5,,川崎
2025/08/08,10,21,6,8,11,アルメールヴェント,11,,川崎
2025/08/08,10,21,7,7,8,スキーサンダー,6,,川崎
2025/08/08,10,21,8,7,9,ビステル,10,,川崎
2025/08/08,10,21,9,3,3,ハチャトリアン,7,,川崎
2025/08/08,10,21,10,5,5,ジェットブレイク,9,,川崎
2025/08/08,11,21,1,1,1,ゼウスバイオ,3,,川崎
2025/08/08,11,21,2,4,4,インナースティール,1,,川崎
2025/08/08,11,21,3,8,8,コパノマイアミ,4,,川崎
2025/08/08,11,21,4,2,2,ファルコンソード,6,,川崎
2025/08/08,11,21,5,6,6,シャンパンファイト,5,,川崎
2025/08/08,11,21,6,5,5,オーウェル,2,,川崎
2025/08/08,11,21,7,3,3,トーホウボルツ,7,,川崎
2025/08/08,11,21,8,7,7,ウインドブロウン,8,,川崎
2025/08/08,12,21,1,5,5,ノッテストラータ,4,,川崎
2025/08/08,12,21,2,2,2,ブライティアブエナ,2,,川崎
2025/08/08,12,21,3,3,3,マイアミ,3,,川崎
2025/08/08,12,21,4,7,7,バックビート,5,,川崎
2025/08/08,12,21,5,8,9,グッモーニン,10,,川崎
2025/08/08,12,21,6,1,1,ペルセイズ,8,,川崎
2025/08/08,12,21,7,4,4,ラブリエスト,7,,川崎
2025/08/08,12,21,8,7,8,スウィートドリーム,1,,川崎
2025/08/08,12,21,9,6,6,セイウンダキシメテ,9,,川崎
2025/08/08,12,21,10,8,10,メイショウコジロウ,6,,川崎
2025/08/07,10,21,1,4,4,タブラオ,1,,川崎
2025/08/07,10,21,2,6,6,ニシノカシミヤ,2,,川崎
2025/08/07,10,21,3,2,2,シトラルテミニ,4,,川崎
2025/08/07,10,21,4,1,1,ランドマックス,5,,川崎
2025/08/07,10,21,5,3,3,ナガタエース,6,,川崎
2025/08/07,10,21,6,5,5,アナンシエーション,3,,川崎
2025/08/07,11,21,1,8,10,ロードレイジング,1,,川崎
2025/08/07,11,21,2,2,2,ミノリクン,5,,川崎
2025/08/07,11,21,3,1,1,サラサチャレンジ,2,,川崎
2025/08/07,11,21,4,4,4,キイチマイルス,3,,川崎
2025/08/07,11,21,5,8,11,キイチヘリオス,7,,川崎
2025/08/07,11,21,6,6,6,デーレーシトロン,4,,川崎
2025/08/07,11,21,7,5,5,ピエスポリード,9,,川崎
2025/08/07,11,21,8,6,7,シナノシトリン,8,,川崎
2025/08/07,11,21,9,7,9,イネスティマブル,10,,川崎
2025/08/07,11,21,10,3,3,ミュークニュウ,6,,川崎
2025/08/07,12,21,1,2,2,ケイツーバルボア,1,,川崎
2025/08/07,12,21,2,8,13,タイセイシップ,2,,川崎
2025/08/07,12,21,3,7,12,ルージュメイベル,7,,川崎
2025/08/07,12,21,4,4,5,フライングロッド,8,,川崎
2025/08/07,12,21,5,3,3,シンメロワン,4,,川崎
2025/08/07,12,21,6,6,10,リリーバローズ,6,,川崎
2025/08/07,12,21,7,4,6,ジュウニントイロ,11,,川崎
2025/08/07,12,21,8,1,1,シャトルトウショウ,3,,川崎
2025/08/07,12,21,9,7,11,カレンアイバーソン,12,,川崎
2025/08/07,12,21,10,8,14,カシスオレンジ,10,,川崎
2025/08/07,12,21,11,5,7,ミシェット,14,,川崎
2025/08/07,12,21,12,6,9,ガルヴァニック,9,,川崎
2025/08/07,12,21,13,5,8,シュヴァイゲン,5,,川崎
2025/08/07,12,21,14,3,4,コスモキルカス,13,,川崎
2025/08/07,10,36,1,6,8,キタノプレンティ,2,3.4,門別
2025/08/07,10,36,2,5,6,ロピア,1,3.1,門別
2025/08/07,10,36,3,6,7,ロワン,3,4.1,門別
2025/08/07,10,36,4,2,2,サクラソーレ,10,80.1,門別
2025/08/07,10,36,5,7,9,フィールマイウェイ,8,32.0,門別
2025/08/07,10,36,6,7,10,テンケイ,6,15.2,門別
2025/08/07,10,36,7,3,3,アルパインハット,7,24.9,門別
2025/08/07,10,36,8,4,4,ドクターストップ,5,12.4,門別
2025/08/07,10,36,9,8,11,ダンストンアンセム,9,65.2,門別
2025/08/07,10,36,10,1,1,エデュース,4,7.2,門別
2025/08/07,10,36,11,5,5,アブラカタブラ,11,101.1,門別
2025/08/07,10,36,12,8,12,ロイヤルジョダーナ,12,243.7,門別
2025/08/07,11,36,1,3,3,トネムスメ,1,1.3,門別
2025/08/07,11,36,2,2,2,ウイスキータイム,5,20.2,門別
2025/08/07,11,36,3,4,4,レイヴオン,6,25.3,門別
2025/08/07,11,36,4,1,1,ラストボーン,4,12.8,門別
2025/08/07,11,36,5,7,8,サヤオンニ,3,8.4,門別
2025/08/07,11,36,6,6,6,サクラファシナンテ,7,110.8,門別
2025/08/07,11,36,7,7,7,ガロス,2,5.6,門別
2025/08/07,11,36,8,8,9,ヴィルゲート,10,380.1,門別
2025/08/07,11,36,9,8,10,フェールアシュバル,8,113.7,門別
2025/08/07,11,36,10,5,5,ボルゲリ,9,198.7,門別
2025/08/07,12,36,1,6,6,ゴッドバロック,1,3.0,門別
2025/08/07,12,36,2,7,7,カミハマッテイル,3,4.2,門別
2025/08/07,12,36,3,2,2,エイシンリガーズ,2,3.3,門別
2025/08/07,12,36,4,5,5,ベラジオエンペラー,4,5.6,門別
2025/08/07,12,36,5,1,1,ファインキック,6,18.6,門別
2025/08/07,12,36,6,4,4,リコーヒューズ,7,21.8,門別
2025/08/07,12,36,7,3,3,エイシンイワハシル,5,9.2,門別
2025/08/06,10,21,1,8,10,エスジースパークル,4,,川崎
2025/08/06,10,21,2,3,3,トンボ,1,,川崎
2025/08/06,10,21,3,6,7,ソリスレガーロ,7,,川崎
2025/08/06,10,21,4,1,1,パイロデキセキ,6,,川崎
2025/08/06,10,21,5,7,9,リュクスレオン,5,,川崎
2025/08/06,10,21,6,8,11,デルマニンフ,10,,川崎
2025/08/06,10,21,7,6,6,エスプリゴンザレス,3,,川崎
2025/08/06,10,21,8,7,8,タイムトゥキル,9,,川崎
2025/08/06,10,21,9,5,5,ゴールデンカガヤ,8,,川崎
2025/08/06,10,21,10,4,4,ダイナミックリュウ,11,,川崎
2025/08/06,10,21,11,2,2,カセノラオー,2,,川崎
2025/08/06,11,21,1,5,5,ピノマハナ,5,,川崎
2025/08/06,11,21,2,7,8,チャチャハツゴウ,2,,川崎
2025/08/06,11,21,3,4,4,スピンディエゴール,1,,川崎
2025/08/06,11,21,4,2,2,キャプテンブルー,4,,川崎
2025/08/06,11,21,5,6,6,シングアウト,10,,川崎
2025/08/06,11,21,6,7,7,アドルナティック,6,,川崎
2025/08/06,11,21,7,3,3,モルジブフレイバー,7,,川崎
2025/08/06,11,21,8,8,9,ドリームジャパン,3,,川崎
2025/08/06,11,21,9,1,1,ストームレーン,9,,川崎
2025/08/06,11,21,10,8,10,レッドサラマンダー,8,,川崎
2025/08/06,12,21,1,8,8,オソレ,1,,川崎
2025/08/06,12,21,2,8,9,トニープリンス,3,,川崎
2025/08/06,12,21,3,4,4,テイクノート,6,,川崎
2025/08/06,12,21,4,1,1,ミスティライラック,5,,川崎
2025/08/06,12,21,5,2,2,イソエヴィクラント,7,,川崎
2025/08/06,12,21,6,3,3,バッファローライズ,4,,川崎
2025/08/06,12,21,7,5,5,ケイツーユーロ,8,,川崎
2025/08/06,12,21,8,6,6,ランラン,2,,川崎
2025/08/06,12,21,9,7,7,エピファドール,9,,川崎
2025/08/06,10,36,1,7,10,コンヴァラリア,4,9.9,門別
2025/08/06,10,36,2,8,12,サンスノーホワイト,5,13.0,門別
2025/08/06,10,36,3,2,2,パイラタナー,2,3.5,門別
2025/08/06,10,36,4,5,5,マーヤボニータ,6,15.0,門別
2025/08/06,10,36,5,7,9,ヤマニンファロ,1,2.8,門別
2025/08/06,10,36,6,4,4,ミスナンナ,7,23.2,門別
2025/08/06,10,36,7,8,11,フランキンローズ,8,27.3,門別
2025/08/06,10,36,8,6,8,オルトジュピター,11,59.2,門別
2025/08/06,10,36,9,6,7,コモモチャン,9,41.1,門別
2025/08/06,10,36,10,5,6,ライプトラオム,3,4.3,門別
2025/08/06,10,36,11,1,1,テナチュール,10,49.8,門別
2025/08/06,10,36,12,3,3,エイシンキャノピー,12,173.1,門別
2025/08/06,11,36,1,7,7,アニマルフルーツ,1,2.1,門別
2025/08/06,11,36,2,4,4,レイワホクト,6,20.8,門別
2025/08/06,11,36,3,8,8,パープルビューティ,4,7.7,門別
2025/08/06,11,36,4,3,3,ラトワール,5,18.8,門別
2025/08/06,11,36,5,1,1,エターナルウインド,3,5.1,門別
2025/08/06,11,36,6,6,6,イグニススピリタス,2,2.9,門別
2025/08/06,11,36,7,2,2,サクラカレント,7,158.5,門別
2025/08/06,11,36,8,5,5,パームアイル,8,438.1,門別
2025/08/06,12,36,1,8,11,ギャルソンマンキ,1,2.1,門別
2025/08/06,12,36,2,7,10,ボディコンシャス,2,3.1,門別
2025/08/06,12,36,3,6,8,スティールブライト,3,5.3,門別
2025/08/06,12,36,4,3,3,ブレイヴァリーボス,6,26.0,門別
2025/08/06,12,36,5,2,2,ラグナキリア,7,30.9,門別
2025/08/06,12,36,6,4,4,ジャイロ,5,11.5,門別
2025/08/06,12,36,7,8,12,クラシカルスカラー,4,10.3,門別
2025/08/06,12,36,8,1,1,ハードボイルド,10,212.9,門別
2025/08/06,12,36,9,5,5,スワンオーキッド,12,381.6,門別
2025/08/06,12,36,10,6,7,ラピッドベル,9,192.2,門別
2025/08/06,12,36,11,5,6,コパノライダー,8,168.8,門別
2025/08/06,12,36,12,7,9,シャイニーメイン,11,374.4,門別
2025/08/05,10,21,1,1,1,オピニオンリーダー,1,,川崎
2025/08/05,10,21,2,6,6,サヨノフィールド,2,,川崎
2025/08/05,10,21,3,3,3,マインドユアミモザ,3,,川崎
2025/08/05,10,21,4,2,2,ヴィゴーレ,4,,川崎
2025/08/05,10,21,5,4,4,タイセイストラーダ,5,,川崎
2025/08/05,10,21,6,5,5,ジョーコモド,6,,川崎
2025/08/05,11,21,1,5,5,ホッコーソムニウム,1,,川崎
2025/08/05,11,21,2,3,3,デアシュトゥルム,7,,川崎
2025/08/05,11,21,3,1,1,コールブランド,3,,川崎
2025/08/05,11,21,4,7,7,ボルカンバル,4,,川崎
2025/08/05,11,21,5,2,2,エーヴベリー,8,,川崎
2025/08/05,11,21,6,8,9,レグノ,2,,川崎
2025/08/05,11,21,7,4,4,ポッドレオ,9,,川崎
2025/08/05,11,21,8,6,6,キーラーヴォッヘ,6,,川崎
2025/08/05,11,21,9,8,8,ソウルストライク,5,,川崎
2025/08/05,12,21,1,5,5,ディスラプター,5,,川崎
2025/08/05,12,21,2,3,3,ボナール,6,,川崎
2025/08/05,12,21,3,4,4,アイビーヒメチャン,2,,川崎
2025/08/05,12,21,4,1,1,アフロジータ,8,,川崎
2025/08/05,12,21,5,8,10,トリプルアクセル,7,,川崎
2025/08/05,12,21,6,6,7,エターナルセイバー,4,,川崎
2025/08/05,12,21,7,7,8,タケノロイヤル,3,,川崎
2025/08/05,12,21,8,6,6,カツノオーカン,9,,川崎
2025/08/05,12,21,9,8,11,インテンスドライヴ,1,,川崎
2025/08/05,10,36,1,6,6,ベイサルシュート,2,3.8,門別
2025/08/05,10,36,2,5,5,エムティパブロ,1,3.3,門別
2025/08/05,10,36,3,2,2,エムティステージ,4,6.4,門別
2025/08/05,10,36,4,8,11,クロゴウ,3,4.8,門別
2025/08/05,10,36,5,1,1,ハドハド,10,103.3,門別
2025/08/05,10,36,6,6,7,ブルーポピー,9,91.1,門別
2025/08/05,10,36,7,3,3,ヤンキージャック,7,30.1,門別
2025/08/05,10,36,8,4,4,ウィアザピープル,6,10.4,門別
2025/08/05,10,36,9,8,10,フェデラボーテ,8,61.5,門別
2025/08/05,10,36,10,7,9,ハタノイチバンボシ,11,130.6,門別
2025/08/05,10,36,11,7,8,ジェイスマイル,5,6.4,門別
2025/08/05,11,36,1,8,9,ディオスメッセージ,3,6.8,門別
2025/08/05,11,36,2,8,8,イモータルウインド,1,1.8,門別
2025/08/05,11,36,3,5,5,トレヴェナ,2,3.7,門別
2025/08/05,11,36,4,7,7,パンテレリア,4,8.9,門別
2025/08/05,11,36,5,4,4,バラライカ,7,32.7,門別
2025/08/05,11,36,6,1,1,スマイルシエラ,6,21.6,門別
2025/08/05,11,36,7,2,2,グラストップロード,5,10.3,門別
2025/08/05,11,36,8,3,3,タイセイロージー,8,105.1,門別
2025/08/05,11,36,9,6,6,バスターウルフ,9,195.5,門別
2025/08/05,12,36,1,4,4,ベルピット,1,1.0,門別
2025/08/05,12,36,2,5,5,ヒストリーメイカー,4,15.5,門別
2025/08/05,12,36,3,7,7,ドラゴンゴクウ,5,24.3,門別
2025/08/05,12,36,4,6,6,ヒカリオーソ,2,10.1,門別
2025/08/05,12,36,5,2,2,スコルピウス,6,56.1,門別
2025/08/05,12,36,6,3,3,ブリッツファング,3,12.1,門別
2025/08/05,12,36,7,1,1,モダスオペランディ,7,62.2,門別
2025/08/04,10,21,1,5,5,ヒロシゲジャック,7,,川崎
2025/08/04,10,21,2,6,6,トリグラフ,3,,川崎
2025/08/04,10,21,3,3,3,シャンボール,4,,川崎
2025/08/04,10,21,4,2,2,バガリーロータス,1,,川崎
2025/08/04,10,21,5,7,7,メジャークオリティ,2,,川崎
2025/08/04,10,21,6,4,4,ダートレイジング,5,,川崎
2025/08/04,10,21,7,1,1,チャールストン,6,,川崎
2025/08/04,11,21,1,2,2,プリモパイソン,1,,川崎
2025/08/04,11,21,2,1,1,ノボベルサイユ,4,,川崎
2025/08/04,11,21,3,7,9,ライヴアメデオ,9,,川崎
2025/08/04,11,21,4,8,12,シナノスマイル,8,,川崎
2025/08/04,11,21,5,4,4,アカザ,11,,川崎
2025/08/04,11,21,6,3,3,キモンアップル,6,,川崎
2025/08/04,11,21,7,5,5,カンノンミカヅキ,3,,川崎
2025/08/04,11,21,8,5,6,デーレーラプター,5,,川崎
2025/08/04,11,21,9,6,7,リノデスティーノ,2,,川崎
2025/08/04,11,21,10,6,8,マカゼ,7,,川崎
2025/08/04,11,21,11,8,11,トキノゴールド,12,,川崎
2025/08/04,11,21,12,7,10,ライヴトパーズ,10,,川崎
2025/08/04,12,21,1,3,3,モネ,2,,川崎
2025/08/04,12,21,2,2,2,キタノトパーズ,6,,川崎
2025/08/04,12,21,3,4,4,スピナッチバイパー,8,,川崎
2025/08/04,12,21,4,7,9,フォースゲイト,1,,川崎
2025/08/04,12,21,5,8,11,アスタラビスタ,5,,川崎
2025/08/04,12,21,6,1,1,サウンドノバ,11,,川崎
2025/08/04,12,21,7,5,6,ハッピーバレー,9,,川崎
2025/08/04,12,21,8,8,12,マインドブロン,3,,川崎
2025/08/04,12,21,9,6,8,リグレイアー,12,,川崎
2025/08/04,12,21,10,5,5,コスモカシアス,7,,川崎
2025/08/04,12,21,11,6,7,チューウィー,10,,川崎
2025/08/04,12,21,12,7,10,ボーイハンター,4,,川崎
2025/07/31,10,36,1,7,9,カッパギ,2,3.4,門別
2025/07/31,10,36,2,5,5,ジャスパードリーム,6,18.1,門別
2025/07/31,10,36,3,1,1,トモノシルバー,4,11.3,門別
2025/07/31,10,36,4,2,2,ガンスリンガー,7,28.5,門別
2025/07/31,10,36,4,7,10,モーニングショー,3,5.1,門別
2025/07/31,10,36,6,6,7,シシャモフレンド,1,2.0,門別
2025/07/31,10,36,7,5,6,サクラルーフェン,9,179.2,門別
2025/07/31,10,36,8,8,12,トウヨウノマジョ,11,496.8,門別
2025/07/31,10,36,9,4,4,グッドフェイス,8,144.8,門別
2025/07/31,10,36,10,3,3,リコーリュウセイ,10,406.2,門別
2025/07/31,10,36,11,6,8,クウェンヤ,12,525.3,門別
2025/07/31,10,36,12,8,11,リコージーン,5,11.5,門別
2025/07/31,11,36,1,3,3,ケイアイパープル,2,1.8,門別
2025/07/31,11,36,2,2,2,ディーエスエール,3,13.1,門別
2025/07/31,11,36,3,1,1,ウルトラノホシ,1,1.8,門別
2025/07/31,11,36,4,4,4,スカーズ,5,32.4,門別
2025/07/31,11,36,5,5,5,ナムラゴロフキン,6,121.0,門別
2025/07/31,11,36,6,6,6,ノッテルーナ,4,24.9,門別
2025/07/31,12,36,1,8,9,デステージョ,1,2.1,門別
2025/07/31,12,36,2,8,8,ストリーム,2,3.1,門別
2025/07/31,12,36,3,4,4,ラッキーホープ,4,6.5,門別
2025/07/31,12,36,4,7,7,ブリックロード,7,34.3,門別
2025/07/31,12,36,5,2,2,ドウドウキリシマ,5,27.7,門別
2025/07/31,12,36,6,6,6,イッツクール,9,100.3,門別
2025/07/31,12,36,7,1,1,ジャスパーメジャー,3,5.3,門別
2025/07/31,12,36,8,5,5,ケイアイロベージ,6,29.0,門別
2025/07/31,12,36,9,3,3,ヨシノヒローイン,8,69.7,門別
2025/12/15,10,21,1,4,4,ファリードゥーン,1,,川崎
2025/12/15,10,21,2,6,6,ロールザボーンズ,3,,川崎
2025/12/15,10,21,3,8,11,ブランディストック,2,,川崎
2025/12/15,10,21,4,1,1,バジガクミソラ,6,,川崎
2025/12/15,10,21,5,2,2,アンブレラダンス,5,,川崎
2025/12/15,10,21,6,3,3,セイウンパイオニア,7,,川崎
2025/12/15,10,21,7,7,8,ヒシルリアン,9,,川崎
2025/12/15,10,21,8,5,5,ゴールドシリカ,4,,川崎
2025/12/15,10,21,9,7,9,サンライズソング,10,,川崎
2025/12/15,10,21,10,8,10,オトメノネガイ,11,,川崎
2025/12/15,10,21,11,6,7,バンガレット,8,,川崎
2025/12/15,11,21,1,8,11,ユキグニ,4,,川崎
2025/12/15,11,21,2,6,7,ドリームジャパン,3,,川崎
2025/12/15,11,21,3,7,10,ジェントルタッチ,2,,川崎
2025/12/15,11,21,4,6,8,サウンドバッハ,1,,川崎
2025/12/15,11,21,5,2,2,エンジェルリッター,7,,川崎
2025/12/15,11,21,6,1,1,ヴィブエアー,6,,川崎
2025/12/15,11,21,7,3,3,モンゲーハガネ,8,,川崎
2025/12/15,11,21,8,5,6,ボルカンバル,9,,川崎
2025/12/15,11,21,9,4,4,ランドプラネット,5,,川崎
2025/12/15,11,21,10,7,9,スピナッチバイパー,10,,川崎
2025/12/15,11,21,11,5,5,ゴールドモーニン,11,,川崎
2025/12/15,12,21,1,6,8,カンノンアーニモ,1,,川崎
2025/12/15,12,21,2,2,2,イイクニアシェル,10,,川崎
2025/12/15,12,21,3,7,10,サラサエンペラー,2,,川崎
2025/12/15,12,21,4,5,6,カネトシフープ,4,,川崎
2025/12/15,12,21,5,1,1,サンナイアガラ,6,,川崎
2025/12/15,12,21,6,8,12,ピーチマカロン,11,,川崎
2025/12/15,12,21,7,6,7,ベストツッキー,3,,川崎
2025/12/15,12,21,8,7,9,ダズリングプレイス,12,,川崎
2025/12/15,12,21,9,3,3,サンスレッド,9,,川崎
2025/12/15,12,21,10,4,4,ミスサン,8,,川崎
2025/12/15,12,21,11,5,5,カルデライト,5,,川崎
2025/12/15,12,21,12,8,11,シルヴァーリップ,7,,川崎
2025/07/29,10,22,1,6,6,ジェネロジテ,6,,船橋
2025/07/29,10,22,2,7,7,マイネルクロンヌ,1,,船橋
2025/07/29,10,22,3,2,2,ディープマインド,7,,船橋
2025/07/29,10,22,4,3,3,ヴァイタリティ,4,,船橋
2025/07/29,10,22,5,4,4,ファビュラスロード,2,,船橋
2025/07/29,10,22,6,5,5,メタルスパーク,3,,船橋
2025/07/29,10,22,7,1,1,ユメカナウケン,5,,船橋
2025/07/29,11,22,1,7,7,シントーツバキ,1,,船橋
2025/07/29,11,22,2,4,4,クリノキングボス,3,,船橋
2025/07/29,11,22,3,2,2,エムティトップ,2,,船橋
2025/07/29,11,22,4,8,8,セラフィナイト,4,,船橋
2025/07/29,11,22,5,1,1,ルパルテール,6,,船橋
2025/07/29,11,22,6,6,6,ハガネ,7,,船橋
2025/07/29,11,22,7,5,5,ミーハディビーナ,5,,船橋
2025/07/29,12,22,1,2,2,テイコク,1,,船橋
2025/07/29,12,22,2,3,3,ジェイケイファイン,2,,船橋
2025/07/29,12,22,3,5,5,セッカチケーン,5,,船橋
2025/07/29,12,22,4,4,4,サエチ,3,,船橋
2025/07/29,12,22,5,1,1,エスカミーリョ,4,,船橋
2025/07/29,12,22,6,6,6,イントゥザファイア,6,,船橋
2025/07/29,10,36,1,4,4,エネルゲイア,3,8.9,門別
2025/07/29,10,36,2,6,8,ショットブラスト,6,18.7,門別
2025/07/29,10,36,3,7,10,クルーンチャン,1,1.7,門別
2025/07/29,10,36,4,2,2,アイルヴィータ,2,4.7,門別
2025/07/29,10,36,5,3,3,ランスロット,4,9.1,門別
2025/07/29,10,36,6,6,7,イエローアイリス,9,50.9,門別
2025/07/29,10,36,7,1,1,ディルブランド,10,139.0,門別
2025/07/29,10,36,8,8,11,マルディーニ,7,28.2,門別
2025/07/29,10,36,9,8,12,エースオブハーツ,5,9.2,門別
2025/07/29,10,36,10,5,6,ウナトライオン,8,31.3,門別
2025/07/29,10,36,11,5,5,スプリングレター,11,249.3,門別
2025/07/29,10,36,12,7,9,ニールセン,12,557.0,門別
2025/07/29,11,36,1,3,3,シルバーミラージュ,2,3.1,門別
2025/07/29,11,36,2,2,2,レッドコート,1,2.5,門別
2025/07/29,11,36,3,8,9,ベラジオソノダヒメ,6,15.0,門別
2025/07/29,11,36,4,8,8,セイウンピカイチ,3,3.8,門別
2025/07/29,11,36,5,4,4,トウテイラン,4,8.6,門別
2025/07/29,11,36,6,7,7,ウインラムセス,7,85.7,門別
2025/07/29,11,36,7,1,1,アンジュパラディ,5,14.5,門別
2025/07/29,11,36,8,6,6,フークアーデル,8,98.0,門別
2025/07/29,11,36,9,5,5,ベストカリフ,9,102.1,門別
2025/07/29,12,36,1,6,6,ヨシイチ,2,2.7,門別
2025/07/29,12,36,2,4,4,ダグフォース,1,2.5,門別
2025/07/29,12,36,3,1,1,スペイスフォース,6,12.8,門別
2025/07/29,12,36,4,7,7,ブッシュドノエル,9,132.2,門別
2025/07/29,12,36,5,8,9,ワンターゲット,3,6.8,門別
2025/07/29,12,36,6,3,3,バンカブルスター,5,11.2,門別
2025/07/29,12,36,7,8,8,クーシフォン,7,20.0,門別
2025/07/29,12,36,8,2,2,アヴェッリーノ,4,10.1,門別
2025/07/29,12,36,9,5,5,センゲントップ,8,52.2,門別
2025/07/24,10,36,1,5,5,オセロ,1,3.0,門別
2025/07/24,10,36,2,8,12,スグレタモノガイナ,2,3.6,門別
2025/07/24,10,36,3,5,6,ヴェントノワール,4,7.6,門別
2025/07/24,10,36,4,6,8,シャンノヴァ,3,5.4,門別
2025/07/24,10,36,5,6,7,ベイサルシュート,7,19.2,門別
2025/07/24,10,36,6,2,2,エムティパブロ,5,8.6,門別
2025/07/24,10,36,7,3,3,クロゴウ,8,23.1,門別
2025/07/24,10,36,8,4,4,フェデラボーテ,10,123.7,門別
2025/07/24,10,36,9,7,9,ヤンキージャック,11,136.3,門別
2025/07/24,10,36,10,7,10,アースクン,9,23.3,門別
2025/07/24,10,36,11,8,11,トモセンスイ,6,16.6,門別
2025/07/24,10,36,12,1,1,ロイヤルウルフ,12,374.2,門別
2025/07/24,11,36,1,6,6,パレスゴールド,1,1.2,門別
2025/07/24,11,36,2,5,5,クラシカルスカラー,2,4.9,門別
2025/07/24,11,36,3,4,4,マノレア,4,11.0,門別
2025/07/24,11,36,4,2,2,ホイッスルソング,3,9.4,門別
2025/07/24,11,36,5,3,3,コスモタラゴン,6,202.6,門別
2025/07/24,11,36,6,7,7,ボルゲリ,5,58.9,門別
2025/07/24,11,36,7,1,1,ヴィルゲート,7,295.8,門別
2025/07/24,12,36,1,5,5,ソルジャーフィルド,1,1.2,門別
2025/07/24,12,36,2,2,2,ジェーケーボンバー,4,16.6,門別
2025/07/24,12,36,3,4,4,バリウィール,5,32.4,門別
2025/07/24,12,36,4,3,3,ゼロアワー,2,5.4,門別
2025/07/24,12,36,5,8,8,レルアバド,8,158.6,門別
2025/07/24,12,36,6,8,9,ウィルオレオール,3,6.1,門別
2025/07/24,12,36,7,6,6,スワッガー,7,152.6,門別
2025/07/24,12,36,8,7,7,ヤマトオーザー,9,465.0,門別
2025/07/24,12,36,9,1,1,ハネガハエテマス,6,80.0,門別
2025/07/23,10,36,1,6,7,カツノトキメキ,1,1.8,門別
2025/07/23,10,36,2,7,10,エイイチ,2,2.8,門別
2025/07/23,10,36,3,2,2,ハニービート,6,26.4,門別
2025/07/23,10,36,4,4,4,コンサイダー,9,172.2,門別
2025/07/23,10,36,5,6,8,マナマカナ,5,25.4,門別
2025/07/23,10,36,6,8,11,バインドロック,7,61.3,門別
2025/07/23,10,36,7,8,12,ポンドエクスプレス,3,6.2,門別
2025/07/23,10,36,8,7,9,ロングサクセション,11,724.0,門別
2025/07/23,10,36,9,5,5,オフビート,10,297.0,門別
2025/07/23,10,36,10,1,1,レーヴァテイン,4,11.7,門別
2025/07/23,10,36,11,3,3,ゴールドアバンティ,8,64.4,門別
2025/07/23,11,36,1,7,7,ラビアータ,1,1.4,門別
2025/07/23,11,36,2,1,1,サヤオンニ,3,6.5,門別
2025/07/23,11,36,3,7,8,ブレイヴァリーボス,2,3.6,門別
2025/07/23,11,36,4,5,5,ラグナキリア,4,20.3,門別
2025/07/23,11,36,5,8,9,コパノライダー,5,20.9,門別
2025/07/23,11,36,6,3,3,ハードボイルド,10,370.3,門別
2025/07/23,11,36,7,2,2,コンバットグランデ,9,322.7,門別
2025/07/23,11,36,8,4,4,ヒラソール,8,214.6,門別
2025/07/23,11,36,9,6,6,スワンオーキッド,6,70.6,門別
2025/07/23,11,36,10,8,10,シャイニーメイン,7,130.7,門別
2025/07/23,12,36,1,3,3,リュウノフライト,1,3.5,門別
2025/07/23,12,36,2,5,5,ミスティライズ,4,5.7,門別
2025/07/23,12,36,3,1,1,スルーザミル,6,9.4,門別
2025/07/23,12,36,4,8,8,トリップス,3,5.7,門別
2025/07/23,12,36,5,2,2,ゴールデンリング,5,7.5,門別
2025/07/23,12,36,6,6,6,スプリンガフォート,7,12.0,門別
2025/07/23,12,36,7,4,4,ポルタロマーナ,8,71.7,門別
2025/07/23,12,36,8,7,7,ミソドレミ,2,3.5,門別
2025/10/06,8,20,1,2,2,ホワイトマジック,1,27.9,大井
2025/10/06,8,20,2,6,8,フロリダフォンテン,3,39.1,大井
2025/10/06,8,20,3,7,11,フオメンタ,11,3.8,大井
2025/10/06,8,20,4,8,12,ルビーギャラクシー,7,40.1,大井
2025/10/06,8,20,5,5,7,ナムラミック,2,120.9,大井
2025/10/06,8,20,6,7,10,アタミセイコー,4,152.4,大井
2025/10/06,8,20,7,5,6,アスフォデロース,5,11.5,大井
2025/10/06,8,20,8,6,9,ウイニングショット,10,41.8,大井
2025/10/06,8,20,9,1,1,プレミアリッチ,12,71.0,大井
2025/10/06,8,20,10,3,3,シュパネントパール,6,1.5,大井
2025/10/06,8,20,11,4,5,キルコネクション,8,146.2,大井
2025/10/06,8,20,12,4,4,プルミエパルファム,9,8.4,大井
2025/10/06,8,20,13,8,13,フラメンタ,13,,大井
2025/10/06,9,20,1,1,1,カヌレフレイバー,3,12.9,大井
2025/10/06,9,20,2,3,3,タケシ,2,43.2,大井
2025/10/06,9,20,3,6,7,テンドウ,1,117.4,大井
2025/10/06,9,20,4,6,8,ベンテイガ,5,67.9,大井
2025/10/06,9,20,5,5,6,アイズ,7,2.5,大井
2025/10/06,9,20,6,2,2,シゲルマッハ,6,72.0,大井
2025/10/06,9,20,7,8,11,デアシュトゥルム,8,18.6,大井
2025/10/06,9,20,8,5,5,アジアジェニファー,4,3.9,大井
2025/10/06,9,20,9,8,12,ナサ,12,,大井
2025/10/06,9,20,10,7,9,スペシャルドラマ,9,61.2,大井
2025/10/06,9,20,11,7,10,ヤクモ,10,33.6,大井
2025/10/06,9,20,12,4,4,ウィンウッド,11,2.6,大井
2025/10/06,10,20,1,6,9,シンクグッド,4,1.3,大井
2025/10/06,10,20,2,1,1,ペイシャコパ,1,42.8,大井
2025/10/06,10,20,3,5,7,マオノジーニー,7,7.1,大井
2025/10/06,10,20,4,7,11,アレアラミア,2,9.5,大井
2025/10/06,10,20,5,6,10,タキ,10,231.7,大井
2025/10/06,10,20,6,4,5,オールアイズオン,13,85.9,大井
2025/10/06,10,20,7,3,3,マイネルイージス,12,69.2,大井
2025/10/06,10,20,8,8,14,グリークトレジャー,8,,大井
2025/10/06,10,20,9,4,6,センジュ,5,47.8,大井
2025/10/06,10,20,10,7,12,レペンテ,9,,大井
2025/10/06,10,20,11,8,13,マルチライセンス,14,,大井
2025/10/06,10,20,12,5,8,カズピレウス,6,42.4,大井
2025/10/06,10,20,13,3,4,サイレントブラック,11,5.4,大井
2025/07/22,10,36,1,7,8,ジャイロ,3,3.6,門別
2025/07/22,10,36,2,1,1,アニマルフルーツ,2,2.6,門別
2025/07/22,10,36,3,6,6,ビービーバシリス,1,2.3,門別
2025/07/22,10,36,4,4,4,レイワホクト,5,14.7,門別
2025/07/22,10,36,5,8,10,ヤマノプリティー,4,11.6,門別
2025/07/22,10,36,6,8,11,サクラカレント,7,153.2,門別
2025/07/22,10,36,7,5,5,トウヨウノマジョ,6,92.0,門別
2025/07/22,10,36,8,3,3,パームアイル,10,602.2,門別
2025/07/22,10,36,9,6,7,オールイズトゥルー,9,394.1,門別
2025/07/22,10,36,10,2,2,リリベット,8,303.2,門別
2025/07/22,11,36,1,6,6,ディオスメッセージ,4,22.1,門別
2025/07/22,11,36,2,4,4,スマイルシエラ,6,50.8,門別
2025/07/22,11,36,3,7,7,バラライカ,5,25.9,門別
2025/07/22,11,36,4,5,5,イモータルウインド,1,1.2,門別
2025/07/22,11,36,5,3,3,ヴィキャンデル,8,194.7,門別
2025/07/22,11,36,6,8,8,ラストボーン,3,8.7,門別
2025/07/22,11,36,7,1,1,フェールアシュバル,7,142.1,門別
2025/07/22,11,36,8,2,2,グラストップロード,2,4.0,門別
2025/07/22,12,36,1,6,6,マイモーメント,1,2.4,門別
2025/07/22,12,36,2,8,11,クラウォー,2,3.2,門別
2025/07/22,12,36,3,8,10,マーゴットミニモ,5,9.1,門別
2025/07/22,12,36,4,2,2,ニンリル,6,14.7,門別
2025/07/22,12,36,5,5,5,ステラビアンカ,4,7.6,門別
2025/07/22,12,36,6,3,3,パカラボーイ,8,36.7,門別
2025/07/22,12,36,7,6,7,ウェルメイド,10,178.0,門別
2025/07/22,12,36,8,1,1,サクセスパルス,7,24.5,門別
2025/07/22,12,36,9,7,9,ワイドカイゼリン,3,7.1,門別
2025/07/22,12,36,10,7,8,クラキンカ,9,147.2,門別
2025/07/22,12,36,11,4,4,フークファンタジー,11,265.5,門別
2025/07/18,10,20,1,6,10,ブルーヒサシン,1,,大井
2025/07/18,10,20,2,2,2,ジャスミンツー,7,,大井
2025/07/18,10,20,3,8,15,セイテン,5,,大井
2025/07/18,10,20,4,8,14,ラブラブフォー,6,,大井
2025/07/18,10,20,5,4,7,コノヨルヲトメテヨ,8,,大井
2025/07/18,10,20,6,2,3,ラッケンブース,2,,大井
2025/07/18,10,20,7,3,5,ビーンスモークモカ,3,,大井
2025/07/18,10,20,8,6,11,マヒロ,12,,大井
2025/07/18,10,20,9,3,4,グラスコメット,10,,大井
2025/07/18,10,20,10,7,13,ベラジオチャンネル,4,,大井
2025/07/18,10,20,11,7,12,ジャストハンマー,14,,大井
2025/07/18,10,20,12,1,1,ラピダッシュ,11,,大井
2025/07/18,10,20,13,5,9,ユルリ,13,,大井
2025/07/18,10,20,14,5,8,マサノフリーダム,9,,大井
2025/07/18,11,20,1,3,3,ユウユウスキー,4,,大井
2025/07/18,11,20,2,4,4,ムットクルフェ,1,,大井
2025/07/18,11,20,3,8,8,ファーガス,2,,大井
2025/07/18,11,20,4,6,6,スミソニアン,6,,大井
2025/07/18,11,20,5,8,9,マイネルボンバー,5,,大井
2025/07/18,11,20,6,2,2,ゴールデンブザー,3,,大井
2025/07/18,11,20,7,7,7,ナックダンス,7,,大井
2025/07/18,11,20,8,1,1,ミラコロカナーレ,8,,大井
2025/07/18,12,20,1,8,12,ジゼル,1,,大井
2025/07/18,12,20,2,4,4,ドリームビリーバー,4,,大井
2025/07/18,12,20,3,5,6,ゼルトザーム,3,,大井
2025/07/18,12,20,4,6,8,ランプロン,2,,大井
2025/07/18,12,20,5,7,10,キタサンベレーザ,6,,大井
2025/07/18,12,20,6,1,1,キャンユーキッス,11,,大井
2025/07/18,12,20,7,3,3,クオレス,9,,大井
2025/07/18,12,20,8,6,7,パウオレ,5,,大井
2025/07/18,12,20,9,7,9,パワースレイヴ,8,,大井
2025/07/18,12,20,10,2,2,ノースプリマ,10,,大井
2025/07/18,12,20,11,5,5,マイネルロッシュ,12,,大井
2025/07/18,12,20,12,8,11,ロアリングルックス,7,,大井
2025/07/17,10,20,1,4,4,アジアジェニファー,2,,大井
2025/07/17,10,20,2,5,7,ケンジョー,1,,大井
2025/07/17,10,20,3,3,3,サブノコイゴコロ,6,,大井
2025/07/17,10,20,4,5,6,ヒメカミノメガミ,7,,大井
2025/07/17,10,20,5,2,2,ヴァンビー,5,,大井
2025/07/17,10,20,6,6,9,パールホワイトイブ,12,,大井
2025/07/17,10,20,7,8,13,コパノスタンリー,4,,大井
2025/07/17,10,20,8,7,11,リケアミネオラ,10,,大井
2025/07/17,10,20,9,8,12,ジャストリアン,3,,大井
2025/07/17,10,20,10,7,10,サウンドプリズム,11,,大井
2025/07/17,10,20,11,1,1,アルピニスト,8,,大井
2025/07/17,10,20,12,6,8,ランカグア,13,,大井
2025/07/17,10,20,13,4,5,ラジアンドラゴン,9,,大井
2025/07/17,11,20,1,2,3,ハーフブルー,3,,大井
2025/07/17,11,20,2,6,12,リオンダリーナ,1,,大井
2025/07/17,11,20,3,4,8,フレンドローマ,5,,大井
2025/07/17,11,20,4,2,4,フィエレッツァ,6,,大井
2025/07/17,11,20,5,8,15,タツノキングオー,7,,大井
2025/07/17,11,20,6,4,7,コーラルキング,9,,大井
2025/07/17,11,20,7,3,5,ブライトフラッシュ,2,,大井
2025/07/17,11,20,8,5,9,ランベリー,14,,大井
2025/07/17,11,20,9,6,11,ハセノブライアン,4,,大井
2025/07/17,11,20,10,1,2,カンノンミカヅキ,11,,大井
2025/07/17,11,20,11,7,13,キエティスム,8,,大井
2025/07/17,11,20,12,7,14,フリーダム,12,,大井
2025/07/17,11,20,13,1,1,ジューンドラゴン,13,,大井
2025/07/17,11,20,14,5,10,パンクビート,15,,大井
2025/07/17,11,20,15,3,6,ジョイフルロック,10,,大井
2025/07/17,11,20,16,8,16,リヴェルベロ,16,,大井
2025/07/17,12,20,1,1,1,シャドウルパン,1,,大井
2025/07/17,12,20,2,8,9,ベイデンマリーナ,4,,大井
2025/07/17,12,20,3,8,8,ボニーマジェスティ,2,,大井
2025/07/17,12,20,4,6,6,アンニンドウフ,5,,大井
2025/07/17,12,20,5,2,2,ナンパセン,3,,大井
2025/07/17,12,20,6,4,4,エイシンネクタル,9,,大井
2025/07/17,12,20,7,3,3,ホウオウセレシオン,6,,大井
2025/07/17,12,20,8,5,5,バンドールロゼ,7,,大井
2025/07/17,12,20,9,7,7,ノーブルマルシェ,8,,大井
2026/03/12,10,20,1,6,11,ミクニサンシャイン,1,,大井
2026/03/12,10,20,2,8,16,ボラボラフレイバー,2,,大井
2026/03/12,10,20,3,5,9,ショーシャンク,11,,大井
2026/03/12,10,20,4,7,13,メイショウカジボウ,5,,大井
2026/03/12,10,20,5,7,14,マウリノ,3,,大井
2026/03/12,10,20,6,5,10,トウテイラン,4,,大井
2026/03/12,10,20,7,3,6,ファーストフラワー,8,,大井
2026/03/12,10,20,8,2,4,グリスタン,6,,大井
2026/03/12,10,20,9,6,12,コパカバーナ,10,,大井
2026/03/12,10,20,10,1,2,ルトラセ,15,,大井
2026/03/12,10,20,11,8,15,コロニス,9,,大井
2026/03/12,10,20,12,3,5,チュイション,13,,大井
2026/03/12,10,20,13,2,3,コスモギンガ,12,,大井
2026/03/12,10,20,14,4,7,グッドルックス,14,,大井
2026/03/12,10,20,15,1,1,ルリモンハナバチ,7,,大井
2026/03/12,10,20,16,4,8,ポジターノ,16,,大井
2026/03/12,11,20,1,7,9,ドウジギリ,6,,大井
2026/03/12,11,20,2,8,11,ヴュルディヒ,2,,大井
2026/03/12,11,20,3,3,3,リックマーベル,8,,大井
2026/03/12,11,20,4,6,7,ゲールタクト,9,,大井
2026/03/12,11,20,5,4,4,マイネルオデーサ,4,,大井
2026/03/12,11,20,6,5,6,レペンテ,11,,大井
2026/03/12,11,20,7,8,12,グッドボーイ,10,,大井
2026/03/12,11,20,8,2,2,ジーゲル,12,,大井
2026/03/12,11,20,9,5,5,ペイシャコパ,5,,大井
2026/03/12,11,20,10,6,8,エスプリブルズアイ,3,,大井
2026/03/12,11,20,11,1,1,ヨシイチ,1,,大井
2026/03/12,11,20,12,7,10,リュミエール,7,,大井
2026/03/12,12,20,1,2,2,マムティプリンス,4,,大井
2026/03/12,12,20,2,7,11,サトノエンパイア,1,,大井
2026/03/12,12,20,3,5,7,ジャスティンパワー,3,,大井
2026/03/12,12,20,4,3,3,アクアジェット,2,,大井
2026/03/12,12,20,5,6,9,ベストリオン,9,,大井
2026/03/12,12,20,6,8,13,サウスヴィルステラ,8,,大井
2026/03/12,12,20,7,7,12,マイネルイージス,6,,大井
2026/03/12,12,20,8,6,10,リケアミネオラ,7,,大井
2026/03/12,12,20,9,4,5,カレンマウラー,12,,大井
2026/03/12,12,20,10,1,1,ラバテラリュージュ,11,,大井
2026/03/12,12,20,11,5,8,グリークトレジャー,5,,大井
2026/03/12,12,20,12,3,4,ゲルタ,14,,大井
2026/03/12,12,20,13,8,14,アンニンドウフ,10,,大井
2026/03/12,12,20,14,4,6,オメガオリーブ,13,,大井
2025/07/16,10,20,1,5,5,フェスティヴルディ,1,,大井
2025/07/16,10,20,2,7,8,ナックブレット,4,,大井
2025/07/16,10,20,3,8,9,トーケンレナン,9,,大井
2025/07/16,10,20,4,4,4,ニシノシークレット,3,,大井
2025/07/16,10,20,5,3,3,マスターキー,2,,大井
2025/07/16,10,20,6,2,2,サブノリョウマ,10,,大井
2025/07/16,10,20,7,1,1,アフロプリンス,7,,大井
2025/07/16,10,20,8,8,10,マルヨジョーダン,5,,大井
2025/07/16,10,20,9,6,6,サンスイシサン,8,,大井
2025/07/16,10,20,10,7,7,スキャロップ,6,,大井
2025/07/16,11,20,1,3,3,ランリョウオー,7,,大井
2025/07/16,11,20,2,8,12,ゴールドレガシー,3,,大井
2025/07/16,11,20,3,8,13,ライラボンド,4,,大井
2025/07/16,11,20,4,6,9,エイシンピストン,5,,大井
2025/07/16,11,20,5,7,11,イーグルノワール,9,,大井
2025/07/16,11,20,6,4,5,マースインディ,13,,大井
2025/07/16,11,20,7,7,10,ポリゴンウェイヴ,6,,大井
2025/07/16,11,20,8,5,7,マンダリンヒーロー,10,,大井
2025/07/16,11,20,9,6,8,メーサンデュラント,8,,大井
2025/07/16,11,20,10,4,4,ティントレット,1,,大井
2025/07/16,11,20,11,5,6,タイガーチャージ,11,,大井
2025/07/16,11,20,12,1,1,ワンダーランド,2,,大井
2025/07/16,11,20,13,2,2,グランデマーレ,12,,大井
2025/07/16,12,20,1,7,10,キタサンヒコボシ,9,,大井
2025/07/16,12,20,2,7,9,マスターオブライフ,1,,大井
2025/07/16,12,20,3,6,8,プレストステラ,5,,大井
2025/07/16,12,20,4,8,12,ハニートースト,2,,大井
2025/07/16,12,20,5,4,4,ガンモレジェンド,6,,大井
2025/07/16,12,20,6,5,5,アイズ,3,,大井
2025/07/16,12,20,7,5,6,ヘクトプリンセス,10,,大井
2025/07/16,12,20,8,8,11,ラペルシェール,11,,大井
2025/07/16,12,20,9,2,2,デッドフレイ,12,,大井
2025/07/16,12,20,10,3,3,スタードラマー,7,,大井
2025/07/16,12,20,11,6,7,ヤクモ,8,,大井
2025/07/16,12,20,12,1,1,クラウンシューター,4,,大井
2025/07/16,10,36,1,1,1,ベルモンド,1,2.1,門別
2025/07/16,10,36,2,8,11,デュジャック,4,8.3,門別
2025/07/16,10,36,3,4,4,トドイワウィンド,8,52.2,門別
2025/07/16,10,36,4,5,5,プレイフルネス,11,121.8,門別
2025/07/16,10,36,5,7,9,ハナカンザシ,6,13.5,門別
2025/07/16,10,36,6,7,10,アルパインハット,7,20.1,門別
2025/07/16,10,36,7,3,3,アイガイッパイ,2,3.7,門別
2025/07/16,10,36,8,5,6,ディープレゼント,3,8.2,門別
2025/07/16,10,36,9,8,12,ゼファーバローズ,9,60.1,門別
2025/07/16,10,36,10,2,2,プリスマティカ,10,74.1,門別
2025/07/16,10,36,11,6,8,プレジールツッキー,12,482.5,門別
2025/07/16,10,36,12,6,7,トーアエデン,5,10.2,門別
2025/07/16,11,36,1,5,5,ピンクヴェノム,1,2.1,門別
2025/07/16,11,36,2,8,8,オンラインボス,5,8.4,門別
2025/07/16,11,36,3,3,3,シンメルーブス,4,6.6,門別
2025/07/16,11,36,4,2,2,モノノフブラック,2,3.4,門別
2025/07/16,11,36,5,1,1,カッパギ,3,6.0,門別
2025/07/16,11,36,6,7,7,フクノブルジュ,6,16.9,門別
2025/07/16,11,36,7,6,6,マチカゼ,8,287.8,門別
2025/07/16,11,36,8,4,4,サクラルーフェン,7,214.7,門別
2025/07/16,12,36,1,6,6,ベルウッドグラス,1,2.1,門別
2025/07/16,12,36,2,2,2,ハセノパイロ,4,5.9,門別
2025/07/16,12,36,3,4,4,クルードラゴン,3,3.9,門別
2025/07/16,12,36,4,3,3,アースライザー,2,3.1,門別
2025/07/16,12,36,5,1,1,モダスオペランディ,6,66.4,門別
2025/07/16,12,36,6,5,5,アンタンスルフレ,5,21.8,門別
2025/07/15,10,36,1,6,7,ヴォルフラム,1,1.0,門別
2025/07/15,10,36,2,8,11,クライオブジアース,5,27.4,門別
2025/07/15,10,36,3,7,9,チャモ,4,26.0,門別
2025/07/15,10,36,4,7,10,ボヤージュアウト,2,9.3,門別
2025/07/15,10,36,5,6,8,ダンシングファイト,3,15.0,門別
2025/07/15,10,36,6,5,5,リザンテラ,7,47.2,門別
2025/07/15,10,36,7,5,6,スズオリーブ,9,61.4,門別
2025/07/15,10,36,8,3,3,マホウノコトバ,6,45.1,門別
2025/07/15,10,36,9,4,4,ヘックス,11,277.1,門別
2025/07/15,10,36,10,2,2,ストーリータイム,8,50.1,門別
2025/07/15,10,36,11,8,12,サンピエーリ,10,219.6,門別
2025/07/15,10,36,12,1,1,トランスランナー,11,277.1,門別
2025/07/15,11,36,1,2,2,ゲームアップロード,3,3.9,門別
2025/07/15,11,36,2,5,5,レッドコート,5,8.3,門別
2025/07/15,11,36,3,7,7,リコーニック,1,3.3,門別
2025/07/15,11,36,4,6,6,ヤマニンパッセ,4,5.4,門別
2025/07/15,11,36,5,1,1,ベラジオソノダヒメ,7,31.8,門別
2025/07/15,11,36,6,4,4,ウインラムセス,8,42.6,門別
2025/07/15,11,36,7,3,3,ダバイカンティーク,6,21.0,門別
2025/07/15,11,36,8,8,9,フークアーデル,9,326.6,門別
2025/07/15,11,36,9,8,8,アンジュパラディ,2,3.4,門別
2025/07/15,12,36,1,7,7,シシャモフレンド,1,1.9,門別
2025/07/15,12,36,2,6,6,モーニングショー,4,6.1,門別
2025/07/15,12,36,3,8,8,カプセル,3,4.1,門別
2025/07/15,12,36,4,3,3,グッドボーイ,2,3.2,門別
2025/07/15,12,36,5,2,2,トウヨウノマジョ,8,316.6,門別
2025/07/15,12,36,6,5,5,リコーリュウセイ,5,39.4,門別
2025/07/15,12,36,7,1,1,フォルテース,9,397.3,門別
2025/07/15,12,36,8,8,9,プレストエンジェル,7,313.0,門別
2025/07/15,12,36,9,4,4,メイショウイナセ,6,305.9,門別
2025/07/14,10,20,1,6,11,マイネルオデーサ,2,,大井
2025/07/14,10,20,2,5,9,マウリノ,1,,大井
2025/07/14,10,20,3,2,3,ミツカネマーズ,4,,大井
2025/07/14,10,20,4,4,6,サガノオウマサン,3,,大井
2025/07/14,10,20,5,6,10,カレーウドン,5,,大井
2025/07/14,10,20,6,2,2,アルフワイラ,7,,大井
2025/07/14,10,20,7,4,7,チュイション,9,,大井
2025/07/14,10,20,8,8,14,センジュ,6,,大井
2025/07/14,10,20,9,8,15,エイシンクレモナ,10,,大井
2025/07/14,10,20,10,1,1,ヤザン,8,,大井
2025/07/14,10,20,11,3,4,ベアーザベル,11,,大井
2025/07/14,10,20,12,3,5,アンパト,12,,大井
2025/07/14,10,20,13,7,12,ベアウェイトゥゴー,13,,大井
2025/07/14,10,20,14,5,8,ビアンカ,14,,大井
2025/07/14,10,20,15,7,13,ブラッドワイルド,15,,大井
2025/07/14,11,20,1,3,3,ケイアイカペラ,4,,大井
2025/07/14,11,20,2,1,1,エドノフェニックス,3,,大井
2025/07/14,11,20,3,4,4,ヴィクラント,6,,大井
2025/07/14,11,20,4,2,2,ゴールデンヨシノ,11,,大井
2025/07/14,11,20,5,6,8,フクノフードゥル,5,,大井
2025/07/14,11,20,6,8,12,シンリンゲンカイ,1,,大井
2025/07/14,11,20,7,5,7,ニシノデフィレ,9,,大井
2025/07/14,11,20,8,7,10,ウィンウッド,10,,大井
2025/07/14,11,20,9,5,6,ナサ,13,,大井
2025/07/14,11,20,10,8,13,サッキーミツグ,8,,大井
2025/07/14,11,20,11,6,9,パペッティア,12,,大井
2025/07/14,11,20,12,7,11,ガルヴァナイズ,7,,大井
2025/07/14,11,20,13,4,5,テンドウ,2,,大井
2025/07/14,12,20,1,1,1,ワンウェイ,1,,大井
2025/07/14,12,20,2,5,5,ポムヴェルト,7,,大井
2025/07/14,12,20,3,8,11,ルイーサ,5,,大井
2025/07/14,12,20,4,2,2,トクシーオーディン,2,,大井
2025/07/14,12,20,5,4,4,カーラミーア,4,,大井
2025/07/14,12,20,6,6,7,ラフォンターナ,9,,大井
2025/07/14,12,20,7,7,9,アスフォデロース,3,,大井
2025/07/14,12,20,8,7,8,コトブキエース,6,,大井
2025/07/14,12,20,9,8,10,イクノオリンピア,10,,大井
2025/07/14,12,20,10,6,6,ホワイトシャーク,8,,大井
2025/07/14,12,20,11,3,3,エコロシャイン,11,,大井
2025/06/09,10,20,1,5,5,プレストアーサー,1,45.7,大井
2025/06/09,10,20,2,8,12,シャルマンジャン,3,,大井
2025/06/09,10,20,3,3,3,トチノヒーロー,10,8.1,大井
2025/06/09,10,20,4,6,8,グレッチャー,2,4.9,大井
2025/06/09,10,20,5,2,2,コパノスタンリー,5,27.4,大井
2025/06/09,10,20,6,5,6,リコーアストラ,4,6.8,大井
2025/06/09,10,20,7,6,7,マインジャラン,7,8.2,大井
2025/06/09,10,20,8,7,10,ティーズアペックス,6,89.2,大井
2025/06/09,10,20,9,8,11,ホウオウセレシオン,8,,大井
2025/06/09,10,20,10,1,1,チャンチャン,12,4.4,大井
2025/06/09,10,20,11,4,4,スターゲット,11,79.6,大井
2025/06/09,10,20,12,7,9,ノーブルマルシェ,9,2.8,大井
2025/06/09,11,20,1,8,14,ユーアオンフリーク,1,,大井
2025/06/09,11,20,2,3,5,エイシンピストン,3,6.3,大井
2025/06/09,11,20,3,4,6,タブラオ,6,2.5,大井
2025/06/09,11,20,4,1,1,ブルグミューラー,7,36.6,大井
2025/06/09,11,20,5,2,2,メーサンデュラント,5,9.3,大井
2025/06/09,11,20,6,5,8,ベニッシモ,4,42.9,大井
2025/06/09,11,20,7,2,3,ハリウッドヒルズ,14,101.4,大井
2025/06/09,11,20,8,4,7,アメリカンシード,11,19.7,大井
2025/06/09,11,20,9,6,10,ダイバリオン,9,23.8,大井
2025/06/09,11,20,10,7,12,イルヴェント,12,,大井
2025/06/09,11,20,11,3,4,マイケルマキシマス,2,3.7,大井
2025/06/09,11,20,12,7,13,ゲットアップ,15,,大井
2025/06/09,11,20,13,6,11,グレートジャーニー,10,,大井
2025/06/09,11,20,14,5,9,ワセダハーツ,8,5.6,大井
2025/06/09,11,20,15,8,15,ビシャモンテン,13,,大井
2025/06/09,12,20,1,8,16,ケイアイカペラ,1,,大井
2025/06/09,12,20,2,3,6,シザーハンズ,6,3.5,大井
2025/06/09,12,20,3,2,4,ティーズエナジー,14,30.9,大井
2025/06/09,12,20,4,6,11,アポロリヤム,12,58.0,大井
2025/06/09,12,20,5,5,10,グランジュール,3,10.5,大井
2025/06/09,12,20,6,7,13,シャインフォール,9,,大井
2025/06/09,12,20,7,1,2,ラペルシェール,15,10.9,大井
2025/06/09,12,20,8,4,8,コーミズアムール,8,4.1,大井
2025/06/09,12,20,9,7,14,ノースジャスティス,2,,大井
2025/06/09,12,20,10,1,1,ヤマノウォーリア,7,3.1,大井
2025/06/09,12,20,11,5,9,デュアルロンド,4,25.2,大井
2025/06/09,12,20,12,8,15,コウユーユメノヨウ,10,,大井
2025/06/09,12,20,13,6,12,サッキーミツグ,5,23.7,大井
2025/06/09,12,20,14,2,3,バンドールロゼ,16,12.2,大井
2025/06/09,12,20,15,4,7,フォルツァ,11,,大井
2025/06/09,12,20,16,3,5,グレンノハナ,13,131.3,大井
2025/07/10,10,36,1,5,5,コンヴァラリア,3,5.6,門別
2025/07/10,10,36,2,8,8,フロレシミエント,2,3.0,門別
2025/07/10,10,36,3,8,9,プチビーンズ,1,1.6,門別
2025/07/10,10,36,4,7,7,レインボーカロル,7,65.9,門別
2025/07/10,10,36,5,1,1,ヴィルブラックヒル,4,19.6,門別
2025/07/10,10,36,6,3,3,ラウスダケ,5,20.3,門別
2025/07/10,10,36,7,6,6,アースクン,6,46.5,門別
2025/07/10,10,36,8,2,2,ロイヤルウルフ,9,358.2,門別
2025/07/10,10,36,9,4,4,マジカ,8,140.9,門別
2025/07/10,11,36,1,6,7,クラウォー,2,5.4,門別
2025/07/10,11,36,2,4,4,スリーレジェンド,1,1.4,門別
2025/07/10,11,36,3,8,11,グッデーサイレンス,4,9.7,門別
2025/07/10,11,36,4,5,5,アルマブレイド,7,29.8,門別
2025/07/10,11,36,5,6,6,レディパイロ,3,8.0,門別
2025/07/10,11,36,6,3,3,シュネルカガ,5,19.9,門別
2025/07/10,11,36,7,7,9,ヴィーゲイツ,10,215.6,門別
2025/07/10,11,36,8,7,8,ホウオウプラージュ,8,87.6,門別
2025/07/10,11,36,9,8,10,アフロビート,9,91.0,門別
2025/07/10,11,36,10,1,1,メイショウイチズ,6,27.4,門別
2025/07/10,11,36,11,2,2,ドヴォルザーク,11,277.6,門別
2025/07/10,12,36,1,6,6,ミラクルヴォイス,1,1.9,門別
2025/07/10,12,36,2,4,4,ワンダーウーマン,2,3.6,門別
2025/07/10,12,36,3,5,5,ベラジオゼロ,4,5.5,門別
2025/07/10,12,36,4,2,2,ベイビーゲート,3,4.0,門別
2025/07/10,12,36,5,1,1,スワッガー,5,30.9,門別
2025/07/10,12,36,6,3,3,ダンストンアンセム,6,229.9,門別
2025/07/09,10,21,1,1,1,ホッコーソムニウム,1,,川崎
2025/07/09,10,21,2,8,12,ピーエムナナ,3,,川崎
2025/07/09,10,21,3,3,3,タロサンダー,4,,川崎
2025/07/09,10,21,4,5,6,ドリームジャパン,2,,川崎
2025/07/09,10,21,5,6,9,スピナッチバイパー,8,,川崎
2025/07/09,10,21,6,4,5,ミスマルゴー,6,,川崎
2025/07/09,10,21,7,4,4,チューウィー,10,,川崎
2025/07/09,10,21,8,7,11,サブリュウシン,9,,川崎
2025/07/09,10,21,9,6,8,サウンドノバ,12,,川崎
2025/07/09,10,21,10,5,7,コスモカシアス,11,,川崎
2025/07/09,10,21,11,7,10,ボーイハンター,5,,川崎
2025/07/09,10,21,12,2,2,タイセイアーメット,7,,川崎
2025/07/09,11,21,1,7,7,フェブランシェ,2,,川崎
2025/07/09,11,21,2,1,1,ライオットガール,5,,川崎
2025/07/09,11,21,3,8,9,テンカジョウ,1,,川崎
2025/07/09,11,21,4,8,10,マーブルマカロン,6,,川崎
2025/07/09,11,21,5,3,3,アンモシエラ,3,,川崎
2025/07/09,11,21,6,7,8,ネバーモア,4,,川崎
2025/07/09,11,21,7,6,6,マテリアルガール,8,,川崎
2025/07/09,11,21,8,5,5,マインドユアミモザ,9,,川崎
2025/07/09,11,21,9,4,4,ニシノカシミヤ,7,,川崎
2025/07/09,11,21,10,2,2,カンナリリー,10,,川崎
2025/07/09,12,21,1,7,12,クレーネ,2,,川崎
2025/07/09,12,21,2,4,5,リンクスエルピス,1,,川崎
2025/07/09,12,21,3,3,4,タイセイスパート,4,,川崎
2025/07/09,12,21,4,5,7,サンスレッド,12,,川崎
2025/07/09,12,21,5,5,8,オトメノネガイ,10,,川崎
2025/07/09,12,21,6,7,11,ヒロイックバイオ,6,,川崎
2025/07/09,12,21,7,3,3,ティンドラ,8,,川崎
2025/07/09,12,21,8,1,1,マーゴットエクラ,3,,川崎
2025/07/09,12,21,9,8,13,ミツカネトーラス,7,,川崎
2025/07/09,12,21,10,6,9,ダルジェント,9,,川崎
2025/07/09,12,21,11,2,2,マイネルガンナー,13,,川崎
2025/07/09,12,21,12,4,6,シヴァシン,11,,川崎
2025/07/09,12,21,13,6,10,コングラツィア,14,,川崎
2025/07/09,12,21,14,8,14,ツワモノ,5,,川崎
2025/07/09,10,36,1,6,6,アイスボウル,5,19.0,門別
2025/07/09,10,36,2,4,4,ハニーベリー,4,6.8,門別
2025/07/09,10,36,3,3,3,スグラフィート,2,3.7,門別
2025/07/09,10,36,4,8,10,マナマカナ,3,4.3,門別
2025/07/09,10,36,5,7,8,バインドロック,6,21.3,門別
2025/07/09,10,36,6,2,2,ポンドエクスプレス,1,2.1,門別
2025/07/09,10,36,7,8,9,オフビート,7,34.7,門別
2025/07/09,10,36,8,5,5,メイショウコウテツ,8,94.8,門別
2025/07/09,10,36,9,1,1,ロングサクセション,10,360.8,門別
2025/07/09,10,36,10,7,7,メイショウイナセ,9,283.0,門別
2025/07/09,11,36,1,6,7,トモノシルバー,3,3.9,門別
2025/07/09,11,36,2,5,5,ボディコンシャス,1,2.6,門別
2025/07/09,11,36,3,8,11,ラビアータ,2,3.5,門別
2025/07/09,11,36,4,3,3,ブレイヴァリーボス,6,17.4,門別
2025/07/09,11,36,5,1,1,レーベンヘルツ,4,10.0,門別
2025/07/09,11,36,6,4,4,マノレア,5,10.3,門別
2025/07/09,11,36,7,5,6,フェールアシュバル,8,78.7,門別
2025/07/09,11,36,8,8,12,スワンオーキッド,10,207.4,門別
2025/07/09,11,36,9,6,8,コンバットグランデ,12,452.5,門別
2025/07/09,11,36,10,7,9,ハードボイルド,11,285.1,門別
2025/07/09,11,36,11,7,10,ヒラソール,9,153.7,門別
2025/07/09,11,36,12,2,2,コパノライダー,7,22.0,門別
2025/07/09,12,36,1,1,1,ジョルジュ,3,4.8,門別
2025/07/09,12,36,2,2,2,クラシカルスカラー,4,4.8,門別
2025/07/09,12,36,3,5,5,ガロス,1,2.5,門別
2025/07/09,12,36,4,3,3,サヤオンニ,2,4.5,門別
2025/07/09,12,36,5,8,8,ボルゲリ,6,29.9,門別
2025/07/09,12,36,6,7,7,パカラボーイ,5,5.5,門別
2025/07/09,12,36,7,6,6,ヴィルゲート,8,243.8,門別
2025/07/09,12,36,8,4,4,シャイニーメイン,7,181.0,門別
2025/07/08,10,21,1,5,5,サマーアゲイン,4,,川崎
2025/07/08,10,21,2,4,4,ファイヤーウィップ,2,,川崎
2025/07/08,10,21,3,7,7,オーシンスキャット,1,,川崎
2025/07/08,10,21,4,8,9,トーホウボルツ,10,,川崎
2025/07/08,10,21,5,7,8,ヒロピアーナ,9,,川崎
2025/07/08,10,21,6,2,2,アイファーファイト,5,,川崎
2025/07/08,10,21,7,6,6,イエローベリル,7,,川崎
2025/07/08,10,21,8,3,3,ヴォルオヴァン,3,,川崎
2025/07/08,10,21,9,1,1,キットサクラサク,8,,川崎
2025/07/08,11,21,1,8,10,オソレ,2,,川崎
2025/07/08,11,21,2,4,4,ランラン,4,,川崎
2025/07/08,11,21,3,3,3,ピンクタオルチャン,3,,川崎
2025/07/08,11,21,4,7,8,ミスティライラック,6,,川崎
2025/07/08,11,21,5,6,7,イソエヴィクラント,11,,川崎
2025/07/08,11,21,6,5,5,クリスタライズ,10,,川崎
2025/07/08,11,21,7,8,11,テイクノート,7,,川崎
2025/07/08,11,21,8,2,2,エイシンエメラルド,8,,川崎
2025/07/08,11,21,9,7,9,ブラックロータス,5,,川崎
2025/07/08,11,21,10,1,1,トニープリンス,1,,川崎
2025/07/08,11,21,11,6,6,ケイツーユーロ,9,,川崎
2025/07/08,12,21,1,4,6,ビービーシャーンス,4,,川崎
2025/07/08,12,21,2,8,14,アマモト,11,,川崎
2025/07/08,12,21,3,6,10,アイノシャンティー,10,,川崎
2025/07/08,12,21,4,7,12,マジカルレイズ,2,,川崎
2025/07/08,12,21,5,6,9,ペータース,1,,川崎
2025/07/08,12,21,6,4,5,デアフリンガー,13,,川崎
2025/07/08,12,21,7,5,7,キタノファルコン,9,,川崎
2025/07/08,12,21,8,3,4,シャトルトウショウ,8,,川崎
2025/07/08,12,21,9,5,8,ロットゥーラ,5,,川崎
2025/07/08,12,21,10,7,11,ウオッカガール,12,,川崎
2025/07/08,12,21,11,3,3,ゴールデンナイト,3,,川崎
2025/07/08,12,21,12,8,13,エソラ,7,,川崎
2025/07/08,12,21,13,2,2,プラウサス,14,,川崎
2025/07/08,10,36,1,7,9,ギャルソンマンキ,1,1.5,門別
2025/07/08,10,36,2,1,1,アニマルフルーツ,4,13.0,門別
2025/07/08,10,36,3,3,3,デュアルキャリアー,2,3.3,門別
2025/07/08,10,36,4,6,7,レイワホクト,3,9.7,門別
2025/07/08,10,36,5,5,6,ラトワール,5,15.1,門別
2025/07/08,10,36,6,8,11,フロンテアブライト,6,25.6,門別
2025/07/08,10,36,7,2,2,トウヨウノマジョ,11,579.0,門別
2025/07/08,10,36,8,4,4,ヤマノプリティー,7,57.5,門別
2025/07/08,10,36,9,7,10,サクラカレント,8,160.0,門別
2025/07/08,10,36,10,8,12,プリマリー,10,449.1,門別
2025/07/08,10,36,11,5,5,パームアイル,12,748.6,門別
2025/07/08,10,36,12,6,8,オールイズトゥルー,9,300.0,門別
2025/07/08,11,36,1,7,7,クインズアルテミス,2,4.2,門別
2025/07/08,11,36,2,5,5,バラライカ,5,20.5,門別
2025/07/08,11,36,3,4,4,ラストボーン,1,1.5,門別
2025/07/08,11,36,4,3,3,ディオスメッセージ,4,9.9,門別
2025/07/08,11,36,5,6,6,ホイッスルソング,3,5.2,門別
2025/07/08,11,36,6,8,8,ラグナキリア,6,58.9,門別
2025/07/08,11,36,7,1,1,ヴィキャンデル,7,60.0,門別
2025/07/08,11,36,8,2,2,コスモタラゴン,8,223.9,門別
2025/07/08,12,36,1,8,9,スペイスフォース,6,21.7,門別
2025/07/08,12,36,2,5,5,マリノフォルテシモ,7,26.5,門別
2025/07/08,12,36,3,2,2,マイモーメント,1,1.5,門別
2025/07/08,12,36,4,8,10,クーシフォン,4,13.0,門別
2025/07/08,12,36,5,7,8,マーゴットミニモ,2,5.2,門別
2025/07/08,12,36,6,6,6,ウェルメイド,9,216.2,門別
2025/07/08,12,36,7,3,3,エルデストサン,3,5.5,門別
2025/07/08,12,36,8,7,7,フークファンタジー,10,268.4,門別
2025/07/08,12,36,9,1,1,クラキンカ,8,50.2,門別
2025/07/08,12,36,10,4,4,ワイドカイゼリン,5,15.4,門別
2025/07/07,10,21,1,8,9,レグノ,1,,川崎
2025/07/07,10,21,2,4,4,フォースゲイト,3,,川崎
2025/07/07,10,21,3,7,7,ハチャトリアン,6,,川崎
2025/07/07,10,21,4,5,5,アスタラビスタ,5,,川崎
2025/07/07,10,21,5,2,2,ハッピーバレー,4,,川崎
2025/07/07,10,21,6,3,3,ゴールデンプラチナ,8,,川崎
2025/07/07,10,21,7,6,6,オリコウデレガンス,2,,川崎
2025/07/07,10,21,8,1,1,エピファドール,9,,川崎
2025/07/07,10,21,9,8,8,テディージュエリー,7,,川崎
2025/07/07,11,21,1,7,8,コパノマイアミ,8,,川崎
2025/07/07,11,21,2,4,4,ナガタエース,3,,川崎
2025/07/07,11,21,3,8,9,ファルコンソード,5,,川崎
2025/07/07,11,21,4,7,7,デアシュトゥルム,9,,川崎
2025/07/07,11,21,5,8,10,トーセンヴィオラ,2,,川崎
2025/07/07,11,21,6,6,6,コールブランド,6,,川崎
2025/07/07,11,21,7,5,5,ブラックオパール,7,,川崎
2025/07/07,11,21,8,2,2,エメリーナ,1,,川崎
2025/07/07,11,21,9,3,3,ポッドレオ,10,,川崎
2025/07/07,11,21,10,1,1,イデアミラーグロ,4,,川崎
2025/07/07,12,21,1,6,8,バッファローライズ,1,,川崎
2025/07/07,12,21,2,8,11,ケイティキセキ,7,,川崎
2025/07/07,12,21,3,4,4,マイネルリベラル,11,,川崎
2025/07/07,12,21,4,7,10,サダージ,3,,川崎
2025/07/07,12,21,5,7,9,デルマカミーラ,10,,川崎
2025/07/07,12,21,6,2,2,トゥルーリアイ,5,,川崎
2025/07/07,12,21,7,6,7,ビップレジアス,2,,川崎
2025/07/07,12,21,8,8,12,アイアムカチマショ,6,,川崎
2025/07/07,12,21,9,5,5,スーパーローズ,8,,川崎
2025/07/07,12,21,10,1,1,ミスサン,4,,川崎
2025/07/07,12,21,11,5,6,ディスクリプション,12,,川崎
2025/07/07,12,21,12,3,3,モーモーブラック,9,,川崎
2025/10/05,6,20,1,7,10,ソルベット,3,4.5,大井
2025/10/05,6,20,2,5,6,アンブロジアーナ,5,16.3,大井
2025/10/05,6,20,3,4,4,エルモサミオ,2,134.7,大井
2025/10/05,6,20,4,5,7,トランジェント,7,189.8,大井
2025/10/05,6,20,5,8,13,バズッチ,8,,大井
2025/10/05,6,20,6,4,5,ユーヒナタ,9,152.8,大井
2025/10/05,6,20,7,1,1,フォルツァ,4,46.9,大井
2025/10/05,6,20,8,7,11,クイーンカトリーヌ,11,,大井
2025/10/05,6,20,9,6,9,カルテメトレス,10,7.2,大井
2025/10/05,6,20,10,8,12,オペラアリア,1,,大井
2025/10/05,6,20,11,3,3,パレスパートナー,12,1.6,大井
2025/10/05,6,20,12,2,2,ラブミーメアリー,6,11.4,大井
2025/10/05,6,20,13,6,8,ディヴァージオン,13,10.7,大井
2025/10/05,7,20,1,7,7,ムットクルフェ,2,198.6,大井
2025/10/05,7,20,2,3,3,シャルフジン,1,3.9,大井
2025/10/05,7,20,3,2,2,リチャ,3,133.5,大井
2025/10/05,7,20,4,8,8,コアリオ,7,41.7,大井
2025/10/05,7,20,5,1,1,ロイヤルペガサス,6,131.3,大井
2025/10/05,7,20,6,4,4,グレースルビー,5,20.0,大井
2025/10/05,7,20,7,6,6,タイガーチャージ,4,191.2,大井
2025/10/05,7,20,8,5,5,ヒミノフラッシュ,8,23.7,大井
2025/10/05,8,20,1,1,1,セキトバシューズ,1,77.0,大井
2025/10/05,8,20,2,5,7,アレグランサ,8,2.3,大井
2025/10/05,8,20,3,8,14,マカーリオ,7,,大井
2025/10/05,8,20,4,6,10,グロワールスカイ,2,50.1,大井
2025/10/05,8,20,5,4,5,ストライクノワール,5,35.7,大井
2025/10/05,8,20,6,8,13,コスモトロイメル,3,,大井
2025/10/05,8,20,7,5,8,コスモギンガ,9,97.3,大井
2025/10/05,8,20,8,7,11,ベルルート,11,2.5,大井
2025/10/05,8,20,9,2,2,ショウナンタバルア,10,8.4,大井
2025/10/05,8,20,10,4,6,ヤザン,4,75.8,大井
2025/10/05,8,20,11,3,4,ホヌ,6,127.5,大井
2025/10/05,8,20,12,6,9,ベアウェイトゥゴー,13,11.5,大井
2025/10/05,8,20,13,3,3,アンダラクリスタル,12,7.4,大井
2025/10/05,8,20,14,7,12,ブラッドワイルド,14,,大井
2025/08/19,10,36,1,8,12,ベルモンド,1,1.4,門別
2025/08/19,10,36,2,7,10,ニシケンカバル,2,3.4,門別
2025/08/19,10,36,3,2,2,スペルビア,3,9.7,門別
2025/08/19,10,36,4,5,6,トドイワウィンド,4,25.1,門別
2025/08/19,10,36,5,3,3,コインポケット,7,40.3,門別
2025/08/19,10,36,6,6,7,スパイツサージュ,10,117.8,門別
2025/08/19,10,36,7,6,8,マルティネーテ,8,60.3,門別
2025/08/19,10,36,8,8,11,ジャスパーエイト,6,40.1,門別
2025/08/19,10,36,9,4,4,ヤマニンリーリオ,5,27.9,門別
2025/08/19,10,36,10,5,5,ブラーブサージュ,9,76.5,門別
2025/08/19,10,36,11,7,9,パームアイル,11,237.9,門別
2025/08/19,10,36,12,1,1,ドゴン,12,434.2,門別
2025/08/19,11,36,1,2,2,スワッガー,3,3.7,門別
2025/08/19,11,36,2,6,6,グラストップロード,4,8.1,門別
2025/08/19,11,36,3,5,5,イモータルウインド,1,2.4,門別
2025/08/19,11,36,4,7,7,トレヴェナ,2,2.6,門別
2025/08/19,11,36,5,3,3,バラライカ,5,18.4,門別
2025/08/19,11,36,6,4,4,クラキンカ,6,80.7,門別
2025/08/19,11,36,7,1,1,ヴィルゲート,7,216.2,門別
2025/08/19,12,36,1,1,1,パンテレリア,2,2.9,門別
2025/08/19,12,36,2,8,10,ステラビアンカ,3,6.5,門別
2025/08/19,12,36,3,2,2,レルアバド,1,2.2,門別
2025/08/19,12,36,4,6,6,マリノフォルテシモ,6,15.3,門別
2025/08/19,12,36,5,3,3,クラウォー,4,8.5,門別
2025/08/19,12,36,6,7,7,サクセスパルス,7,57.4,門別
2025/08/19,12,36,7,8,9,ワイドカイゼリン,5,9.3,門別
2025/08/19,12,36,8,5,5,ウェルメイド,10,237.0,門別
2025/08/19,12,36,9,7,8,フークファンタジー,9,182.7,門別
2025/08/19,12,36,10,4,4,バスターウルフ,8,110.5,門別
2025/07/04,10,20,1,5,7,ナツリュウオー,5,,大井
2025/07/04,10,20,2,3,3,スマイルケイ,1,,大井
2025/07/04,10,20,3,2,2,トラーパニ,8,,大井
2025/07/04,10,20,4,4,6,ルイーサ,4,,大井
2025/07/04,10,20,5,6,9,ムメ,6,,大井
2025/07/04,10,20,6,4,5,ベルベットハンマー,7,,大井
2025/07/04,10,20,7,5,8,ファーストフラワー,10,,大井
2025/07/04,10,20,8,3,4,タケノゲッコウ,12,,大井
2025/07/04,10,20,9,8,13,アミフジモアナ,2,,大井
2025/07/04,10,20,10,7,12,サイキョウノオンナ,9,,大井
2025/07/04,10,20,11,1,1,カステラ,13,,大井
2025/07/04,10,20,12,8,14,トーセンアマンダ,11,,大井
2025/07/04,10,20,13,7,11,カーラミーア,3,,大井
2025/07/04,10,20,14,6,10,サンシスイメイ,14,,大井
2025/07/04,11,20,1,6,9,リトルビッグホーン,1,,大井
2025/07/04,11,20,2,5,8,カガヤキテンマ,2,,大井
2025/07/04,11,20,3,3,4,ティーズアペックス,3,,大井
2025/07/04,11,20,4,3,3,トチノヒーロー,6,,大井
2025/07/04,11,20,5,7,11,ヘクトプリンセス,11,,大井
2025/07/04,11,20,6,8,14,ラペルシェール,9,,大井
2025/07/04,11,20,7,5,7,アンニンドウフ,8,,大井
2025/07/04,11,20,8,4,5,チャンチャン,13,,大井
2025/07/04,11,20,9,7,12,デュアルロンド,5,,大井
2025/07/04,11,20,10,1,1,コパノスタンリー,4,,大井
2025/07/04,11,20,11,8,13,ホウオウセレシオン,10,,大井
2025/07/04,11,20,12,4,6,エイシンネクタル,12,,大井
2025/07/04,11,20,13,6,10,マインジャラン,7,,大井
2025/07/04,11,20,14,2,2,バンドールロゼ,14,,大井
2025/07/04,12,20,1,1,1,アンフォラ,1,,大井
2025/07/04,12,20,2,2,2,ニシノシークレット,4,,大井
2025/07/04,12,20,3,7,8,ナックブレット,5,,大井
2025/07/04,12,20,4,4,4,ブライトカラー,2,,大井
2025/07/04,12,20,5,7,9,ヤンノカステップ,7,,大井
2025/07/04,12,20,6,6,6,トーケンレナン,6,,大井
2025/07/04,12,20,7,8,10,サブノリョウマ,8,,大井
2025/07/04,12,20,8,8,11,リュウワンカノア,10,,大井
2025/07/04,12,20,9,3,3,カズノミカヅキ,9,,大井
2025/07/04,12,20,10,6,7,タルマファイト,11,,大井
2025/07/04,12,20,11,5,5,マルヨジョーダン,3,,大井
2025/07/15,10,20,1,7,14,ワールドエイム,1,,大井
2025/07/15,10,20,2,8,16,レディーティアラ,8,,大井
2025/07/15,10,20,3,5,9,ヤンノカステップ,10,,大井
2025/07/15,10,20,4,1,2,フォーモサルビー,4,,大井
2025/07/15,10,20,5,3,5,オメガオリーブ,15,,大井
2025/07/15,10,20,6,4,8,アダラズプレイヤー,5,,大井
2025/07/15,10,20,7,4,7,ヤマノリッチ,11,,大井
2025/07/15,10,20,8,5,10,マドモアゼルレンヌ,2,,大井
2025/07/15,10,20,9,6,12,タイセイエルフィン,13,,大井
2025/07/15,10,20,10,1,1,スピリチュアル,6,,大井
2025/07/15,10,20,10,2,4,カガヤキトップ,3,,大井
2025/07/15,10,20,12,7,13,ブルーリベリュール,12,,大井
2025/07/15,10,20,13,3,6,リッキーフェイス,9,,大井
2025/07/15,10,20,14,2,3,ランベントライト,7,,大井
2025/07/15,10,20,15,6,11,シタン,16,,大井
2025/07/15,10,20,16,8,15,ノイバラ,14,,大井
2025/07/15,11,20,1,7,8,ネオトキオ,1,,大井
2025/07/15,11,20,2,8,9,ロードアラビアン,3,,大井
2025/07/15,11,20,3,8,10,モズリッキー,2,,大井
2025/07/15,11,20,4,7,7,ベニッシモ,4,,大井
2025/07/15,11,20,5,2,2,ニジイロハーピー,6,,大井
2025/07/15,11,20,6,5,5,ベジャール,10,,大井
2025/07/15,11,20,7,1,1,ロイヤルペガサス,7,,大井
2025/07/15,11,20,8,4,4,ハイパータンク,9,,大井
2025/07/15,11,20,9,6,6,サイレントギフト,8,,大井
2025/07/15,11,20,10,3,3,ラックスアットゼア,5,,大井
2025/07/15,12,20,1,7,13,タケシ,2,,大井
2025/07/15,12,20,2,6,11,リュウノファウラー,3,,大井
2025/07/15,12,20,3,6,10,カガヤキテンマ,1,,大井
2025/07/15,12,20,4,3,5,シザーハンズ,7,,大井
2025/07/15,12,20,5,7,12,リコーアストラ,10,,大井
2025/07/15,12,20,6,3,4,ティーズエナジー,6,,大井
2025/07/15,12,20,7,4,6,アポロリヤム,9,,大井
2025/07/15,12,20,8,2,3,ヤマノウォーリア,13,,大井
2025/07/15,12,20,9,5,9,ノーブルジーク,14,,大井
2025/07/15,12,20,10,2,2,イタロ,5,,大井
2025/07/15,12,20,11,5,8,グランジュール,4,,大井
2025/07/15,12,20,12,8,15,マインジャラン,12,,大井
2025/07/15,12,20,13,8,14,フォルツァ,15,,大井
2025/07/15,12,20,14,1,1,サウンドクラージュ,8,,大井
2025/07/15,12,20,15,4,7,ミモレフレイバー,11,,大井
2025/07/03,10,36,1,8,11,ファーマシャイン,3,4.0,門別
2025/07/03,10,36,2,4,4,リリーパーク,1,2.6,門別
2025/07/03,10,36,3,3,3,トレビアンクリール,8,35.5,門別
2025/07/03,10,36,4,6,8,ラッシュエオリカ,6,23.3,門別
2025/07/03,10,36,5,6,7,ヤマニンファリダ,2,3.5,門別
2025/07/03,10,36,6,7,10,ユーライナー,9,130.6,門別
2025/07/03,10,36,7,5,5,ミライヘホウショウ,5,13.3,門別
2025/07/03,10,36,8,1,1,アースハーン,4,6.7,門別
2025/07/03,10,36,9,7,9,ビッグヴァレイ,10,142.0,門別
2025/07/03,10,36,10,2,2,レネガード,12,440.3,門別
2025/07/03,10,36,11,5,6,シャドウクロス,11,229.1,門別
2025/07/03,10,36,12,8,12,ニットウアイアン,7,27.5,門別
2025/07/03,11,36,1,3,3,ピンクヴェノム,5,5.1,門別
2025/07/03,11,36,2,8,9,モノノフブラック,3,4.2,門別
2025/07/03,11,36,3,7,8,オカンモシャチョウ,2,4.0,門別
2025/07/03,11,36,4,2,2,イッツクール,1,2.9,門別
2025/07/03,11,36,5,4,4,サクラルーフェン,7,112.3,門別
2025/07/03,11,36,6,5,5,エバニスタ,6,96.0,門別
2025/07/03,11,36,7,8,10,ロフティフレーズ,8,305.8,門別
2025/07/03,11,36,8,7,7,ヒズライフ,9,335.2,門別
2025/07/03,11,36,9,6,6,トラジロウ,4,4.8,門別
2025/07/03,12,36,1,7,7,トウカイエトワール,2,5.6,門別
2025/07/03,12,36,2,4,4,ラッキーホープ,1,1.3,門別
2025/07/03,12,36,3,1,1,ブリックロード,5,18.0,門別
2025/07/03,12,36,4,2,2,サイモンハロルド,7,97.6,門別
2025/07/03,12,36,5,6,6,スティールストーム,4,14.3,門別
2025/07/03,12,36,6,3,3,ジャスパーイーグル,3,6.8,門別
2025/07/03,12,36,7,5,5,リコージーン,6,38.7,門別
2025/07/02,10,20,1,6,7,アフロプリンス,1,,大井
2025/07/02,10,20,2,3,3,リコーステアー,2,,大井
2025/07/02,10,20,3,6,6,ベルボールドナイン,6,,大井
2025/07/02,10,20,4,2,2,ベイステート,7,,大井
2025/07/02,10,20,5,5,5,エドノビートイン,5,,大井
2025/07/02,10,20,6,1,1,ビーチユーミング,8,,大井
2025/07/02,10,20,7,4,4,グロリアスライン,10,,大井
2025/07/02,10,20,8,7,9,ジョーアラモード,3,,大井
2025/07/02,10,20,9,8,10,ヴェントフレイバー,4,,大井
2025/07/02,10,20,10,8,11,カヴァス,9,,大井
2025/07/02,10,20,11,7,8,コパマエチャン,11,,大井
2025/07/02,11,20,1,2,2,ミッキーファイト,1,,大井
2025/07/02,11,20,2,3,3,アウトレンジ,4,,大井
2025/07/02,11,20,3,8,14,ノットゥルノ,5,,大井
2025/07/02,11,20,4,4,5,ディクテオン,7,,大井
2025/07/02,11,20,5,7,12,ウィルソンテソーロ,2,,大井
2025/07/02,11,20,6,4,6,ラムジェット,3,,大井
2025/07/02,11,20,7,5,7,オピニオンリーダー,9,,大井
2025/07/02,11,20,8,5,8,ヴィアメント,11,,大井
2025/07/02,11,20,9,3,4,シンメデージー,6,,大井
2025/07/02,11,20,10,7,11,キタノヴィジョン,12,,大井
2025/07/02,11,20,11,6,10,ミックファイア,8,,大井
2025/07/02,11,20,12,1,1,ヒーローコール,10,,大井
2025/07/02,11,20,13,8,13,グランデマーレ,13,,大井
2025/07/02,12,20,1,7,7,サイアンドコー,1,,大井
2025/07/02,12,20,2,8,9,ネオトキオ,2,,大井
2025/07/02,12,20,3,7,8,ドラケン,3,,大井
2025/07/02,12,20,4,4,4,レイリ,4,,大井
2025/07/02,12,20,5,5,5,イルヴェント,8,,大井
2025/07/02,12,20,6,1,1,カツノナノリ,6,,大井
2025/07/02,12,20,7,3,3,サブノハクタカ,9,,大井
2025/07/02,12,20,7,8,10,ヴィクラント,7,,大井
2025/07/02,12,20,9,6,6,マイネルロッシュ,10,,大井
2025/07/02,12,20,10,2,2,ハイパータンク,5,,大井
2025/07/01,10,20,1,4,4,マイネルボンバー,10,3.9,大井
2025/07/01,10,20,2,6,7,プンタカナ,1,9.3,大井
2025/07/01,10,20,3,5,5,シャドウルパン,2,18.7,大井
2025/07/01,10,20,4,3,3,イモノソーダワリデ,7,17.3,大井
2025/07/01,10,20,5,7,8,ダイアモンドモア,6,24.3,大井
2025/07/01,10,20,6,2,2,レヴォリオ,11,9.1,大井
2025/07/01,10,20,7,8,10,ラバテラリュージュ,8,59.5,大井
2025/07/01,10,20,8,8,11,エコロタイタン,3,6.2,大井
2025/07/01,10,20,9,1,1,ベイデンマリーナ,5,2.8,大井
2025/07/01,10,20,10,7,9,シンクグッド,4,10.6,大井
2025/07/01,10,20,11,6,6,スターゲット,9,85.5,大井
2025/07/01,11,20,1,8,8,ラブラブパイロ,2,3.5,大井
2025/07/01,11,20,2,6,6,ナンセイホワイト,1,9.1,大井
2025/07/01,11,20,3,1,1,ヴィクトゥーラ,3,28.6,大井
2025/07/01,11,20,4,4,4,キャッスルブレイヴ,6,39.5,大井
2025/07/01,11,20,5,5,5,ローズボウル,7,2.2,大井
2025/07/01,11,20,6,2,2,アヴァニイ,4,9.4,大井
2025/07/01,11,20,7,7,7,ワセダハーツ,5,35.2,大井
2025/07/01,12,20,1,8,10,ジェーボンド,7,77.2,大井
2025/07/01,12,20,2,5,5,デルマネコダマシ,2,151.2,大井
2025/07/01,12,20,3,7,8,ミハタタテナシ,1,8.4,大井
2025/07/01,12,20,4,8,9,コトブキエース,6,3.0,大井
2025/07/01,12,20,5,4,4,ジーガーオーシャン,3,2.0,大井
2025/07/01,12,20,6,1,1,グリーンフラッシュ,4,6.4,大井
2025/07/01,12,20,7,2,2,ペイルムーン,5,11.8,大井
2025/07/01,12,20,8,3,3,アンナネーヴェ,9,45.2,大井
2025/07/01,12,20,9,7,7,ウイントルヴェール,8,310.0,大井
2025/06/30,10,20,1,7,9,シャルマンジャン,5,,大井
2025/06/30,10,20,2,5,5,アドマイヤエイジア,1,10.2,大井
2025/06/30,10,20,3,6,7,モズユウガ,2,3.3,大井
2025/06/30,10,20,4,6,6,アントレゾール,8,5.7,大井
2025/06/30,10,20,5,3,3,ネフェルトゥム,6,67.0,大井
2025/06/30,10,20,6,8,10,アレンパ,3,,大井
2025/06/30,10,20,7,4,4,サウンドズーム,9,4.0,大井
2025/06/30,10,20,8,2,2,ウインコマチ,11,42.8,大井
2025/06/30,10,20,9,8,11,ヴァルタリ,4,,大井
2025/06/30,10,20,10,7,8,ビッグショット,7,20.3,大井
2025/06/30,10,20,11,1,1,リケアミネオラ,10,2.9,大井
2025/06/30,11,20,1,6,7,マルカンラニ,2,1.9,大井
2025/06/30,11,20,2,7,10,キトン,1,,大井
2025/06/30,11,20,3,2,2,エスケンドリーム,3,5.5,大井
2025/06/30,11,20,4,6,8,ビシャモンテン,8,16.5,大井
2025/06/30,11,20,5,1,1,サヨノトレイダー,4,17.2,大井
2025/06/30,11,20,6,8,11,スミソニアン,7,,大井
2025/06/30,11,20,7,5,6,ユウユウスキー,6,2.8,大井
2025/06/30,11,20,8,5,5,キタノセレナード,11,66.2,大井
2025/06/30,11,20,9,4,4,ゴールデンブザー,5,65.7,大井
2025/06/30,11,20,10,3,3,ハリウッドヒルズ,9,15.0,大井
2025/06/30,11,20,11,7,9,マスキュリン,12,,大井
2025/06/30,11,20,12,8,12,スペシャルドラマ,10,,大井
2025/06/30,12,20,1,8,14,ピンナダ,3,,大井
2025/06/30,12,20,2,5,8,ウィーナーズソング,10,175.7,大井
2025/06/30,12,20,3,4,6,テーオードリアン,4,18.4,大井
2025/06/30,12,20,4,6,9,チュイション,12,20.7,大井
2025/06/30,12,20,5,1,1,アルフワイラ,6,13.8,大井
2025/06/30,12,20,6,3,4,アイヲコメテ,1,4.9,大井
2025/06/30,12,20,7,3,3,ショウナンタバルア,9,78.4,大井
2025/06/30,12,20,8,8,13,ストライクノワール,8,,大井
2025/06/30,12,20,9,2,2,アイソタイプ,5,88.2,大井
2025/06/30,12,20,10,7,11,エイシンクレモナ,11,,大井
2025/06/30,12,20,11,6,10,エンバーク,13,1.4,大井
2025/06/30,12,20,12,7,12,トップダイヤ,2,,大井
2025/06/30,12,20,13,4,5,ブラッドワイルド,14,34.9,大井
2025/06/30,12,20,14,5,7,オニクダイスキマン,7,8.1,大井
2025/10/14,10,21,1,5,7,スノーシュー,1,,川崎
2025/10/14,10,21,2,3,3,シャドウアイル,3,,川崎
2025/10/14,10,21,3,4,6,サザンカ,4,,川崎
2025/10/14,10,21,4,7,11,ラジエーション,2,,川崎
2025/10/14,10,21,5,8,13,スピナッチバイパー,7,,川崎
2025/10/14,10,21,6,2,2,リコーシンザン,6,,川崎
2025/10/14,10,21,7,6,9,イサチルプリンス,10,,川崎
2025/10/14,10,21,8,1,1,ダンディジャック,8,,川崎
2025/10/14,10,21,9,5,8,グランステーファノ,9,,川崎
2025/10/14,10,21,10,7,12,サラサグッドワーク,5,,川崎
2025/10/14,10,21,11,3,4,ピノホホッア,12,,川崎
2025/10/14,10,21,12,6,10,モンゲーキララ,11,,川崎
2025/10/14,10,21,13,8,14,エーヴベリー,13,,川崎
2025/10/14,10,21,14,4,5,スティールシャトル,14,,川崎
2025/10/14,11,21,1,4,4,フリーダム,4,,川崎
2025/10/14,11,21,2,8,11,カジノフォンテン,3,,川崎
2025/10/14,11,21,3,5,5,プライルード,2,,川崎
2025/10/14,11,21,4,8,10,リノデスティーノ,7,,川崎
2025/10/14,11,21,5,1,1,タイセイブリリオ,9,,川崎
2025/10/14,11,21,6,2,2,トノパー,5,,川崎
2025/10/14,11,21,7,6,6,レベルフォー,8,,川崎
2025/10/14,11,21,8,6,7,マッドシェリー,10,,川崎
2025/10/14,11,21,9,7,8,キューティロメラ,6,,川崎
2025/10/14,11,21,10,7,9,プリモジョーカー,11,,川崎
2025/10/14,11,21,11,3,3,ハーンドルフ,1,,川崎
2025/10/14,12,21,1,4,5,アオイラン,3,,川崎
2025/10/14,12,21,2,2,2,オウケンデューク,2,,川崎
2025/10/14,12,21,3,3,3,ジーティーカイソク,1,,川崎
2025/10/14,12,21,4,8,14,デルマツリダシ,9,,川崎
2025/10/14,12,21,5,6,9,カガヤキファイター,10,,川崎
2025/10/14,12,21,6,3,4,ピーチマカロン,11,,川崎
2025/10/14,12,21,7,7,12,リンガススウィート,4,,川崎
2025/10/14,12,21,8,6,10,ニシノシャイニング,14,,川崎
2025/10/14,12,21,9,5,7,ベネディット,12,,川崎
2025/10/14,12,21,10,7,11,アイリーズパキラ,6,,川崎
2025/10/14,12,21,11,4,6,ハセノクラウン,8,,川崎
2025/10/14,12,21,12,1,1,ブリリアントスピカ,5,,川崎
2025/10/14,12,21,13,8,13,ヨルノチョウ,13,,川崎
2025/10/14,12,21,14,5,8,スカイピース,7,,川崎
2025/06/26,10,36,1,6,6,ウィンストラテジー,3,7.1,門別
2025/06/26,10,36,2,8,11,ヤマワケ,1,1.5,門別
2025/06/26,10,36,3,5,5,シルバーミラージュ,5,15.0,門別
2025/06/26,10,36,4,8,10,スズロビンソン,9,122.6,門別
2025/06/26,10,36,5,7,8,ケイアイワカポノ,4,9.2,門別
2025/06/26,10,36,6,2,2,ハイカラサン,2,4.0,門別
2025/06/26,10,36,7,6,7,テンケイ,7,59.7,門別
2025/06/26,10,36,8,4,4,マルティネーテ,8,94.1,門別
2025/06/26,10,36,9,7,9,ベストカリフ,11,538.0,門別
2025/06/26,10,36,10,3,3,ウナヴォルタ,6,57.8,門別
2025/06/26,10,36,11,1,1,クリムゾンジュエル,10,210.1,門別
2025/06/26,11,36,1,8,9,ピエールオレゴン,1,1.6,門別
2025/06/26,11,36,2,6,6,トネムスメ,3,5.9,門別
2025/06/26,11,36,3,2,2,サンリコリス,2,3.0,門別
2025/06/26,11,36,4,8,10,ジョルジュ,5,46.3,門別
2025/06/26,11,36,5,7,8,トモノシルバー,4,15.6,門別
2025/06/26,11,36,6,4,4,レーベンヘルツ,6,60.6,門別
2025/06/26,11,36,7,1,1,ディオスメッセージ,7,78.3,門別
2025/06/26,11,36,8,5,5,ヴィキャンデル,8,190.1,門別
2025/06/26,11,36,9,7,7,オーブラック,9,264.7,門別
2025/06/26,11,36,10,3,3,シャイニーメイン,10,593.3,門別
2025/06/26,12,36,1,2,2,ゼロアワー,1,1.5,門別
2025/06/26,12,36,2,8,10,イイデマイヒメ,5,16.6,門別
2025/06/26,12,36,3,5,5,トレヴェナ,4,9.2,門別
2025/06/26,12,36,4,6,6,エミネンスローズ,10,202.5,門別
2025/06/26,12,36,5,8,9,スティールブライト,6,29.5,門別
2025/06/26,12,36,6,3,3,ヴィルミーキスミー,7,53.6,門別
2025/06/26,12,36,7,1,1,ヴィトーリアヘーザ,9,112.2,門別
2025/06/26,12,36,8,4,4,トウテイラン,8,56.9,門別
2025/06/26,12,36,9,7,8,アンジュパラディ,3,6.5,門別
2025/06/26,12,36,10,7,7,ヤマニンパッセ,2,4.7,門別
2025/06/25,10,36,1,3,3,ユニコーンホエール,2,2.8,門別
2025/06/25,10,36,2,5,5,バルトゥール,7,31.6,門別
2025/06/25,10,36,3,5,6,アサガオ,1,2.3,門別
2025/06/25,10,36,4,6,7,バフェ,3,5.2,門別
2025/06/25,10,36,5,8,11,シバノテンテン,10,176.5,門別
2025/06/25,10,36,6,7,9,キッスミーアイ,4,11.1,門別
2025/06/25,10,36,7,4,4,ブラックモア,5,11.1,門別
2025/06/25,10,36,8,7,10,エイダイファルコン,8,96.7,門別
2025/06/25,10,36,9,8,12,ヘックス,12,264.1,門別
2025/06/25,10,36,10,2,2,フランキンローズ,6,25.4,門別
2025/06/25,10,36,11,6,8,カネトシセレスト,9,122.2,門別
2025/06/25,10,36,12,1,1,アーミールック,11,263.4,門別
2025/06/25,11,36,1,7,8,メイショウマーブル,4,6.6,門別
2025/06/25,11,36,2,7,9,ハニービート,2,5.3,門別
2025/06/25,11,36,3,3,3,マナマカナ,3,6.0,門別
2025/06/25,11,36,4,4,4,アイスボウル,8,47.2,門別
2025/06/25,11,36,5,5,5,スグラフィート,1,1.7,門別
2025/06/25,11,36,6,8,10,イイデスカイハイ,5,16.2,門別
2025/06/25,11,36,7,2,2,ベンデュガ,9,80.7,門別
2025/06/25,11,36,8,8,11,ブラーブサージュ,10,287.2,門別
2025/06/25,11,36,9,1,1,オフビート,7,40.5,門別
2025/06/25,11,36,10,6,6,メイショウコウテツ,6,23.4,門別
2025/06/25,12,36,1,3,3,ヨシノヒローイン,1,2.0,門別
2025/06/25,12,36,2,8,10,クラシカルスカラー,3,6.1,門別
2025/06/25,12,36,3,6,6,ワイルドラヴ,4,9.2,門別
2025/06/25,12,36,4,4,4,ブレイヴァリーボス,6,15.7,門別
2025/06/25,12,36,5,8,9,ラグナキリア,7,41.3,門別
2025/06/25,12,36,6,1,1,タイセイロージー,5,13.4,門別
2025/06/25,12,36,7,7,7,ハードボイルド,8,263.0,門別
2025/06/25,12,36,8,7,8,マノレア,2,3.2,門別
2025/06/25,12,36,9,2,2,コンバットグランデ,9,294.2,門別
2025/06/24,10,36,1,2,2,ギャルソンマンキ,4,6.0,門別
2025/06/24,10,36,2,8,10,ミッドナイトゲイル,1,2.5,門別
2025/06/24,10,36,3,6,6,アニマルフルーツ,3,5.3,門別
2025/06/24,10,36,4,5,5,レイワホクト,2,3.3,門別
2025/06/24,10,36,5,6,7,フロンテアブライト,6,15.8,門別
2025/06/24,10,36,6,4,4,クアトロソバージュ,5,11.1,門別
2025/06/24,10,36,7,8,11,ヤマノプリティー,7,24.9,門別
2025/06/24,10,36,8,1,1,トウヨウノマジョ,8,331.3,門別
2025/06/24,10,36,9,3,3,コンバットアンジュ,8,331.3,門別
2025/06/24,10,36,10,7,9,パームアイル,10,353.9,門別
2025/06/24,11,36,1,7,9,パレスゴールド,2,3.2,門別
2025/06/24,11,36,2,2,2,ラストボーン,3,3.5,門別
2025/06/24,11,36,3,6,7,ホイッスルソング,4,6.6,門別
2025/06/24,11,36,4,6,6,サヤオンニ,7,31.3,門別
2025/06/24,11,36,5,8,10,バラライカ,6,23.2,門別
2025/06/24,11,36,6,7,8,クインズアルテミス,1,2.9,門別
2025/06/24,11,36,7,8,11,コスモタラゴン,10,375.8,門別
2025/06/24,11,36,8,1,1,ボルゲリ,9,89.9,門別
2025/06/24,11,36,9,3,3,パカラボーイ,5,14.7,門別
2025/06/24,11,36,10,4,4,ヴィルゲート,11,414.7,門別
2025/06/24,11,36,11,5,5,サクラファシナンテ,8,74.4,門別
2025/06/24,12,36,1,6,6,ベストグリーン,1,1.2,門別
2025/06/24,12,36,2,3,3,ゴッドバロック,4,13.4,門別
2025/06/24,12,36,3,1,1,エイシンイワハシル,6,32.1,門別
2025/06/24,12,36,4,2,2,エイシンリガーズ,2,5.1,門別
2025/06/24,12,36,5,5,5,アヤサンジョウタロ,5,17.8,門別
2025/06/24,12,36,6,4,4,バウヴォーグ,3,13.1,門別
2025/06/24,12,36,7,8,8,テンエックス,7,87.9,門別
2025/06/24,12,36,8,7,7,グリーゼ,8,168.2,門別
2025/06/20,10,21,1,8,11,ミスマルゴー,3,,川崎
2025/06/20,10,21,2,2,2,タイセイアーメット,4,,川崎
2025/06/20,10,21,3,6,6,スピナッチバイパー,8,,川崎
2025/06/20,10,21,4,3,3,シントーハナノボス,1,,川崎
2025/06/20,10,21,5,1,1,パイアイヤー,7,,川崎
2025/06/20,10,21,6,8,10,エムティワイザー,5,,川崎
2025/06/20,10,21,7,4,4,シェリーアモール,10,,川崎
2025/06/20,10,21,8,6,7,アーサ,6,,川崎
2025/06/20,10,21,9,7,9,ニットウライジン,11,,川崎
2025/06/20,10,21,10,7,8,エピファドール,9,,川崎
2025/06/20,10,21,11,5,5,アステローペ,2,,川崎
2025/06/20,11,21,1,3,3,ベラール,1,,川崎
2025/06/20,11,21,2,6,10,サヨノフィールド,4,,川崎
2025/06/20,11,21,3,5,7,ナガタエース,7,,川崎
2025/06/20,11,21,4,3,4,リコーシンザン,2,,川崎
2025/06/20,11,21,5,8,14,マインドユアミモザ,6,,川崎
2025/06/20,11,21,6,1,1,ジラルデ,5,,川崎
2025/06/20,11,21,7,6,9,モンゲーハガネ,8,,川崎
2025/06/20,11,21,8,7,12,トーホウテンリュウ,13,,川崎
2025/06/20,11,21,9,4,6,ワガンセ,11,,川崎
2025/06/20,11,21,10,8,13,キットサクラサク,3,,川崎
2025/06/20,11,21,11,4,5,デアシュトゥルム,12,,川崎
2025/06/20,11,21,12,7,11,ポッドレオ,9,,川崎
2025/06/20,11,21,13,2,2,パールアゲイン,10,,川崎
2025/06/20,12,21,1,6,8,ドゥフレーシュ,6,,川崎
2025/06/20,12,21,2,4,5,シャトルトウショウ,1,,川崎
2025/06/20,12,21,3,2,2,ローゼシュティア,8,,川崎
2025/06/20,12,21,4,1,1,セイパレル,4,,川崎
2025/06/20,12,21,5,7,11,シングンアーメット,3,,川崎
2025/06/20,12,21,6,5,6,エクセルブラック,5,,川崎
2025/06/20,12,21,7,8,13,ビーストリート,9,,川崎
2025/06/20,12,21,8,6,9,メイショウフェリオ,2,,川崎
2025/06/20,12,21,9,7,10,シュンレツ,13,,川崎
2025/06/20,12,21,10,5,7,ダンテズセヴン,10,,川崎
2025/06/20,12,21,11,3,3,コングラツィア,7,,川崎
2025/06/20,12,21,12,8,12,ヴァリスタ,11,,川崎
2025/06/20,12,21,13,4,4,モエヨカルテット,12,,川崎
2025/06/19,10,21,1,2,2,トニープリンス,2,,川崎
2025/06/19,10,21,2,6,8,オソレ,3,,川崎
2025/06/19,10,21,3,7,9,バッファローライズ,1,,川崎
2025/06/19,10,21,4,1,1,サツキスカイ,5,,川崎
2025/06/19,10,21,5,4,4,ジュンクッタラ,10,,川崎
2025/06/19,10,21,6,5,5,エターナルセイバー,6,,川崎
2025/06/19,10,21,7,3,3,チューウィー,11,,川崎
2025/06/19,10,21,8,5,6,イソエヴィクラント,7,,川崎
2025/06/19,10,21,9,7,10,ハクアイゴジロー,8,,川崎
2025/06/19,10,21,10,6,7,ケイツーユーロ,4,,川崎
2025/06/19,10,21,11,8,12,パトリオットゲーム,9,,川崎
2025/06/19,10,21,12,8,11,フレーゲル,12,,川崎
2025/06/19,11,21,1,2,2,グロリアムンディ,1,,川崎
2025/06/19,11,21,2,8,14,グリューヴルム,2,,川崎
2025/06/19,11,21,3,4,5,アルラ,8,,川崎
2025/06/19,11,21,4,3,3,テンカハル,4,,川崎
2025/06/19,11,21,5,4,6,ハイエストエンド,14,,川崎
2025/06/19,11,21,6,7,11,ジョーエスポワール,6,,川崎
2025/06/19,11,21,7,3,4,ミヤギザオウ,7,,川崎
2025/06/19,11,21,8,8,13,マンダリンヒーロー,9,,川崎
2025/06/19,11,21,9,1,1,ライラボンド,3,,川崎
2025/06/19,11,21,10,5,8,ローリエフレイバー,5,,川崎
2025/06/19,11,21,11,5,7,ルコルセール,10,,川崎
2025/06/19,11,21,12,6,10,ジョエル,12,,川崎
2025/06/19,11,21,13,7,12,タイセイストラーダ,13,,川崎
2025/06/19,11,21,14,6,9,ノースザワールド,11,,川崎
2025/06/19,12,21,1,5,5,ラジエーション,2,,川崎
2025/06/19,12,21,2,4,4,オリコウデレガンス,3,,川崎
2025/06/19,12,21,3,3,3,ショウネンジダイ,7,,川崎
2025/06/19,12,21,4,8,10,タマノフィオーレ,5,,川崎
2025/06/19,12,21,5,6,6,エレファントラン,4,,川崎
2025/06/19,12,21,6,7,9,ミスティライラック,6,,川崎
2025/06/19,12,21,7,2,2,キャッスルレーヴ,11,,川崎
2025/06/19,12,21,8,7,8,スマッシュスルー,8,,川崎
2025/06/19,12,21,9,1,1,フィアマフルミネ,1,,川崎
2025/06/19,12,21,10,6,7,ボレロオブソロウ,10,,川崎
2025/06/19,12,21,11,8,11,コスモカシアス,9,,川崎
2025/06/19,10,36,1,4,4,ポンドエクスプレス,4,8.4,門別
2025/06/19,10,36,2,5,5,アルファインディ,1,2.6,門別
2025/06/19,10,36,3,8,11,シンデレラワルツ,9,152.2,門別
2025/06/19,10,36,4,6,7,シナモンデイジー,5,9.4,門別
2025/06/19,10,36,5,2,2,テーオーエジソン,2,3.1,門別
2025/06/19,10,36,6,7,9,ラフト,7,42.4,門別
2025/06/19,10,36,7,1,1,パウダースノウ,6,22.9,門別
2025/06/19,10,36,8,3,3,ポップツッキー,8,92.9,門別
2025/06/19,10,36,9,6,6,アブラカタブラ,3,4.0,門別
2025/06/19,10,36,10,7,8,エムオーコマチ,11,542.4,門別
2025/06/19,10,36,11,8,10,コパノステファニー,10,301.1,門別
2025/06/19,11,36,1,7,7,トウカイエトワール,3,5.4,門別
2025/06/19,11,36,2,8,8,オンラインボス,4,6.2,門別
2025/06/19,11,36,3,3,3,モノノフブラック,5,13.9,門別
2025/06/19,11,36,4,2,2,オカンモシャチョウ,1,2.0,門別
2025/06/19,11,36,5,5,5,トラジロウ,2,3.1,門別
2025/06/19,11,36,6,1,1,エバニスタ,6,106.1,門別
2025/06/19,11,36,7,6,6,マチカゼ,8,155.7,門別
2025/06/19,11,36,8,4,4,ロフティフレーズ,7,154.1,門別
2025/06/19,12,36,1,5,5,ベルピット,1,1.0,門別
2025/06/19,12,36,2,6,6,ニシケンボブ,2,9.1,門別
2025/06/19,12,36,3,4,4,アナザートゥルース,3,10.6,門別
2025/06/19,12,36,4,7,8,ブリッツファング,4,17.9,門別
2025/06/19,12,36,5,8,9,ハセノパイロ,8,224.7,門別
2025/06/19,12,36,6,1,1,アースライザー,7,93.5,門別
2025/06/19,12,36,7,2,2,シンメルーブス,6,77.0,門別
2025/06/19,12,36,8,8,10,スコルピウス,9,272.2,門別
2025/06/19,12,36,9,7,7,アンタンスルフレ,10,392.8,門別
2025/06/19,12,36,10,3,3,ヒストリーメイカー,5,43.6,門別
2025/06/18,10,21,1,8,13,カラリパヤット,1,,川崎
2025/06/18,10,21,2,3,3,ボーイハンター,4,,川崎
2025/06/18,10,21,3,6,9,ハッピーバレー,11,,川崎
2025/06/18,10,21,4,5,7,レグノ,2,,川崎
2025/06/18,10,21,5,3,4,ジャスタースパーク,8,,川崎
2025/06/18,10,21,6,4,5,エンジェルリッター,3,,川崎
2025/06/18,10,21,7,6,10,サウスヴィル,5,,川崎
2025/06/18,10,21,8,8,14,コスモスミッチー,7,,川崎
2025/06/18,10,21,9,5,8,カタルシス,9,,川崎
2025/06/18,10,21,10,1,1,ミラコロカナーレ,6,,川崎
2025/06/18,10,21,11,4,6,ギンユウシジン,13,,川崎
2025/06/18,10,21,12,7,11,エアセイラン,11,,川崎
2025/06/18,10,21,13,2,2,ゴールドオリス,14,,川崎
2025/06/18,10,21,14,7,12,ヘルシェイク,10,,川崎
2025/06/18,11,21,1,1,1,メモリアカフェ,1,,川崎
2025/06/18,11,21,2,7,11,コパノエミリア,7,,川崎
2025/06/18,11,21,3,7,12,プラウドフレール,4,,川崎
2025/06/18,11,21,4,3,4,クリノメイ,5,,川崎
2025/06/18,11,21,5,6,10,クリノスワロー,2,,川崎
2025/06/18,11,21,6,4,6,ツキノアカリ,3,,川崎
2025/06/18,11,21,7,3,3,グレアネオンライト,8,,川崎
2025/06/18,11,21,8,8,13,ハナノウタゲ,12,,川崎
2025/06/18,11,21,9,6,9,リコーテリア,9,,川崎
2025/06/18,11,21,10,5,8,ベルグラシアス,6,,川崎
2025/06/18,11,21,11,2,2,オモチチャン,10,,川崎
2025/06/18,11,21,12,4,5,レペンテ,14,,川崎
2025/06/18,11,21,13,5,7,ダイシンゲキ,13,,川崎
2025/06/18,11,21,14,8,14,ジョートビー,11,,川崎
2025/06/18,12,21,1,2,2,ホッコーソムニウム,1,,川崎
2025/06/18,12,21,2,6,9,アスタラビスタ,10,,川崎
2025/06/18,12,21,3,6,10,キタノトパーズ,3,,川崎
2025/06/18,12,21,4,5,8,エスプリゴンザレス,2,,川崎
2025/06/18,12,21,5,3,4,アルメールヴェント,4,,川崎
2025/06/18,12,21,6,7,11,アドルナティック,8,,川崎
2025/06/18,12,21,7,8,14,レッドロムルス,5,,川崎
2025/06/18,12,21,8,3,3,ハーモニーレグルス,6,,川崎
2025/06/18,12,21,9,5,7,ゴールデンカガヤ,11,,川崎
2025/06/18,12,21,10,1,1,コルテデフィート,14,,川崎
2025/06/18,12,21,11,7,12,ドウザン,7,,川崎
2025/06/18,12,21,12,4,6,リグレイアー,12,,川崎
2025/06/18,12,21,13,4,5,スーパーリベロ,13,,川崎
2025/06/18,12,21,14,8,13,モトサン,9,,川崎
2025/06/18,10,36,1,1,1,ゲームアップロード,3,4.7,門別
2025/06/18,10,36,2,2,2,レッドコート,5,15.1,門別
2025/06/18,10,36,3,5,5,ファーマシャイン,6,28.3,門別
2025/06/18,10,36,4,3,3,リリーパーク,4,7.2,門別
2025/06/18,10,36,5,4,4,ベラジオケンシロウ,1,2.3,門別
2025/06/18,10,36,6,7,9,アースウルフ,8,43.2,門別
2025/06/18,10,36,7,8,10,サンウイング,9,241.7,門別
2025/06/18,10,36,8,8,11,イエローアイリス,2,3.1,門別
2025/06/18,10,36,9,6,6,ユーライナー,7,36.5,門別
2025/06/18,10,36,10,6,7,レネガード,11,475.1,門別
2025/06/18,10,36,11,7,8,シャンセレナーデ,10,467.1,門別
2025/06/18,11,36,1,8,9,ベルウッドグラス,4,8.5,門別
2025/06/18,11,36,2,7,7,ウルトラノホシ,1,2.0,門別
2025/06/18,11,36,3,8,8,ダグフォース,3,4.6,門別
2025/06/18,11,36,4,5,5,クルードラゴン,6,25.0,門別
2025/06/18,11,36,5,3,3,フレスコバルディ,7,94.8,門別
2025/06/18,11,36,6,6,6,タイセイサムソン,2,3.1,門別
2025/06/18,11,36,7,1,1,バンカブルスター,5,23.0,門別
2025/06/18,11,36,8,2,2,スイングステート,8,312.3,門別
2025/06/18,11,36,9,4,4,ブッシュドノエル,9,393.4,門別
2025/06/18,12,36,1,5,5,デステージョ,2,2.3,門別
2025/06/18,12,36,2,6,6,ドウドウキリシマ,1,2.0,門別
2025/06/18,12,36,3,1,1,スティールストーム,4,6.8,門別
2025/06/18,12,36,4,3,3,デアフルーグ,3,6.1,門別
2025/06/18,12,36,5,2,2,ショーム,6,147.5,門別
2025/06/18,12,36,6,4,4,ジュビリーヘッド,5,94.4,門別
2025/06/16,10,21,1,7,9,リュードマン,12,,川崎
2025/06/16,10,21,2,3,3,ダートレイジング,4,,川崎
2025/06/16,10,21,3,2,2,ベルガラス,7,,川崎
2025/06/16,10,21,4,4,4,チャールストン,9,,川崎
2025/06/16,10,21,5,8,11,カーニバルマーチ,1,,川崎
2025/06/16,10,21,6,6,8,エーヴベリー,10,,川崎
2025/06/16,10,21,7,5,6,グロリアンズタイム,3,,川崎
2025/06/16,10,21,8,5,5,レッドサラマンダー,6,,川崎
2025/06/16,10,21,9,6,7,ゴールデンプラチナ,8,,川崎
2025/06/16,10,21,10,8,12,ムーンヘイロー,2,,川崎
2025/06/16,10,21,11,7,10,リリーバローズ,11,,川崎
2025/06/16,10,21,12,1,1,ドルチアーリア,5,,川崎
2025/06/16,11,21,1,6,7,トウマ,3,,川崎
2025/06/16,11,21,2,1,1,ブラッドライン,1,,川崎
2025/06/16,11,21,3,3,3,パイロデキセキ,4,,川崎
2025/06/16,11,21,4,7,9,サンディビーチ,7,,川崎
2025/06/16,11,21,5,4,4,マンダリンオレンジ,2,,川崎
2025/06/16,11,21,6,8,11,クレテイユ,6,,川崎
2025/06/16,11,21,7,5,5,ルトラセ,10,,川崎
2025/06/16,11,21,8,7,8,ゴーストレート,5,,川崎
2025/06/16,11,21,9,2,2,ヒシルリアン,11,,川崎
2025/06/16,11,21,10,8,10,セクシーウィドー,9,,川崎
2025/06/16,11,21,11,6,6,マーシャン,8,,川崎
2025/06/16,12,21,1,4,4,テイクノート,1,,川崎
2025/06/16,12,21,2,6,7,ニシノクラウディア,2,,川崎
2025/06/16,12,21,3,3,3,クィーンズハット,8,,川崎
2025/06/16,12,21,4,6,8,シルヴァーリップ,3,,川崎
2025/06/16,12,21,5,1,1,ラエティティア,12,,川崎
2025/06/16,12,21,6,2,2,トゥーリナライト,4,,川崎
2025/06/16,12,21,7,8,12,ブレイブゼウス,11,,川崎
2025/06/16,12,21,8,7,9,マイネルリベラル,10,,川崎
2025/06/16,12,21,9,5,5,モーモーブラック,6,,川崎
2025/06/16,12,21,10,5,6,アートオブライフ,9,,川崎
2025/06/16,12,21,11,7,10,アミーコアイドル,7,,川崎
2025/06/16,12,21,12,8,11,エルリーブル,5,,川崎
2025/06/13,10,20,1,5,5,マウンテンローレル,1,,大井
2025/06/13,10,20,2,3,3,ヒラボクラフィット,2,,大井
2025/06/13,10,20,3,6,7,スルガダイナゴン,5,,大井
2025/06/13,10,20,4,6,6,マオノジーニー,11,,大井
2025/06/13,10,20,5,8,11,ドリームジャパン,4,,大井
2025/06/13,10,20,6,4,4,ヤギリケハヤ,6,,大井
2025/06/13,10,20,7,8,10,カセノマウンティン,9,,大井
2025/06/13,10,20,8,7,9,アドマイヤエアル,3,,大井
2025/06/13,10,20,9,1,1,ファザートゥーサン,7,,大井
2025/06/13,10,20,10,7,8,グローリアスキング,10,,大井
2025/06/13,10,20,11,2,2,ゴールドモーニン,8,,大井
2025/06/13,11,20,1,2,2,ネオトキオ,2,,大井
2025/06/13,11,20,2,7,12,シンリンゲンカイ,5,,大井
2025/06/13,11,20,3,5,8,ランプロン,6,,大井
2025/06/13,11,20,4,8,13,ジェットスピード,1,,大井
2025/06/13,11,20,5,3,3,ニシノデフィレ,13,,大井
2025/06/13,11,20,6,4,6,プレストステラ,11,,大井
2025/06/13,11,20,7,3,4,ゴールデンヨシノ,10,,大井
2025/06/13,11,20,8,1,1,リュウノファウラー,4,,大井
2025/06/13,11,20,9,4,5,ナサ,12,,大井
2025/06/13,11,20,10,6,10,テンドウ,3,,大井
2025/06/13,11,20,11,7,11,チャダルクン,8,,大井
2025/06/13,11,20,12,5,7,ガルヴァナイズ,7,,大井
2025/06/13,11,20,13,6,9,スピネーカー,9,,大井
2025/06/13,11,20,14,8,14,クラサーベル,14,,大井
2025/06/13,12,20,1,6,7,グレイテストワーク,2,,大井
2025/06/13,12,20,2,4,4,シャドウルパン,1,,大井
2025/06/13,12,20,3,7,10,キタサンユニゾン,3,,大井
2025/06/13,12,20,4,6,8,ヤマノリッチ,4,,大井
2025/06/13,12,20,5,8,11,コスモブライヤー,9,,大井
2025/06/13,12,20,6,7,9,ゼイトク,6,,大井
2025/06/13,12,20,7,5,6,コンチトーホク,8,,大井
2025/06/13,12,20,8,5,5,ヒメカミノメガミ,10,,大井
2025/06/13,12,20,9,2,2,ヴァンビー,5,,大井
2025/06/13,12,20,10,3,3,パールホワイトイブ,11,,大井
2025/06/13,12,20,11,1,1,リボンピーチ,12,,大井
2025/06/13,12,20,12,8,12,アリーバ,7,,大井
2025/06/17,10,21,1,4,4,シンビリーブ,1,,川崎
2025/06/17,10,21,2,7,8,インナースティール,2,,川崎
2025/06/17,10,21,3,5,5,ベリーベリーベリー,6,,川崎
2025/06/17,10,21,4,1,1,コパノマロン,3,,川崎
2025/06/17,10,21,5,8,11,トルズイーガー,5,,川崎
2025/06/17,10,21,6,8,10,ウインバリオス,4,,川崎
2025/06/17,10,21,7,7,9,ビステル,8,,川崎
2025/06/17,10,21,8,6,6,トーホウボルツ,10,,川崎
2025/06/17,10,21,9,2,2,アルマーレシチー,7,,川崎
2025/06/17,10,21,10,6,7,キャッスルシオン,11,,川崎
2025/06/17,10,21,11,3,3,イサチルプリンス,9,,川崎
2025/06/17,11,21,1,7,10,エンテレケイア,1,,川崎
2025/06/17,11,21,2,8,11,ティアラフォーカス,5,,川崎
2025/06/17,11,21,3,6,8,プライルード,2,,川崎
2025/06/17,11,21,4,8,12,ボヌールバローズ,4,,川崎
2025/06/17,11,21,5,1,1,リノデスティーノ,6,,川崎
2025/06/17,11,21,6,3,3,カプリフレイバー,7,,川崎
2025/06/17,11,21,7,7,9,レベルフォー,11,,川崎
2025/06/17,11,21,8,5,6,パレスレガシー,3,,川崎
2025/06/17,11,21,9,4,4,キモンアップル,9,,川崎
2025/06/17,11,21,10,2,2,シンヨモギネス,12,,川崎
2025/06/17,11,21,11,6,7,サンダーゼウス,8,,川崎
2025/06/17,11,21,12,5,5,マッドシェリー,10,,川崎
2025/06/17,12,21,1,3,3,サイレントヴォイス,1,,川崎
2025/06/17,12,21,2,7,11,アイノシャンティー,11,,川崎
2025/06/17,12,21,3,8,13,マジカルレイズ,2,,川崎
2025/06/17,12,21,4,5,7,クレーネ,3,,川崎
2025/06/17,12,21,5,6,10,バードハズフロウン,7,,川崎
2025/06/17,12,21,6,2,2,スカイオージ,6,,川崎
2025/06/17,12,21,7,1,1,ノンリミタシオン,5,,川崎
2025/06/17,12,21,8,4,6,ダイヤクリスタル,10,,川崎
2025/06/17,12,21,9,6,9,カレンアイバーソン,9,,川崎
2025/06/17,12,21,10,5,8,ミシェット,13,,川崎
2025/06/17,12,21,11,4,5,ミュークレグルス,4,,川崎
2025/06/17,12,21,12,7,12,クーネルアソブ,14,,川崎
2025/06/17,12,21,13,8,14,オトメノネガイ,12,,川崎
2025/06/17,12,21,14,3,4,ポムファッジ,8,,川崎
2025/06/12,10,36,1,4,4,エイイチ,1,1.3,門別
2025/06/12,10,36,2,7,7,エリオットゲーム,2,4.8,門別
2025/06/12,10,36,3,1,1,ビリーヴアンドラン,5,27.7,門別
2025/06/12,10,36,4,7,8,マロガレ,3,7.8,門別
2025/06/12,10,36,5,6,6,シバノテンテン,8,118.9,門別
2025/06/12,10,36,6,8,9,リュウワンメリー,4,14.4,門別
2025/06/12,10,36,7,3,3,サクラキングリー,6,48.2,門別
2025/06/12,10,36,8,8,10,アースミラーレ,9,315.4,門別
2025/06/12,10,36,9,5,5,パイラタナー,7,63.8,門別
2025/06/12,11,36,1,7,7,マイモーメント,2,4.5,門別
2025/06/12,11,36,2,8,8,スリーレジェンド,1,1.3,門別
2025/06/12,11,36,3,5,5,レディパイロ,4,11.4,門別
2025/06/12,11,36,4,2,2,ダバイエスペランサ,3,7.2,門別
2025/06/12,11,36,5,3,3,アルマブレイド,8,99.0,門別
2025/06/12,11,36,6,6,6,アフロビート,6,69.7,門別
2025/06/12,11,36,7,4,4,ホウオウプラージュ,7,69.7,門別
2025/06/12,12,36,1,5,5,ソルジャーフィルド,1,1.0,門別
2025/06/12,12,36,2,4,4,バリウィール,5,22.9,門別
2025/06/12,12,36,3,6,6,ジェーケーボンバー,6,42.2,門別
2025/06/12,12,36,4,2,2,ハネガハエテマス,4,18.3,門別
2025/06/12,12,36,5,7,7,スワッガー,3,11.2,門別
2025/06/12,12,36,6,3,3,アサマ,2,10.6,門別
2025/06/12,12,36,7,1,1,シロカーク,8,208.0,門別
2025/06/12,12,36,8,8,8,シュネルカガ,7,152.4,門別
2026/03/27,10,20,1,4,4,ラモラック,1,,大井
2026/03/27,10,20,2,3,3,コスモマガラニカ,2,,大井
2026/03/27,10,20,3,1,1,リアルサファリ,8,,大井
2026/03/27,10,20,4,7,9,ヴォイスオブゼウス,5,,大井
2026/03/27,10,20,5,7,8,オールケアドリーム,10,,大井
2026/03/27,10,20,6,2,2,カレンマウラー,11,,大井
2026/03/27,10,20,7,8,11,ゴーゴーイーグルス,3,,大井
2026/03/27,10,20,8,6,6,ビッグショット,9,,大井
2026/03/27,10,20,9,8,10,グリークトレジャー,6,,大井
2026/03/27,10,20,10,5,5,ミユキコクシムソウ,7,,大井
2026/03/27,11,20,1,1,1,イデアイゴッソウ,4,,大井
2026/03/27,11,20,2,7,9,ソニックスター,1,,大井
2026/03/27,11,20,3,5,5,ムットクルフェ,3,,大井
2026/03/27,11,20,4,7,10,エイシンピストン,5,,大井
2026/03/27,11,20,5,8,12,リコールガー,2,,大井
2026/03/27,11,20,6,8,11,ケンアトラス,6,,大井
2026/03/27,11,20,7,4,4,ノーブルゲイル,7,,大井
2026/03/27,11,20,8,3,3,ビシャモンテン,10,,大井
2026/03/27,11,20,9,6,8,リチャ,12,,大井
2026/03/27,11,20,10,6,7,ミルニュイ,9,,大井
2026/03/27,11,20,11,2,2,ベニッシモ,11,,大井
2026/03/27,11,20,12,5,6,タンゴノアール,8,,大井
2026/03/27,12,20,1,6,11,イエスウィズキャン,4,,大井
2026/03/27,12,20,2,8,15,ドウジギリ,3,,大井
2026/03/27,12,20,3,4,6,アーススピリット,8,,大井
2026/03/27,12,20,4,3,5,スルガダイナゴン,7,,大井
2026/03/27,12,20,5,5,8,スリーレジェンド,5,,大井
2026/03/27,12,20,6,2,2,アイスリーディング,2,,大井
2026/03/27,12,20,7,3,4,リックマーベル,9,,大井
2026/03/27,12,20,8,4,7,ヴュルディヒ,1,,大井
2026/03/27,12,20,9,8,14,ビップレーヌ,12,,大井
2026/03/27,12,20,10,7,12,グッドボーイ,14,,大井
2026/03/27,12,20,11,5,9,ココナッツガーデン,6,,大井
2026/03/27,12,20,12,6,10,グラッブザトップ,10,,大井
2026/03/27,12,20,13,1,1,リュミエール,11,,大井
2026/03/27,12,20,14,7,13,ジーゲル,15,,大井
2026/03/27,12,20,15,2,3,ワールドエンパイア,13,,大井
2025/06/11,10,36,1,8,10,イモータルウインド,1,1.2,門別
2025/06/11,10,36,2,2,2,オフビート,7,48.5,門別
2025/06/11,10,36,3,7,8,ハニーベリー,3,6.1,門別
2025/06/11,10,36,4,7,7,ギャルソンマンキ,2,6.1,門別
2025/06/11,10,36,5,8,9,アイスボウル,4,23.8,門別
2025/06/11,10,36,6,1,1,ベンデュガ,5,26.7,門別
2025/06/11,10,36,7,6,6,ブラーブサージュ,9,313.6,門別
2025/06/11,10,36,8,4,4,イクスクローバー,6,46.8,門別
2025/06/11,10,36,9,5,5,ティロワール,8,235.2,門別
2025/06/11,10,36,10,3,3,エイシンモシリ,10,417.5,門別
2025/06/11,11,36,1,6,6,クラウングスタフ,2,2.7,門別
2025/06/11,11,36,2,7,7,レルアバド,1,2.6,門別
2025/06/11,11,36,3,1,1,シセイダイキ,3,5.5,門別
2025/06/11,11,36,4,8,8,ミスサラワク,5,10.1,門別
2025/06/11,11,36,5,3,3,フェッテ,4,7.2,門別
2025/06/11,11,36,6,2,2,コパノキャスター,7,36.6,門別
2025/06/11,11,36,7,4,4,ロードヴェスパー,8,126.2,門別
2025/06/11,11,36,8,5,5,ブルクラシコ,6,17.6,門別
2025/06/11,11,36,9,8,9,ロングサクセション,9,191.7,門別
2025/06/11,12,36,1,8,9,ヨシノヒローイン,3,4.4,門別
2025/06/11,12,36,2,7,7,ボディコンシャス,1,2.0,門別
2025/06/11,12,36,3,5,5,コパノライダー,8,152.3,門別
2025/06/11,12,36,4,4,4,ワイルドラヴ,5,16.3,門別
2025/06/11,12,36,5,7,8,ラビアータ,2,3.1,門別
2025/06/11,12,36,6,6,6,フェールアシュバル,7,77.3,門別
2025/06/11,12,36,7,1,1,ラグナキリア,6,40.5,門別
2025/06/11,12,36,8,3,3,ディーエスエンスー,4,8.6,門別
2025/06/11,12,36,9,8,10,ハードボイルド,9,339.3,門別
2025/06/11,12,36,10,2,2,コンバットグランデ,10,351.3,門別
2025/06/10,10,20,1,3,4,レライタム,1,1.8,大井
2025/06/10,10,20,2,1,1,マイネルオデーサ,5,70.1,大井
2025/06/10,10,20,3,6,9,トップダイヤ,6,126.2,大井
2025/06/10,10,20,4,7,11,センジュ,3,,大井
2025/06/10,10,20,5,3,3,ピンナダ,4,125.1,大井
2025/06/10,10,20,6,2,2,ウエストリーダー,2,8.8,大井
2025/06/10,10,20,7,4,5,メロパール,8,41.9,大井
2025/06/10,10,20,8,4,6,ウィーナーズソング,7,21.5,大井
2025/06/10,10,20,9,8,13,チュイション,11,,大井
2025/06/10,10,20,10,5,7,ショウナンタバルア,9,4.1,大井
2025/06/10,10,20,11,7,12,エイシンクレモナ,10,,大井
2025/06/10,10,20,12,5,8,ブラッドワイルド,13,18.5,大井
2025/06/10,10,20,13,6,10,ベアウェイトゥゴー,12,4.7,大井
2025/06/10,10,20,14,8,14,エンバーク,14,,大井
2025/06/10,11,20,1,8,10,ポリゴンウェイヴ,7,82.2,大井
2025/06/10,11,20,2,5,5,オメガレインボー,3,14.8,大井
2025/06/10,11,20,3,6,6,マックス,1,1.4,大井
2025/06/10,11,20,4,2,2,スワーヴシャルル,4,53.3,大井
2025/06/10,11,20,5,7,7,ローウェル,6,11.0,大井
2025/06/10,11,20,6,7,8,マースインディ,10,25.4,大井
2025/06/10,11,20,7,4,4,ベストマッチョ,8,20.8,大井
2025/06/10,11,20,8,1,1,グランデマーレ,9,27.6,大井
2025/06/10,11,20,9,8,9,ドルチェモア,5,3.8,大井
2025/06/10,11,20,10,3,3,ミスズグランドオー,2,108.8,大井
2025/06/10,12,20,1,4,6,アドマイヤエイジア,2,3.5,大井
2025/06/10,12,20,2,2,3,ヴァルタリ,3,6.8,大井
2025/06/10,12,20,3,8,15,モズユウガ,1,,大井
2025/06/10,12,20,4,7,13,フォレストゲート,4,,大井
2025/06/10,12,20,5,3,4,サウンドズーム,10,29.4,大井
2025/06/10,12,20,6,8,14,ムサシジェリーナ,14,,大井
2025/06/10,12,20,7,6,10,ノーブルジーク,5,158.5,大井
2025/06/10,12,20,8,4,7,ビッグショット,6,1.8,大井
2025/06/10,12,20,9,2,2,ジャスティンパワー,8,19.6,大井
2025/06/10,12,20,10,7,12,ワンボイス,11,,大井
2025/06/10,12,20,11,3,5,ウインコマチ,9,212.5,大井
2025/06/10,12,20,12,5,9,ミライヘノシンゲキ,13,7.8,大井
2025/06/10,12,20,13,1,1,マイネルボンバー,12,37.0,大井
2025/06/10,12,20,14,5,8,ディヴァージオン,7,56.1,大井
2025/06/10,10,36,1,1,1,マナラナキラ,1,1.5,門別
2025/06/10,10,36,2,4,4,スイレンチャン,2,5.0,門別
2025/06/10,10,36,3,2,2,プチビーンズ,4,12.3,門別
2025/06/10,10,36,4,5,5,ニットウミズナ,3,5.1,門別
2025/06/10,10,36,5,8,10,モーモーブルー,5,21.4,門別
2025/06/10,10,36,6,7,7,オセロ,8,88.4,門別
2025/06/10,10,36,7,6,6,ハートマジェスティ,9,114.8,門別
2025/06/10,10,36,8,8,9,スティールヒューズ,6,41.3,門別
2025/06/10,10,36,9,7,8,ゴシキ,10,145.0,門別
2025/06/10,10,36,10,3,3,ラストヴォ,7,59.5,門別
2025/06/10,11,36,1,5,5,トネムスメ,1,1.3,門別
2025/06/10,11,36,2,4,4,インクルーデッド,2,4.5,門別
2025/06/10,11,36,3,6,6,スマイルシエラ,3,10.8,門別
2025/06/10,11,36,4,3,3,グッデーサイレンス,7,67.5,門別
2025/06/10,11,36,5,7,8,ニンリル,5,19.9,門別
2025/06/10,11,36,6,8,11,トウヨウノマジョ,9,130.7,門別
2025/06/10,11,36,7,1,1,ヴァンダービルト,6,35.4,門別
2025/06/10,11,36,8,8,10,オールイズトゥルー,10,150.5,門別
2025/06/10,11,36,9,2,2,プリマリー,11,402.6,門別
2025/06/10,11,36,10,6,7,ヴィーゲイツ,8,70.1,門別
2025/06/10,11,36,11,7,9,ドヴォルザーク,4,17.9,門別
2025/06/10,12,36,1,4,4,ワンターゲット,4,11.3,門別
2025/06/10,12,36,2,6,6,マーゴットミニモ,1,2.1,門別
2025/06/10,12,36,3,3,3,マリノフォルテシモ,3,5.2,門別
2025/06/10,12,36,4,5,5,クーシフォン,5,13.4,門別
2025/06/10,12,36,5,1,1,ヨシイチ,6,22.1,門別
2025/06/10,12,36,6,8,9,スペイスフォース,2,2.9,門別
2025/06/10,12,36,7,8,8,ウェルメイド,9,321.3,門別
2025/06/10,12,36,8,7,7,ボルゲリ,7,24.7,門別
2025/06/10,12,36,9,2,2,フークファンタジー,8,108.3,門別
2025/06/05,10,36,1,8,8,デュジャック,5,5.8,門別
2025/06/05,10,36,2,3,3,キタサンヤマブキ,4,5.5,門別
2025/06/05,10,36,3,4,4,シュヴィル,6,36.7,門別
2025/06/05,10,36,4,5,5,アサガオ,1,2.3,門別
2025/06/05,10,36,5,8,9,カカムノヒメ,8,170.5,門別
2025/06/05,10,36,6,7,7,ヤマニンファロ,2,4.2,門別
2025/06/05,10,36,7,2,2,リザンテラ,7,152.0,門別
2025/06/05,10,36,8,6,6,クイーンサイド,9,174.3,門別
2025/06/05,10,36,9,1,1,チャモ,3,5.2,門別
2025/06/05,11,36,1,7,7,スティールドリーム,1,1.6,門別
2025/06/05,11,36,2,8,8,バンカブルスター,4,12.4,門別
2025/06/05,11,36,3,1,1,ダグフォース,2,2.9,門別
2025/06/05,11,36,4,6,6,センゲントップ,3,7.1,門別
2025/06/05,11,36,5,3,3,フレスコバルディ,5,18.0,門別
2025/06/05,11,36,6,4,4,オンストロン,6,53.6,門別
2025/06/05,11,36,7,2,2,ブッシュドノエル,8,220.5,門別
2025/06/05,11,36,8,5,5,ダークオブザナイト,7,140.1,門別
2025/06/05,12,36,1,1,1,ストリーム,1,2.3,門別
2025/06/05,12,36,2,3,3,ケイアイロベージ,2,2.6,門別
2025/06/05,12,36,3,6,6,シシャモフレンド,3,4.3,門別
2025/06/05,12,36,4,4,4,イッツクール,4,9.3,門別
2025/06/05,12,36,5,5,5,ドラゴンゴクウ,5,16.9,門別
2025/06/05,12,36,6,2,2,ジャスパーロイヤル,6,38.7,門別
2025/06/05,12,36,7,7,7,フォルテース,7,55.5,門別
2025/06/04,10,36,1,7,9,アルファインディ,1,2.5,門別
2025/06/04,10,36,2,4,4,ラストカノン,2,5.1,門別
2025/06/04,10,36,3,7,10,キョウエイフレアー,6,9.1,門別
2025/06/04,10,36,4,8,12,マジックゲール,3,5.7,門別
2025/06/04,10,36,5,5,5,ハナレタクナイ,7,18.1,門別
2025/06/04,10,36,6,8,11,ヤルキゲンキユウキ,8,29.5,門別
2025/06/04,10,36,7,6,7,セイランクロフネ,5,8.8,門別
2025/06/04,10,36,8,2,2,サクラストリーム,4,6.9,門別
2025/06/04,10,36,9,3,3,アンノウンヒーロー,10,88.7,門別
2025/06/04,10,36,10,6,8,ルクスグラシャス,12,299.1,門別
2025/06/04,10,36,11,1,1,マナホクラニ,11,92.9,門別
2025/06/04,10,36,12,5,6,ビッグヴァレイ,9,52.6,門別
2025/06/04,11,36,1,5,5,ジャスパーメジャー,2,4.5,門別
2025/06/04,11,36,2,6,6,ラッキーホープ,1,1.2,門別
2025/06/04,11,36,3,1,1,デアフルーグ,3,9.9,門別
2025/06/04,11,36,4,7,7,スティールストーム,4,15.1,門別
2025/06/04,11,36,5,4,4,トウカイエトワール,5,32.7,門別
2025/06/04,11,36,6,8,8,エバニスタ,6,89.1,門別
2025/06/04,11,36,7,2,2,ロフティフレーズ,8,252.8,門別
2025/06/04,11,36,8,3,3,ジュビリーヘッド,7,106.3,門別
2025/06/04,12,36,1,4,4,ケイアイパープル,2,3.2,門別
2025/06/04,12,36,2,5,5,ニシケンボブ,1,1.6,門別
2025/06/04,12,36,3,6,6,ブリッツファング,3,3.8,門別
2025/06/04,12,36,4,2,2,ナムラゴロフキン,6,120.7,門別
2025/06/04,12,36,5,1,1,スコルピウス,5,58.2,門別
2025/06/04,12,36,6,3,3,ベルウッドグラス,4,30.3,門別
2025/06/02,10,22,1,4,4,ジューンノールック,1,,船橋
2025/06/02,10,22,2,6,6,トレヴィーテ,3,,船橋
2025/06/02,10,22,3,6,7,チェストイケ,5,,船橋
2025/06/02,10,22,4,8,11,キラークラウン,2,,船橋
2025/06/02,10,22,5,2,2,メロンパンマニア,4,,船橋
2025/06/02,10,22,6,1,1,フークイーラン,8,,船橋
2025/06/02,10,22,7,3,3,クリノマックイーン,7,,船橋
2025/06/02,10,22,8,5,5,サノノラブミー,10,,船橋
2025/06/02,10,22,9,8,10,カンツォーネ,6,,船橋
2025/06/02,10,22,10,7,9,サスケアンジュ,10,,船橋
2025/06/02,10,22,11,7,8,ヤッホーキリシマ,9,,船橋
2025/06/02,11,22,1,8,8,エムティイーグル,3,,船橋
2025/06/02,11,22,2,5,5,ジェイケイファイン,5,,船橋
2025/06/02,11,22,3,1,1,ゴールドレコーダー,6,,船橋
2025/06/02,11,22,4,6,6,オウケンデューク,1,,船橋
2025/06/02,11,22,5,3,3,ヤマメクィーン,2,,船橋
2025/06/02,11,22,6,4,4,クールドレーヌ,7,,船橋
2025/06/02,11,22,7,2,2,ゴールドブラボー,4,,船橋
2025/06/02,11,22,8,7,7,エムティワルツ,9,,船橋
2025/06/02,11,22,9,8,9,シトラスダル,8,,船橋
2025/06/02,12,22,1,4,4,コルニリア,5,,船橋
2025/06/02,12,22,2,7,9,ウメタロウ,3,,船橋
2025/06/02,12,22,3,2,2,カキエモン,4,,船橋
2025/06/02,12,22,4,6,7,タイサイ,1,,船橋
2025/06/02,12,22,5,7,10,プレストスター,7,,船橋
2025/06/02,12,22,6,3,3,ヨハン,9,,船橋
2025/06/02,12,22,7,6,8,ワレハカゼノコ,2,,船橋
2025/06/02,12,22,8,1,1,セブンメイクハピー,8,,船橋
2025/06/02,12,22,9,5,5,ハガネ,11,,船橋
2025/06/02,12,22,10,5,6,アレピアード,12,,船橋
2025/06/02,12,22,11,8,11,ラマジ,10,,船橋
2025/06/02,12,22,12,8,12,ウインエタンセル,6,,船橋
2025/05/30,10,23,1,4,4,サクラトップグッド,4,,浦和
2025/05/30,10,23,2,2,2,アコー,2,,浦和
2025/05/30,10,23,3,1,1,ネオアマゾネス,3,,浦和
2025/05/30,10,23,4,8,8,スーパーフェザー,9,,浦和
2025/05/30,10,23,5,6,6,サンズオブタイム,1,,浦和
2025/05/30,10,23,6,3,3,ハヤイモノガチ,5,,浦和
2025/05/30,10,23,7,7,7,サウンドノバ,6,,浦和
2025/05/30,10,23,8,5,5,ビッグリュウオー,8,,浦和
2025/05/30,10,23,9,8,9,トーホウビエント,7,,浦和
2025/05/30,11,23,1,2,2,グスタール,1,,浦和
2025/05/30,11,23,2,3,3,チュウワノキセキ,3,,浦和
2025/05/30,11,23,3,4,4,キスリング,2,,浦和
2025/05/30,11,23,4,8,9,コトシロ,6,,浦和
2025/05/30,11,23,5,7,7,シェリングフォード,8,,浦和
2025/05/30,11,23,6,8,10,メイショウオーパス,10,,浦和
2025/05/30,11,23,7,5,5,チュウワエース,4,,浦和
2025/05/30,11,23,8,6,6,ニホンピロポート,9,,浦和
2025/05/30,11,23,9,7,8,タイセイドリーマー,5,,浦和
2025/05/30,11,23,10,1,1,コパノジャッキー,7,,浦和
2025/05/30,12,23,1,4,4,ハッカキャンディー,1,,浦和
2025/05/30,12,23,2,8,9,モアナグレイス,9,,浦和
2025/05/30,12,23,3,7,7,シシャモ,4,,浦和
2025/05/30,12,23,4,1,1,シソチョウ,7,,浦和
2025/05/30,12,23,5,5,5,エイシンドライアド,6,,浦和
2025/05/30,12,23,6,3,3,メイショウイチリン,5,,浦和
2025/05/30,12,23,7,8,8,ルーナビアンカ,2,,浦和
2025/05/30,12,23,8,2,2,クリノジルバ,8,,浦和
2025/05/30,12,23,9,6,6,ヴェントアズーロ,3,,浦和
2025/05/29,10,23,1,7,8,セルクルクルミ,8,,浦和
2025/05/29,10,23,2,7,7,チュウワスプリング,3,,浦和
2025/05/29,10,23,3,5,5,カズオルヴァル,1,,浦和
2025/05/29,10,23,4,1,1,スタンレー,2,,浦和
2025/05/29,10,23,5,8,9,ベストフラワー,4,,浦和
2025/05/29,10,23,6,6,6,ノアブラック,10,,浦和
2025/05/29,10,23,7,2,2,キテヤイヨジ,5,,浦和
2025/05/29,10,23,8,4,4,インターロード,9,,浦和
2025/05/29,10,23,9,8,10,ロジマスタング,6,,浦和
2025/05/29,10,23,10,3,3,ベラジオプライド,7,,浦和
2025/05/29,11,23,1,8,10,アルサーフィ,1,,浦和
2025/05/29,11,23,2,7,8,ダンディジャック,3,,浦和
2025/05/29,11,23,3,1,1,ボワエトワール,7,,浦和
2025/05/29,11,23,4,6,6,ミノコクシュタルク,9,,浦和
2025/05/29,11,23,5,7,7,ヨーコマイラヴ,5,,浦和
2025/05/29,11,23,6,4,4,ウインホノカ,10,,浦和
2025/05/29,11,23,7,5,5,ファインプリンセス,4,,浦和
2025/05/29,11,23,8,3,3,メテオスウォーム,8,,浦和
2025/05/29,11,23,9,2,2,リングボーイ,6,,浦和
2025/05/29,11,23,10,8,9,オールスティール,2,,浦和
2025/05/29,12,23,1,7,7,リアルカラー,3,,浦和
2025/05/29,12,23,2,2,2,トレポンティ,1,,浦和
2025/05/29,12,23,3,7,8,ペッシュプラット,2,,浦和
2025/05/29,12,23,4,1,1,レッツシンク,6,,浦和
2025/05/29,12,23,5,3,3,トラストミー,9,,浦和
2025/05/29,12,23,6,8,10,ハッピーノリクン,5,,浦和
2025/05/29,12,23,7,8,9,ジュエリークローム,4,,浦和
2025/05/29,12,23,8,6,6,キセキノクニ,7,,浦和
2025/05/29,12,23,9,5,5,ヴィレーラ,8,,浦和
2025/05/29,12,23,10,4,4,ラブコ,10,,浦和
2025/05/29,10,36,1,8,9,マナコア,3,6.3,門別
2025/05/29,10,36,2,3,3,メフィスト,5,23.6,門別
2025/05/29,10,36,3,8,8,ヤマトオーザー,2,5.3,門別
2025/05/29,10,36,4,7,7,ベンデュガ,7,41.2,門別
2025/05/29,10,36,5,6,6,シルバーミラージュ,4,8.0,門別
2025/05/29,10,36,6,2,2,ベルモンド,1,1.4,門別
2025/05/29,10,36,7,5,5,グシチャンノソラ,6,41.0,門別
2025/05/29,10,36,8,4,4,フークアーデル,9,211.0,門別
2025/05/29,10,36,9,1,1,プレジールツッキー,8,170.0,門別
2025/05/29,11,36,1,1,1,スリーレジェンド,1,1.7,門別
2025/05/29,11,36,2,6,6,シセイダイキ,5,9.4,門別
2025/05/29,11,36,3,2,2,ウィンストラテジー,4,7.7,門別
2025/05/29,11,36,4,4,4,ウルラニ,3,6.6,門別
2025/05/29,11,36,5,5,5,ゴールドアバンティ,6,38.8,門別
2025/05/29,11,36,6,8,8,ロードヴェスパー,7,46.8,門別
2025/05/29,11,36,7,7,7,ポンドエクスプレス,2,3.9,門別
2025/05/29,11,36,8,3,3,ロングサクセション,8,202.3,門別
2025/05/29,12,36,1,6,6,クラウォー,4,6.0,門別
2025/05/29,12,36,2,8,11,ダバイエスペランサ,3,5.5,門別
2025/05/29,12,36,3,5,5,アフロビート,9,73.6,門別
2025/05/29,12,36,4,7,9,コパノキャスター,10,158.7,門別
2025/05/29,12,36,5,8,10,フェッテ,5,7.8,門別
2025/05/29,12,36,6,6,7,シロカーク,7,12.6,門別
2025/05/29,12,36,7,2,2,オンドリータイザン,8,25.9,門別
2025/05/29,12,36,8,4,4,メイショウイチズ,2,4.5,門別
2025/05/29,12,36,9,1,1,レルアバド,1,3.0,門別
2025/05/29,12,36,10,7,8,アルマブレイド,6,11.8,門別
2025/05/29,12,36,11,3,3,ブラーブサージュ,11,220.5,門別
2025/05/28,9,36,1,5,7,グラストップロード,1,1.1,門別
2025/05/28,9,36,2,6,9,マイモーメント,2,7.5,門別
2025/05/28,9,36,3,8,12,ハニーベリー,5,20.1,門別
2025/05/28,9,36,4,4,4,バインドロック,9,78.7,門別
2025/05/28,9,36,5,4,5,メイショウマーブル,7,40.0,門別
2025/05/28,9,36,6,3,3,リコーニック,4,18.7,門別
2025/05/28,9,36,7,7,11,スズロビンソン,8,77.9,門別
2025/05/28,9,36,8,6,8,ウナヴォルタ,6,34.3,門別
2025/05/28,9,36,9,7,10,エイシンモシリ,11,198.4,門別
2025/05/28,9,36,10,8,13,ティロワール,12,201.5,門別
2025/05/28,9,36,11,2,2,テンケイ,3,13.4,門別
2025/05/28,9,36,12,5,6,サクラソーレ,13,246.4,門別
2025/05/28,9,36,13,1,1,マドンナリリー,10,175.6,門別
2025/05/28,10,36,1,8,11,ハイカラサン,1,1.6,門別
2025/05/28,10,36,2,6,6,セイウンピカイチ,3,4.8,門別
2025/05/28,10,36,3,4,4,エースオブハーツ,4,13.4,門別
2025/05/28,10,36,4,7,8,ユーライナー,10,253.4,門別
2025/05/28,10,36,5,1,1,ナユタ,2,4.3,門別
2025/05/28,10,36,6,5,5,リッククッキー,7,36.2,門別
2025/05/28,10,36,7,6,7,マリノロマンス,5,26.9,門別
2025/05/28,10,36,8,7,9,カナデルエア,8,80.5,門別
2025/05/28,10,36,9,8,10,ジャスパーエース,6,35.8,門別
2025/05/28,10,36,10,3,3,クァタルティ,11,569.4,門別
2025/05/28,10,36,11,2,2,シャンアリーズ,9,200.9,門別
2025/05/28,11,36,1,7,9,マキシマムドライブ,1,2.4,門別
2025/05/28,11,36,2,6,8,クインズアルテミス,2,2.7,門別
2025/05/28,11,36,3,5,5,サヤオンニ,4,8.4,門別
2025/05/28,11,36,4,6,7,コスモタラゴン,9,283.7,門別
2025/05/28,11,36,5,4,4,バラライカ,3,4.9,門別
2025/05/28,11,36,6,8,12,サクラファシナンテ,6,19.9,門別
2025/05/28,11,36,7,8,11,ヴァンダービルト,5,13.9,門別
2025/05/28,11,36,8,2,2,ヴィルゲート,10,296.1,門別
2025/05/28,11,36,9,1,1,シャイニーメイン,8,72.9,門別
2025/05/28,11,36,10,5,6,オーブラック,7,63.9,門別
2025/05/28,11,36,11,7,10,コンバットグランデ,11,310.5,門別
2025/05/27,10,36,1,8,12,トネムスメ,1,2.6,門別
2025/05/27,10,36,2,4,4,レディパイロ,4,10.4,門別
2025/05/27,10,36,3,7,9,ラストボーン,2,2.7,門別
2025/05/27,10,36,4,6,8,ジャイロ,5,11.5,門別
2025/05/27,10,36,5,8,11,オフビート,9,86.2,門別
2025/05/27,10,36,6,5,6,スティールブライト,6,12.1,門別
2025/05/27,10,36,7,5,5,ハニービート,3,7.0,門別
2025/05/27,10,36,8,6,7,ヴィーゲイツ,7,17.4,門別
2025/05/27,10,36,9,7,10,オールイズトゥルー,10,88.3,門別
2025/05/27,10,36,10,1,1,プリマリー,11,287.2,門別
2025/05/27,10,36,11,2,2,キョウエイディーズ,8,50.6,門別
2025/05/27,11,36,1,4,4,アジャイルブラック,1,1.4,門別
2025/05/27,11,36,2,8,8,スワッガー,2,2.4,門別
2025/05/27,11,36,3,6,6,マリノフォルテシモ,6,63.3,門別
2025/05/27,11,36,4,3,3,クィーンズヒル,4,29.3,門別
2025/05/27,11,36,5,7,7,サクセスパルス,4,29.3,門別
2025/05/27,11,36,6,2,2,ステラビアンカ,3,17.4,門別
2025/05/27,11,36,7,1,1,ミレニアムバイオ,8,197.6,門別
2025/05/27,11,36,8,8,9,ウェルメイド,9,356.3,門別
2025/05/27,11,36,9,5,5,ホウオウプラージュ,7,128.0,門別
2025/05/27,12,36,1,2,2,トモノシルバー,2,4.0,門別
2025/05/27,12,36,2,7,9,ワイルドラヴ,3,4.6,門別
2025/05/27,12,36,3,1,1,クインズプリーズ,5,7.9,門別
2025/05/27,12,36,4,5,6,ディーエスエンスー,1,3.2,門別
2025/05/27,12,36,5,6,7,ラグナキリア,7,17.5,門別
2025/05/27,12,36,6,8,12,フェールアシュバル,8,24.3,門別
2025/05/27,12,36,7,7,10,フロンテアブライト,6,14.2,門別
2025/05/27,12,36,8,3,3,シャノンフォールズ,4,6.8,門別
2025/05/27,12,36,9,6,8,コパノライダー,10,126.9,門別
2025/05/27,12,36,10,8,11,ハードボイルド,11,182.5,門別
2025/05/27,12,36,11,4,4,スワンオーキッド,12,261.8,門別
2025/05/27,12,36,12,5,5,トウヨウノマジョ,9,62.2,門別
2025/05/23,10,20,1,7,12,ハッピーゲート,5,,大井
2025/05/23,10,20,2,1,1,キタサンユージャ,2,,大井
2025/05/23,10,20,3,4,6,エートス,6,,大井
2025/05/23,10,20,4,5,7,ツルマルゲッコー,7,,大井
2025/05/23,10,20,5,8,14,スキャロップ,8,,大井
2025/05/23,10,20,6,8,13,ミチノディディ,9,,大井
2025/05/23,10,20,7,3,4,カセノタイガー,1,,大井
2025/05/23,10,20,8,3,3,フレンドリーシップ,13,,大井
2025/05/23,10,20,9,7,11,エクラシェール,12,,大井
2025/05/23,10,20,10,4,5,レペンテ,11,,大井
2025/05/23,10,20,11,2,2,ラリタス,3,,大井
2025/05/23,10,20,12,6,10,オンリーユーズド,10,,大井
2025/05/23,10,20,13,5,8,ナックシリウス,4,,大井
2025/05/23,10,20,14,6,9,ヨシノイズカミング,14,,大井
2025/05/23,11,20,1,1,1,サイアンドコー,1,,大井
2025/05/23,11,20,2,4,7,ワールドコネクター,4,,大井
2025/05/23,11,20,3,6,11,ラッシュワン,6,,大井
2025/05/23,11,20,4,5,9,トゥースパークル,3,,大井
2025/05/23,11,20,5,2,2,スタードラマー,14,,大井
2025/05/23,11,20,6,2,3,アイアンサイズ,8,,大井
2025/05/23,11,20,7,7,13,キタノセレナード,13,,大井
2025/05/23,11,20,8,3,5,サブノハクタカ,15,,大井
2025/05/23,11,20,9,8,14,ガンモレジェンド,10,,大井
2025/05/23,11,20,10,5,8,トウケイカッタロー,9,,大井
2025/05/23,11,20,11,3,4,ゴールデンブザー,5,,大井
2025/05/23,11,20,12,7,12,マスキュリン,11,,大井
2025/05/23,11,20,13,6,10,カツノナノリ,7,,大井
2025/05/23,11,20,14,4,6,ロンギングナイス,2,,大井
2025/05/23,11,20,15,8,15,トップアメリカン,12,,大井
2025/05/23,12,20,1,4,5,ヨシノダイセン,3,,大井
2025/05/23,12,20,2,4,6,コーラルキング,1,,大井
2025/05/23,12,20,3,6,10,キエティスム,4,,大井
2025/05/23,12,20,4,6,9,ジーティーマジカル,2,,大井
2025/05/23,12,20,5,7,12,シュルーズベリー,9,,大井
2025/05/23,12,20,6,2,2,シューボーイ,7,,大井
2025/05/23,12,20,7,8,13,カゼノハガクレ,6,,大井
2025/05/23,12,20,8,3,4,ノースボブキャット,5,,大井
2025/05/23,12,20,9,1,1,ラブラブフォー,10,,大井
2025/05/23,12,20,10,3,3,ナックレガーロ,8,,大井
2025/05/23,12,20,11,8,14,ユルリ,12,,大井
2025/05/23,12,20,12,5,8,ラピダッシュ,11,,大井
2025/05/22,10,20,1,8,14,ハニートースト,1,,大井
2025/05/22,10,20,2,3,5,リトルビッグホーン,3,,大井
2025/05/22,10,20,3,2,2,ドゥーロアバンティ,4,,大井
2025/05/22,10,20,4,7,13,シャルマンジャン,6,,大井
2025/05/22,10,20,5,4,7,ティーズアペックス,8,,大井
2025/05/22,10,20,6,8,15,プレストアーサー,2,,大井
2025/05/22,10,20,7,5,9,リコーアストラ,9,,大井
2025/05/22,10,20,8,2,3,イモノソーダワリデ,12,,大井
2025/05/22,10,20,9,6,10,サイレントブラック,5,,大井
2025/05/22,10,20,10,3,4,マインジャラン,7,,大井
2025/05/22,10,20,11,1,1,シザーハンズ,10,,大井
2025/05/22,10,20,12,5,8,アンニンドウフ,11,,大井
2025/05/22,10,20,13,4,6,バンドールロゼ,15,,大井
2025/05/22,10,20,14,7,12,スターゲット,13,,大井
2025/05/22,10,20,15,6,11,チャンチャン,14,,大井
2025/05/22,11,20,1,8,15,モデルハント,3,,大井
2025/05/22,11,20,2,2,2,サクハル,7,,大井
2025/05/22,11,20,3,4,7,タイセイフェスタ,13,,大井
2025/05/22,11,20,4,1,1,ドリームビリーバー,8,,大井
2025/05/22,11,20,5,5,8,ヘルメース,5,,大井
2025/05/22,11,20,6,7,13,オメガシンフォニー,1,,大井
2025/05/22,11,20,7,5,9,ルイス,2,,大井
2025/05/22,11,20,8,8,14,ジャックオレンジ,14,,大井
2025/05/22,11,20,9,3,4,ヴィクラント,10,,大井
2025/05/22,11,20,10,4,6,レベルフォー,15,,大井
2025/05/22,11,20,11,7,12,ベルシャンソン,6,,大井
2025/05/22,11,20,12,2,3,ミズワリヲクダサイ,11,,大井
2025/05/22,11,20,13,3,5,パウオレ,4,,大井
2025/05/22,11,20,14,6,10,カツラノキサノキ,9,,大井
2025/05/22,11,20,15,6,11,ジェイエルバルカー,12,,大井
2025/05/22,12,20,1,5,7,アイビーサムライオ,1,,大井
2025/05/22,12,20,2,4,5,サウンドズーム,3,,大井
2025/05/22,12,20,3,4,6,アウトビアンキ,4,,大井
2025/05/22,12,20,4,6,10,ベアーザベル,14,,大井
2025/05/22,12,20,5,8,13,ビルドラポール,2,,大井
2025/05/22,12,20,6,3,4,ゲルタ,11,,大井
2025/05/22,12,20,7,8,14,ベストリオン,7,,大井
2025/05/22,12,20,8,7,12,コスモギンガ,13,,大井
2025/05/22,12,20,9,6,9,サウンドロックス,6,,大井
2025/05/22,12,20,10,2,2,サンクスグランパ,8,,大井
2025/05/22,12,20,11,3,3,エスオーライジング,10,,大井
2025/05/22,12,20,12,5,8,ベアウェイトゥゴー,12,,大井
2025/05/22,12,20,13,7,11,ミチノシチリア,9,,大井
2025/05/22,12,20,14,1,1,レアリゼアンレーヴ,5,,大井
2025/05/22,10,36,1,5,5,ケイアイワカポノ,1,1.8,門別
2025/05/22,10,36,2,2,2,アサガオ,2,2.2,門別
2025/05/22,10,36,3,6,7,キタサンヤマブキ,3,8.2,門別
2025/05/22,10,36,4,5,6,シュヴィル,6,196.3,門別
2025/05/22,10,36,5,1,1,トーケンマコット,5,52.5,門別
2025/05/22,10,36,6,4,4,キタノロワーズ,4,10.2,門別
2025/05/22,10,36,7,8,11,クイーンサイド,11,636.7,門別
2025/05/22,10,36,8,8,12,トランスランナー,10,583.7,門別
2025/05/22,10,36,9,3,3,マドンナブルー,8,281.4,門別
2025/05/22,10,36,10,7,10,カカムノヒメ,7,264.8,門別
2025/05/22,10,36,11,6,8,サンピエーリ,9,414.7,門別
2025/05/22,11,36,1,4,4,オンラインボス,5,11.9,門別
2025/05/22,11,36,2,3,3,オカンモシャチョウ,1,1.7,門別
2025/05/22,11,36,3,6,6,モノノフブラック,4,6.9,門別
2025/05/22,11,36,4,2,2,エバニスタ,8,323.1,門別
2025/05/22,11,36,5,7,7,グッドボーイ,2,4.5,門別
2025/05/22,11,36,6,8,8,サクラルーフェン,9,368.6,門別
2025/05/22,11,36,7,8,9,スティールマジック,3,4.9,門別
2025/05/22,11,36,8,1,1,マチカゼ,6,65.6,門別
2025/05/22,11,36,9,5,5,リコーリュウセイ,7,115.3,門別
2025/05/22,12,36,1,1,1,ポルラノーチェ,1,1.6,門別
2025/05/22,12,36,2,6,6,ノッテルーナ,5,29.0,門別
2025/05/22,12,36,3,7,7,ヴィヴィアンエイト,3,4.9,門別
2025/05/22,12,36,4,4,4,シンメルーブス,2,3.2,門別
2025/05/22,12,36,5,2,2,ブッシュドノエル,7,280.2,門別
2025/05/22,12,36,6,3,3,ライトヴェール,6,38.5,門別
2025/05/22,12,36,7,5,5,ヨシノヒローイン,4,18.6,門別
2025/05/21,10,20,1,8,14,レベリオス,4,,大井
2025/05/21,10,20,2,6,10,モズユウガ,2,,大井
2025/05/21,10,20,3,7,12,ディヴァージオン,6,,大井
2025/05/21,10,20,4,4,6,ウインコマチ,14,,大井
2025/05/21,10,20,5,2,2,ビッグショット,5,,大井
2025/05/21,10,20,6,3,4,ルメビーンズ,8,,大井
2025/05/21,10,20,7,4,5,リケアミネオラ,11,,大井
2025/05/21,10,20,8,7,11,ミライヘノシンゲキ,13,,大井
2025/05/21,10,20,9,5,7,ジャスティンパワー,3,,大井
2025/05/21,10,20,10,1,1,ヴァルタリ,1,,大井
2025/05/21,10,20,11,5,8,マイネルボンバー,10,,大井
2025/05/21,10,20,12,3,3,ノーブルマルシェ,7,,大井
2025/05/21,10,20,13,6,9,ウイスキータイム,12,,大井
2025/05/21,10,20,14,8,13,ムサシジェリーナ,9,,大井
2025/05/21,11,20,1,1,1,ライトウォーリア,3,,大井
2025/05/21,11,20,2,7,12,キングストンボーイ,1,,大井
2025/05/21,11,20,3,5,9,オピニオンリーダー,6,,大井
2025/05/21,11,20,4,7,13,ヴィアメント,11,,大井
2025/05/21,11,20,5,3,4,リベイクフルシティ,5,,大井
2025/05/21,11,20,6,8,15,キタノヴィジョン,4,,大井
2025/05/21,11,20,7,6,11,ヒーローコール,7,,大井
2025/05/21,11,20,8,2,3,キリンジ,2,,大井
2025/05/21,11,20,9,4,6,ハデスキーパー,12,,大井
2025/05/21,11,20,10,2,2,カイル,13,,大井
2025/05/21,11,20,11,5,8,ミヤギザオウ,8,,大井
2025/05/21,11,20,12,4,7,ジョエル,14,,大井
2025/05/21,11,20,13,3,5,マンダリンヒーロー,10,,大井
2025/05/21,11,20,14,8,14,ノースザワールド,9,,大井
2025/05/21,11,20,15,6,10,グランデマーレ,15,,大井
2025/05/21,12,20,1,4,8,ファサード,1,,大井
2025/05/21,12,20,2,7,14,マドモアゼルレンヌ,2,,大井
2025/05/21,12,20,3,6,11,アフロプリンス,3,,大井
2025/05/21,12,20,4,4,7,エドノビートイン,5,,大井
2025/05/21,12,20,5,3,6,リコーステアー,6,,大井
2025/05/21,12,20,6,8,15,カヴァス,8,,大井
2025/05/21,12,20,7,7,13,ハクアイキセキ,12,,大井
2025/05/21,12,20,8,3,5,ベルボールドナイン,7,,大井
2025/05/21,12,20,9,2,4,ビーチユーミング,11,,大井
2025/05/21,12,20,10,2,3,ショウナンサクレツ,14,,大井
2025/05/21,12,20,11,8,16,ヴェントフレイバー,9,,大井
2025/05/21,12,20,12,5,10,カゼノヨウニ,13,,大井
2025/05/21,12,20,13,6,12,ベイステート,4,,大井
2025/05/21,12,20,14,1,1,コパマエチャン,15,,大井
2025/05/21,12,20,15,1,2,マリノバレリーナ,10,,大井
2025/05/21,12,20,16,5,9,ショウナンマナ,16,,大井
2025/05/21,10,36,1,7,11,ゴールデンスキーム,1,1.9,門別
2025/05/21,10,36,2,3,4,ラベンダージェンヌ,5,19.6,門別
2025/05/21,10,36,3,3,3,エデュース,2,3.3,門別
2025/05/21,10,36,4,6,9,ヴィユノーク,8,78.3,門別
2025/05/21,10,36,5,7,12,ダンシングファイト,6,21.4,門別
2025/05/21,10,36,6,1,1,ネクタール,3,4.6,門別
2025/05/21,10,36,7,8,14,アースジェイソンテ,13,310.4,門別
2025/05/21,10,36,8,4,5,タイセツオー,4,15.6,門別
2025/05/21,10,36,9,5,8,アイリスト,12,271.6,門別
2025/05/21,10,36,10,8,13,アルマロザリオ,9,81.1,門別
2025/05/21,10,36,11,5,7,レインボーカロル,10,210.8,門別
2025/05/21,10,36,12,6,10,アースミラーレ,7,33.9,門別
2025/05/21,10,36,13,4,6,ウィアザピープル,14,543.3,門別
2025/05/21,10,36,14,2,2,クロゴウ,11,229.7,門別
2025/05/21,11,36,1,2,2,ケイアイパープル,1,2.8,門別
2025/05/21,11,36,2,5,5,ディーエスエール,3,4.6,門別
2025/05/21,11,36,3,6,6,ベルウッドグラス,2,2.8,門別
2025/05/21,11,36,4,7,7,ヒカリオーソ,5,6.8,門別
2025/05/21,11,36,5,3,3,フレスコバルディ,6,88.8,門別
2025/05/21,11,36,6,4,4,クルードラゴン,4,5.8,門別
2025/05/21,11,36,7,1,1,ダークオブザナイト,7,183.3,門別
2025/05/21,12,36,1,1,1,ドウドウキリシマ,3,4.4,門別
2025/05/21,12,36,2,4,4,ケイアイロベージ,2,3.1,門別
2025/05/21,12,36,3,2,2,スティールストーム,5,36.4,門別
2025/05/21,12,36,4,3,3,ドラゴンゴクウ,4,14.3,門別
2025/05/21,12,36,5,5,5,トウカイエトワール,6,71.9,門別
2025/05/21,12,36,6,6,6,デステージョ,1,1.7,門別
2025/05/21,12,36,7,7,7,ショーム,8,292.4,門別
2025/05/21,12,36,8,8,8,ジュビリーヘッド,7,93.6,門別
2025/05/21,12,36,9,8,9,ロフティフレーズ,9,384.9,門別
2025/05/20,10,20,1,8,11,カズピレウス,2,,大井
2025/05/20,10,20,2,7,9,サガノオウマサン,1,,大井
2025/05/20,10,20,3,6,8,ピンナダ,5,,大井
2025/05/20,10,20,4,5,5,トップダイヤ,4,,大井
2025/05/20,10,20,5,2,2,フォーチュネイト,3,,大井
2025/05/20,10,20,6,6,7,マイネルオデーサ,6,,大井
2025/05/20,10,20,7,1,1,クウレイナニ,7,,大井
2025/05/20,10,20,8,5,6,ゴッドモード,9,,大井
2025/05/20,10,20,9,4,4,ウィーナーズソング,8,,大井
2025/05/20,10,20,10,8,12,ゼンダンクラージュ,10,,大井
2025/05/20,10,20,11,3,3,チュイション,11,,大井
2025/05/20,10,20,12,7,10,ブラッドワイルド,12,,大井
2025/05/20,11,20,1,1,1,ユーアオンフリーク,5,,大井
2025/05/20,11,20,2,7,9,グリューヴルム,1,,大井
2025/05/20,11,20,3,5,6,ラブラブパイロ,7,,大井
2025/05/20,11,20,4,2,2,エクセスリターン,3,,大井
2025/05/20,11,20,5,8,12,ナンセイホワイト,2,,大井
2025/05/20,11,20,6,7,10,エイシンピストン,6,,大井
2025/05/20,11,20,7,6,8,ヴィクトゥーラ,9,,大井
2025/05/20,11,20,8,5,5,アルラ,4,,大井
2025/05/20,11,20,9,3,3,ダイバリオン,8,,大井
2025/05/20,11,20,10,4,4,ローズボウル,10,,大井
2025/05/20,11,20,11,6,7,ゲットアップ,12,,大井
2025/05/20,11,20,12,8,11,ドスハーツ,11,,大井
2025/05/20,12,20,1,4,8,ネオトキオ,2,,大井
2025/05/20,12,20,2,5,9,ジェットスピード,3,,大井
2025/05/20,12,20,3,1,2,ランプロン,8,,大井
2025/05/20,12,20,4,3,6,タイセイガスト,1,,大井
2025/05/20,12,20,5,6,12,トーセンヴィオラ,10,,大井
2025/05/20,12,20,6,2,4,チャダルクン,11,,大井
2025/05/20,12,20,7,5,10,キタサンヒコボシ,9,,大井
2025/05/20,12,20,8,4,7,ニシノデフィレ,12,,大井
2025/05/20,12,20,9,6,11,リコージーン,7,,大井
2025/05/20,12,20,10,7,14,ワールドエンパイア,14,,大井
2025/05/20,12,20,11,8,16,ゴールデンヨシノ,6,,大井
2025/05/20,12,20,12,3,5,プレストステラ,5,,大井
2025/05/20,12,20,13,2,3,ナサ,16,,大井
2025/05/20,12,20,14,7,13,イサチルプリンス,4,,大井
2025/05/20,12,20,15,1,1,パー,15,,大井
2025/05/20,12,20,16,8,15,コンチバリアシオン,13,,大井
2025/05/19,10,20,1,1,1,サヨノトレイダー,1,,大井
2025/05/19,10,20,2,2,2,ブルマリンシェール,2,,大井
2025/05/19,10,20,3,4,4,ソレナ,6,,大井
2025/05/19,10,20,4,8,10,スミソニアン,7,,大井
2025/05/19,10,20,5,7,8,パレルモ,5,,大井
2025/05/19,10,20,6,3,3,ファーガス,4,,大井
2025/05/19,10,20,7,5,5,トリグラフ,10,,大井
2025/05/19,10,20,8,7,9,アベニンスマイル,3,,大井
2025/05/19,10,20,9,8,11,グロリオサ,11,,大井
2025/05/19,10,20,10,6,6,スペシャルドラマ,9,,大井
2025/05/19,10,20,11,6,7,ユウシンイモン,8,,大井
2025/05/19,11,20,1,8,16,ケイアイカペラ,1,,大井
2025/05/19,11,20,2,7,14,サッキーミツグ,9,,大井
2025/05/19,11,20,3,1,2,タケシ,3,,大井
2025/05/19,11,20,4,6,12,ノースジャスティス,2,,大井
2025/05/19,11,20,5,5,10,イタロ,5,,大井
2025/05/19,11,20,6,3,6,フォルツァ,14,,大井
2025/05/19,11,20,7,3,5,コーミズアムール,4,,大井
2025/05/19,11,20,8,2,3,コパノスタンリー,8,,大井
2025/05/19,11,20,9,6,11,シャインフォール,11,,大井
2025/05/19,11,20,10,7,13,アポロリヤム,7,,大井
2025/05/19,11,20,11,5,9,ヤマノウォーリア,6,,大井
2025/05/19,11,20,12,4,7,ラペルシェール,12,,大井
2025/05/19,11,20,13,2,4,コウユーユメノヨウ,10,,大井
2025/05/19,11,20,14,8,15,トチノヒーロー,15,,大井
2025/05/19,11,20,15,4,8,ティーズエナジー,16,,大井
2025/05/19,11,20,16,1,1,グレンノハナ,13,,大井
2025/05/19,12,20,1,1,1,エコロタイタン,3,,大井
2025/05/19,12,20,2,7,10,ハッピータイム,1,,大井
2025/05/19,12,20,3,4,4,カズノトレジャー,9,,大井
2025/05/19,12,20,4,6,8,マイネルイージス,8,,大井
2025/05/19,12,20,5,3,3,ボラボラフレイバー,5,,大井
2025/05/19,12,20,6,2,2,ローゼンヴォルフ,4,,大井
2025/05/19,12,20,7,6,7,カフジペンタゴン,10,,大井
2025/05/19,12,20,8,5,6,バズッチ,2,,大井
2025/05/19,12,20,9,8,12,ジョリーロジャー,6,,大井
2025/05/19,12,20,10,8,11,オメガオリーブ,11,,大井
2025/05/19,12,20,11,7,9,グレイトミッション,12,,大井
2025/05/16,10,21,1,7,10,ヒノデミッチー,4,,川崎
2025/05/16,10,21,2,8,11,ミスティライラック,5,,川崎
2025/05/16,10,21,3,2,2,タイセイアーメット,6,,川崎
2025/05/16,10,21,4,4,4,ビステル,7,,川崎
2025/05/16,10,21,5,5,6,タマノフィオーレ,3,,川崎
2025/05/16,10,21,6,7,9,ガストン,2,,川崎
2025/05/16,10,21,7,3,3,サウスヴィル,1,,川崎
2025/05/16,10,21,8,5,5,コスモカシアス,9,,川崎
2025/05/16,10,21,9,1,1,アキノスマート,11,,川崎
2025/05/16,10,21,10,8,12,ヘクトプリンセス,8,,川崎
2025/05/16,10,21,11,6,8,スーパーリベロ,10,,川崎
2025/05/16,11,21,1,6,10,オーウェル,4,,川崎
2025/05/16,11,21,2,5,8,ランドマックス,3,,川崎
2025/05/16,11,21,3,3,3,キットサクラサク,5,,川崎
2025/05/16,11,21,4,5,7,リコーシンザン,10,,川崎
2025/05/16,11,21,5,7,12,モンゲーハガネ,9,,川崎
2025/05/16,11,21,6,8,14,エーヴベリー,11,,川崎
2025/05/16,11,21,7,8,13,トーホウテンリュウ,8,,川崎
2025/05/16,11,21,8,4,5,ミュステーリオン,2,,川崎
2025/05/16,11,21,9,3,4,トーホウボルツ,7,,川崎
2025/05/16,11,21,10,6,9,ブレイヴアウト,6,,川崎
2025/05/16,11,21,11,7,11,コスモマルーン,14,,川崎
2025/05/16,11,21,12,4,6,マカゼ,12,,川崎
2025/05/16,11,21,13,1,1,トキノゴールド,13,,川崎
2025/05/16,11,21,14,2,2,インナースティール,1,,川崎
2025/05/16,12,21,1,5,6,クレーネ,2,,川崎
2025/05/16,12,21,2,7,9,コルレオーネ,1,,川崎
2025/05/16,12,21,3,1,1,バードハズフロウン,6,,川崎
2025/05/16,12,21,4,6,7,オトメノネガイ,11,,川崎
2025/05/16,12,21,5,8,11,マロンフエルテ,3,,川崎
2025/05/16,12,21,6,7,10,ドゥフレーシュ,8,,川崎
2025/05/16,12,21,7,2,2,コングラツィア,4,,川崎
2025/05/16,12,21,8,3,3,クリーンブラボー,5,,川崎
2025/05/16,12,21,9,5,5,リュウノバデン,9,,川崎
2025/05/16,12,21,10,8,12,シュンレツ,12,,川崎
2025/05/16,12,21,11,6,8,ヴァリスタ,7,,川崎
2025/05/16,12,21,12,4,4,ナモロカ,10,,川崎
2025/05/15,10,21,1,4,4,ハーンドルフ,4,,川崎
2025/05/15,10,21,2,1,1,モンゲースパイ,1,,川崎
2025/05/15,10,21,3,8,12,ドレスドトゥーキル,2,,川崎
2025/05/15,10,21,4,6,7,パイアイヤー,3,,川崎
2025/05/15,10,21,5,6,8,ライヴアメデオ,7,,川崎
2025/05/15,10,21,6,5,6,ライヴトパーズ,10,,川崎
2025/05/15,10,21,7,7,10,トニープリンス,5,,川崎
2025/05/15,10,21,8,2,2,サツキスカイ,9,,川崎
2025/05/15,10,21,9,8,11,エターナルセイバー,11,,川崎
2025/05/15,10,21,10,7,9,ポッドレオ,6,,川崎
2025/05/15,10,21,11,5,5,タツノマッハ,8,,川崎
2025/05/15,10,21,12,3,3,ドロットニング,12,,川崎
2025/05/15,11,21,1,3,4,メンタイマヨ,4,,川崎
2025/05/15,11,21,2,8,13,ニシノカシミヤ,1,,川崎
2025/05/15,11,21,3,4,6,アナンシエーション,2,,川崎
2025/05/15,11,21,4,4,5,ベラール,6,,川崎
2025/05/15,11,21,5,3,3,ナガタエース,11,,川崎
2025/05/15,11,21,6,8,14,セルフメイド,10,,川崎
2025/05/15,11,21,7,7,11,グットディール,9,,川崎
2025/05/15,11,21,8,2,2,ティーファイブ,3,,川崎
2025/05/15,11,21,9,5,7,グレートジャーニー,7,,川崎
2025/05/15,11,21,10,7,12,タイセイストラーダ,8,,川崎
2025/05/15,11,21,11,6,10,ケイアイメビウス,5,,川崎
2025/05/15,11,21,12,1,1,ヴァヴィロフ,13,,川崎
2025/05/15,11,21,13,6,9,ウインドブロウン,12,,川崎
2025/05/15,12,21,1,5,8,レグノ,2,,川崎
2025/05/15,12,21,2,7,12,フィアマフルミネ,1,,川崎
2025/05/15,12,21,3,4,6,キタノトパーズ,5,,川崎
2025/05/15,12,21,4,6,9,エイシントゥラン,3,,川崎
2025/05/15,12,21,5,4,5,モトサン,6,,川崎
2025/05/15,12,21,6,2,2,ゴールデンプラチナ,11,,川崎
2025/05/15,12,21,7,8,14,デザートトレイン,13,,川崎
2025/05/15,12,21,8,5,7,リグレイアー,4,,川崎
2025/05/15,12,21,9,6,10,ナイスカプチーノ,8,,川崎
2025/05/15,12,21,10,3,3,シェリーアモール,14,,川崎
2025/05/15,12,21,11,1,1,ドウザン,10,,川崎
2025/05/15,12,21,12,3,4,イソエヴィクラント,9,,川崎
2025/05/15,12,21,13,8,13,ラベンダージェイド,12,,川崎
2025/05/15,12,21,14,7,11,リリーバローズ,7,,川崎
2025/05/15,10,36,1,5,6,スマイルシエラ,5,13.0,門別
2025/05/15,10,36,2,6,7,レイワホクト,3,10.7,門別
2025/05/15,10,36,3,8,11,テンケイ,4,11.7,門別
2025/05/15,10,36,4,1,1,スグラフィート,1,1.6,門別
2025/05/15,10,36,5,7,9,リコーニック,2,4.0,門別
2025/05/15,10,36,6,8,12,メイショウマーブル,6,19.1,門別
2025/05/15,10,36,7,4,4,バインドロック,8,44.7,門別
2025/05/15,10,36,8,2,2,サクラソーレ,11,274.0,門別
2025/05/15,10,36,9,5,5,マドンナリリー,10,203.3,門別
2025/05/15,10,36,10,6,8,エイシンモシリ,9,186.6,門別
2025/05/15,10,36,11,3,3,クリムゾンジュエル,12,283.7,門別
2025/05/15,10,36,12,7,10,ゴールドアバンティ,7,21.3,門別
2025/05/15,11,36,1,4,4,メイショウイチズ,1,2.6,門別
2025/05/15,11,36,2,8,12,フェッテ,3,6.0,門別
2025/05/15,11,36,3,6,7,オンドリータイザン,4,7.7,門別
2025/05/15,11,36,4,7,9,ミスサラワク,5,9.2,門別
2025/05/15,11,36,5,5,5,ブルクラシコ,6,9.2,門別
2025/05/15,11,36,6,5,6,ポンドエクスプレス,7,12.2,門別
2025/05/15,11,36,7,1,1,マルティネーテ,10,73.1,門別
2025/05/15,11,36,8,8,11,ウルラニ,2,5.1,門別
2025/05/15,11,36,9,7,10,コパノキャスター,11,98.9,門別
2025/05/15,11,36,10,2,2,ロードヴェスパー,8,25.9,門別
2025/05/15,11,36,11,3,3,ダバイカンティーク,9,34.0,門別
2025/05/15,11,36,12,6,8,ロングサクセション,12,530.4,門別
2025/05/15,12,36,1,7,7,ワンダーウーマン,1,1.9,門別
2025/05/15,12,36,2,6,6,トレヴェナ,4,6.7,門別
2025/05/15,12,36,3,2,2,ヴィルミーキスミー,7,69.3,門別
2025/05/15,12,36,4,8,10,イイデマイヒメ,2,3.7,門別
2025/05/15,12,36,5,4,4,ボディコンシャス,3,4.5,門別
2025/05/15,12,36,6,8,9,エミネンスローズ,8,90.8,門別
2025/05/15,12,36,7,5,5,スティールブライト,6,43.2,門別
2025/05/15,12,36,8,1,1,ダンストンアンセム,10,452.8,門別
2025/05/15,12,36,9,3,3,ヴィトーリアヘーザ,9,254.1,門別
2025/05/15,12,36,10,7,8,ギャルソンマンキ,5,26.4,門別
2025/05/14,10,21,1,8,10,カンデラリア,2,,川崎
2025/05/14,10,21,2,4,4,ランドプラネット,6,,川崎
2025/05/14,10,21,3,8,11,ツカサレヴズ,3,,川崎
2025/05/14,10,21,4,1,1,ボーイハンター,1,,川崎
2025/05/14,10,21,5,7,8,ドルチアーリア,7,,川崎
2025/05/14,10,21,6,3,3,ミッキーハッスル,11,,川崎
2025/05/14,10,21,7,6,7,ショウナンナツゾラ,10,,川崎
2025/05/14,10,21,8,7,9,ギンユウシジン,5,,川崎
2025/05/14,10,21,9,5,5,アパショナード,9,,川崎
2025/05/14,10,21,10,6,6,ハッピーバレー,4,,川崎
2025/05/14,10,21,11,2,2,コルテデフィート,8,,川崎
2025/05/14,11,21,1,8,11,テンカジョウ,2,,川崎
2025/05/14,11,21,2,5,5,オーサムリザルト,1,,川崎
2025/05/14,11,21,3,7,8,アンモシエラ,3,,川崎
2025/05/14,11,21,4,1,1,ネバーモア,4,,川崎
2025/05/14,11,21,5,4,4,サンオークレア,7,,川崎
2025/05/14,11,21,6,7,9,メランポジューム,9,,川崎
2025/05/14,11,21,7,6,7,ソフィアクラウン,8,,川崎
2025/05/14,11,21,8,6,6,サンオルソーライズ,10,,川崎
2025/05/14,11,21,9,2,2,ローリエフレイバー,6,,川崎
2025/05/14,11,21,10,8,10,アンティキティラ,11,,川崎
2025/05/14,11,21,11,3,3,アンデスビエント,5,,川崎
2025/05/14,12,21,1,8,14,メイワノワ,6,,川崎
2025/05/14,12,21,2,7,11,リオンポラリス,1,,川崎
2025/05/14,12,21,3,6,10,コミックガール,2,,川崎
2025/05/14,12,21,4,5,8,ベニノレーヴ,14,,川崎
2025/05/14,12,21,5,2,2,マジェスティアスク,10,,川崎
2025/05/14,12,21,6,4,5,ラヴァルス,7,,川崎
2025/05/14,12,21,7,6,9,ベニノパール,12,,川崎
2025/05/14,12,21,8,4,6,ブラウオリゾン,3,,川崎
2025/05/14,12,21,9,3,3,ヤマトカチドキ,11,,川崎
2025/05/14,12,21,10,1,1,ゴールドフレイバー,5,,川崎
2025/05/14,12,21,11,7,12,ラムダ,8,,川崎
2025/05/14,12,21,12,3,4,テルスター,4,,川崎
2025/05/14,12,21,13,8,13,ツムグ,9,,川崎
2025/05/14,12,21,14,5,7,プレミアムプリモ,13,,川崎
2025/05/14,10,36,1,8,12,ディオスメッセージ,4,13.3,門別
2025/05/14,10,36,2,7,11,レディパイロ,5,16.5,門別
2025/05/14,10,36,3,6,9,トネムスメ,2,2.3,門別
2025/05/14,10,36,4,2,2,ラストボーン,1,2.2,門別
2025/05/14,10,36,5,5,7,コンサイダー,7,84.5,門別
2025/05/14,10,36,6,1,1,アイスボウル,8,111.3,門別
2025/05/14,10,36,7,7,10,サクラファシナンテ,3,6.1,門別
2025/05/14,10,36,8,4,4,グッデーサイレンス,6,19.7,門別
2025/05/14,10,36,9,6,8,オールイズトゥルー,9,229.0,門別
2025/05/14,10,36,10,4,5,アフロビート,10,244.9,門別
2025/05/14,10,36,11,8,13,プリマリー,12,465.6,門別
2025/05/14,10,36,12,5,6,ブラーブサージュ,13,489.9,門別
2025/05/14,10,36,13,3,3,コパノライダー,11,251.5,門別
2025/05/14,11,36,1,8,9,トモノシルバー,1,3.3,門別
2025/05/14,11,36,2,7,7,ワイルドラヴ,7,20.5,門別
2025/05/14,11,36,3,5,5,エターナルウインド,4,6.0,門別
2025/05/14,11,36,4,3,3,サヤオンニ,6,9.5,門別
2025/05/14,11,36,5,6,6,クラシカルスカラー,3,4.5,門別
2025/05/14,11,36,6,2,2,ディーエスエンスー,2,4.1,門別
2025/05/14,11,36,7,1,1,クインズプリーズ,5,7.2,門別
2025/05/14,11,36,8,7,8,ミレニアムバイオ,8,39.7,門別
2025/05/14,11,36,9,8,10,ヴィルゲート,10,220.2,門別
2025/05/14,11,36,10,4,4,スワンオーキッド,9,137.3,門別
2025/05/14,12,36,1,1,1,スティールドリーム,1,1.3,門別
2025/05/14,12,36,2,8,11,クィーンズヒル,9,93.1,門別
2025/05/14,12,36,3,2,2,マリノフォルテシモ,11,310.8,門別
2025/05/14,12,36,4,5,5,サクセスパルス,6,51.5,門別
2025/05/14,12,36,5,5,6,ワイドカイゼリン,3,6.4,門別
2025/05/14,12,36,6,7,9,マーゴットミニモ,2,4.3,門別
2025/05/14,12,36,7,7,10,アルマブレイド,5,40.6,門別
2025/05/14,12,36,8,8,12,クラウォー,4,19.9,門別
2025/05/14,12,36,9,3,3,クーシフォン,8,73.9,門別
2025/05/14,12,36,10,6,7,ボルゲリ,10,145.1,門別
2025/05/14,12,36,11,4,4,アンドゥーラ,7,63.6,門別
2025/05/13,10,21,1,2,2,ブレバ,4,,川崎
2025/05/13,10,21,2,8,12,アヴァニイ,5,,川崎
2025/05/13,10,21,3,6,8,グロリアンズタイム,7,,川崎
2025/05/13,10,21,4,5,7,ヴィブエアー,3,,川崎
2025/05/13,10,21,5,4,4,リョウタスペシャル,2,,川崎
2025/05/13,10,21,6,7,10,マインドユアミモザ,6,,川崎
2025/05/13,10,21,7,3,3,エアセイラン,9,,川崎
2025/05/13,10,21,8,5,6,ゴールドオリス,12,,川崎
2025/05/13,10,21,9,7,11,アルアインオアシス,1,,川崎
2025/05/13,10,21,10,1,1,アルバスドラコ,10,,川崎
2025/05/13,10,21,11,6,9,ヘルシェイク,11,,川崎
2025/05/13,10,21,12,4,5,チャールストン,8,,川崎
2025/05/13,11,21,1,3,3,プライルード,1,,川崎
2025/05/13,11,21,2,4,4,カプリフレイバー,3,,川崎
2025/05/13,11,21,3,1,1,マッドシェリー,5,,川崎
2025/05/13,11,21,4,6,6,ノースプリマ,6,,川崎
2025/05/13,11,21,5,5,5,キモンアップル,4,,川崎
2025/05/13,11,21,6,8,9,ノボベルサイユ,2,,川崎
2025/05/13,11,21,7,2,2,プリモジョーカー,9,,川崎
2025/05/13,11,21,8,8,8,ワガンセ,7,,川崎
2025/05/13,11,21,9,7,7,キュウドウクン,8,,川崎
2025/05/13,12,21,1,3,3,キタノファルコン,5,,川崎
2025/05/13,12,21,2,4,5,ダイゴホマレリュウ,3,,川崎
2025/05/13,12,21,3,3,4,クルメミッチー,4,,川崎
2025/05/13,12,21,4,6,9,レッドスウィング,13,,川崎
2025/05/13,12,21,5,6,10,リンクスエルピス,1,,川崎
2025/05/13,12,21,6,8,14,モナークスラッガー,12,,川崎
2025/05/13,12,21,7,5,7,マーシャン,2,,川崎
2025/05/13,12,21,8,7,11,ガリンシャ,7,,川崎
2025/05/13,12,21,9,5,8,マルゼンスキーツー,6,,川崎
2025/05/13,12,21,10,7,12,スターハッスル,10,,川崎
2025/05/13,12,21,11,2,2,エクセルブラック,9,,川崎
2025/05/13,12,21,12,4,6,カペラスター,11,,川崎
2025/05/13,12,21,13,1,1,ラブルパイル,14,,川崎
2025/05/13,12,21,14,8,13,ナツハヨル,8,,川崎
2025/06/11,10,20,1,7,10,フェスティヴルディ,1,,大井
2025/06/11,10,20,2,5,6,ハクアイアテナ,6,,大井
2025/06/11,10,20,3,2,2,マドモアゼルレンヌ,2,,大井
2025/06/11,10,20,4,4,5,サウンドキングダム,4,,大井
2025/06/11,10,20,5,8,13,リコーステアー,3,,大井
2025/06/11,10,20,6,7,11,ビーチユーミング,9,,大井
2025/06/11,10,20,7,8,12,ヴェントフレイバー,7,,大井
2025/06/11,10,20,8,4,4,カヴァス,5,,大井
2025/06/11,10,20,9,1,1,マリノバレリーナ,10,,大井
2025/06/11,10,20,10,6,8,ハクアイキセキ,8,,大井
2025/06/11,10,20,11,5,7,コパマエチャン,12,,大井
2025/06/11,10,20,12,3,3,ショウナンマナ,11,,大井
2025/06/11,11,20,1,4,8,ナチュラルライズ,1,,大井
2025/06/11,11,20,2,8,16,クレーキング,2,,大井
2025/06/11,11,20,3,7,13,シーソーゲーム,6,,大井
2025/06/11,11,20,4,2,3,ナイトオブファイア,4,,大井
2025/06/11,11,20,5,7,14,カナルビーグル,3,,大井
2025/06/11,11,20,6,3,5,フレンドローマ,13,,大井
2025/06/11,11,20,7,6,12,ケンシレインボー,9,,大井
2025/06/11,11,20,8,4,7,スマイルマンボ,7,,大井
2025/06/11,11,20,9,1,1,アメージング,5,,大井
2025/06/11,11,20,10,1,2,プレミアムハンド,10,,大井
2025/06/11,11,20,11,5,9,カセノタイガー,12,,大井
2025/06/11,11,20,12,6,11,ミーヴァトン,11,,大井
2025/06/11,11,20,13,5,10,ウィルオレオール,8,,大井
2025/06/11,11,20,14,2,4,プローラーティオー,14,,大井
2025/06/11,11,20,15,8,15,スキャロップ,16,,大井
2025/06/11,11,20,16,3,6,テディージュエリー,15,,大井
2025/06/11,12,20,1,6,8,ドリームビリーバー,5,,大井
2025/06/11,12,20,2,3,3,ウインドフレイバー,4,,大井
2025/06/11,12,20,3,7,9,オーシンロクゼロ,3,,大井
2025/06/11,12,20,4,6,7,ラックスアットゼア,8,,大井
2025/06/11,12,20,5,7,10,ニシノカシミヤ,2,,大井
2025/06/11,12,20,6,2,2,ロードアラビアン,1,,大井
2025/06/11,12,20,7,8,12,パワースレイヴ,6,,大井
2025/06/11,12,20,8,4,4,カツノナノリ,12,,大井
2025/06/11,12,20,9,8,11,ベジャール,7,,大井
2025/06/11,12,20,10,1,1,キタノセレナード,10,,大井
2025/06/11,12,20,11,5,6,サイレントギフト,11,,大井
2025/06/11,12,20,12,5,5,ミズワリヲクダサイ,9,,大井
2025/05/08,10,36,1,8,14,グラストップロード,1,2.0,門別
2025/05/08,10,36,2,5,8,ベルモンド,2,2.7,門別
2025/05/08,10,36,3,6,9,レイブンナイト,3,4.8,門別
2025/05/08,10,36,4,5,7,マッターホルン,4,11.6,門別
2025/05/08,10,36,5,8,13,フェアリーマジック,9,153.0,門別
2025/05/08,10,36,6,6,10,トレビアンクリール,5,25.3,門別
2025/05/08,10,36,7,3,3,シンデレラワルツ,11,232.7,門別
2025/05/08,10,36,8,1,1,スパイツサージュ,7,90.4,門別
2025/05/08,10,36,9,4,5,スプリングレター,10,198.8,門別
2025/05/08,10,36,10,7,11,エムオーコマチ,14,576.4,門別
2025/05/08,10,36,11,7,12,リトルアーサー,6,87.5,門別
2025/05/08,10,36,12,3,4,リオンキッド,8,108.5,門別
2025/05/08,10,36,13,4,6,ショウミーザマネー,13,332.3,門別
2025/05/08,10,36,14,2,2,プレジールツッキー,12,271.2,門別
2025/05/08,11,36,1,6,6,ラッキーホープ,1,1.2,門別
2025/05/08,11,36,2,8,8,イッツクール,3,10.6,門別
2025/05/08,11,36,3,5,5,スティールストーム,6,26.2,門別
2025/05/08,11,36,4,4,4,デアフルーグ,2,5.7,門別
2025/05/08,11,36,5,3,3,トラジロウ,4,15.8,門別
2025/05/08,11,36,6,7,7,トウカイエトワール,5,19.7,門別
2025/05/08,11,36,7,1,1,ショーム,7,174.7,門別
2025/05/08,11,36,8,2,2,ロフティフレーズ,8,208.9,門別
2025/05/08,12,36,1,6,6,ベルピット,1,1.2,門別
2025/05/08,12,36,2,4,4,ヒストリーメイカー,3,13.5,門別
2025/05/08,12,36,3,7,7,アナザートゥルース,2,3.4,門別
2025/05/08,12,36,4,1,1,スコルピウス,5,46.1,門別
2025/05/08,12,36,5,2,2,ハセノパイロ,6,66.1,門別
2025/05/08,12,36,6,8,8,ナムラゴロフキン,8,226.5,門別
2025/05/08,12,36,7,8,9,フレスコバルディ,7,95.2,門別
2025/05/08,12,36,8,5,5,アンタンスルフレ,4,32.6,門別
2025/05/08,12,36,9,3,3,オンストロン,9,277.1,門別
2025/05/07,10,36,1,8,12,ヤマニンリーリオ,8,36.8,門別
2025/05/07,10,36,2,7,9,アイガイッパイ,4,6.8,門別
2025/05/07,10,36,3,1,1,ニシノレヴィガータ,3,6.2,門別
2025/05/07,10,36,4,5,6,ヤマニンアリーズ,1,2.1,門別
2025/05/07,10,36,5,6,7,レッドコート,2,3.0,門別
2025/05/07,10,36,6,3,3,ミスナンナ,9,59.4,門別
2025/05/07,10,36,7,6,8,ウナトライオン,7,32.8,門別
2025/05/07,10,36,8,8,11,トーケンアーサー,5,21.8,門別
2025/05/07,10,36,9,2,2,イカロスカフェ,6,31.2,門別
2025/05/07,10,36,10,5,5,エマーブルクラス,11,263.5,門別
2025/05/07,10,36,11,7,10,ラスターカノン,10,183.1,門別
2025/05/07,10,36,12,4,4,アースジェイソンテ,12,338.8,門別
2025/05/07,11,36,1,6,6,ニシケンボブ,1,1.0,門別
2025/05/07,11,36,2,1,1,ベルウッドグラス,7,45.7,門別
2025/05/07,11,36,3,8,11,ダグフォース,3,14.4,門別
2025/05/07,11,36,4,7,9,センゲントップ,5,22.0,門別
2025/05/07,11,36,5,8,10,グリントビート,6,42.1,門別
2025/05/07,11,36,6,2,2,クルードラゴン,4,21.8,門別
2025/05/07,11,36,7,7,8,バンカブルスター,8,77.3,門別
2025/05/07,11,36,8,6,7,ノッテルーナ,2,10.1,門別
2025/05/07,11,36,9,5,5,スイングステート,9,323.3,門別
2025/05/07,11,36,10,3,3,ブッシュドノエル,10,393.7,門別
2025/05/07,11,36,11,4,4,ダークオブザナイト,11,551.3,門別
2025/05/07,12,36,1,4,4,オカンモシャチョウ,1,1.8,門別
2025/05/07,12,36,2,7,7,ピンクヴェノム,3,7.7,門別
2025/05/07,12,36,3,3,3,オンラインボス,4,9.4,門別
2025/05/07,12,36,4,2,2,ジャスパードリーム,7,42.6,門別
2025/05/07,12,36,5,8,8,カッパギ,2,2.8,門別
2025/05/07,12,36,6,6,6,マチカゼ,5,14.3,門別
2025/05/07,12,36,7,1,1,リコーリュウセイ,6,32.2,門別
2025/05/07,12,36,8,8,9,サクラルーフェン,8,200.3,門別
2025/05/07,12,36,9,5,5,ヒズライフ,9,362.4,門別
2025/05/06,10,22,1,8,8,ポッドアワーズ,3,,船橋
2025/05/06,10,22,2,3,3,ホウオウジュレップ,1,,船橋
2025/05/06,10,22,3,6,6,メタルスパーク,8,,船橋
2025/05/06,10,22,4,1,1,ミーハディビーナ,7,,船橋
2025/05/06,10,22,5,4,4,ターンソウル,2,,船橋
2025/05/06,10,22,6,2,2,クリノファルコン,6,,船橋
2025/05/06,10,22,7,5,5,レクランスリール,4,,船橋
2025/05/06,10,22,8,7,7,ルパルテール,5,,船橋
2025/05/06,11,22,1,1,1,フレーズメーカー,1,,船橋
2025/05/06,11,22,2,6,6,コルニリア,2,,船橋
2025/05/06,11,22,3,7,8,サエチ,3,,船橋
2025/05/06,11,22,4,2,2,ヒミノイチシロ,7,,船橋
2025/05/06,11,22,5,3,3,スカイストーリー,4,,船橋
2025/05/06,11,22,6,7,7,デルマカミカゼ,6,,船橋
2025/05/06,11,22,7,5,5,ブライトノート,5,,船橋
2025/05/06,11,22,8,8,9,オートヴィル,10,,船橋
2025/05/06,11,22,9,4,4,ニューアルケミー,8,,船橋
2025/05/06,11,22,10,8,10,ラバタンシン,9,,船橋
2025/05/06,12,22,1,2,2,リュウノブレイク,2,,船橋
2025/05/06,12,22,2,1,1,ハクサンツキミテイ,1,,船橋
2025/05/06,12,22,3,8,8,ペガサスターボ,5,,船橋
2025/05/06,12,22,4,3,3,エムティイーグル,4,,船橋
2025/05/06,12,22,5,6,6,イサムサンカ,3,,船橋
2025/05/06,12,22,6,7,7,ウインエタンセル,7,,船橋
2025/05/06,12,22,7,4,4,カサデガ,6,,船橋
2025/05/06,12,22,8,5,5,シトラスダル,8,,船橋
2025/05/05,10,22,1,5,5,ラマジ,7,,船橋
2025/05/05,10,22,2,1,1,ステイグリーン,4,,船橋
2025/05/05,10,22,3,2,2,ガクチカキッズ,2,,船橋
2025/05/05,10,22,4,6,6,ワレハカゼノコ,1,,船橋
2025/05/05,10,22,5,7,7,ノブノキャット,5,,船橋
2025/05/05,10,22,6,8,8,ミスゴールド,3,,船橋
2025/05/05,10,22,7,4,4,フェイマスアレグロ,6,,船橋
2025/05/05,10,22,8,3,3,コパノアマンダ,8,,船橋
2025/05/05,11,22,1,4,4,タルバン,1,,船橋
2025/05/05,11,22,2,6,7,バム,4,,船橋
2025/05/05,11,22,3,7,8,ミヤギロード,5,,船橋
2025/05/05,11,22,4,8,10,ランワールドワン,3,,船橋
2025/05/05,11,22,5,1,1,フークイーラン,11,,船橋
2025/05/05,11,22,6,6,6,クリノマックイーン,9,,船橋
2025/05/05,11,22,7,8,11,サノノラブミー,7,,船橋
2025/05/05,11,22,8,3,3,ヤッホーキリシマ,10,,船橋
2025/05/05,11,22,9,7,9,チェストイケ,8,,船橋
2025/05/05,11,22,10,5,5,カンツォーネ,6,,船橋
2025/05/05,11,22,11,2,2,モカチャン,2,,船橋
2025/05/05,12,22,1,8,10,ヤマメクィーン,1,,船橋
2025/05/05,12,22,2,6,6,クールドレーヌ,3,,船橋
2025/05/05,12,22,3,7,8,ゴールドクロス,5,,船橋
2025/05/05,12,22,4,3,3,グッドグロウス,2,,船橋
2025/05/05,12,22,5,2,2,ウメタロウ,4,,船橋
2025/05/05,12,22,6,4,4,セブンメイクハピー,10,,船橋
2025/05/05,12,22,7,8,9,ハガネ,8,,船橋
2025/05/05,12,22,8,1,1,ヨハン,6,,船橋
2025/05/05,12,22,9,5,5,アレピアード,9,,船橋
2025/05/05,12,22,10,7,7,ジェイケイファイン,7,,船橋
2025/05/02,10,20,1,6,8,ユーヒナタ,3,,大井
2025/05/02,10,20,2,5,5,ビッグアメリカン,5,,大井
2025/05/02,10,20,3,5,6,ジャスティンパワー,2,,大井
2025/05/02,10,20,4,2,2,シャドウルパン,1,,大井
2025/05/02,10,20,5,4,4,ミユキコクシムソウ,10,,大井
2025/05/02,10,20,6,7,10,カフジペンタゴン,11,,大井
2025/05/02,10,20,7,8,12,サウンドズーム,6,,大井
2025/05/02,10,20,8,8,11,エスプリブルズアイ,7,,大井
2025/05/02,10,20,9,3,3,ローゼンヴォルフ,4,,大井
2025/05/02,10,20,10,1,1,トーアカラカウア,8,,大井
2025/05/02,10,20,11,6,7,ヴァンビー,9,,大井
2025/05/02,10,20,12,7,9,ゲルタ,12,,大井
2025/05/02,11,20,1,8,11,ワンダーランド,1,,大井
2025/05/02,11,20,2,4,4,カジノフォンテン,8,,大井
2025/05/02,11,20,3,2,2,ボイラーハウス,4,,大井
2025/05/02,11,20,4,7,9,オーシンロクゼロ,6,,大井
2025/05/02,11,20,5,8,10,リコーシーウルフ,7,,大井
2025/05/02,11,20,6,7,8,ギャルダル,3,,大井
2025/05/02,11,20,7,3,3,フィリオデルソル,5,,大井
2025/05/02,11,20,8,6,7,ボンディマンシュ,9,,大井
2025/05/02,11,20,9,6,6,マザオ,2,,大井
2025/05/02,11,20,10,1,1,マースインディ,11,,大井
2025/05/02,11,20,11,5,5,ティーズダンク,10,,大井
2025/05/02,12,20,1,6,8,エスプリリチャード,7,,大井
2025/05/02,12,20,2,6,9,アジアジェニファー,5,,大井
2025/05/02,12,20,3,1,1,キタサンユニゾン,1,,大井
2025/05/02,12,20,4,8,13,ゼイトク,8,,大井
2025/05/02,12,20,5,5,6,クリティカルヒット,3,,大井
2025/05/02,12,20,6,3,3,コスモブライヤー,6,,大井
2025/05/02,12,20,7,8,12,ヤンノカステップ,9,,大井
2025/05/02,12,20,8,7,11,パールホワイトイブ,4,,大井
2025/05/02,12,20,9,4,5,シャークシャイニー,10,,大井
2025/05/02,12,20,10,4,4,トレーナーチョイス,11,,大井
2025/05/02,12,20,11,7,10,ゴルトレオパルト,12,,大井
2025/05/02,12,20,12,2,2,ナンセイタイム,2,,大井
2025/05/02,12,20,13,5,7,ユイノコドウ,13,,大井
2025/05/01,10,36,1,2,2,ハニービート,7,42.9,門別
2025/05/01,10,36,2,7,11,スグラフィート,1,1.9,門別
2025/05/01,10,36,3,7,10,ウナヴォルタ,6,25.7,門別
2025/05/01,10,36,4,4,5,デュアルキャリアー,2,3.9,門別
2025/05/01,10,36,5,4,4,メイショウマーブル,5,18.0,門別
2025/05/01,10,36,6,6,9,トドイワウィンド,9,78.1,門別
2025/05/01,10,36,7,5,7,ミスサラワク,4,10.7,門別
2025/05/01,10,36,8,6,8,バインドロック,8,43.7,門別
2025/05/01,10,36,9,1,1,スマイルシエラ,3,4.5,門別
2025/05/01,10,36,10,5,6,マドンナリリー,12,289.0,門別
2025/05/01,10,36,11,8,12,エイシンモシリ,10,129.3,門別
2025/05/01,10,36,12,3,3,ティロワール,11,230.9,門別
2025/05/01,10,36,13,8,13,ロングサクセション,13,301.5,門別
2025/05/01,11,36,1,5,5,ピエールオレゴン,1,1.4,門別
2025/05/01,11,36,2,2,2,パカラボーイ,2,4.2,門別
2025/05/01,11,36,3,8,12,サヤオンニ,4,15.1,門別
2025/05/01,11,36,4,8,11,ブレイヴァリーボス,5,19.2,門別
2025/05/01,11,36,5,4,4,ジョルジュ,9,118.3,門別
2025/05/01,11,36,6,7,10,ヴァンダービルト,7,44.6,門別
2025/05/01,11,36,7,7,9,バラライカ,6,19.7,門別
2025/05/01,11,36,8,6,7,ウェルメイド,10,166.1,門別
2025/05/01,11,36,9,5,6,シャノンフォールズ,3,9.6,門別
2025/05/01,11,36,10,3,3,マリノフォルテシモ,8,93.5,門別
2025/05/01,11,36,11,1,1,ハードボイルド,11,200.7,門別
2025/05/01,11,36,12,6,8,サントレゾール,12,309.5,門別
2025/05/01,12,36,1,5,5,ソルジャーフィルド,1,1.2,門別
2025/05/01,12,36,2,6,6,ウィルオレオール,2,3.7,門別
2025/05/01,12,36,3,1,1,ミラクルヴォイス,3,11.7,門別
2025/05/01,12,36,4,3,3,ジェーケーボンバー,4,14.8,門別
2025/05/01,12,36,5,7,7,シュネルカガ,6,107.0,門別
2025/05/01,12,36,6,4,4,シロカーク,7,115.3,門別
2025/05/01,12,36,7,2,2,ミスターキック,5,32.2,門別
2025/04/30,10,20,1,3,3,ガンモレジェンド,5,,大井
2025/04/30,10,20,2,2,2,プレストアーサー,4,,大井
2025/04/30,10,20,3,4,6,サイレントブラック,3,,大井
2025/04/30,10,20,4,1,1,ドゥーロアバンティ,2,,大井
2025/04/30,10,20,5,7,11,マインジャラン,7,,大井
2025/04/30,10,20,6,6,9,シャープムスタング,1,,大井
2025/04/30,10,20,7,7,12,リケアミネオラ,12,,大井
2025/04/30,10,20,8,5,7,ベイデンマリーナ,8,,大井
2025/04/30,10,20,9,5,8,バンドールロゼ,11,,大井
2025/04/30,10,20,10,4,5,ディヴァージオン,6,,大井
2025/04/30,10,20,11,8,13,チャンチャン,13,,大井
2025/04/30,10,20,12,8,14,ティーズエナジー,10,,大井
2025/04/30,10,20,13,3,4,マイネルボンバー,9,,大井
2025/04/30,11,20,1,5,9,ベルグラシアス,4,,大井
2025/04/30,11,20,2,4,7,グレアネオンライト,13,,大井
2025/04/30,11,20,3,2,4,ドナギニー,9,,大井
2025/04/30,11,20,4,3,6,エイシンナデシコ,6,,大井
2025/04/30,11,20,5,7,13,プラウドフレール,1,,大井
2025/04/30,11,20,6,3,5,リコーテリア,7,,大井
2025/04/30,11,20,7,1,1,アメストリス,12,,大井
2025/04/30,11,20,8,6,12,ホーリーグレイル,2,,大井
2025/04/30,11,20,9,4,8,ゼロアワー,3,,大井
2025/04/30,11,20,10,8,15,ハナノウタゲ,14,,大井
2025/04/30,11,20,11,8,16,ゴーゴーイーグルス,11,,大井
2025/04/30,11,20,12,1,2,ピーエムナナ,8,,大井
2025/04/30,11,20,13,6,11,エイシンマジョリカ,5,,大井
2025/04/30,11,20,14,7,14,ダイシンゲキ,15,,大井
2025/04/30,11,20,15,2,3,リヴェルベロ,10,,大井
2025/04/30,11,20,16,5,10,アランフェスローズ,16,,大井
2025/04/30,12,20,1,7,14,ティントレット,1,,大井
2025/04/30,12,20,2,1,2,オメガシンフォニー,2,,大井
2025/04/30,12,20,3,1,1,ドリームビリーバー,12,,大井
2025/04/30,12,20,4,5,9,メンコイボクチャン,4,,大井
2025/04/30,12,20,5,2,4,コスモソンジュ,3,,大井
2025/04/30,12,20,6,4,8,ジャックオレンジ,11,,大井
2025/04/30,12,20,7,5,10,ラックスアットゼア,6,,大井
2025/04/30,12,20,8,8,16,デザートウインド,13,,大井
2025/04/30,12,20,9,4,7,ハセノエクスプレス,7,,大井
2025/04/30,12,20,10,2,3,サブノハクタカ,15,,大井
2025/04/30,12,20,11,6,11,キタサンベレーザ,8,,大井
2025/04/30,12,20,12,3,6,サイレントギフト,14,,大井
2025/04/30,12,20,13,6,12,グッドウッドガイ,9,,大井
2025/04/30,12,20,14,3,5,パワースレイヴ,10,,大井
2025/04/30,12,20,15,8,15,セリエル,5,,大井
2025/04/30,9,36,1,8,13,ハイカラサン,1,1.5,門別
2025/04/30,9,36,2,8,12,バイバイダーリン,2,3.4,門別
2025/04/30,9,36,3,6,9,サクラキングリー,5,24.8,門別
2025/04/30,9,36,4,7,10,アクティブテーラー,11,246.0,門別
2025/04/30,9,36,5,4,5,エデュース,3,7.3,門別
2025/04/30,9,36,6,3,3,アフリカンリリー,4,14.2,門別
2025/04/30,9,36,7,5,6,ベイサルシュート,7,109.8,門別
2025/04/30,9,36,8,6,8,キョウエイボンバー,9,176.9,門別
2025/04/30,9,36,9,7,11,アースジェイソンテ,10,191.7,門別
2025/04/30,9,36,10,5,7,ワイルドバンチ,6,34.3,門別
2025/04/30,9,36,11,1,1,フェデラボーテ,13,316.3,門別
2025/04/30,9,36,12,2,2,マジカ,12,266.0,門別
2025/04/30,9,36,13,4,4,スティールヒューズ,8,113.8,門別
2025/04/30,10,36,1,7,8,アジャイルブラック,1,1.3,門別
2025/04/30,10,36,2,6,6,ワイドカイゼリン,2,4.8,門別
2025/04/30,10,36,3,7,7,スペイスフォース,5,28.3,門別
2025/04/30,10,36,4,8,10,クラウォー,6,42.5,門別
2025/04/30,10,36,5,1,1,クーシフォン,8,71.5,門別
2025/04/30,10,36,6,8,9,サクセスパルス,4,11.1,門別
2025/04/30,10,36,7,5,5,ホウオウプラージュ,10,135.6,門別
2025/04/30,10,36,8,4,4,ボルゲリ,9,134.0,門別
2025/04/30,10,36,9,2,2,クィーンズヒル,7,70.3,門別
2025/04/30,10,36,10,3,3,アンドゥーラ,3,7.3,門別
2025/04/30,11,36,1,8,13,スワッガー,1,2.1,門別
2025/04/30,11,36,2,7,11,ラストボーン,5,14.4,門別
2025/04/30,11,36,3,6,10,トネムスメ,3,5.8,門別
2025/04/30,11,36,4,5,7,レディパイロ,12,207.9,門別
2025/04/30,11,36,5,5,8,タイセイロージー,4,6.3,門別
2025/04/30,11,36,6,7,12,アイスボウル,8,50.3,門別
2025/04/30,11,36,7,3,3,サクラファシナンテ,2,3.6,門別
2025/04/30,11,36,8,2,2,アフロビート,11,183.8,門別
2025/04/30,11,36,9,6,9,グッデーサイレンス,7,30.3,門別
2025/04/30,11,36,10,4,6,ディオスメッセージ,6,26.4,門別
2025/04/30,11,36,11,1,1,コンサイダー,9,93.7,門別
2025/04/30,11,36,12,3,4,オフビート,14,464.1,門別
2025/04/30,11,36,13,4,5,コパノライダー,10,157.0,門別
2025/04/30,11,36,14,8,14,ディーエスフランク,13,423.7,門別
2025/04/29,10,20,1,4,5,サガノオウマサン,3,,大井
2025/04/29,10,20,2,4,6,マイネルオデーサ,4,,大井
2025/04/29,10,20,3,5,7,フォーチュネイト,1,,大井
2025/04/29,10,20,4,1,1,ピンナダ,5,,大井
2025/04/29,10,20,5,8,13,ゴッドモード,6,,大井
2025/04/29,10,20,6,5,8,ミチノシチリア,8,,大井
2025/04/29,10,20,7,7,11,ショウナンタバルア,2,,大井
2025/04/29,10,20,8,3,3,メイショウトワニ,7,,大井
2025/04/29,10,20,9,6,9,アンパト,10,,大井
2025/04/29,10,20,10,8,14,チュイション,11,,大井
2025/04/29,10,20,11,6,10,ワイルドウォリアー,13,,大井
2025/04/29,10,20,12,7,12,オリリオ,9,,大井
2025/04/29,10,20,13,2,2,ブラッドワイルド,14,,大井
2025/04/29,10,20,14,3,4,ファイストス,12,,大井
2025/04/29,11,20,1,7,12,ナチュラルライズ,1,,大井
2025/04/29,11,20,2,4,6,ナイトオブファイア,4,,大井
2025/04/29,11,20,3,5,9,ジャナドリア,2,,大井
2025/04/29,11,20,4,4,7,スマイルマンボ,5,,大井
2025/04/29,11,20,5,3,5,アメージング,6,,大井
2025/04/29,11,20,6,2,3,ミーヴァトン,8,,大井
2025/04/29,11,20,7,1,1,フレンドローマ,12,,大井
2025/04/29,11,20,8,3,4,グランジョルノ,3,,大井
2025/04/29,11,20,9,6,11,ペピタドーロ,7,,大井
2025/04/29,11,20,10,7,13,コスタデラルス,11,,大井
2025/04/29,11,20,11,6,10,カセノタイガー,9,,大井
2025/04/29,11,20,12,2,2,キングオブワールド,10,,大井
2025/04/29,11,20,13,8,14,ベクトルマッハ,15,,大井
2025/04/29,11,20,14,5,8,スキャロップ,13,,大井
2025/04/29,11,20,15,8,15,バブリングストーン,14,,大井
2025/04/29,12,20,1,7,13,ノースジャスティス,2,,大井
2025/04/29,12,20,2,5,10,イタロ,4,,大井
2025/04/29,12,20,3,8,15,ヤマノウォーリア,10,,大井
2025/04/29,12,20,4,5,9,コーミズアムール,8,,大井
2025/04/29,12,20,5,4,8,シザーハンズ,7,,大井
2025/04/29,12,20,6,7,14,デュアルロンド,1,,大井
2025/04/29,12,20,7,1,1,アポロリヤム,6,,大井
2025/04/29,12,20,8,6,11,フォルツァ,13,,大井
2025/04/29,12,20,9,8,16,トチノヒーロー,14,,大井
2025/04/29,12,20,10,6,12,シャインフォール,9,,大井
2025/04/29,12,20,11,4,7,ラペルシェール,11,,大井
2025/04/29,12,20,12,3,5,サッキーミツグ,5,,大井
2025/04/29,12,20,13,2,4,ウインコマチ,12,,大井
2025/04/29,12,20,14,1,2,ウイスキータイム,15,,大井
2025/04/29,12,20,15,2,3,コウユーユメノヨウ,3,,大井
2025/04/28,10,20,1,1,1,ポルトディタリー,5,33.3,大井
2025/04/28,10,20,2,3,3,レディヴィクトリア,3,32.5,大井
2025/04/28,10,20,3,2,2,インヘリタンスエス,2,310.4,大井
2025/04/28,10,20,4,6,7,ミキノカラクリバコ,1,187.7,大井
2025/04/28,10,20,5,7,9,エイコーカイザー,9,7.1,大井
2025/04/28,10,20,6,8,11,グァンダオ,7,2.0,大井
2025/04/28,10,20,7,8,12,ザムト,4,19.3,大井
2025/04/28,10,20,8,6,8,ニシノリピート,6,16.3,大井
2025/04/28,10,20,9,4,4,エルマスフエルテ,8,5.8,大井
2025/04/28,10,20,10,7,10,サンラモン,10,5.1,大井
2025/04/28,10,20,11,5,6,アメアガリ,11,50.6,大井
2025/04/28,11,20,1,5,8,ロンギングナイス,8,3.3,大井
2025/04/28,11,20,2,3,4,シゲルマッハ,4,10.3,大井
2025/04/28,11,20,3,4,7,サイアンドコー,1,15.9,大井
2025/04/28,11,20,4,3,5,ゴールデンブザー,5,16.5,大井
2025/04/28,11,20,5,2,2,トウケイカッタロー,14,52.0,大井
2025/04/28,11,20,6,5,9,ラッシュワン,2,20.8,大井
2025/04/28,11,20,7,2,3,スターオブフェイス,6,5.0,大井
2025/04/28,11,20,8,1,1,スナイプフレイバー,3,4.9,大井
2025/04/28,11,20,9,4,6,チャダルクン,12,6.1,大井
2025/04/28,11,20,10,6,10,ミラクルランバック,10,9.9,大井
2025/04/28,11,20,11,7,12,プレストステラ,7,,大井
2025/04/28,11,20,12,8,15,モンゲーハガネ,13,,大井
2025/04/28,11,20,13,8,14,ナサ,15,,大井
2025/04/28,11,20,14,7,13,ポッドレオ,9,,大井
2025/04/28,11,20,15,6,11,ニシノデフィレ,11,,大井
2025/04/28,12,20,1,5,5,クチャモザクワジャ,2,7.2,大井
2025/04/28,12,20,2,7,9,プルミエールパス,1,,大井
2025/04/28,12,20,3,8,11,カゼノイタズラ,6,,大井
2025/04/28,12,20,4,7,8,グリーンフラッシュ,3,,大井
2025/04/28,12,20,5,6,6,アイアムイブシギン,4,12.7,大井
2025/04/28,12,20,6,4,4,ジュエルアバンティ,7,2.6,大井
2025/04/28,12,20,7,3,3,ゼネラルチーター,11,11.7,大井
2025/04/28,12,20,8,1,1,クライトゥナイト,5,5.7,大井
2025/04/28,12,20,9,8,10,ブラントンアロー,9,,大井
2025/04/28,12,20,10,2,2,キルザサイレンス,8,32.1,大井
2025/04/28,12,20,11,6,7,バイオレットローズ,10,2.7,大井
2025/11/28,10,23,1,3,3,ライジングハース,1,,浦和
2025/11/28,10,23,2,7,7,シュピラール,3,,浦和
2025/11/28,10,23,3,6,6,アシレ,4,,浦和
2025/11/28,10,23,4,1,1,チュウワアスコット,2,,浦和
2025/11/28,10,23,5,5,5,ユキノフルマチ,5,,浦和
2025/11/28,10,23,6,4,4,ルクリリ,7,,浦和
2025/11/28,10,23,7,2,2,フルラーナ,6,,浦和
2025/11/28,11,23,1,7,7,シックスパック,1,,浦和
2025/11/28,11,23,2,5,5,モズミコシ,3,,浦和
2025/11/28,11,23,3,1,1,シヴァールバーニ,2,,浦和
2025/11/28,11,23,4,3,3,ホウオウパシュート,5,,浦和
2025/11/28,11,23,5,4,4,ココモナカ,6,,浦和
2025/11/28,11,23,6,2,2,レジョンデロル,4,,浦和
2025/11/28,11,23,7,8,8,コパノランサー,7,,浦和
2025/11/28,11,23,8,6,6,コパノユミル,8,,浦和
2025/11/28,12,23,1,7,8,エイシンリファイン,2,,浦和
2025/11/28,12,23,2,8,10,ミカエル,1,,浦和
2025/11/28,12,23,3,8,9,カケルゴメンネ,6,,浦和
2025/11/28,12,23,4,4,4,ホワイトラビット,3,,浦和
2025/11/28,12,23,5,6,6,アメリカンビッキー,4,,浦和
2025/11/28,12,23,6,2,2,コンバットキャップ,7,,浦和
2025/11/28,12,23,7,3,3,ミコニス,5,,浦和
2025/11/28,12,23,8,7,7,フェアリーマーク,8,,浦和
2025/11/28,12,23,9,5,5,アーラ,10,,浦和
2025/11/28,12,23,10,1,1,マルキスト,9,,浦和
2025/04/24,10,36,1,8,10,クラウングスタフ,2,2.9,門別
2025/04/24,10,36,2,6,6,キングズロア,1,2.5,門別
2025/04/24,10,36,3,8,11,シュタイフブリーゼ,4,8.2,門別
2025/04/24,10,36,4,6,7,ハナレタクナイ,5,20.0,門別
2025/04/24,10,36,5,3,3,アンノウンヒーロー,9,154.4,門別
2025/04/24,10,36,6,7,8,カナデルエア,6,45.1,門別
2025/04/24,10,36,7,7,9,セイランクロフネ,7,61.5,門別
2025/04/24,10,36,8,1,1,シュヴィル,8,146.3,門別
2025/04/24,10,36,9,2,2,クリプティクコード,10,185.4,門別
2025/04/24,10,36,10,4,4,クラウンロマーニャ,3,3.5,門別
2025/04/24,10,36,11,5,5,シャドウクロス,11,186.2,門別
2025/04/24,11,36,1,6,7,デアフルーグ,6,41.3,門別
2025/04/24,11,36,2,5,6,ラッキーホープ,1,1.3,門別
2025/04/24,11,36,3,4,4,ブリックロード,3,6.1,門別
2025/04/24,11,36,4,8,12,オンラインボス,5,25.7,門別
2025/04/24,11,36,5,3,3,リコーリュウセイ,8,136.7,門別
2025/04/24,11,36,6,6,8,トウカイエトワール,4,11.6,門別
2025/04/24,11,36,7,8,11,グッドボーイ,2,5.4,門別
2025/04/24,11,36,8,1,1,ロフティフレーズ,9,186.8,門別
2025/04/24,11,36,9,7,9,ショーム,7,89.0,門別
2025/04/24,11,36,10,5,5,エバニスタ,10,311.2,門別
2025/04/24,11,36,11,7,10,サクラルーフェン,11,336.3,門別
2025/04/24,11,36,12,2,2,ヒズライフ,12,368.2,門別
2025/04/24,12,36,1,8,10,デステージョ,2,3.4,門別
2025/04/24,12,36,2,6,6,ケイアイロベージ,3,6.1,門別
2025/04/24,12,36,3,4,4,ストリーム,1,2.7,門別
2025/04/24,12,36,4,8,11,ドウドウキリシマ,4,6.4,門別
2025/04/24,12,36,5,3,3,ドラゴンゴクウ,8,29.3,門別
2025/04/24,12,36,6,7,8,ヴィヴィアンエイト,5,8.8,門別
2025/04/24,12,36,7,6,7,スティールストーム,11,174.4,門別
2025/04/24,12,36,8,7,9,イッツクール,7,25.1,門別
2025/04/24,12,36,9,5,5,トラジロウ,6,17.5,門別
2025/04/24,12,36,10,1,1,ジャスパーシャイン,10,77.4,門別
2025/04/24,12,36,11,2,2,ピンクヴェノム,9,61.7,門別
2025/04/23,10,36,1,2,2,グシチャンノソラ,4,11.2,門別
2025/04/23,10,36,2,6,8,トレビアンクリール,11,73.0,門別
2025/04/23,10,36,3,8,11,アイガイッパイ,9,45.8,門別
2025/04/23,10,36,4,7,10,ジャスパーサン,3,6.8,門別
2025/04/23,10,36,5,6,7,マーヤボニータ,2,2.6,門別
2025/04/23,10,36,6,5,6,ノルディア,1,2.5,門別
2025/04/23,10,36,7,8,12,ダイメイイースター,6,22.8,門別
2025/04/23,10,36,8,5,5,ヤマニンリーリオ,8,26.0,門別
2025/04/23,10,36,9,4,4,マホウノコトバ,7,24.0,門別
2025/04/23,10,36,10,1,1,ラスターカノン,10,69.0,門別
2025/04/23,10,36,11,3,3,ルクスグラシャス,12,168.3,門別
2025/04/23,10,36,12,7,9,ブラックモア,5,13.9,門別
2025/04/23,11,36,1,1,1,オカンモシャチョウ,3,5.3,門別
2025/04/23,11,36,2,6,7,ライトヴェール,1,2.4,門別
2025/04/23,11,36,3,6,8,ガンスリンガー,5,10.4,門別
2025/04/23,11,36,4,4,4,カッパギ,2,4.4,門別
2025/04/23,11,36,5,2,2,ジャスパードリーム,7,22.8,門別
2025/04/23,11,36,6,8,11,カプセル,4,5.7,門別
2025/04/23,11,36,7,8,12,プレストエンジェル,11,198.4,門別
2025/04/23,11,36,8,7,10,タイシロンブレード,10,169.2,門別
2025/04/23,11,36,9,5,6,ウインドインバイオ,8,108.5,門別
2025/04/23,11,36,10,5,5,ヒラソール,9,132.1,門別
2025/04/23,11,36,11,3,3,アトラクトボイス,12,279.5,門別
2025/04/23,11,36,12,7,9,フォルテース,6,10.9,門別
2025/04/23,12,36,1,5,5,パッションクライ,3,10.6,門別
2025/04/23,12,36,2,6,6,ベルピット,1,1.1,門別
2025/04/23,12,36,3,7,7,ニシケンボブ,2,5.0,門別
2025/04/23,12,36,4,2,2,ヒストリーメイカー,4,19.5,門別
2025/04/23,12,36,5,4,4,スコルピウス,5,77.0,門別
2025/04/23,12,36,6,3,3,ハセノパイロ,6,95.0,門別
2025/04/23,12,36,7,1,1,ナムラゴロフキン,7,150.3,門別
2025/04/23,12,36,8,8,8,ファイナルマズル,8,186.7,門別
2025/04/18,10,20,1,7,8,ゴールデンエール,1,,大井
2025/04/18,10,20,2,4,4,パールホワイトイブ,7,,大井
2025/04/18,10,20,3,5,5,サイレントブラック,2,,大井
2025/04/18,10,20,4,6,7,ゼイトク,8,,大井
2025/04/18,10,20,5,6,6,トレーナーチョイス,10,,大井
2025/04/18,10,20,6,3,3,ビッグアメリカン,3,,大井
2025/04/18,10,20,7,2,2,ユイノコドウ,11,,大井
2025/04/18,10,20,8,8,10,コンチトーホク,5,,大井
2025/04/18,10,20,9,7,9,パイロビーム,6,,大井
2025/04/18,10,20,10,1,1,エスプリリチャード,4,,大井
2025/04/18,10,20,11,8,11,グンジン,9,,大井
2025/04/18,11,20,1,1,1,ハデスキーパー,1,,大井
2025/04/18,11,20,2,3,3,ダイバリオン,3,,大井
2025/04/18,11,20,3,5,5,ローズボウル,5,,大井
2025/04/18,11,20,4,4,4,エイシンピストン,2,,大井
2025/04/18,11,20,5,2,2,タイガーチャージ,4,,大井
2025/04/18,11,20,6,8,8,ゲットアップ,6,,大井
2025/04/18,11,20,7,6,6,ヒミノフラッシュ,8,,大井
2025/04/18,11,20,8,7,7,マイネルロッシュ,7,,大井
2025/04/18,12,20,1,7,13,サッキーミツグ,11,,大井
2025/04/18,12,20,2,6,11,ノースジャスティス,1,,大井
2025/04/18,12,20,3,2,2,ケンヴィヴァルディ,4,,大井
2025/04/18,12,20,4,5,8,ゼットソード,8,,大井
2025/04/18,12,20,5,2,3,ブライトカラー,7,,大井
2025/04/18,12,20,6,6,10,タルマファイト,14,,大井
2025/04/18,12,20,7,1,1,トーケンレナン,9,,大井
2025/04/18,12,20,8,3,4,コーゲンシルバー,10,,大井
2025/04/18,12,20,9,3,5,ヤンノカステップ,13,,大井
2025/04/18,12,20,10,8,14,ミネソタ,6,,大井
2025/04/18,12,20,11,5,9,フォルスタクラス,5,,大井
2025/04/18,12,20,12,4,7,ジャズダンス,2,,大井
2025/04/18,12,20,13,7,12,シャークシャイニー,12,,大井
2025/04/18,12,20,14,4,6,シタン,15,,大井
2025/04/18,12,20,15,8,15,リッキーフェイス,3,,大井
2025/04/17,10,20,1,8,12,マルカンラニ,1,,大井
2025/04/17,10,20,2,4,4,タンゴノアール,2,,大井
2025/04/17,10,20,3,5,6,サヨノトレイダー,4,,大井
2025/04/17,10,20,4,7,9,エスケンドリーム,3,,大井
2025/04/17,10,20,5,5,5,ソウキュウ,6,,大井
2025/04/17,10,20,6,6,8,ポンドボーイ,7,,大井
2025/04/17,10,20,7,8,11,フライヤートゥルー,9,,大井
2025/04/17,10,20,8,2,2,デッドフレイ,12,,大井
2025/04/17,10,20,9,6,7,ホウオウバローロ,5,,大井
2025/04/17,10,20,10,7,10,ヒラリーステップ,10,,大井
2025/04/17,10,20,11,1,1,トリグラフ,8,,大井
2025/04/17,10,20,12,3,3,インペリアルモート,11,,大井
2025/04/17,11,20,1,2,2,キングストンボーイ,1,,大井
2025/04/17,11,20,2,8,8,リベイクフルシティ,5,,大井
2025/04/17,11,20,3,3,3,グリューヴルム,7,,大井
2025/04/17,11,20,4,1,1,エクセスリターン,6,,大井
2025/04/17,11,20,5,4,4,ダテノショウグン,2,,大井
2025/04/17,11,20,6,8,9,ヴィアメント,8,,大井
2025/04/17,11,20,7,5,5,ヒーローコール,4,,大井
2025/04/17,11,20,8,7,7,ムエックス,3,,大井
2025/04/17,11,20,9,6,6,マースインディ,9,,大井
2025/04/17,12,20,1,1,1,パレスパートナー,6,,大井
2025/04/17,12,20,2,8,9,ビルドラポール,2,,大井
2025/04/17,12,20,3,7,8,アウトビアンキ,4,,大井
2025/04/17,12,20,4,4,4,サンクスグランパ,5,,大井
2025/04/17,12,20,5,5,5,ベアーザベル,8,,大井
2025/04/17,12,20,6,8,10,サウンドズーム,1,,大井
2025/04/17,12,20,7,2,2,エスプリブルズアイ,3,,大井
2025/04/17,12,20,8,7,7,ゴルトレオパルト,7,,大井
2025/04/17,12,20,9,3,3,グレイトミッション,10,,大井
2025/04/17,12,20,10,6,6,オメガオリーブ,9,,大井
2025/07/02,10,36,1,8,10,デスティニーホープ,1,1.1,門別
2025/07/02,10,36,2,7,8,ディープレゼント,7,36.9,門別
2025/07/02,10,36,3,6,7,アイガイッパイ,2,5.7,門別
2025/07/02,10,36,4,7,9,プリスマティカ,5,24.1,門別
2025/07/02,10,36,5,4,4,プレイフルネス,8,64.5,門別
2025/07/02,10,36,6,3,3,ポップツッキー,9,84.6,門別
2025/07/02,10,36,7,6,6,ディマリア,4,20.4,門別
2025/07/02,10,36,8,1,1,ヤマニンリーリオ,6,31.2,門別
2025/07/02,10,36,9,5,5,ゼファーバローズ,3,17.8,門別
2025/07/02,11,36,1,8,8,カッパギ,2,2.0,門別
2025/07/02,11,36,2,7,7,カプセル,3,6.6,門別
2025/07/02,11,36,3,4,4,スイングステート,5,63.1,門別
2025/07/02,11,36,4,6,6,グッドフェイス,4,16.8,門別
2025/07/02,11,36,5,2,2,ジャスパーシャイン,1,1.9,門別
2025/07/02,11,36,6,3,3,プレストエンジェル,7,132.8,門別
2025/07/02,11,36,7,1,1,メイショウイナセ,6,83.1,門別
2025/07/02,12,36,1,5,5,クルードラゴン,4,8.6,門別
2025/07/02,12,36,2,2,2,アースライザー,2,3.8,門別
2025/07/02,12,36,3,1,1,ヒカリオーソ,6,26.4,門別
2025/07/02,12,36,4,6,6,ドラゴンゴクウ,8,53.4,門別
2025/07/02,12,36,5,3,3,ベルウッドグラス,1,1.8,門別
2025/07/02,12,36,6,4,4,シンメルーブス,3,4.7,門別
2025/07/02,12,36,7,8,8,モダスオペランディ,5,23.0,門別
2025/07/02,12,36,8,7,7,ナムラゴロフキン,7,30.9,門別
2025/04/16,10,20,1,5,5,ニシノシークレット,2,,大井
2025/04/16,10,20,2,7,9,シェーンプリマー,1,,大井
2025/04/16,10,20,3,5,6,ラインエンジェル,7,,大井
2025/04/16,10,20,4,4,4,ハクアイアテナ,9,,大井
2025/04/16,10,20,5,6,7,マルヨジョーダン,6,,大井
2025/04/16,10,20,6,2,2,ベイステート,3,,大井
2025/04/16,10,20,7,1,1,カヴァス,4,,大井
2025/04/16,10,20,8,6,8,チャーミングビビ,12,,大井
2025/04/16,10,20,9,8,11,マリノバレリーナ,8,,大井
2025/04/16,10,20,10,8,12,サウンドキングダム,5,,大井
2025/04/16,10,20,11,7,10,コパマエチャン,11,,大井
2025/04/16,10,20,12,3,3,ショウナンサクレツ,10,,大井
2025/04/16,11,20,1,6,11,エートラックス,4,,大井
2025/04/16,11,20,2,2,3,サンライズホーク,2,,大井
2025/04/16,11,20,3,3,5,エンテレケイア,5,,大井
2025/04/16,11,20,4,1,1,イグザルト,3,,大井
2025/04/16,11,20,5,8,15,ガビーズシスター,1,,大井
2025/04/16,11,20,6,5,9,ダノンスコーピオン,6,,大井
2025/04/16,11,20,7,8,14,ラプタス,13,,大井
2025/04/16,11,20,8,5,8,マックス,7,,大井
2025/04/16,11,20,9,4,7,ギャルダル,11,,大井
2025/04/16,11,20,10,4,6,ティントレット,9,,大井
2025/04/16,11,20,11,7,12,デュアリスト,8,,大井
2025/04/16,11,20,12,2,2,ギガース,10,,大井
2025/04/16,11,20,13,6,10,マザオ,12,,大井
2025/04/16,11,20,14,7,13,ボイラーハウス,14,,大井
2025/04/16,11,20,15,3,4,グランデマーレ,15,,大井
2025/04/16,12,20,1,4,6,タイセイガスト,1,,大井
2025/04/16,12,20,2,7,12,デュアルロンド,2,,大井
2025/04/16,12,20,3,5,8,シザーハンズ,10,,大井
2025/04/16,12,20,4,2,2,アポロリヤム,7,,大井
2025/04/16,12,20,5,3,5,コーミズアムール,11,,大井
2025/04/16,12,20,6,2,3,プラチナムロッド,4,,大井
2025/04/16,12,20,7,4,7,ヤマノウォーリア,13,,大井
2025/04/16,12,20,8,1,1,フォルツァ,14,,大井
2025/04/16,12,20,8,5,9,トチノヒーロー,15,,大井
2025/04/16,12,20,10,7,13,マインジャラン,5,,大井
2025/04/16,12,20,11,6,10,ウイスキータイム,12,,大井
2025/04/16,12,20,12,8,14,シャインフォール,6,,大井
2025/04/16,12,20,13,6,11,イタロ,3,,大井
2025/04/16,12,20,14,3,4,チャンチャン,9,,大井
2025/04/16,12,20,15,8,15,サブノコイゴコロ,8,,大井
2025/04/16,10,36,1,7,7,マノレア,2,3.0,門別
2025/04/16,10,36,2,2,2,レイワホクト,6,25.3,門別
2025/04/16,10,36,3,8,9,ジャイロ,3,5.3,門別
2025/04/16,10,36,4,1,1,ラトワール,9,58.7,門別
2025/04/16,10,36,5,4,4,フロンテアブライト,1,2.0,門別
2025/04/16,10,36,6,6,6,アニマルフルーツ,4,13.7,門別
2025/04/16,10,36,7,3,3,ティロワール,10,196.2,門別
2025/04/16,10,36,8,7,8,ジュデシャンス,8,50.9,門別
2025/04/16,10,36,9,5,5,アフロビート,5,14.2,門別
2025/04/16,10,36,10,8,10,マドンナリリー,7,37.6,門別
2025/04/16,11,36,1,7,9,ラビアータ,2,3.4,門別
2025/04/16,11,36,2,3,3,ディーエスエンスー,3,4.1,門別
2025/04/16,11,36,3,6,7,クラシカルスカラー,5,21.1,門別
2025/04/16,11,36,4,4,4,トモノシルバー,6,23.0,門別
2025/04/16,11,36,5,1,1,フェールアシュバル,9,99.4,門別
2025/04/16,11,36,6,6,8,ワイルドラヴ,4,16.5,門別
2025/04/16,11,36,7,8,12,クインズプリーズ,1,1.9,門別
2025/04/16,11,36,8,5,5,ハードボイルド,11,157.1,門別
2025/04/16,11,36,9,8,11,スワンオーキッド,8,62.3,門別
2025/04/16,11,36,10,5,6,ミレニアムバイオ,7,43.4,門別
2025/04/16,11,36,11,2,2,コンバットグランデ,10,144.4,門別
2025/04/16,11,36,12,7,10,コスモタラゴン,12,161.7,門別
2025/04/16,12,36,1,2,2,スティールドリーム,1,2.2,門別
2025/04/16,12,36,2,3,3,マーゴットミニモ,3,6.0,門別
2025/04/16,12,36,3,8,10,スペイスフォース,10,169.6,門別
2025/04/16,12,36,4,8,9,ワイドカイゼリン,2,3.0,門別
2025/04/16,12,36,5,6,6,サクセスパルス,4,8.5,門別
2025/04/16,12,36,6,4,4,クーシフォン,6,25.6,門別
2025/04/16,12,36,7,5,5,バラライカ,5,12.0,門別
2025/04/16,12,36,8,7,7,ボルゲリ,8,43.3,門別
2025/04/16,12,36,9,1,1,トーセンジャック,7,37.8,門別
2025/04/16,12,36,10,7,8,クィーンズヒル,9,55.6,門別
2025/09/18,10,20,1,8,11,コリエドール,2,,大井
2025/09/18,10,20,2,7,10,ムサシエクスプレス,6,,大井
2025/09/18,10,20,3,1,1,サクラジェンヌ,3,,大井
2025/09/18,10,20,4,8,12,ポチョラーダ,5,,大井
2025/09/18,10,20,5,5,6,アクナーテン,7,,大井
2025/09/18,10,20,6,2,2,ツルマルヴィオレ,1,,大井
2025/09/18,10,20,7,3,3,サイレントブラック,4,,大井
2025/09/18,10,20,8,5,5,コパノスタンリー,10,,大井
2025/09/18,10,20,9,4,4,コスタデラルス,9,,大井
2025/09/18,10,20,10,7,9,ロンフォン,12,,大井
2025/09/18,10,20,11,6,7,ダイシンゲキ,11,,大井
2025/09/18,10,20,12,6,8,ミライヘノブーケ,8,,大井
2025/09/18,11,20,1,3,3,エスケンドリーム,2,,大井
2025/09/18,11,20,2,8,9,リコールガー,1,,大井
2025/09/18,11,20,3,2,2,キタサンドーシン,3,,大井
2025/09/18,11,20,4,7,7,タイセイシェダル,7,,大井
2025/09/18,11,20,5,6,6,パレルモ,6,,大井
2025/09/18,11,20,6,4,4,ウインドフレイバー,4,,大井
2025/09/18,11,20,7,5,5,メーサンデュラント,5,,大井
2025/09/18,11,20,8,8,8,ベニッシモ,8,,大井
2025/09/18,12,20,1,8,8,エルモサミオ,1,,大井
2025/09/18,12,20,2,4,4,スミソニアン,6,,大井
2025/09/18,12,20,3,5,5,マルカンブロンド,2,,大井
2025/09/18,12,20,4,7,7,レイリ,3,,大井
2025/09/18,12,20,5,2,2,アッティラ,5,,大井
2025/09/18,12,20,6,1,1,リケアミネオラ,7,,大井
2025/09/18,12,20,7,6,6,タケノシンセイ,4,,大井
2025/09/18,12,20,8,3,3,ジーゲル,8,,大井
2025/04/14,10,20,1,8,13,シンギングブルース,1,,大井
2025/04/14,10,20,2,3,3,プルミエールパス,2,3.0,大井
2025/04/14,10,20,3,7,10,クチャモザクワジャ,4,3.1,大井
2025/04/14,10,20,4,2,2,グリーンフラッシュ,5,68.9,大井
2025/04/14,10,20,5,4,5,アイアムイブシギン,3,12.9,大井
2025/04/14,10,20,6,6,8,ロワドゥサーブル,6,10.2,大井
2025/04/14,10,20,7,4,4,ナツリュウオー,7,16.8,大井
2025/04/14,10,20,8,5,7,キルザサイレンス,8,15.1,大井
2025/04/14,10,20,9,7,11,ブラントンアロー,10,53.3,大井
2025/04/14,10,20,10,6,9,ジオパークピリカ,9,3.9,大井
2025/04/14,10,20,11,1,1,ゼネラルチーター,11,181.4,大井
2025/04/14,10,20,12,5,6,バイオレットローズ,12,114.5,大井
2025/04/14,11,20,1,7,9,ミズワリヲクダサイ,10,93.6,大井
2025/04/14,11,20,2,7,8,ラッシュワン,8,50.1,大井
2025/04/14,11,20,3,8,11,コスモソンジュ,3,16.5,大井
2025/04/14,11,20,4,5,5,ゴールドジャッジ,2,2.8,大井
2025/04/14,11,20,5,1,1,アイアンサイズ,6,10.8,大井
2025/04/14,11,20,6,8,10,キャンユーキッス,9,12.4,大井
2025/04/14,11,20,7,4,4,キタサンベレーザ,4,62.8,大井
2025/04/14,11,20,8,6,6,スタードラマー,11,3.1,大井
2025/04/14,11,20,9,3,3,リコージーン,5,12.3,大井
2025/04/14,11,20,10,2,2,グッドウッドガイ,7,114.6,大井
2025/04/14,11,20,11,6,7,ルクスディオン,1,5.8,大井
2025/04/14,12,20,1,6,9,グロリオサ,5,2.2,大井
2025/04/14,12,20,2,8,12,パレルモ,6,3.2,大井
2025/04/14,12,20,3,2,2,ブルズアイ,1,21.8,大井
2025/04/14,12,20,4,8,13,ガンモレジェンド,3,,大井
2025/04/14,12,20,5,4,5,エムティゲラン,12,146.4,大井
2025/04/14,12,20,6,7,11,ディヴァージオン,4,26.4,大井
2025/04/14,12,20,7,1,1,ムサシジェリーナ,9,21.7,大井
2025/04/14,12,20,8,4,4,プレストアーサー,2,7.4,大井
2025/04/14,12,20,9,5,6,リケアミネオラ,11,45.7,大井
2025/04/14,12,20,10,5,7,ルメビーンズ,7,24.2,大井
2025/04/14,12,20,11,3,3,クイーンカトリーヌ,13,45.6,大井
2025/04/14,12,20,12,7,10,ブラックピアノ,8,7.5,大井
2025/04/14,12,20,13,6,8,マイネルボンバー,10,56.1,大井
2025/04/10,10,21,1,7,7,ゴールドレガシー,1,,川崎
2025/04/10,10,21,2,5,5,イーグルノワール,2,,川崎
2025/04/10,10,21,3,8,8,ゴールドホイヤー,4,,川崎
2025/04/10,10,21,4,3,3,ブルグミューラー,3,,川崎
2025/04/10,10,21,5,8,9,リコーシーウルフ,5,,川崎
2025/04/10,10,21,6,1,1,グットディール,7,,川崎
2025/04/10,10,21,7,2,2,ポリゴンウェイヴ,6,,川崎
2025/04/10,10,21,8,6,6,アドマイヤルプス,9,,川崎
2025/04/10,10,21,9,4,4,ヴァヴィロフ,8,,川崎
2025/04/10,11,21,1,6,7,ガバナビリティー,1,,川崎
2025/04/10,11,21,2,3,3,フィエレッツァ,2,,川崎
2025/04/10,11,21,3,8,12,ピーエムナナ,6,,川崎
2025/04/10,11,21,4,2,2,プリムスパールス,7,,川崎
2025/04/10,11,21,5,5,5,アッカーマン,3,,川崎
2025/04/10,11,21,6,5,6,シビックドリーム,5,,川崎
2025/04/10,11,21,7,7,9,ハセノブライアン,8,,川崎
2025/04/10,11,21,8,6,8,エレファントラン,10,,川崎
2025/04/10,11,21,9,4,4,スターグリップ,11,,川崎
2025/04/10,11,21,10,1,1,エステティーカ,9,,川崎
2025/04/10,11,21,11,7,10,ライトスリー,4,,川崎
2025/04/10,11,21,12,8,11,パラソーレ,12,,川崎
2025/04/10,12,21,1,6,10,ジャスタースパーク,4,,川崎
2025/04/10,12,21,2,5,8,スーパーリベロ,11,,川崎
2025/04/10,12,21,3,4,6,ビナサイゴン,2,,川崎
2025/04/10,12,21,4,8,13,キタノトパーズ,9,,川崎
2025/04/10,12,21,5,2,2,リグレイアー,5,,川崎
2025/04/10,12,21,6,3,3,エイシントゥラン,3,,川崎
2025/04/10,12,21,7,3,4,ゴールデンプラチナ,6,,川崎
2025/04/10,12,21,8,1,1,シェリーアモール,13,,川崎
2025/04/10,12,21,9,6,9,シントーハナノボス,1,,川崎
2025/04/10,12,21,10,7,12,シトラスダル,14,,川崎
2025/04/10,12,21,11,5,7,ドウザン,12,,川崎
2025/04/10,12,21,12,4,5,コウユーラヴラヴ,10,,川崎
2025/04/10,12,21,13,8,14,デザートトレイン,8,,川崎
2025/04/10,12,21,14,7,11,ライヴガーネット,7,,川崎
2025/04/09,10,21,1,3,3,ランドマックス,3,,川崎
2025/04/09,10,21,2,8,13,ヴィブエアー,1,,川崎
2025/04/09,10,21,3,8,14,ボルカンバル,5,,川崎
2025/04/09,10,21,4,1,1,カタルシス,7,,川崎
2025/04/09,10,21,5,3,4,コールブランド,4,,川崎
2025/04/09,10,21,6,4,5,エストレラブレイン,6,,川崎
2025/04/09,10,21,7,5,8,モンゲーハガネ,10,,川崎
2025/04/09,10,21,8,7,12,キットサクラサク,2,,川崎
2025/04/09,10,21,9,5,7,エアセイラン,11,,川崎
2025/04/09,10,21,10,6,9,コスモスミッチー,8,,川崎
2025/04/09,10,21,11,7,11,ニットウライジン,13,,川崎
2025/04/09,10,21,12,2,2,チューウィー,9,,川崎
2025/04/09,10,21,13,4,6,イサチルプリンス,12,,川崎
2025/04/09,10,21,14,6,10,マカゼ,14,,川崎
2025/04/09,11,21,1,6,8,メイショウハリオ,3,,川崎
2025/04/09,11,21,2,5,6,ディクテオン,6,,川崎
2025/04/09,11,21,3,5,7,サンライズジパング,1,,川崎
2025/04/09,11,21,4,6,9,キリンジ,10,,川崎
2025/04/09,11,21,5,7,11,メイショウフンジン,5,,川崎
2025/04/09,11,21,6,8,12,グランブリッジ,2,,川崎
2025/04/09,11,21,7,2,2,サヨノネイチヤ,11,,川崎
2025/04/09,11,21,8,1,1,ライトウォーリア,4,,川崎
2025/04/09,11,21,9,7,10,ミックファイア,8,,川崎
2025/04/09,11,21,10,4,5,ポタジェ,7,,川崎
2025/04/09,11,21,11,4,4,ダイシンピスケス,9,,川崎
2025/04/09,11,21,12,3,3,ガルボマンボ,12,,川崎
2025/04/09,11,21,13,8,13,リーチアディール,13,,川崎
2025/04/09,12,21,1,8,11,エンジェルリッター,6,,川崎
2025/04/09,12,21,2,3,3,ボーイハンター,3,,川崎
2025/04/09,12,21,3,7,9,サウスヴィル,1,,川崎
2025/04/09,12,21,4,6,6,ヒノデミッチー,5,,川崎
2025/04/09,12,21,5,6,7,ギンユウシジン,4,,川崎
2025/04/09,12,21,6,7,8,コスモカシアス,9,,川崎
2025/04/09,12,21,7,2,2,アキノスマート,8,,川崎
2025/04/09,12,21,8,8,10,タマノフィオーレ,2,,川崎
2025/04/09,12,21,9,5,5,ビステル,10,,川崎
2025/04/09,12,21,10,4,4,ナインバイパー,11,,川崎
2025/04/08,10,21,1,8,10,カレンアルカンタラ,1,,川崎
2025/04/08,10,21,2,7,8,ケンタッキースカイ,6,,川崎
2025/04/08,10,21,3,6,6,アジアミッション,2,,川崎
2025/04/08,10,21,4,8,9,タイセイストラーダ,4,,川崎
2025/04/08,10,21,5,2,2,ナガタエース,9,,川崎
2025/04/08,10,21,6,4,4,トーホウテンリュウ,8,,川崎
2025/04/08,10,21,7,7,7,ロイヤルザップ,7,,川崎
2025/04/08,10,21,8,1,1,マインドユアミモザ,5,,川崎
2025/04/08,10,21,9,5,5,シャンパンファイト,3,,川崎
2025/04/08,11,21,1,1,1,ミーヴァトン,7,,川崎
2025/04/08,11,21,2,8,8,ドリームジャパン,4,,川崎
2025/04/08,11,21,3,5,5,ヤギリケハヤ,1,,川崎
2025/04/08,11,21,4,7,7,ケンシレインボー,3,,川崎
2025/04/08,11,21,5,3,3,プレミアムハンド,2,,川崎
2025/04/08,11,21,6,4,4,プローラーティオー,8,,川崎
2025/04/08,11,21,7,2,2,アーサ,5,,川崎
2025/04/08,11,21,8,6,6,ゴールドモーニン,6,,川崎
2025/04/08,12,21,1,4,4,パイロデキセキ,3,,川崎
2025/04/08,12,21,2,1,1,エーステンペスト,11,,川崎
2025/04/08,12,21,3,3,3,セイウンダキシメテ,2,,川崎
2025/04/08,12,21,4,7,10,リュウノシンクウハ,1,,川崎
2025/04/08,12,21,5,6,7,ミツカネトーラス,10,,川崎
2025/04/08,12,21,6,2,2,グランデソレイユ,7,,川崎
2025/04/08,12,21,7,5,5,エスメラルドエクラ,5,,川崎
2025/04/08,12,21,8,8,12,カシスオレンジ,8,,川崎
2025/04/08,12,21,9,6,8,スマートアライヴ,6,,川崎
2025/04/08,12,21,10,5,6,ミライヘノメグミ,12,,川崎
2025/04/08,12,21,11,7,9,クリイロ,4,,川崎
2025/04/08,12,21,12,8,11,トラストガーベラ,9,,川崎
2025/04/07,10,21,1,6,8,マイケルマキシマス,1,,川崎
2025/04/07,10,21,2,8,11,イマヲトキメク,2,,川崎
2025/04/07,10,21,3,5,6,ビナサクセス,7,,川崎
2025/04/07,10,21,4,7,10,ベラール,3,,川崎
2025/04/07,10,21,5,5,5,アヴァニイ,9,,川崎
2025/04/07,10,21,6,1,1,メンタイマヨ,4,,川崎
2025/04/07,10,21,7,7,9,トノパー,5,,川崎
2025/04/07,10,21,8,3,3,コスモマルーン,11,,川崎
2025/04/07,10,21,9,4,4,トーホウボルツ,6,,川崎
2025/04/07,10,21,10,2,2,ピコイチ,8,,川崎
2025/04/07,10,21,11,6,7,トキノゴールド,12,,川崎
2025/04/07,10,21,12,8,12,ワガンセ,10,,川崎
2025/04/07,11,21,1,7,8,ローリエフレイバー,6,,川崎
2025/04/07,11,21,2,2,2,ソフィアクラウン,10,,川崎
2025/04/07,11,21,3,4,4,メランポジューム,5,,川崎
2025/04/07,11,21,4,1,1,メイドイットマム,4,,川崎
2025/04/07,11,21,5,8,10,ラブラブパイロ,1,,川崎
2025/04/07,11,21,6,5,5,サンオルソーライズ,7,,川崎
2025/04/07,11,21,7,8,9,エレノーラ,8,,川崎
2025/04/07,11,21,8,6,6,グレースルビー,9,,川崎
2025/04/07,11,21,9,7,7,マテリアルガール,2,,川崎
2025/04/07,11,21,10,3,3,ザオ,3,,川崎
2025/04/07,12,21,1,7,12,カガヤキファイター,4,,川崎
2025/04/07,12,21,2,7,11,トンボ,1,,川崎
2025/04/07,12,21,3,3,3,カレンアイバーソン,14,,川崎
2025/04/07,12,21,4,2,2,パラトルーパー,8,,川崎
2025/04/07,12,21,5,4,5,アンクローシュ,2,,川崎
2025/04/07,12,21,6,3,4,シングンアーメット,11,,川崎
2025/04/07,12,21,7,5,7,マロンシャンテリー,7,,川崎
2025/04/07,12,21,8,8,14,トップエンプレス,13,,川崎
2025/04/07,12,21,9,4,6,アショカ,3,,川崎
2025/04/07,12,21,10,1,1,ゴールデンレディー,10,,川崎
2025/04/07,12,21,11,6,9,フライングロッド,6,,川崎
2026/03/26,10,20,1,7,11,マルヨジョーダン,2,,大井
2026/03/26,10,20,2,6,10,シャンデリアソング,4,,大井
2026/03/26,10,20,3,6,9,ヴィジブルライト,12,,大井
2026/03/26,10,20,4,3,4,ジャスミンツー,9,,大井
2026/03/26,10,20,5,7,12,イフウドウドウ,6,,大井
2026/03/26,10,20,6,4,6,サクラフレイバー,7,,大井
2026/03/26,10,20,7,5,8,テイオームサシ,3,,大井
2026/03/26,10,20,8,8,14,アダラズプレイヤー,13,,大井
2026/03/26,10,20,9,3,3,ヤンノカステップ,10,,大井
2026/03/26,10,20,10,8,13,ジャズスマイル,5,,大井
2026/03/26,10,20,11,2,2,コスモトロイメル,8,,大井
2026/03/26,10,20,12,4,5,キタノホウセキ,1,,大井
2026/03/26,10,20,13,5,7,カヴァス,14,,大井
2026/03/26,10,20,14,1,1,マドモアゼルレンヌ,11,,大井
2026/03/26,11,20,1,5,6,ギガース,11,,大井
2026/03/26,11,20,2,7,10,フルム,2,,大井
2026/03/26,11,20,3,6,9,ザイデルバスト,4,,大井
2026/03/26,11,20,4,4,4,ゼルトザーム,10,,大井
2026/03/26,11,20,5,3,3,トーセンサンダー,9,,大井
2026/03/26,11,20,6,8,13,シアージスト,6,,大井
2026/03/26,11,20,7,2,2,マースインディ,13,,大井
2026/03/26,11,20,8,8,12,ドリームビリーバー,3,,大井
2026/03/26,11,20,9,7,11,ムーム,5,,大井
2026/03/26,11,20,10,6,8,マックス,1,,大井
2026/03/26,11,20,11,4,5,ロイヤルペガサス,12,,大井
2026/03/26,11,20,12,1,1,デュアリスト,8,,大井
2026/03/26,11,20,13,5,7,メンコイボクチャン,7,,大井
2026/03/26,12,20,1,4,5,マイネルボンバー,10,,大井
2026/03/26,12,20,2,5,7,ソルベット,2,,大井
2026/03/26,12,20,3,6,9,グロリオサ,9,,大井
2026/03/26,12,20,4,8,12,レベリオス,7,,大井
2026/03/26,12,20,5,6,8,モズユウガ,6,,大井
2026/03/26,12,20,6,2,2,ミクニサンビーム,1,,大井
2026/03/26,12,20,7,8,13,マイネルオデーサ,8,,大井
2026/03/26,12,20,8,7,11,エースアビリティ,3,,大井
2026/03/26,12,20,9,4,4,ミエノサンダー,4,,大井
2026/03/26,12,20,10,7,10,スミソニアン,13,,大井
2026/03/26,12,20,11,1,1,アレンパ,5,,大井
2026/03/26,12,20,12,5,6,レイリ,11,,大井
2026/03/26,12,20,13,3,3,コパノマデリン,12,,大井
2025/06/12,10,20,1,3,3,キタサンベレーザ,2,,大井
2025/06/12,10,20,2,2,2,ロアリングルックス,3,,大井
2025/06/12,10,20,3,8,9,マイネルロッシュ,10,,大井
2025/06/12,10,20,4,8,10,フクノフードゥル,1,,大井
2025/06/12,10,20,5,7,8,ヴィクラント,4,,大井
2025/06/12,10,20,6,5,5,セリエル,5,,大井
2025/06/12,10,20,7,7,7,サブノハクタカ,8,,大井
2025/06/12,10,20,8,4,4,アイアンサイズ,6,,大井
2025/06/12,10,20,9,1,1,スタードラマー,7,,大井
2025/06/12,10,20,10,6,6,アイカプチーノ,9,,大井
2025/06/12,11,20,1,5,7,リオンダリーナ,3,,大井
2025/06/12,11,20,2,6,9,ハーフブルー,1,,大井
2025/06/12,11,20,3,3,4,ベイビーゲート,4,,大井
2025/06/12,11,20,4,5,8,ヨシノダイセン,5,,大井
2025/06/12,11,20,5,4,6,キタサンユージャ,9,,大井
2025/06/12,11,20,6,2,2,ジューンドラゴン,7,,大井
2025/06/12,11,20,7,4,5,ハッピーゲート,8,,大井
2025/06/12,11,20,8,3,3,レディーティアラ,10,,大井
2025/06/12,11,20,9,7,12,ピンクタオルチャン,6,,大井
2025/06/12,11,20,10,6,10,カゼノハガクレ,12,,大井
2025/06/12,11,20,11,1,1,ベクトルマッハ,13,,大井
2025/06/12,11,20,12,8,13,ランベリー,11,,大井
2025/06/12,11,20,13,8,14,ヘニングセン,2,,大井
2025/06/12,12,20,1,5,6,パレルモ,2,,大井
2025/06/12,12,20,2,7,11,スミソニアン,6,,大井
2025/06/12,12,20,3,4,4,トウケイカッタロー,9,,大井
2025/06/12,12,20,4,4,5,リケアミネオラ,12,,大井
2025/06/12,12,20,5,8,12,ケテンドリーム,4,,大井
2025/06/12,12,20,6,2,2,アンニンドウフ,13,,大井
2025/06/12,12,20,7,6,9,ケンマキシム,10,,大井
2025/06/12,12,20,8,5,7,ダイアモンドモア,7,,大井
2025/06/12,12,20,9,8,13,ワールドコネクター,1,,大井
2025/06/12,12,20,10,6,8,ユウシンイモン,8,,大井
2025/06/12,12,20,11,1,1,アベニンスマイル,3,,大井
2025/06/12,12,20,12,3,3,キタサンヒコボシ,11,,大井
2026/03/25,10,20,1,5,5,ゴールドグラント,7,,大井
2026/03/25,10,20,2,7,8,ガストフロント,4,,大井
2026/03/25,10,20,3,8,9,ジーティーマジカル,2,,大井
2026/03/25,10,20,4,8,10,クレイジーフルーツ,9,,大井
2026/03/25,10,20,5,6,6,タイヘイノヨ,8,,大井
2026/03/25,10,20,6,7,7,アオイコウキ,5,,大井
2026/03/25,10,20,7,2,2,ケイコウギュウゴ,10,,大井
2026/03/25,10,20,8,4,4,ナンセイタイム,1,,大井
2026/03/25,10,20,9,1,1,アイルビリーヴ,6,,大井
2026/03/25,10,20,10,3,3,アミフジモアナ,3,,大井
2026/03/25,11,20,1,4,4,ロックターミガン,2,,大井
2026/03/25,11,20,2,1,1,フィンガー,1,,大井
2026/03/25,11,20,3,7,7,カタリテ,4,,大井
2026/03/25,11,20,4,6,6,ゼーロス,5,,大井
2026/03/25,11,20,5,3,3,サイカンサンユウ,7,,大井
2026/03/25,11,20,6,5,5,タマモフリージア,3,,大井
2026/03/25,11,20,7,2,2,アイリーズ,6,,大井
2026/03/25,12,20,1,3,3,シャドウキャッスル,2,,大井
2026/03/25,12,20,2,2,2,オリージネアリア,3,,大井
2026/03/25,12,20,3,4,5,ユウシンイモン,8,,大井
2026/03/25,12,20,4,4,4,ジーベンファルベン,5,,大井
2026/03/25,12,20,5,1,1,エターナルヴァウ,9,,大井
2026/03/25,12,20,6,7,11,イタロ,6,,大井
2026/03/25,12,20,7,8,12,ウインアイリーン,7,,大井
2026/03/25,12,20,8,5,6,バレル,4,,大井
2026/03/25,12,20,9,5,7,タイセイガスト,1,,大井
2026/03/25,12,20,10,7,10,ラペルシェール,10,,大井
2026/03/25,12,20,11,6,8,チューウィー,13,,大井
2026/03/25,12,20,12,8,13,イチニチショチョウ,12,,大井
2026/03/25,12,20,13,6,9,ヨゾラノムコウニ,11,,大井
2026/03/24,10,20,1,3,3,オンリーユーズド,12,67.3,大井
2026/03/24,10,20,2,7,11,ケンオーシャン,6,34.3,大井
2026/03/24,10,20,3,6,9,ツートンショコラ,5,76.8,大井
2026/03/24,10,20,4,4,6,ストライクノワール,4,42.2,大井
2026/03/24,10,20,5,8,14,マウリノ,2,,大井
2026/03/24,10,20,6,5,7,トウテイラン,8,89.7,大井
2026/03/24,10,20,7,4,5,フタバサクセス,1,2.2,大井
2026/03/24,10,20,8,8,13,コスモギンガ,13,,大井
2026/03/24,10,20,9,7,12,コウフウセイゲツ,9,12.0,大井
2026/03/24,10,20,10,5,8,メイショウカジボウ,3,2.2,大井
2026/03/24,10,20,11,6,10,アンジュパラディ,7,54.3,大井
2026/03/24,10,20,12,3,4,グリスタン,10,80.5,大井
2026/03/24,10,20,13,1,1,ブレスト,14,7.3,大井
2026/03/24,10,20,14,2,2,コロニス,11,54.4,大井
2026/03/24,11,20,1,6,11,シビックドリーム,2,8.5,大井
2026/03/24,11,20,2,6,12,ワールドエイム,1,,大井
2026/03/24,11,20,3,2,4,プレストステラ,6,5.1,大井
2026/03/24,11,20,4,3,5,スリーキングス,10,24.3,大井
2026/03/24,11,20,5,5,9,サヨノトレイダー,7,18.5,大井
2026/03/24,11,20,6,7,14,アポロリヤム,14,,大井
2026/03/24,11,20,7,7,13,ブーヤカ,8,,大井
2026/03/24,11,20,8,4,8,コスモソンジュ,13,17.8,大井
2026/03/24,11,20,9,1,2,コーラルキング,5,29.2,大井
2026/03/24,11,20,10,8,15,ガンモレジェンド,16,,大井
2026/03/24,11,20,11,4,7,アベニンスマイル,4,3.3,大井
2026/03/24,11,20,12,8,16,ベンテイガ,3,,大井
2026/03/24,11,20,13,5,10,フレンドローマ,12,13.7,大井
2026/03/24,11,20,14,1,1,モンゲーキララ,15,51.5,大井
2026/03/24,11,20,15,3,6,ディージェーサン,11,5.2,大井
2026/03/24,11,20,16,2,3,リシャールケリー,9,5.7,大井
2026/03/24,12,20,1,8,13,フェアゴー,1,,大井
2026/03/24,12,20,2,8,12,ファーストメイト,8,6.6,大井
2026/03/24,12,20,3,7,11,アレグランサ,11,75.1,大井
2026/03/24,12,20,4,5,6,インティコン,2,58.7,大井
2026/03/24,12,20,5,4,5,ゴンザーゴ,3,85.8,大井
2026/03/24,12,20,6,3,3,ボラボラフレイバー,4,61.9,大井
2026/03/24,12,20,7,2,2,カラーオブジアース,5,175.0,大井
2026/03/24,12,20,8,7,10,ショットオブザデイ,6,28.8,大井
2026/03/24,12,20,9,6,9,キタサンユニゾン,10,18.3,大井
2026/03/24,12,20,10,1,1,サガノオウマサン,12,1.2,大井
2026/03/24,12,20,11,5,7,キャロルビアンカ,7,59.7,大井
2026/03/24,12,20,12,6,8,センジュ,9,7.0,大井
2026/03/24,12,20,13,4,4,ヒシタイカン,13,103.2,大井
2025/08/14,10,20,1,6,12,ニシノシークレット,2,,大井
2025/08/14,10,20,2,7,13,マジックオブラブ,4,,大井
2025/08/14,10,20,3,5,10,スプレンデンテ,1,,大井
2025/08/14,10,20,4,4,7,スキャロップ,15,,大井
2025/08/14,10,20,5,8,15,ナックブレット,6,,大井
2025/08/14,10,20,6,8,16,ハクアイアテナ,5,,大井
2025/08/14,10,20,7,3,5,レディーティアラ,3,,大井
2025/08/14,10,20,8,3,6,シューボーイ,8,,大井
2025/08/14,10,20,9,7,14,ビリーヴホース,14,,大井
2025/08/14,10,20,10,4,8,トーケンレナン,10,,大井
2025/08/14,10,20,11,2,3,カガヤキトップ,7,,大井
2025/08/14,10,20,12,1,1,アフロプリンス,12,,大井
2025/08/14,10,20,13,2,4,ヤンノカステップ,9,,大井
2025/08/14,10,20,14,5,9,ツルマルゲッコー,11,,大井
2025/08/14,10,20,15,1,2,ランカグア,16,,大井
2025/08/14,10,20,16,6,11,ラジアンドラゴン,13,,大井
2025/08/14,11,20,1,7,7,グリューヴルム,1,,大井
2025/08/14,11,20,2,2,2,エクセスリターン,3,,大井
2025/08/14,11,20,3,4,4,タイガーチャージ,6,,大井
2025/08/14,11,20,4,6,6,ヴェルテックス,4,,大井
2025/08/14,11,20,5,1,1,ローズボウル,8,,大井
2025/08/14,11,20,6,5,5,イーグルノワール,5,,大井
2025/08/14,11,20,7,8,8,タンゴノアール,2,,大井
2025/08/14,11,20,8,3,3,ジーゲル,7,,大井
2025/08/14,12,20,1,8,11,ソルベット,2,,大井
2025/08/14,12,20,2,4,4,チュイション,6,,大井
2025/08/14,12,20,3,7,9,エイシンクレモナ,7,,大井
2025/08/14,12,20,4,5,6,ユイノサンバンカン,5,,大井
2025/08/14,12,20,5,2,2,コスモギンガ,9,,大井
2025/08/14,12,20,6,1,1,ベアーザベル,8,,大井
2025/08/14,12,20,7,6,8,マウリノ,1,,大井
2025/08/14,12,20,8,3,3,アンパト,10,,大井
2025/08/14,12,20,9,7,10,マキズシトイナ,12,,大井
2025/08/14,12,20,10,5,5,アンダラクリスタル,4,,大井
2025/08/14,12,20,11,8,12,エコロシャイン,11,,大井
2026/03/20,10,23,1,3,3,アルティメットサガ,4,,浦和
2026/03/20,10,23,2,1,1,コスモジョセフ,2,,浦和
2026/03/20,10,23,3,7,7,キスリング,3,,浦和
2026/03/20,10,23,4,4,4,ゴーゴーバースデイ,5,,浦和
2026/03/20,10,23,5,5,5,ナンヨーヴィヨレ,6,,浦和
2026/03/20,10,23,6,2,2,シェリングフォード,1,,浦和
2026/03/20,10,23,7,6,6,ノーダブルディップ,7,,浦和
2026/03/20,11,23,1,4,4,グスタール,6,,浦和
2026/03/20,11,23,2,7,7,ノリノリブリランテ,4,,浦和
2026/03/20,11,23,3,8,9,スターサンドビーチ,3,,浦和
2026/03/20,11,23,4,2,2,フレスコバルディ,5,,浦和
2026/03/20,11,23,5,3,3,ヒストリーメイカー,1,,浦和
2026/03/20,11,23,6,1,1,スカイオージ,8,,浦和
2026/03/20,11,23,7,5,5,プレストカイザー,9,,浦和
2026/03/20,11,23,8,6,6,スキピオ,2,,浦和
2026/03/20,11,23,9,7,8,イイネイイネイイネ,7,,浦和
2026/03/20,11,23,10,8,10,リトルサムシング,10,,浦和
2026/03/20,12,23,1,3,3,エイシンコソンテ,2,,浦和
2026/03/20,12,23,2,6,6,クロッチ,1,,浦和
2026/03/20,12,23,3,4,4,アカリリッキー,4,,浦和
2026/03/20,12,23,4,2,2,ニホンピロポート,6,,浦和
2026/03/20,12,23,5,5,5,アコー,5,,浦和
2026/03/20,12,23,6,1,1,ゴールウェイガール,3,,浦和
2026/03/18,10,23,1,1,1,マルヨファーザ,1,,浦和
2026/03/18,10,23,2,3,3,オレンタノ,2,,浦和
2026/03/18,10,23,3,2,2,ノアブラック,6,,浦和
2026/03/18,10,23,4,8,8,ファインプリンセス,3,,浦和
2026/03/18,10,23,5,5,5,リングボーイ,4,,浦和
2026/03/18,10,23,6,6,6,ゲンパチマイティー,7,,浦和
2026/03/18,10,23,7,7,7,ネオアマゾネス,5,,浦和
2026/03/18,10,23,8,4,4,カンナリリー,8,,浦和
2026/03/13,10,20,1,5,7,エイシンラセーヌ,3,,大井
2026/03/13,10,20,2,3,3,オースミメッシーナ,7,,大井
2026/03/13,10,20,3,6,9,ワンウェイ,2,,大井
2026/03/13,10,20,4,2,2,ヤマノウォーリア,8,,大井
2026/03/13,10,20,5,5,6,ジャイヴトーク,1,,大井
2026/03/13,10,20,6,8,12,ニンリル,11,,大井
2026/03/13,10,20,7,1,1,ラブラブフォー,5,,大井
2026/03/13,10,20,8,7,10,コーゲンシルバー,6,,大井
2026/03/13,10,20,9,4,4,ロッキンミー,10,,大井
2026/03/13,10,20,10,7,11,スキャロップ,4,,大井
2026/03/13,10,20,11,6,8,レーベンヘルツ,12,,大井
2026/03/13,10,20,12,8,13,アトラスライズ,9,,大井
2026/03/13,10,20,13,4,5,クイーンオブソウル,13,,大井
2026/03/13,11,20,1,8,9,カズプレスト,4,,大井
2026/03/13,11,20,2,2,2,グラヴィス,3,,大井
2026/03/13,11,20,3,8,10,ブレスワード,2,,大井
2026/03/13,11,20,4,4,4,ムットクルフェ,1,,大井
2026/03/13,11,20,5,5,5,ベルグラシアス,7,,大井
2026/03/13,11,20,6,1,1,マイネルサブマリン,6,,大井
2026/03/13,11,20,7,6,6,キャッスルブレイヴ,9,,大井
2026/03/13,11,20,8,7,7,ロイヤルペガサス,8,,大井
2026/03/13,11,20,9,3,3,ハイエストポイント,10,,大井
2026/03/13,11,20,10,7,8,タンゴノアール,5,,大井
2026/03/13,12,20,1,5,5,ロンギングタイム,1,,大井
2026/03/13,12,20,2,6,6,ソルベット,2,,大井
2026/03/13,12,20,3,4,4,アーススピリット,5,,大井
2026/03/13,12,20,4,7,7,ニシノシークレット,7,,大井
2026/03/13,12,20,5,1,1,ジーベンファルベン,3,,大井
2026/03/13,12,20,6,3,3,ユウシンイモン,8,,大井
2026/03/13,12,20,7,8,9,ビップレーヌ,6,,大井
2026/03/13,12,20,8,8,8,グラッブザトップ,4,,大井
2026/03/13,12,20,9,2,2,ムサシエクスプレス,9,,大井
2026/03/12,10,22,1,7,7,ローズピリオド,1,,船橋
2026/03/12,10,22,2,4,4,レギウス,2,,船橋
2026/03/12,10,22,3,3,3,スターカナザワ,8,,船橋
2026/03/12,10,22,4,6,6,ゴールドレコーダー,5,,船橋
2026/03/12,10,22,5,2,2,ハクサンミラクル,4,,船橋
2026/03/12,10,22,6,7,8,コルニリア,3,,船橋
2026/03/12,10,22,7,5,5,チュッカ,7,,船橋
2026/03/12,10,22,8,1,1,ハクサンソヌス,6,,船橋
2026/03/11,10,22,1,1,1,ピカピカピロコ,6,,船橋
2026/03/11,10,22,2,7,7,エムティジーク,1,,船橋
2026/03/11,10,22,3,7,8,グリーゼ,2,,船橋
2026/03/11,10,22,4,8,10,ケーズコマクサ,3,,船橋
2026/03/11,10,22,5,4,4,サノノサルバドール,7,,船橋
2026/03/11,10,22,6,6,6,グラシアレス,4,,船橋
2026/03/11,10,22,7,2,2,ナックステート,8,,船橋
2026/03/11,10,22,8,5,5,キャンパスレディ,5,,船橋
2026/03/11,10,22,9,8,9,イネスティマブル,9,,船橋
2026/03/11,10,20,1,8,13,ホワイトマジック,1,,大井
2026/03/11,10,20,2,2,2,マジシャンガール,2,,大井
2026/03/11,10,20,3,3,3,シュルーズベリー,8,,大井
2026/03/11,10,20,4,6,9,ジーティーマジカル,4,,大井
2026/03/11,10,20,5,5,8,ヤンノカステップ,5,,大井
2026/03/11,10,20,6,5,7,アオイコウキ,11,,大井
2026/03/11,10,20,7,4,5,ゴールドグラント,9,,大井
2026/03/11,10,20,8,4,6,カヴァス,7,,大井
2026/03/11,10,20,9,7,11,ガストフロント,6,,大井
2026/03/11,10,20,10,8,14,クレイジーフルーツ,13,,大井
2026/03/11,10,20,11,6,10,アンモニャイト,10,,大井
2026/03/11,10,20,12,3,4,ナンセイタイム,3,,大井
2026/03/11,10,20,13,7,12,ケイコウギュウゴ,14,,大井
2026/03/11,11,20,1,8,11,ライムフレイバー,3,,大井
2026/03/11,11,20,2,1,1,ジューンドラゴン,5,,大井
2026/03/11,11,20,3,8,12,クレド,1,,大井
2026/03/11,11,20,4,5,5,リュウノファウラー,4,,大井
2026/03/11,11,20,5,2,2,スピリットガイド,7,,大井
2026/03/11,11,20,6,6,7,シャインフォール,6,,大井
2026/03/11,11,20,7,7,9,セントラルガバナー,2,,大井
2026/03/11,11,20,8,7,10,コスモソンジュ,8,,大井
2026/03/11,11,20,9,5,6,アポロリヤム,9,,大井
2026/03/11,11,20,10,6,8,ニシノデフィレ,10,,大井
2026/03/11,11,20,11,3,3,カンノンミカヅキ,11,,大井
2026/03/11,11,20,12,4,4,モンゲーキララ,12,,大井
2026/03/11,12,20,1,6,7,モリデンステルス,1,,大井
2026/03/11,12,20,2,3,3,イタロ,6,,大井
2026/03/11,12,20,3,7,9,シャドウキャッスル,2,,大井
2026/03/11,12,20,4,2,2,ケンヴィヴァルディ,4,,大井
2026/03/11,12,20,5,1,1,リコーテリア,3,,大井
2026/03/11,12,20,6,8,11,ヨゾラノムコウニ,7,,大井
2026/03/11,12,20,7,5,5,ユーヒナタ,5,,大井
2026/03/11,12,20,8,7,8,イチニチショチョウ,9,,大井
2026/03/11,12,20,9,6,6,チューウィー,10,,大井
2026/03/11,12,20,10,4,4,ワールドエンパイア,8,,大井
2026/03/11,12,20,11,8,10,エイシンネクタル,11,,大井
2026/03/10,10,20,1,8,10,スリーレジェンド,1,9.3,大井
2026/03/10,10,20,2,6,6,ショットオブザデイ,6,4.8,大井
2026/03/10,10,20,3,7,8,エコロタイタン,5,3.9,大井
2026/03/10,10,20,4,2,2,キャロルビアンカ,4,4.5,大井
2026/03/10,10,20,5,7,7,サガノオウマサン,9,13.7,大井
2026/03/10,10,20,6,1,1,カラーオブジアース,3,7.5,大井
2026/03/10,10,20,7,8,9,センジュ,2,15.0,大井
2026/03/10,10,20,8,3,3,アレグランサ,7,19.4,大井
2026/03/10,10,20,9,4,4,デルバイス,10,19.2,大井
2026/03/10,10,20,10,5,5,サウンドロックス,8,11.3,大井
2026/03/10,11,20,1,4,8,ナンセイホワイト,5,10.1,大井
2026/03/10,11,20,2,5,9,ジョージテソーロ,7,81.7,大井
2026/03/10,11,20,3,7,13,ドリームビリーバー,14,,大井
2026/03/10,11,20,4,3,5,ライラボンド,13,8.6,大井
2026/03/10,11,20,5,2,3,ギャルダル,11,17.0,大井
2026/03/10,11,20,6,5,10,イグザルト,6,15.7,大井
2026/03/10,11,20,7,1,1,チカッパ,1,27.6,大井
2026/03/10,11,20,8,8,15,コンティノアール,9,,大井
2026/03/10,11,20,9,6,12,サトノテンペスト,2,,大井
2026/03/10,11,20,10,1,2,ミルトクレイモー,10,41.5,大井
2026/03/10,11,20,11,2,4,フジユージーン,8,3.9,大井
2026/03/10,11,20,12,7,14,コパノパサディナ,3,,大井
2026/03/10,11,20,13,3,6,マースインディ,16,2.6,大井
2026/03/10,11,20,14,4,7,ティアラフォーカス,15,11.6,大井
2026/03/10,11,20,15,8,16,ベルダーイメル,12,,大井
2026/03/10,11,20,16,6,11,ナスティウェザー,4,7.7,大井
2026/03/10,12,20,1,7,13,スノーキャンドル,1,,大井
2026/03/10,12,20,2,8,15,コスモブライヤー,9,,大井
2026/03/10,12,20,3,3,5,サブノコイゴコロ,11,,大井
2026/03/10,12,20,4,4,8,レジェンドウェイ,4,,大井
2026/03/10,12,20,5,4,7,ラペルシェール,15,,大井
2026/03/10,12,20,6,6,11,パレスゴールド,3,,大井
2026/03/10,12,20,7,1,2,カガヤキトップ,7,,大井
2026/03/10,12,20,8,3,6,フェスティヴルディ,2,,大井
2026/03/10,12,20,9,2,4,ナックシリウス,6,,大井
2026/03/10,12,20,10,2,3,ヘクトプリンセス,13,,大井
2026/03/10,12,20,11,5,9,エターナルヴァウ,5,,大井
2026/03/10,12,20,12,1,1,サムデイ,10,,大井
2026/03/10,12,20,13,5,10,リッキーフェイス,8,,大井
2026/03/10,12,20,14,6,12,シューボーイ,12,,大井
2026/03/10,12,20,15,7,14,シャークシャイニー,16,,大井
2026/03/10,12,20,16,8,16,ミッキーチャレンジ,14,,大井
2026/03/06,10,21,1,2,2,タケルサバイバル,1,,川崎
2026/03/06,10,21,2,7,8,ミヤギエンペラー,2,,川崎
2026/03/06,10,21,3,4,4,セラード,3,,川崎
2026/03/06,10,21,4,6,6,ウインメラナイト,4,,川崎
2026/03/06,10,21,5,5,5,テリオスルナ,8,,川崎
2026/03/06,10,21,6,8,9,デーレーチョップ,6,,川崎
2026/03/06,10,21,7,7,7,クレーネ,5,,川崎
2026/03/06,10,21,8,3,3,ユイノオールイン,9,,川崎
2026/03/06,10,21,9,8,10,スティールウィル,7,,川崎
2026/03/06,11,21,1,3,3,スターグリップ,2,,川崎
2026/03/06,11,21,2,8,13,ドリームジャパン,1,,川崎
2026/03/06,11,21,3,6,8,グーヴェルナイユ,3,,川崎
2026/03/06,11,21,4,2,2,ジェントルタッチ,4,,川崎
2026/03/06,11,21,5,7,10,メンタイマヨ,9,,川崎
2026/03/06,11,21,6,7,11,キタノブライド,10,,川崎
2026/03/06,11,21,7,4,4,サヨノフィールド,7,,川崎
2026/03/06,11,21,8,8,12,スカイアクロス,8,,川崎
2026/03/06,11,21,9,1,1,サウンドバッハ,5,,川崎
2026/03/06,11,21,10,5,7,バナマンテソーロ,6,,川崎
2026/03/06,11,21,11,6,9,フレールフィーユ,13,,川崎
2026/03/06,11,21,12,4,5,ソレナ,11,,川崎
2026/03/06,11,21,13,5,6,マインドユアミモザ,12,,川崎
2026/03/06,12,21,1,6,9,クインズカヤノヒメ,3,,川崎
2026/03/06,12,21,2,5,8,アップタウンガール,1,,川崎
2026/03/06,12,21,3,2,2,ヤサカソレイユ,2,,川崎
2026/03/06,12,21,4,8,14,ラピッドフロウ,8,,川崎
2026/03/06,12,21,5,7,11,ダンシングハピリー,9,,川崎
2026/03/06,12,21,6,8,13,ディバインウィル,4,,川崎
2026/03/06,12,21,7,6,10,シダデカサドール,5,,川崎
2026/03/06,12,21,8,3,3,ベーラパルフェ,10,,川崎
2026/03/06,12,21,9,4,6,ジャスティラック,7,,川崎
2026/03/06,12,21,10,5,7,グランツリッター,11,,川崎
2026/03/06,12,21,11,4,5,キーチパーヘチュア,13,,川崎
2026/03/06,12,21,12,7,12,ブルーレンジャー,12,,川崎
2026/03/06,12,21,13,3,4,バーサズバラード,14,,川崎
2026/03/05,10,21,1,4,4,トニープリンス,2,,川崎
2026/03/05,10,21,2,8,10,クリスタライズ,3,,川崎
2026/03/05,10,21,3,1,1,バッファローライズ,1,,川崎
2026/03/05,10,21,4,7,8,オソレ,5,,川崎
2026/03/05,10,21,5,2,2,デーレーラプター,7,,川崎
2026/03/05,10,21,6,8,9,ラヴォミ,6,,川崎
2026/03/05,10,21,7,5,5,ランラン,8,,川崎
2026/03/05,10,21,8,7,7,アルデショワ,4,,川崎
2026/03/05,10,21,9,3,3,マイネルディレクト,9,,川崎
2026/03/05,11,21,1,2,2,シーテープ,1,,川崎
2026/03/05,11,21,2,6,9,ララメテオ,6,,川崎
2026/03/05,11,21,3,5,7,クリムゾンプリンス,7,,川崎
2026/03/05,11,21,4,6,8,バレンタインギフト,5,,川崎
2026/03/05,11,21,5,1,1,オリコウエルドラド,3,,川崎
2026/03/05,11,21,6,3,3,ヤギリアイビス,2,,川崎
2026/03/05,11,21,7,4,5,アゲハシンワ,9,,川崎
2026/03/05,11,21,8,4,4,モコパンチ,4,,川崎
2026/03/05,11,21,9,7,10,エスプリアキラサン,12,,川崎
2026/03/05,11,21,10,8,12,アウェイクサード,11,,川崎
2026/03/05,11,21,11,7,11,サンエイタロー,13,,川崎
2026/03/05,11,21,12,8,13,ミノリクン,10,,川崎
2026/03/05,11,21,13,5,6,カズヤ,8,,川崎
2026/03/05,12,21,1,4,4,キャプテンブルー,3,,川崎
2026/03/05,12,21,2,7,9,ソイラテ,1,,川崎
2026/03/05,12,21,3,7,8,ロアリングフレイム,2,,川崎
2026/03/05,12,21,4,8,10,ビップソリオ,4,,川崎
2026/03/05,12,21,5,5,5,ヴィルミーキスミー,5,,川崎
2026/03/05,12,21,6,6,7,カタルシス,8,,川崎
2026/03/05,12,21,7,3,3,ジャスタースパーク,7,,川崎
2026/03/05,12,21,8,6,6,アルメールヴェント,11,,川崎
2026/03/05,12,21,9,2,2,ゴールドモーニン,10,,川崎
2026/03/05,12,21,10,8,11,ノッテストラータ,9,,川崎
2026/03/05,12,21,11,1,1,リュクスレオン,6,,川崎
2026/03/04,10,21,1,7,7,ミスマルゴー,1,,川崎
2026/03/04,10,21,2,8,9,レグノ,7,,川崎
2026/03/04,10,21,3,2,2,ヤプシ,5,,川崎
2026/03/04,10,21,4,8,8,モネ,3,,川崎
2026/03/04,10,21,5,1,1,ハナノウタゲ,9,,川崎
2026/03/04,10,21,6,6,6,フォースゲイト,2,,川崎
2026/03/04,10,21,7,4,4,モンゲーハガネ,8,,川崎
2026/03/04,10,21,8,5,5,ピーエムナナ,4,,川崎
2026/03/04,10,21,9,3,3,ボーイハンター,6,,川崎
2026/03/04,11,21,1,3,3,シンメルーブス,2,,川崎
2026/03/04,11,21,2,6,6,ラブアンドハピネス,3,,川崎
2026/03/04,11,21,3,5,5,アメストリス,4,,川崎
2026/03/04,11,21,4,2,2,ウィルシャイン,1,,川崎
2026/03/04,11,21,5,4,4,リフレクトザムーン,6,,川崎
2026/03/04,11,21,6,1,1,ブルーパッション,5,,川崎
2026/03/04,12,21,1,3,4,シエルラビクトア,2,,川崎
2026/03/04,12,21,2,4,5,フクシマジンロッソ,1,,川崎
2026/03/04,12,21,3,1,1,ガルニエ,4,,川崎
2026/03/04,12,21,4,8,14,ユウユウスプレマン,5,,川崎
2026/03/04,12,21,5,4,6,カナアミデスマッチ,12,,川崎
2026/03/04,12,21,6,2,2,サンスレッド,6,,川崎
2026/03/04,12,21,7,7,11,メイワノワ,3,,川崎
2026/03/04,12,21,8,8,13,グリントレッド,14,,川崎
2026/03/04,12,21,9,7,12,グラスアラバニーユ,9,,川崎
2026/03/04,12,21,10,6,9,エイシンダリア,11,,川崎
2026/03/04,12,21,11,6,10,カネショウラッシュ,8,,川崎
2026/03/04,12,21,12,5,8,ユメミ,10,,川崎
2026/03/04,12,21,13,3,3,カンナギ,7,,川崎
2026/03/04,12,21,14,5,7,エイシンキャノピー,13,,川崎
2026/03/03,10,21,1,6,8,オングライドパス,6,,川崎
2026/03/03,10,21,2,4,4,カレンタクト,4,,川崎
2026/03/03,10,21,3,5,6,ファリードゥーン,1,,川崎
2026/03/03,10,21,4,3,3,アンジュメロディ,5,,川崎
2026/03/03,10,21,5,7,10,ユメドリーム,7,,川崎
2026/03/03,10,21,6,8,11,タロサンダー,3,,川崎
2026/03/03,10,21,7,2,2,グロリアンズタイム,8,,川崎
2026/03/03,10,21,8,1,1,マインドブロン,2,,川崎
2026/03/03,10,21,9,7,9,グレイトムーン,10,,川崎
2026/03/03,10,21,10,6,7,テディージュエリー,11,,川崎
2026/03/03,10,21,11,8,12,レッドサラマンダー,12,,川崎
2026/03/03,10,21,12,5,5,アイノセンシ,9,,川崎
2026/03/03,11,21,1,8,13,サンダーバース,9,,川崎
2026/03/03,11,21,2,3,3,マイケルマキシマス,2,,川崎
2026/03/03,11,21,3,6,9,ミルフルール,11,,川崎
2026/03/03,11,21,4,2,2,グレイスオブゴッド,5,,川崎
2026/03/03,11,21,5,4,5,フイノマジワリ,8,,川崎
2026/03/03,11,21,6,3,4,ストリンジェンド,6,,川崎
2026/03/03,11,21,7,8,14,タイムモーメント,10,,川崎
2026/03/03,11,21,8,5,7,タブラオ,3,,川崎
2026/03/03,11,21,9,7,12,エルゲルージ,1,,川崎
2026/03/03,11,21,10,1,1,オーロラアーク,12,,川崎
2026/03/03,11,21,11,5,8,カツラノキサノキ,7,,川崎
2026/03/03,11,21,12,4,6,ナガタエース,14,,川崎
2026/03/03,11,21,13,6,10,ホッコーソムニウム,4,,川崎
2026/03/03,11,21,14,7,11,サトノロイヤル,13,,川崎
2026/03/03,12,21,1,6,8,アタゴテンジン,1,,川崎
2026/03/03,12,21,2,5,5,アイアンピッチ,3,,川崎
2026/03/03,12,21,3,5,6,ヴェルデヴェント,6,,川崎
2026/03/03,12,21,4,4,4,スイッチオン,4,,川崎
2026/03/03,12,21,5,1,1,ピーチマカロン,9,,川崎
2026/03/03,12,21,6,7,9,グァンバーレ,11,,川崎
2026/03/03,12,21,7,8,12,スマートアライヴ,7,,川崎
2026/03/03,12,21,8,6,7,ムーランアルザン,2,,川崎
2026/03/03,12,21,9,3,3,ザゴリ,10,,川崎
2026/03/03,12,21,10,7,10,ケイツーユーロ,5,,川崎
2026/03/03,12,21,11,8,11,ゴールドサイカ,12,,川崎
2026/03/03,12,21,12,2,2,シルヴァーリップ,8,,川崎
2026/02/20,10,20,1,7,11,プレストステラ,4,,大井
2026/02/20,10,20,2,7,10,ケンヴィヴァルディ,5,,大井
2026/02/20,10,20,3,4,5,シャドウキャッスル,2,,大井
2026/02/20,10,20,4,3,3,リコーテリア,1,,大井
2026/02/20,10,20,5,5,7,イタロ,7,,大井
2026/02/20,10,20,6,1,1,ワールドエンパイア,8,,大井
2026/02/20,10,20,7,8,13,レジェンドウェイ,3,,大井
2026/02/20,10,20,8,5,6,ヘクトプリンセス,11,,大井
2026/02/20,10,20,9,8,12,ラペルシェール,10,,大井
2026/02/20,10,20,10,4,4,コリエドール,6,,大井
2026/02/20,10,20,11,6,9,トチノヒーロー,12,,大井
2026/02/20,10,20,12,6,8,ヴァルタリ,13,,大井
2026/02/20,10,20,13,2,2,エイシンネクタル,9,,大井
2026/02/20,11,20,1,4,7,ベンテイガ,10,,大井
2026/02/20,11,20,2,8,15,リトルビッグホーン,2,,大井
2026/02/20,11,20,3,7,12,サヨノトレイダー,8,,大井
2026/02/20,11,20,4,5,8,コーラルキング,1,,大井
2026/02/20,11,20,5,2,2,ライムフレイバー,3,,大井
2026/02/20,11,20,6,4,6,チャダルクン,12,,大井
2026/02/20,11,20,7,1,1,アポロリヤム,14,,大井
2026/02/20,11,20,8,8,14,ジューンドラゴン,5,,大井
2026/02/20,11,20,9,3,4,スピリットガイド,9,,大井
2026/02/20,11,20,10,5,9,キタノブライド,13,,大井
2026/02/20,11,20,11,7,13,ブーヤカ,4,,大井
2026/02/20,11,20,12,3,5,エイシンマジョリカ,15,,大井
2026/02/20,11,20,13,6,11,コスモソンジュ,11,,大井
2026/02/20,11,20,14,2,3,フレンドローマ,7,,大井
2026/02/20,11,20,15,6,10,アルデショワ,6,,大井
2026/02/20,12,20,1,4,8,センジュ,1,,大井
2026/02/20,12,20,2,1,1,キャロルビアンカ,4,,大井
2026/02/20,12,20,3,8,15,ボラボラフレイバー,2,,大井
2026/02/20,12,20,4,6,11,マウリノ,5,,大井
2026/02/20,12,20,5,5,10,メイショウカジボウ,3,,大井
2026/02/20,12,20,6,8,16,ベクトルマッハ,11,,大井
2026/02/20,12,20,7,7,14,フローズンキス,12,,大井
2026/02/20,12,20,8,7,13,グリスタン,6,,大井
2026/02/20,12,20,9,4,7,コスモギンガ,13,,大井
2026/02/20,12,20,10,3,6,ディサイデッド,14,,大井
2026/02/20,12,20,11,2,3,コウフウセイゲツ,7,,大井
2026/02/20,12,20,12,2,4,ミツカネマーズ,10,,大井
2026/02/20,12,20,13,1,2,ルトラセ,16,,大井
2026/02/20,12,20,14,6,12,ポジターノ,15,,大井
2026/02/20,12,20,15,5,9,コパカバーナ,9,,大井
2026/02/20,12,20,16,3,5,カズピレウス,8,,大井
2026/02/19,10,20,1,2,3,ビックバンブー,1,,大井
2026/02/19,10,20,2,4,6,ゴールデンラック,2,,大井
2026/02/19,10,20,3,3,5,ミネソタ,4,,大井
2026/02/19,10,20,4,7,12,ファサード,5,,大井
2026/02/19,10,20,5,6,11,アシセバイラ,8,,大井
2026/02/19,10,20,6,3,4,タガノサダフ,12,,大井
2026/02/19,10,20,7,2,2,オーヴァーザトップ,9,,大井
2026/02/19,10,20,8,5,9,フレーズボンボン,6,,大井
2026/02/19,10,20,9,5,8,ゴージャスレディ,13,,大井
2026/02/19,10,20,10,8,14,ゼーブルージュ,11,,大井
2026/02/19,10,20,11,8,15,マイネルサンテ,7,,大井
2026/02/19,10,20,12,6,10,トウヨウノマジョ,14,,大井
2026/02/19,10,20,13,7,13,サマーツアー,3,,大井
2026/02/19,10,20,14,1,1,ラッキーカムカム,10,,大井
2026/02/19,11,20,1,2,2,ワールドエイム,1,,大井
2026/02/19,11,20,2,6,11,レディーティアラ,5,,大井
2026/02/19,11,20,3,7,13,ベイビーゲート,2,,大井
2026/02/19,11,20,4,4,7,タイセイガスト,3,,大井
2026/02/19,11,20,5,7,12,パレスゴールド,6,,大井
2026/02/19,11,20,6,1,1,フェスティヴルディ,4,,大井
2026/02/19,11,20,7,3,5,オンマガトオル,8,,大井
2026/02/19,11,20,8,8,15,ニシノシークレット,7,,大井
2026/02/19,11,20,9,8,14,コスモブライヤー,10,,大井
2026/02/19,11,20,10,5,8,シャークシャイニー,14,,大井
2026/02/19,11,20,11,5,9,ムサシエクスプレス,15,,大井
2026/02/19,11,20,12,3,4,イチニチショチョウ,12,,大井
2026/02/19,11,20,13,4,6,モントーク,11,,大井
2026/02/19,11,20,14,2,3,シューボーイ,13,,大井
2026/02/19,11,20,15,6,10,サムデイ,9,,大井
2026/02/19,12,20,1,4,5,エースアビリティ,2,,大井
2026/02/19,12,20,2,6,8,マイネルオデーサ,5,,大井
2026/02/19,12,20,3,5,6,アベニンスマイル,3,,大井
2026/02/19,12,20,4,4,4,ビップレーヌ,8,,大井
2026/02/19,12,20,5,7,10,シャドウルパン,1,,大井
2026/02/19,12,20,6,1,1,アウトビアンキ,4,,大井
2026/02/19,12,20,7,3,3,チューウィー,12,,大井
2026/02/19,12,20,8,6,9,レペンテ,11,,大井
2026/02/19,12,20,9,8,13,ユウシンイモン,9,,大井
2026/02/19,12,20,10,2,2,カフジテルビウム,6,,大井
2026/02/19,12,20,11,7,11,ジーゲル,13,,大井
2026/02/19,12,20,12,8,12,グッドボーイ,7,,大井
2026/02/19,12,20,13,5,7,ミッキーチャレンジ,10,,大井
2026/02/18,10,20,1,4,4,ビッグロイヤル,1,,大井
2026/02/18,10,20,2,7,9,エイシンラセーヌ,3,,大井
2026/02/18,10,20,3,7,8,ナックシリウス,5,,大井
2026/02/18,10,20,4,8,10,エターナルヴァウ,2,,大井
2026/02/18,10,20,5,1,1,レーベンヘルツ,10,,大井
2026/02/18,10,20,6,3,3,オースミメッシーナ,8,,大井
2026/02/18,10,20,7,6,6,ヤマノウォーリア,9,,大井
2026/02/18,10,20,8,5,5,スキャロップ,6,,大井
2026/02/18,10,20,9,2,2,ニンリル,7,,大井
2026/02/18,10,20,10,6,7,ベネチアフレイバー,4,,大井
2026/02/18,10,20,11,8,11,バンドールロゼ,11,,大井
2026/02/18,11,20,1,3,6,リアライズグリント,3,,大井
2026/02/18,11,20,2,8,16,トリグラフヒル,2,,大井
2026/02/18,11,20,3,7,13,マクリール,1,,大井
2026/02/18,11,20,4,1,1,ケイツーリーブル,8,,大井
2026/02/18,11,20,5,3,5,ゼーロス,4,,大井
2026/02/18,11,20,6,7,14,アヤサンジョウタロ,5,,大井
2026/02/18,11,20,7,2,3,エンドレスソロウ,7,,大井
2026/02/18,11,20,8,5,10,ロウリュ,11,,大井
2026/02/18,11,20,9,5,9,デンテブリランテ,14,,大井
2026/02/18,11,20,10,1,2,ジーティートレイン,12,,大井
2026/02/18,11,20,11,6,11,ナインフォルド,13,,大井
2026/02/18,11,20,12,8,15,ポッドフェスタ,6,,大井
2026/02/18,11,20,13,4,8,ロードレイジング,10,,大井
2026/02/18,11,20,14,6,12,モコパンチ,9,,大井
2026/02/18,11,20,15,2,4,プロローク,15,,大井
2026/02/18,11,20,16,4,7,ジャスティス,16,,大井
2026/02/18,12,20,1,6,8,ブルーヒサシン,1,,大井
2026/02/18,12,20,2,7,11,クレド,3,,大井
2026/02/18,12,20,3,3,3,シャインフォール,5,,大井
2026/02/18,12,20,4,2,2,カガヤキテンマ,2,,大井
2026/02/18,12,20,5,5,6,ランベリー,6,,大井
2026/02/18,12,20,6,8,12,ニシノデフィレ,10,,大井
2026/02/18,12,20,7,6,9,ダイバリオン,13,,大井
2026/02/18,12,20,8,8,13,サッキーミツグ,4,,大井
2026/02/18,12,20,9,7,10,マイネルディレクト,12,,大井
2026/02/18,12,20,10,5,7,サブノハクタカ,11,,大井
2026/02/18,12,20,11,4,4,ランプロン,7,,大井
2026/02/18,12,20,12,4,5,カンノンミカヅキ,9,,大井
2026/02/18,12,20,13,1,1,アイアンサイズ,8,,大井
2026/02/17,10,20,1,7,11,ポアゾンノアール,1,,大井
2026/02/17,10,20,2,8,13,サクラジェンヌ,2,,大井
2026/02/17,10,20,3,5,7,ユーヒナタ,3,,大井
2026/02/17,10,20,4,1,1,クインズマカロン,5,,大井
2026/02/17,10,20,5,4,4,スピリチュアル,7,,大井
2026/02/17,10,20,6,6,9,ドナアフロディテ,9,,大井
2026/02/17,10,20,7,2,2,サウスヴィルステラ,4,,大井
2026/02/17,10,20,8,8,12,クインズアトリア,6,,大井
2026/02/17,10,20,9,4,5,リュウノウィザード,12,,大井
2026/02/17,10,20,10,5,6,リアルサファリ,11,,大井
2026/02/17,10,20,11,3,3,ツートンショコラ,8,,大井
2026/02/17,10,20,12,7,10,クイーンオブソウル,13,,大井
2026/02/17,10,20,13,6,8,アレゴウドウレモン,10,,大井
2026/02/17,11,20,1,5,9,ヴィクティファルス,1,,大井
2026/02/17,11,20,2,7,12,ヒーローコール,4,,大井
2026/02/17,11,20,3,3,5,マウンテンローレル,3,,大井
2026/02/17,11,20,4,1,1,パッションクライ,2,,大井
2026/02/17,11,20,5,3,4,セイカメテオポリス,9,,大井
2026/02/17,11,20,6,6,10,オーシンロクゼロ,10,,大井
2026/02/17,11,20,7,2,3,ナスティウェザー,5,,大井
2026/02/17,11,20,8,4,7,ビヨンドザファザー,7,,大井
2026/02/17,11,20,9,8,15,ハデスキーパー,6,,大井
2026/02/17,11,20,10,6,11,キタノリューオー,8,,大井
2026/02/17,11,20,11,8,14,ハイエストエンド,11,,大井
2026/02/17,11,20,12,2,2,グランデマーレ,12,,大井
2026/02/17,11,20,13,4,6,ハイエストポイント,13,,大井
2026/02/17,11,20,14,5,8,マースインディ,14,,大井
2026/02/17,11,20,15,7,13,ウインリブルマン,15,,大井
2026/02/17,12,20,1,1,2,ココナッツガーデン,6,,大井
2026/02/17,12,20,2,2,4,スルガダイナゴン,8,,大井
2026/02/17,12,20,3,7,13,ロンギングタイム,7,,大井
2026/02/17,12,20,4,6,11,トランジェント,5,,大井
2026/02/17,12,20,5,2,3,アイスリーディング,4,,大井
2026/02/17,12,20,6,7,14,アーススピリット,10,,大井
2026/02/17,12,20,7,5,10,リックマーベル,16,,大井
2026/02/17,12,20,8,3,5,ゲールタクト,15,,大井
2026/02/17,12,20,9,3,6,ドウジギリ,13,,大井
2026/02/17,12,20,10,4,7,ヨゾラノムコウニ,14,,大井
2026/02/17,12,20,11,4,8,グラッブザトップ,9,,大井
2026/02/17,12,20,12,1,1,アルミンテソーロ,3,,大井
2026/02/17,12,20,13,8,16,ペイシャコパ,11,,大井
2026/02/17,12,20,14,6,12,ヨシイチ,1,,大井
2026/02/17,12,20,15,5,9,リュミエール,12,,大井
2026/02/17,12,20,16,8,15,ヒルノデプラーツ,2,,大井
2025/05/12,10,21,1,7,9,メガバズーカランチ,2,,川崎
2025/05/12,10,21,2,8,11,キープカミング,6,,川崎
2025/05/12,10,21,3,5,6,シスターネビュラ,3,,川崎
2025/05/12,10,21,4,3,3,ブリリアントスピカ,1,,川崎
2025/05/12,10,21,5,6,8,ワイマング,7,,川崎
2025/05/12,10,21,6,6,7,カフェランデブー,11,,川崎
2025/05/12,10,21,7,7,10,サザンフルーヴ,8,,川崎
2025/05/12,10,21,8,2,2,メイショウフウカ,5,,川崎
2025/05/12,10,21,9,8,12,サンライズソング,4,,川崎
2025/05/12,10,21,10,5,5,スーパーローズ,10,,川崎
2025/05/12,10,21,11,1,1,ミライヘノメグミ,9,,川崎
2025/05/12,10,21,12,4,4,アークウルフ,12,,川崎
2025/05/12,11,21,1,3,3,エメリーナ,2,,川崎
2025/05/12,11,21,2,1,1,ビナサイゴン,3,,川崎
2025/05/12,11,21,3,8,14,スノーフェス,11,,川崎
2025/05/12,11,21,4,7,11,エンジェルリッター,6,,川崎
2025/05/12,11,21,5,5,7,チューウィー,12,,川崎
2025/05/12,11,21,6,2,2,スピナッチバイパー,14,,川崎
2025/05/12,11,21,7,7,12,タロサンダー,1,,川崎
2025/05/12,11,21,8,4,6,コスモスミッチー,10,,川崎
2025/05/12,11,21,9,6,9,エイシンシュトルム,5,,川崎
2025/05/12,11,21,10,6,10,カナールショウヘイ,4,,川崎
2025/05/12,11,21,11,5,8,イエヴァンポルッカ,8,,川崎
2025/05/12,11,21,12,8,13,サブリュウシン,13,,川崎
2025/05/12,11,21,13,3,4,ジャスタースパーク,9,,川崎
2025/05/12,11,21,14,4,5,エストレラブレイン,7,,川崎
2025/05/12,12,21,1,7,10,ムーンヘイロー,1,,川崎
2025/05/12,12,21,2,2,2,ツガノショウグン,10,,川崎
2025/05/12,12,21,3,4,5,ソルテア,3,,川崎
2025/05/12,12,21,4,8,13,シンメロワン,2,,川崎
2025/05/12,12,21,5,3,3,ジーソウルブラザー,5,,川崎
2025/05/12,12,21,6,1,1,フクノバルトラン,8,,川崎
2025/05/12,12,21,7,5,7,シエルラビクトア,11,,川崎
2025/05/12,12,21,8,5,6,カレンアップラウゾ,7,,川崎
2025/05/12,12,21,9,6,8,グローリアスメイ,4,,川崎
2025/05/12,12,21,10,4,4,ルトラセ,9,,川崎
2025/05/12,12,21,11,6,9,クリノフラッグ,6,,川崎
2025/05/12,12,21,12,8,12,ゴーダンシング,12,,川崎
2025/05/12,12,21,13,7,11,コスモビートイット,13,,川崎
2026/02/06,10,21,1,1,1,グーヴェルナイユ,1,,川崎
2026/02/06,10,21,2,6,7,トリグラフ,3,,川崎
2026/02/06,10,21,3,7,9,ヘニーズネフュー,5,,川崎
2026/02/06,10,21,4,4,4,オウケンデューク,2,,川崎
2026/02/06,10,21,5,8,11,エーヴベリー,9,,川崎
2026/02/06,10,21,6,2,2,ロックフレイバー,4,,川崎
2026/02/06,10,21,7,7,8,ロイヤルザップ,7,,川崎
2026/02/06,10,21,8,8,10,ベルガラス,6,,川崎
2026/02/06,10,21,9,3,3,ギンユウシジン,8,,川崎
2026/02/06,10,21,10,5,5,キャリアリズム,10,,川崎
2026/02/06,10,21,11,6,6,キットサクラサク,11,,川崎
2026/02/06,11,21,1,2,2,マイケルマキシマス,3,,川崎
2026/02/06,11,21,2,4,5,ホッコーソムニウム,1,,川崎
2026/02/06,11,21,3,3,3,ファルコンソード,9,,川崎
2026/02/06,11,21,4,8,14,ランドマックス,12,,川崎
2026/02/06,11,21,5,5,7,サヨノフィールド,6,,川崎
2026/02/06,11,21,6,7,11,バナマンテソーロ,2,,川崎
2026/02/06,11,21,7,3,4,エドノバンザイ,5,,川崎
2026/02/06,11,21,8,4,6,モンゲーハガネ,14,,川崎
2026/02/06,11,21,9,1,1,メンタイマヨ,7,,川崎
2026/02/06,11,21,10,6,10,ラティサワー,4,,川崎
2026/02/06,11,21,11,6,9,ハグレグモ,8,,川崎
2026/02/06,11,21,12,7,12,マインドユアミモザ,13,,川崎
2026/02/06,11,21,13,8,13,フレールフィーユ,11,,川崎
2026/02/06,11,21,14,5,8,カレンチャンキー,10,,川崎
2026/02/06,12,21,1,1,1,ムーランアルザン,1,,川崎
2026/02/06,12,21,2,8,12,ラベンダージェイド,6,,川崎
2026/02/06,12,21,3,2,2,ファセリア,4,,川崎
2026/02/06,12,21,4,5,5,ガロス,2,,川崎
2026/02/06,12,21,5,6,7,スイッチオン,3,,川崎
2026/02/06,12,21,6,4,4,ケイツーユーロ,10,,川崎
2026/02/06,12,21,7,8,11,リコーターター,12,,川崎
2026/02/06,12,21,8,3,3,タイトルコール,7,,川崎
2026/02/06,12,21,9,6,8,シルヴァーリップ,9,,川崎
2026/02/06,12,21,10,5,6,スマートアライヴ,8,,川崎
2026/02/06,12,21,11,7,9,ベストツッキー,5,,川崎
2026/02/06,12,21,12,7,10,ミスサン,11,,川崎
2026/02/05,10,21,1,2,2,ジンガー,1,,川崎
2026/02/05,10,21,2,7,11,アカネセイコー,5,,川崎
2026/02/05,10,21,3,3,4,ガルニエ,4,,川崎
2026/02/05,10,21,4,3,3,オースター,6,,川崎
2026/02/05,10,21,5,1,1,サンライズソング,11,,川崎
2026/02/05,10,21,6,8,13,ストロンゲスト,3,,川崎
2026/02/05,10,21,7,5,7,ユメミ,9,,川崎
2026/02/05,10,21,8,7,12,ダイゴホマレリュウ,7,,川崎
2026/02/05,10,21,9,6,9,セイウンパイオニア,8,,川崎
2026/02/05,10,21,10,4,5,ミシェット,13,,川崎
2026/02/05,10,21,11,4,6,グリントレッド,14,,川崎
2026/02/05,10,21,12,6,10,ユウユウニコヴィア,12,,川崎
2026/02/05,10,21,13,5,8,ネオシャングリラ,10,,川崎
2026/02/05,10,21,14,8,14,タイプフェイス,2,,川崎
2026/02/05,11,21,1,4,4,サウンドバッハ,2,,川崎
2026/02/05,11,21,2,3,3,スターグリップ,1,,川崎
2026/02/05,11,21,3,1,1,モネ,6,,川崎
2026/02/05,11,21,4,5,6,サンリコリス,7,,川崎
2026/02/05,11,21,5,5,5,ボーイハンター,10,,川崎
2026/02/05,11,21,6,2,2,ミュステーリオン,11,,川崎
2026/02/05,11,21,7,8,11,タイセイフェスタ,12,,川崎
2026/02/05,11,21,8,7,10,デアシュトゥルム,8,,川崎
2026/02/05,11,21,9,8,12,メロスゴー,9,,川崎
2026/02/05,11,21,10,7,9,サザンカ,3,,川崎
2026/02/05,11,21,11,6,8,ピーエムナナ,4,,川崎
2026/02/05,11,21,12,6,7,カイトキング,5,,川崎
2026/02/05,12,21,1,1,1,ダートレイジング,1,,川崎
2026/02/05,12,21,2,5,7,クレーネ,9,,川崎
2026/02/05,12,21,3,6,9,ドレイク,10,,川崎
2026/02/05,12,21,4,7,10,ウインブリエ,8,,川崎
2026/02/05,12,21,5,6,8,キングマイネオ,7,,川崎
2026/02/05,12,21,6,8,13,テリオスルナ,12,,川崎
2026/02/05,12,21,7,3,3,レーヌバンケット,6,,川崎
2026/02/05,12,21,8,5,6,ドルチアーリア,11,,川崎
2026/02/05,12,21,9,4,5,ビルドラポール,4,,川崎
2026/02/05,12,21,10,7,11,タイセイシップ,5,,川崎
2026/02/05,12,21,11,2,2,シトロンヴェール,2,,川崎
2026/02/05,12,21,12,8,12,ヴィントシュティレ,3,,川崎
2026/02/04,10,21,1,7,11,ライヴマスタード,3,,川崎
2026/02/04,10,21,2,8,13,ファミーユウルーズ,2,,川崎
2026/02/04,10,21,3,4,6,テンプーシャオン,13,,川崎
2026/02/04,10,21,4,8,14,カサブランカキッド,8,,川崎
2026/02/04,10,21,5,3,4,ベルウッドウズメ,10,,川崎
2026/02/04,10,21,6,5,8,ベリーベリーベリー,4,,川崎
2026/02/04,10,21,7,3,3,ユキグニ,6,,川崎
2026/02/04,10,21,8,2,2,チョメチョメ,5,,川崎
2026/02/04,10,21,9,4,5,イサナ,1,,川崎
2026/02/04,10,21,10,7,12,コムルヴァン,11,,川崎
2026/02/04,10,21,11,5,7,ヴィブエアー,12,,川崎
2026/02/04,10,21,12,6,9,ハナノウタゲ,14,,川崎
2026/02/04,10,21,13,6,10,エコロヴァルム,7,,川崎
2026/02/04,10,21,14,1,1,ヤプシ,9,,川崎
2026/02/04,11,21,1,7,10,スレイマン,1,,川崎
2026/02/04,11,21,2,1,1,アオイイーグル,2,,川崎
2026/02/04,11,21,3,6,8,ヒーローコール,4,,川崎
2026/02/04,11,21,4,8,12,オピニオンリーダー,3,,川崎
2026/02/04,11,21,5,2,2,ダノンフロイデ,10,,川崎
2026/02/04,11,21,6,5,6,カイル,7,,川崎
2026/02/04,11,21,7,4,4,ジョーエスポワール,9,,川崎
2026/02/04,11,21,8,5,7,プラセボ,5,,川崎
2026/02/04,11,21,9,6,9,ノットリグレット,11,,川崎
2026/02/04,11,21,10,4,5,ギガキング,6,,川崎
2026/02/04,11,21,11,7,11,アルドーレ,12,,川崎
2026/02/04,11,21,12,8,13,カレンアルカンタラ,8,,川崎
2026/02/04,12,21,1,5,8,ソイラテ,1,,川崎
2026/02/04,12,21,2,4,6,ライヴペッパー,6,,川崎
2026/02/04,12,21,3,3,4,トウマ,5,,川崎
2026/02/04,12,21,4,6,9,パイロデキセキ,11,,川崎
2026/02/04,12,21,5,7,12,エイシントゥラン,9,,川崎
2026/02/04,12,21,6,7,11,プルーフリーダー,2,,川崎
2026/02/04,12,21,7,4,5,ジーティーアグリム,3,,川崎
2026/02/04,12,21,8,1,1,アルマヴィーヴァ,7,,川崎
2026/02/04,12,21,9,6,10,アンクロワヤブル,13,,川崎
2026/02/04,12,21,10,8,14,サーブザミッション,10,,川崎
2026/02/04,12,21,11,5,7,ロールザボーンズ,4,,川崎
2026/02/04,12,21,12,8,13,ノーブルクリード,8,,川崎
2026/02/04,12,21,13,2,2,ダイヤクリスタル,14,,川崎
2026/02/04,12,21,14,3,3,レイニングキング,12,,川崎
2026/01/30,10,20,1,6,11,トクシーティグレ,2,,大井
2026/01/30,10,20,2,3,6,キャロルビアンカ,14,,大井
2026/01/30,10,20,3,6,12,フタバサクセス,6,,大井
2026/01/30,10,20,4,5,10,マウリノ,7,,大井
2026/01/30,10,20,5,4,7,メイショウカジボウ,11,,大井
2026/01/30,10,20,6,7,13,ボラボラフレイバー,3,,大井
2026/01/30,10,20,7,5,9,デスタン,1,,大井
2026/01/30,10,20,8,4,8,カズピレウス,4,,大井
2026/01/30,10,20,9,7,14,ビーチユーミング,8,,大井
2026/01/30,10,20,10,1,2,グリスタン,5,,大井
2026/01/30,10,20,11,2,3,コロニス,10,,大井
2026/01/30,10,20,12,8,15,チュイション,16,,大井
2026/01/30,10,20,13,8,16,ミチノディディ,9,,大井
2026/01/30,10,20,14,3,5,サンタモニカビーチ,13,,大井
2026/01/30,10,20,15,2,4,ラッキーロジータ,15,,大井
2026/01/30,10,20,16,1,1,エスカラムサ,12,,大井
2026/01/30,11,20,1,8,12,モリデンステルス,1,,大井
2026/01/30,11,20,2,6,8,チャダルクン,4,,大井
2026/01/30,11,20,3,7,10,プレストステラ,7,,大井
2026/01/30,11,20,4,6,7,コスモブライヤー,6,,大井
2026/01/30,11,20,5,7,9,ヨゾラノムコウニ,11,,大井
2026/01/30,11,20,6,5,5,ニシノシークレット,5,,大井
2026/01/30,11,20,7,2,2,フェスティヴルディ,2,,大井
2026/01/30,11,20,8,5,6,ワールドエンパイア,10,,大井
2026/01/30,11,20,9,1,1,トチノヒーロー,12,,大井
2026/01/30,11,20,10,4,4,コリエドール,3,,大井
2026/01/30,11,20,11,8,11,イチニチショチョウ,9,,大井
2026/01/30,11,20,12,3,3,レイニングキャット,8,,大井
2026/01/30,12,20,1,3,4,リッキーフェイス,6,,大井
2026/01/30,12,20,2,1,1,ケンヴィヴァルディ,1,,大井
2026/01/30,12,20,3,5,8,スキャロップ,9,,大井
2026/01/30,12,20,4,2,2,ビッティンキバラ,2,,大井
2026/01/30,12,20,5,4,5,ニンリル,8,,大井
2026/01/30,12,20,6,5,7,フォースチルドレン,10,,大井
2026/01/30,12,20,7,6,9,レーベンヘルツ,12,,大井
2026/01/30,12,20,8,4,6,アトラスライズ,5,,大井
2026/01/30,12,20,9,6,10,ベネチアフレイバー,4,,大井
2026/01/30,12,20,10,8,14,ヤマノウォーリア,11,,大井
2026/01/30,12,20,11,8,13,ラリタス,7,,大井
2026/01/30,12,20,12,7,11,バンドールロゼ,13,,大井
2026/01/30,12,20,13,3,3,タブロー,3,,大井
2026/01/29,10,20,1,4,7,クリティカルヒット,2,,大井
2026/01/29,10,20,2,6,10,ヘイシリン,3,,大井
2026/01/29,10,20,3,3,4,ゼイトク,8,,大井
2026/01/29,10,20,4,7,13,カヴァス,14,,大井
2026/01/29,10,20,5,3,5,ヘニングセン,6,,大井
2026/01/29,10,20,6,7,12,ヤンノカステップ,12,,大井
2026/01/29,10,20,7,5,9,コーゲンシルバー,11,,大井
2026/01/29,10,20,8,1,1,インサイダー,15,,大井
2026/01/29,10,20,9,2,2,ヴィジブルライト,13,,大井
2026/01/29,10,20,10,6,11,アートコレクション,10,,大井
2026/01/29,10,20,11,4,6,ショウナンカチドキ,4,,大井
2026/01/29,10,20,12,5,8,テイオームサシ,5,,大井
2026/01/29,10,20,13,8,14,トロイメライ,7,,大井
2026/01/29,10,20,14,2,3,マドモアゼルレンヌ,9,,大井
2026/01/29,10,20,15,8,15,ジーティーゴッド,1,,大井
2026/01/29,11,20,1,1,1,プリンセスデイジー,1,,大井
2026/01/29,11,20,2,7,8,トウキョーアンナ,2,,大井
2026/01/29,11,20,3,8,10,ラミアメロディア,6,,大井
2026/01/29,11,20,4,3,3,ボートレーサー,10,,大井
2026/01/29,11,20,5,5,5,トップエアデール,8,,大井
2026/01/29,11,20,6,6,7,ファーマドール,7,,大井
2026/01/29,11,20,7,4,4,ペニーファウンテン,3,,大井
2026/01/29,11,20,8,2,2,ドレインザスワンプ,5,,大井
2026/01/29,11,20,9,6,6,オールインアリス,11,,大井
2026/01/29,11,20,10,8,11,ビクトリアリリー,4,,大井
2026/01/29,11,20,11,7,9,アメジストハート,9,,大井
2026/01/29,12,20,1,4,5,アウトビアンキ,2,,大井
2026/01/29,12,20,2,7,11,サトノエンパイア,1,,大井
2026/01/29,12,20,3,2,2,マイネルイージス,8,,大井
2026/01/29,12,20,4,4,6,サウスヴィルステラ,6,,大井
2026/01/29,12,20,5,3,3,ベストリオン,4,,大井
2026/01/29,12,20,6,6,10,コスモギンガ,12,,大井
2026/01/29,12,20,7,6,9,デルバイス,14,,大井
2026/01/29,12,20,8,8,13,マムティプリンス,7,,大井
2026/01/29,12,20,9,1,1,ドナアフロディテ,9,,大井
2026/01/29,12,20,10,5,8,アンニンドウフ,5,,大井
2026/01/29,12,20,11,5,7,コスモバシレウス,3,,大井
2026/01/29,12,20,12,7,12,カリナ,13,,大井
2026/01/29,12,20,13,8,14,ラバテラリュージュ,10,,大井
2026/01/29,12,20,14,3,4,ゲルタ,11,,大井
2026/01/28,10,20,1,3,3,ミラクルメイキング,1,,大井
2026/01/28,10,20,2,5,7,サクハル,5,,大井
2026/01/28,10,20,3,8,12,ジューンドラゴン,3,,大井
2026/01/28,10,20,4,6,9,パレスゴールド,7,,大井
2026/01/28,10,20,5,5,6,グランジュール,11,,大井
2026/01/28,10,20,6,2,2,レディーティアラ,4,,大井
2026/01/28,10,20,7,4,4,モントーク,6,,大井
2026/01/28,10,20,8,7,10,ヘクトプリンセス,13,,大井
2026/01/28,10,20,9,8,13,ベイビーゲート,2,,大井
2026/01/28,10,20,10,1,1,カイタロー,9,,大井
2026/01/28,10,20,11,4,5,ムサシエクスプレス,8,,大井
2026/01/28,10,20,12,6,8,イタロ,10,,大井
2026/01/28,10,20,13,7,11,サブノコイゴコロ,12,,大井
2026/01/28,11,20,1,3,5,グリューヴルム,1,,大井
2026/01/28,11,20,2,4,6,リベイクフルシティ,5,,大井
2026/01/28,11,20,3,5,9,ツウカイノキズナ,2,,大井
2026/01/28,11,20,4,1,1,カイル,10,,大井
2026/01/28,11,20,5,5,8,ヴィアメント,6,,大井
2026/01/28,11,20,6,2,2,ケンシレインボー,8,,大井
2026/01/28,11,20,7,7,12,ヴェルテックス,13,,大井
2026/01/28,11,20,8,2,3,エクセスリターン,4,,大井
2026/01/28,11,20,9,8,14,ミヤギザオウ,7,,大井
2026/01/28,11,20,10,6,10,オピニオンリーダー,3,,大井
2026/01/28,11,20,11,4,7,セイカメテオポリス,9,,大井
2026/01/28,11,20,12,8,15,ベルグラシアス,12,,大井
2026/01/28,11,20,13,3,4,グランデマーレ,14,,大井
2026/01/28,11,20,14,6,11,ギャラクシーナイト,11,,大井
2026/01/28,11,20,15,7,13,ディオスバリエンテ,15,,大井
2026/01/28,12,20,1,8,11,シビックドリーム,2,,大井
2026/01/28,12,20,2,6,7,コアリオ,5,,大井
2026/01/28,12,20,3,3,3,フェルディナンド,7,,大井
2026/01/28,12,20,4,4,4,ゴールドジャッジ,4,,大井
2026/01/28,12,20,5,5,5,トゥースパークル,1,,大井
2026/01/28,12,20,6,6,8,クラウンシューター,6,,大井
2026/01/28,12,20,7,5,6,オルトスラッガー,8,,大井
2026/01/28,12,20,8,8,12,ダイバリオン,11,,大井
2026/01/28,12,20,9,2,2,メジャーデビュー,9,,大井
2026/01/28,12,20,10,1,1,サブノハクタカ,10,,大井
2026/01/28,12,20,11,7,9,トップアメリカン,12,,大井
2026/01/28,12,20,12,7,10,リトルビッグホーン,3,,大井
2025/07/11,10,21,1,4,6,プルーフリーダー,1,,川崎
2025/07/11,10,21,2,8,14,デルマニンフ,7,,川崎
2025/07/11,10,21,3,3,3,エイシンゾディアク,2,,川崎
2025/07/11,10,21,4,5,8,クレバス,3,,川崎
2025/07/11,10,21,5,4,5,スウィートドリーム,4,,川崎
2025/07/11,10,21,6,1,1,スターアドミラル,5,,川崎
2025/07/11,10,21,7,7,11,アリハッピー,9,,川崎
2025/07/11,10,21,8,6,9,サンディビーチ,10,,川崎
2025/07/11,10,21,9,3,4,カシスオレンジ,12,,川崎
2025/07/11,10,21,10,2,2,メイショウコジロウ,8,,川崎
2025/07/11,10,21,11,8,13,グラスアラバニーユ,6,,川崎
2025/07/11,10,21,12,5,7,ティーケーメイト,11,,川崎
2025/07/11,10,21,13,6,10,レオズソーダライト,13,,川崎
2025/07/11,11,21,1,8,9,バガリーロータス,1,,川崎
2025/07/11,11,21,2,8,8,キョウエイメジャー,5,,川崎
2025/07/11,11,21,3,1,1,リコーシンザン,3,,川崎
2025/07/11,11,21,4,2,2,エーヴベリー,6,,川崎
2025/07/11,11,21,5,5,5,エアセイラン,7,,川崎
2025/07/11,11,21,6,6,6,ゴールドモーニン,4,,川崎
2025/07/11,11,21,7,3,3,キーラーヴォッヘ,2,,川崎
2025/07/11,12,21,1,8,12,タイキレヴィン,1,,川崎
2025/07/11,12,21,2,5,5,シュンレツ,10,,川崎
2025/07/11,12,21,3,3,3,ゴールドフレイバー,5,,川崎
2025/07/11,12,21,4,5,6,メイショウマニス,11,,川崎
2025/07/11,12,21,5,1,1,ヤマトカチドキ,12,,川崎
2025/07/11,12,21,6,4,4,ダンテズセヴン,7,,川崎
2025/07/11,12,21,7,6,8,ラヴァルス,9,,川崎
2025/07/11,12,21,8,2,2,ルチェッタ,4,,川崎
2025/07/11,12,21,9,8,11,ヒナボンボン,3,,川崎
2025/07/11,12,21,10,7,9,ビーストリート,6,,川崎
2025/07/11,12,21,11,7,10,イッツマイトリート,2,,川崎
2025/07/11,12,21,12,6,7,アンジェラカフェ,8,,川崎
2025/05/01,10,20,1,2,2,ブルマリンシェール,1,,大井
2025/05/01,10,20,2,6,9,グラッブザトップ,2,,大井
2025/05/01,10,20,3,7,11,イチニチショチョウ,10,,大井
2025/05/01,10,20,4,8,13,ヴァルタリ,3,,大井
2025/05/01,10,20,5,1,1,レベリオス,4,,大井
2025/05/01,10,20,6,4,4,ラバテラリュージュ,5,,大井
2025/05/01,10,20,7,6,8,ゲールタクト,6,,大井
2025/05/01,10,20,8,5,7,アンニンドウフ,8,,大井
2025/05/01,10,20,9,4,5,リュミエール,9,,大井
2025/05/01,10,20,10,5,6,レヴォリオ,11,,大井
2025/05/01,10,20,11,3,3,ミライヘノシンゲキ,12,,大井
2025/05/01,10,20,12,8,12,ヨリナエスポワール,13,,大井
2025/05/01,10,20,13,7,10,ナウズザタイム,7,,大井
2025/05/01,11,20,1,4,4,エイシンピストン,2,,大井
2025/05/01,11,20,2,2,2,メーサンデュラント,4,,大井
2025/05/01,11,20,3,6,6,ベニッシモ,1,,大井
2025/05/01,11,20,4,1,1,グレースルビー,8,,大井
2025/05/01,11,20,5,7,7,シャークスポット,5,,大井
2025/05/01,11,20,6,5,5,アムクラージュ,6,,大井
2025/05/01,11,20,7,8,9,アメリカンシード,3,,大井
2025/05/01,11,20,8,3,3,トップアメリカン,9,,大井
2025/05/01,11,20,9,8,8,ゲットアップ,7,,大井
2025/05/01,12,20,1,8,12,パレルモ,4,,大井
2025/05/01,12,20,2,4,5,ビシャモンテン,5,,大井
2025/05/01,12,20,3,1,1,フライヤートゥルー,1,,大井
2025/05/01,12,20,4,3,3,スミソニアン,2,,大井
2025/05/01,12,20,5,7,10,ユウシンイモン,9,,大井
2025/05/01,12,20,6,8,13,ケンマキシム,7,,大井
2025/05/01,12,20,7,5,7,グロリオサ,3,,大井
2025/05/01,12,20,8,4,4,ルメビーンズ,12,,大井
2025/05/01,12,20,9,7,11,ステラデルシエロ,11,,大井
2025/05/01,12,20,10,6,9,パレスパートナー,10,,大井
2025/05/01,12,20,11,5,6,ムサシジェリーナ,13,,大井
2025/05/01,12,20,12,6,8,キタサンヒコボシ,8,,大井
2025/05/01,12,20,13,2,2,リコージーン,6,,大井
2026/01/16,10,20,1,3,3,ジャガーバローズ,2,,大井
2026/01/16,10,20,2,2,2,キタノライジン,1,,大井
2026/01/16,10,20,3,1,1,ヴァンビー,10,,大井
2026/01/16,10,20,4,7,8,キタサンユニゾン,3,,大井
2026/01/16,10,20,5,6,6,ヤマニンエイドロン,7,,大井
2026/01/16,10,20,6,8,10,バズッチ,5,,大井
2026/01/16,10,20,7,6,7,アンニンドウフ,9,,大井
2026/01/16,10,20,8,5,5,ラリタス,4,,大井
2026/01/16,10,20,9,7,9,チャンチャン,11,,大井
2026/01/16,10,20,10,4,4,ポッドジャスパー,6,,大井
2026/01/16,10,20,11,8,11,フォースチルドレン,8,,大井
2026/01/16,11,20,1,6,6,ブルーヒサシン,1,,大井
2026/01/16,11,20,2,4,4,ゴールドジャッジ,2,,大井
2026/01/16,11,20,3,6,7,ランベリー,3,,大井
2026/01/16,11,20,4,8,10,ランプロン,4,,大井
2026/01/16,11,20,5,8,11,アポロリヤム,5,,大井
2026/01/16,11,20,6,5,5,ニシノデフィレ,10,,大井
2026/01/16,11,20,7,3,3,キタノブレイド,8,,大井
2026/01/16,11,20,8,7,8,マイネルディレクト,9,,大井
2026/01/16,11,20,9,2,2,トップアメリカン,7,,大井
2026/01/16,11,20,10,7,9,サイレントギフト,11,,大井
2026/01/16,11,20,11,1,1,タイセイフェスタ,6,,大井
2026/01/16,12,20,1,5,7,ペピタドーロ,2,,大井
2026/01/16,12,20,2,3,4,ワールドエイム,1,,大井
2026/01/16,12,20,3,4,6,ベンテイガ,9,,大井
2026/01/16,12,20,4,7,11,サクハル,5,,大井
2026/01/16,12,20,5,6,10,チャダルクン,7,,大井
2026/01/16,12,20,6,5,8,ヨゾラノムコウニ,13,,大井
2026/01/16,12,20,7,6,9,ウインアイリーン,6,,大井
2026/01/16,12,20,8,8,13,コスモブライヤー,4,,大井
2026/01/16,12,20,9,4,5,プレストステラ,8,,大井
2026/01/16,12,20,10,1,1,トチノヒーロー,11,,大井
2026/01/16,12,20,11,2,2,ラインエンジェル,10,,大井
2026/01/16,12,20,12,3,3,シャルマンジャン,3,,大井
2026/01/16,12,20,13,8,14,ヴァルタリ,12,,大井
2026/01/16,12,20,14,7,12,ジーゲル,14,,大井
2026/01/15,10,20,1,7,9,バレル,3,,大井
2026/01/15,10,20,2,7,10,リッキーフェイス,9,,大井
2026/01/15,10,20,3,2,2,ヘイシリン,2,,大井
2026/01/15,10,20,4,8,12,カヴァス,12,,大井
2026/01/15,10,20,5,1,1,エスプリワールド,8,,大井
2026/01/15,10,20,6,5,6,マドモアゼルレンヌ,4,,大井
2026/01/15,10,20,7,6,7,コーゲンシルバー,4,,大井
2026/01/15,10,20,8,5,5,ヤンノカステップ,7,,大井
2026/01/15,10,20,9,6,8,ショウナンカチドキ,1,,大井
2026/01/15,10,20,10,3,3,アイルビリーヴ,6,,大井
2026/01/15,10,20,11,4,4,バースフラワー,11,,大井
2026/01/15,10,20,12,8,11,アユツリー,10,,大井
2026/01/15,11,20,1,7,8,リコースパロー,1,,大井
2026/01/15,11,20,2,1,1,ウナモンタナアルタ,2,,大井
2026/01/15,11,20,3,8,10,マザオ,4,,大井
2026/01/15,11,20,4,5,5,オーシンロクゼロ,6,,大井
2026/01/15,11,20,5,3,3,タイムモーメント,8,,大井
2026/01/15,11,20,6,6,7,ベニッシモ,9,,大井
2026/01/15,11,20,7,4,4,ベジャール,10,,大井
2026/01/15,11,20,8,7,9,ロードアラビアン,3,,大井
2026/01/15,11,20,9,8,11,ユスティニアン,5,,大井
2026/01/15,11,20,10,2,2,グットディール,7,,大井
2026/01/15,11,20,11,6,6,ハイエストポイント,11,,大井
2026/01/15,12,20,1,1,1,パレルモ,5,,大井
2026/01/15,12,20,2,5,5,マルカンブロンド,3,,大井
2026/01/15,12,20,3,6,6,ビシャモンテン,4,,大井
2026/01/15,12,20,4,2,2,カガヤキテンマ,1,,大井
2026/01/15,12,20,5,4,4,スミソニアン,8,,大井
2026/01/15,12,20,6,7,7,ゴールデンブザー,2,,大井
2026/01/15,12,20,7,3,3,サブノハクタカ,7,,大井
2026/01/15,12,20,8,8,8,メジャーデビュー,6,,大井
2026/01/14,10,20,1,4,8,ワクシングムーン,1,,大井
2026/01/14,10,20,2,1,2,エーデルワイス,3,,大井
2026/01/14,10,20,3,6,12,グリスタン,15,,大井
2026/01/14,10,20,4,5,9,フタバサクセス,13,,大井
2026/01/14,10,20,5,3,5,アンジュパラディ,14,,大井
2026/01/14,10,20,6,2,3,ボラボラフレイバー,5,,大井
2026/01/14,10,20,7,5,10,トクシーティグレ,4,,大井
2026/01/14,10,20,8,7,14,デスタン,2,,大井
2026/01/14,10,20,9,4,7,マウリノ,6,,大井
2026/01/14,10,20,10,1,1,メイショウカジボウ,9,,大井
2026/01/14,10,20,11,8,15,チュイション,16,,大井
2026/01/14,10,20,12,6,11,キャロルビアンカ,10,,大井
2026/01/14,10,20,13,2,4,コロニス,7,,大井
2026/01/14,10,20,14,8,16,エキゾチックガール,8,,大井
2026/01/14,10,20,15,7,13,エスカラムサ,12,,大井
2026/01/14,11,20,1,3,3,ティントレット,1,,大井
2026/01/14,11,20,2,7,9,ベルダーイメル,6,,大井
2026/01/14,11,20,3,6,7,ルイス,5,,大井
2026/01/14,11,20,4,5,5,ティアラフォーカス,7,,大井
2026/01/14,11,20,5,8,10,カールスバート,8,,大井
2026/01/14,11,20,6,7,8,ドリームビリーバー,2,,大井
2026/01/14,11,20,7,6,6,レベルフォー,11,,大井
2026/01/14,11,20,8,4,4,マースインディ,9,,大井
2026/01/14,11,20,9,1,1,グランデマーレ,10,,大井
2026/01/14,11,20,10,2,2,ヒビキ,4,,大井
2026/01/14,11,20,11,8,11,ミラクルヴォイス,3,,大井
2026/01/14,12,20,1,6,10,アレスグート,1,,大井
2026/01/14,12,20,2,5,7,コーラルキング,6,,大井
2026/01/14,12,20,3,4,5,サヨノトレイダー,8,,大井
2026/01/14,12,20,4,7,11,シビックドリーム,3,,大井
2026/01/14,12,20,5,3,4,サッキーミツグ,4,,大井
2026/01/14,12,20,6,5,8,ブーヤカ,5,,大井
2026/01/14,12,20,7,8,14,ジェットスピード,2,,大井
2026/01/14,12,20,8,7,12,コスモソンジュ,11,,大井
2026/01/14,12,20,9,3,3,ベレニーチェ,9,,大井
2026/01/14,12,20,10,1,1,ニコラウス,10,,大井
2026/01/14,12,20,11,6,9,ヘキクウ,12,,大井
2026/01/14,12,20,12,4,6,ナイスデスネ,14,,大井
2026/01/14,12,20,13,8,13,キエティスム,7,,大井
2026/01/14,12,20,14,2,2,レオンバローズ,13,,大井
2026/01/13,10,20,1,3,3,ヨシイチ,1,,大井
2026/01/13,10,20,2,8,12,ディルムッド,4,,大井
2026/01/13,10,20,3,2,2,ショットオブザデイ,9,,大井
2026/01/13,10,20,4,7,11,ゲールタクト,5,,大井
2026/01/13,10,20,5,7,10,サガノオウマサン,11,,大井
2026/01/13,10,20,6,6,9,グリークトレジャー,10,,大井
2026/01/13,10,20,7,6,8,フォーチュネイト,6,,大井
2026/01/13,10,20,8,5,7,ピンナダ,3,,大井
2026/01/13,10,20,9,5,6,アンブロジアーナ,8,,大井
2026/01/13,10,20,10,4,5,エコロタイタン,7,,大井
2026/01/13,10,20,11,4,4,ヒシタイカン,2,,大井
2026/01/13,10,20,12,8,13,ラバテラリュージュ,12,,大井
2026/01/13,10,20,13,1,1,インサイダー,13,,大井
2026/01/13,11,20,1,8,9,リベイクフルシティ,1,,大井
2026/01/13,11,20,2,4,4,ムットクルフェ,2,,大井
2026/01/13,11,20,3,6,6,ロイヤルペガサス,8,,大井
2026/01/13,11,20,4,7,7,フロインフォッサル,3,,大井
2026/01/13,11,20,5,1,1,タイガーチャージ,5,,大井
2026/01/13,11,20,6,8,10,クラウンシューター,6,,大井
2026/01/13,11,20,7,5,5,リチャ,7,,大井
2026/01/13,11,20,8,3,3,ダイバリオン,9,,大井
2026/01/13,11,20,9,2,2,リフレクトザムーン,4,,大井
2026/01/13,11,20,10,7,8,ウインリブルマン,10,,大井
2026/01/13,12,20,1,7,14,キタノマティーニ,4,,大井
2026/01/13,12,20,2,4,7,ナックリーガル,5,,大井
2026/01/13,12,20,3,2,3,シモグリ,2,,大井
2026/01/13,12,20,4,8,15,ナムラミック,8,,大井
2026/01/13,12,20,5,6,12,タイセイルーマー,1,,大井
2026/01/13,12,20,6,5,10,カリスマエートス,10,,大井
2026/01/13,12,20,7,1,1,トーセンアマンダ,12,,大井
2026/01/13,12,20,8,8,16,ブルーリベリュール,9,,大井
2026/01/13,12,20,9,3,6,アドリビタム,3,,大井
2026/01/13,12,20,10,4,8,オールスパイス,7,,大井
2026/01/13,12,20,11,5,9,プロシュ,15,,大井
2026/01/13,12,20,12,3,5,ササキントモジロウ,6,,大井
2026/01/13,12,20,13,7,13,ショウナンマナ,14,,大井
2026/01/13,12,20,14,6,11,トリフォーリオ,16,,大井
2026/01/13,12,20,15,2,4,ディフィラリー,13,,大井
2026/01/13,12,20,16,1,2,メイショウユウモウ,11,,大井
2026/01/09,10,23,1,7,8,オレオス,1,,浦和
2026/01/09,10,23,2,4,4,ミカエル,2,,浦和
2026/01/09,10,23,3,8,10,ホワイトラビット,3,,浦和
2026/01/09,10,23,4,5,5,モメンタムゲイン,7,,浦和
2026/01/09,10,23,5,8,9,アメリカンビッキー,5,,浦和
2026/01/09,10,23,6,6,6,ミリオンダラベイブ,8,,浦和
2026/01/09,10,23,7,1,1,ドロンパ,4,,浦和
2026/01/09,10,23,8,7,7,カケルゴメンネ,6,,浦和
2026/01/09,10,23,9,2,2,マルキスト,9,,浦和
2026/01/09,11,23,1,1,1,スティルアローン,2,,浦和
2026/01/09,11,23,2,7,7,ゴーゴークロア,3,,浦和
2026/01/09,11,23,3,3,3,ベラジオスパーク,1,,浦和
2026/01/09,11,23,4,8,8,ケンブリッジロス,4,,浦和
2026/01/09,11,23,5,8,9,フレンドシェフラー,7,,浦和
2026/01/09,11,23,6,5,5,イッスンボウシ,6,,浦和
2026/01/09,11,23,7,6,6,テーオールーラー,5,,浦和
2026/01/09,11,23,8,2,2,ヤマミダイオウ,8,,浦和
2026/01/08,10,23,1,8,8,ゼロアワー,1,,浦和
2026/01/08,10,23,2,2,2,チュウワスプリング,5,,浦和
2026/01/08,10,23,3,1,1,エイシンジョルト,4,,浦和
2026/01/08,10,23,4,8,9,ハッピーミーク,3,,浦和
2026/01/08,10,23,5,5,5,ライフフルスマイル,6,,浦和
2026/01/08,10,23,6,4,4,キスリング,7,,浦和
2026/01/08,10,23,7,3,3,マルカラピッド,2,,浦和
2026/01/08,10,23,8,7,7,カヤドーブラック,8,,浦和
2026/01/08,10,23,9,6,6,ファインプリンセス,9,,浦和
2026/01/07,10,23,1,8,9,ダンスデュヴァン,1,,浦和
2026/01/07,10,23,2,2,2,トモエジョウ,3,,浦和
2026/01/07,10,23,3,1,1,マルカベント,2,,浦和
2026/01/07,10,23,4,5,5,サツキバラード,6,,浦和
2026/01/07,10,23,5,8,8,ハイエストランク,8,,浦和
2026/01/07,10,23,6,6,6,クロスレート,9,,浦和
2026/01/07,10,23,7,4,4,レッドスウィング,5,,浦和
2026/01/07,10,23,8,3,3,ロードアライアンス,4,,浦和
2026/01/07,10,23,9,7,7,ホウオウライダイ,7,,浦和
2026/01/04,10,21,1,8,11,カンノンアーニモ,1,,川崎
2026/01/04,10,21,2,1,1,ラベンダージェイド,10,,川崎
2026/01/04,10,21,3,8,12,アイルプロテクト,7,,川崎
2026/01/04,10,21,4,6,8,ケイティキセキ,8,,川崎
2026/01/04,10,21,5,3,3,モーモーブラック,2,,川崎
2026/01/04,10,21,6,5,6,シルヴァーリップ,5,,川崎
2026/01/04,10,21,7,7,9,コパノマロン,9,,川崎
2026/01/04,10,21,8,5,5,パワポケウイング,4,,川崎
2026/01/04,10,21,9,6,7,リコーターター,11,,川崎
2026/01/04,10,21,10,2,2,サンナイアガラ,6,,川崎
2026/01/04,10,21,11,7,10,インプローヴィング,3,,川崎
2026/01/04,10,21,12,4,4,ゴールドサイカ,12,,川崎
2026/01/04,11,21,1,3,4,イナダヒメ,3,,川崎
2026/01/04,11,21,2,1,1,ホッコーソムニウム,1,,川崎
2026/01/04,11,21,3,8,13,ファルコンソード,12,,川崎
2026/01/04,11,21,4,4,6,デアシュトゥルム,6,,川崎
2026/01/04,11,21,5,7,11,ツウカイリアル,10,,川崎
2026/01/04,11,21,6,2,2,メンタイマヨ,2,,川崎
2026/01/04,11,21,7,6,10,グレートフリオーソ,5,,川崎
2026/01/04,11,21,8,3,3,モンゲーハガネ,11,,川崎
2026/01/04,11,21,9,7,12,ランドマックス,7,,川崎
2026/01/04,11,21,10,4,5,メジャーデビュー,4,,川崎
2026/01/04,11,21,11,6,9,ローズピリオド,8,,川崎
2026/01/04,11,21,12,5,7,マインドユアミモザ,9,,川崎
2026/01/04,11,21,13,8,14,リヴェルベロ,14,,川崎
2026/01/04,11,21,14,5,8,キットサクラサク,13,,川崎
2026/01/04,12,21,1,6,9,ファリードゥーン,1,,川崎
2026/01/04,12,21,2,6,10,ヴィルミーキスミー,5,,川崎
2026/01/04,12,21,3,5,7,ライヴペッパー,10,,川崎
2026/01/04,12,21,4,7,11,ヴィヴィッドムーン,2,,川崎
2026/01/04,12,21,5,7,12,モジモジ,13,,川崎
2026/01/04,12,21,6,5,8,ツカサレヴズ,3,,川崎
2026/01/04,12,21,7,3,4,クレバス,6,,川崎
2026/01/04,12,21,8,4,5,クリスタルアロー,9,,川崎
2026/01/04,12,21,9,3,3,ブレーヴジャーニー,7,,川崎
2026/01/04,12,21,10,8,14,マイアミ,4,,川崎
2026/01/04,12,21,11,4,6,スナオナキモチ,8,,川崎
2026/01/04,12,21,12,1,1,シングアウト,11,,川崎
2026/01/04,12,21,13,2,2,ミスケイト,14,,川崎
2026/01/04,12,21,14,8,13,アオイラン,12,,川崎
2025/12/31,9,20,1,3,3,ベイビーゲート,1,5.0,大井
2025/12/31,9,20,2,4,4,エターナルヴァウ,6,9.4,大井
2025/12/31,9,20,3,5,6,ヘイシリン,5,8.7,大井
2025/12/31,9,20,4,2,2,ジャズスマイル,2,100.4,大井
2025/12/31,9,20,5,8,11,コーゲンシルバー,3,42.1,大井
2025/12/31,9,20,6,6,7,ノースボブキャット,8,60.7,大井
2025/12/31,9,20,7,1,1,ラリタス,4,65.3,大井
2025/12/31,9,20,8,7,9,クインズアトリア,10,1.8,大井
2025/12/31,9,20,9,5,5,テクノエンジェル,11,48.4,大井
2025/12/31,9,20,10,8,12,ヒョンニム,7,,大井
2025/12/31,9,20,11,6,8,インサイダー,12,6.0,大井
2025/12/31,9,20,12,7,10,ピコボンズ,9,33.3,大井
2025/12/31,10,20,1,5,7,アンジュルナ,2,9.0,大井
2025/12/31,10,20,2,3,4,ナーサリーテイル,3,255.0,大井
2025/12/31,10,20,3,7,11,リュウノフライト,1,35.7,大井
2025/12/31,10,20,4,6,10,グッドディーズ,9,52.6,大井
2025/12/31,10,20,5,5,8,セイクリスティーナ,5,4.5,大井
2025/12/31,10,20,6,4,6,ライドハイ,4,39.1,大井
2025/12/31,10,20,7,7,12,ドレインザスワンプ,13,30.6,大井
2025/12/31,10,20,8,6,9,トウキョーアンナ,12,3.8,大井
2025/12/31,10,20,9,4,5,ゴールドカグヤヒメ,11,34.9,大井
2025/12/31,10,20,10,1,1,カンターレ,10,23.2,大井
2025/12/31,10,20,11,2,2,ココキュンキュン,7,4.7,大井
2025/12/31,10,20,12,8,14,スターオブフェザー,6,,大井
2025/12/31,10,20,13,8,13,スプリンガフォート,14,,大井
2025/12/31,10,20,14,3,3,ファーマドール,8,3.7,大井
2025/12/31,11,20,1,5,6,レジェンドウェイ,8,89.7,大井
2025/12/31,11,20,2,2,2,キタノライジン,4,243.9,大井
2025/12/31,11,20,3,1,1,ベルトネ,7,6.6,大井
2025/12/31,11,20,4,8,13,アイスリーディング,1,,大井
2025/12/31,11,20,5,4,5,アドマイヤエアル,2,266.4,大井
2025/12/31,11,20,6,8,12,イエスウィズキャン,6,139.3,大井
2025/12/31,11,20,7,6,9,ケンヴィヴァルディ,9,213.3,大井
2025/12/31,11,20,8,7,10,ヨドノタイヨウ,3,1.4,大井
2025/12/31,11,20,9,3,3,ステーレンナフト,5,68.1,大井
2025/12/31,11,20,10,5,7,マイネルイージス,13,181.2,大井
2025/12/31,11,20,11,7,11,キタサンユニゾン,10,4.2,大井
2025/12/31,11,20,12,6,8,ヴァンビー,12,53.2,大井
2025/12/31,11,20,13,4,4,ギンノダンガン,11,9.3,大井
2026/01/02,10,21,1,8,14,ドリームジャパン,1,,川崎
2026/01/02,10,21,2,3,3,カレンタクト,3,,川崎
2026/01/02,10,21,3,5,8,ヤプシ,9,,川崎
2026/01/02,10,21,4,8,13,サウンドバッハ,2,,川崎
2026/01/02,10,21,5,5,7,フィアマフルミネ,4,,川崎
2026/01/02,10,21,6,2,2,グロリアンズタイム,11,,川崎
2026/01/02,10,21,7,4,6,オングライドパス,5,,川崎
2026/01/02,10,21,8,6,10,リコーシンザン,10,,川崎
2026/01/02,10,21,9,4,5,ヴィブエアー,8,,川崎
2026/01/02,10,21,10,7,11,ボーイハンター,7,,川崎
2026/01/02,10,21,11,3,4,ギンユウシジン,12,,川崎
2026/01/02,10,21,12,6,9,ハナノウタゲ,6,,川崎
2026/01/02,10,21,13,7,12,ゴールドモーニン,13,,川崎
2026/01/02,11,21,1,4,4,アオイイーグル,1,,川崎
2026/01/02,11,21,2,6,6,カレンアルカンタラ,3,,川崎
2026/01/02,11,21,3,7,7,プラセボ,2,,川崎
2026/01/02,11,21,4,1,1,サヨノフィールド,5,,川崎
2026/01/02,11,21,5,8,8,リュードマン,6,,川崎
2026/01/02,11,21,6,5,5,ケンシレインボー,4,,川崎
2026/01/02,11,21,7,2,2,キャッスルブレイヴ,7,,川崎
2026/01/02,12,21,1,5,8,ヘニーズネフュー,1,,川崎
2026/01/02,12,21,2,4,5,ヴィントシュティレ,10,,川崎
2026/01/02,12,21,3,7,12,オールニッポン,8,,川崎
2026/01/02,12,21,4,5,7,セラード,5,,川崎
2026/01/02,12,21,5,2,2,カガヤキファイター,4,,川崎
2026/01/02,12,21,6,8,14,チャールストン,2,,川崎
2026/01/02,12,21,7,6,9,ハイエストコード,7,,川崎
2026/01/02,12,21,8,7,11,クリノフラッグ,11,,川崎
2026/01/02,12,21,9,3,3,ウロボロス,6,,川崎
2026/01/02,12,21,10,3,4,シンメロワン,3,,川崎
2026/01/02,12,21,11,6,10,テリオスルナ,14,,川崎
2026/01/02,12,21,12,4,6,ブルームワルツ,13,,川崎
2026/01/02,12,21,13,1,1,レイニングキング,12,,川崎
2026/01/02,12,21,14,8,13,アンクロワヤブル,9,,川崎
2026/01/01,10,21,1,5,8,ファイヤーウィップ,1,,川崎
2026/01/01,10,21,2,4,6,ソイラテ,3,,川崎
2026/01/01,10,21,3,7,12,ゴールデンカガヤ,12,,川崎
2026/01/01,10,21,4,8,14,アイリーズパキラ,13,,川崎
2026/01/01,10,21,5,6,10,ブランディストック,4,,川崎
2026/01/01,10,21,6,1,1,ピースウォリアー,8,,川崎
2026/01/01,10,21,7,6,9,エイシントゥラン,5,,川崎
2026/01/01,10,21,8,8,13,ノーブルクリード,7,,川崎
2026/01/01,10,21,9,2,2,アヴェッリーノ,10,,川崎
2026/01/01,10,21,10,5,7,ノーブルウィスパー,9,,川崎
2026/01/01,10,21,11,7,11,スイッチオン,6,,川崎
2026/01/01,10,21,12,3,4,プルーフリーダー,2,,川崎
2026/01/01,10,21,13,3,3,スウィートドリーム,11,,川崎
2026/01/01,10,21,14,4,5,レーザースペックル,14,,川崎
2026/01/01,11,21,1,1,1,バレンタインギフト,4,,川崎
2026/01/01,11,21,2,7,9,バスクレヒオン,2,,川崎
2026/01/01,11,21,3,2,2,カズヤ,3,,川崎
2026/01/01,11,21,4,8,11,シージャムブルース,1,,川崎
2026/01/01,11,21,5,6,6,ガルドコー,11,,川崎
2026/01/01,11,21,6,3,3,ジーベローチェ,5,,川崎
2026/01/01,11,21,7,6,7,ヒマワリシャワー,7,,川崎
2026/01/01,11,21,8,7,8,ピカレスクヒーロー,9,,川崎
2026/01/01,11,21,9,4,4,サンエイタロー,6,,川崎
2026/01/01,11,21,10,8,10,グローバルサウス,8,,川崎
2026/01/01,11,21,11,5,5,キイチマイルス,10,,川崎
2026/01/01,12,21,1,3,3,パーティーガール,2,,川崎
2026/01/01,12,21,2,7,9,タケノロイヤル,7,,川崎
2026/01/01,12,21,3,1,1,スターアドミラル,9,,川崎
2026/01/01,12,21,4,5,5,サドル,1,,川崎
2026/01/01,12,21,5,8,12,レイヴオン,4,,川崎
2026/01/01,12,21,6,7,10,レッドロムルス,5,,川崎
2026/01/01,12,21,7,4,4,エピファドール,12,,川崎
2026/01/01,12,21,8,6,8,アルティメット,11,,川崎
2026/01/01,12,21,9,6,7,モモジロー,8,,川崎
2026/01/01,12,21,10,2,2,ナートゥ,3,,川崎
2026/01/01,12,21,11,5,6,ベストツッキー,6,,川崎
2026/01/01,12,21,12,8,11,ザゴリ,10,,川崎
