ページ番号,使用するコマ割りテンプレ,漫画作成のプロンプト,コマ別テキストJSON,outfit_id
1,テキストページ,"◆【テキストページ】このページは画像生成不要。EPUB製本時にテキストとして直接レンダリングする。
◆【目次】
出産でキャリアを失った元事務職ママが、AIで初めて稼ぐまで　第3巻

【目次】

　第5章　はじめてのClaude
　　コラム⑥
　第6章　毎日投稿という戦い
　　コラム⑦",[],
2,テキストページ,"◆【テキストページ】このページは画像生成不要。EPUB製本時にテキストとして直接レンダリングする。
◆【前巻までのあらすじ】
【前巻（第1・2巻）までのあらすじ】

佐藤ミサキ（32歳）は、妊娠を機に職場で孤立し、産休・退職という道を歩んだ。退職後は「名刺のない自分」に怯え、通帳の残高が減るなか「事務しかやったことない私に何ができるの」という問いが頭の中でループし続けた。

転機は、夫のケンタが見せてくれたSNSの投稿。タクヤのウェビナーに参加し、貯金から9万円を投じてプログラムへの申し込みを決断した。それはスキルへの投資ではなく、「自分は変われる」という仮説への投資だった。

ミサキの本当のキャリアは——ここから始まる。",[],
3,テンプレ1,"◆【注意】【】で囲まれた単語は感情や状況の指示であり、画像内に文字として描画しないでください
◆【絶対最優先】必ずフルカラーにしてください
◆【絶対最優先】必ず日本のアニメ・マンガ調のイラストで描いてください。実写風・フォトリアル風は禁止です。
◆【絶対最優先】キャラクター外見: ミサキは添付のミサキ.pngと100%同一の外見で描画, タクヤは添付のタクヤ.pngと100%同一の外見で描画, ひなた（2歳期）は添付のひなた_2歳期.pngと100%同一の外見で描画
◆【出力サイズ】2:3
◆【補足情報】上下左右に50ピクセルの余白を設けてください
◆【補足情報】服装: ボーダー柄（白と紺）のカットソーにデニムパンツ、白いスニーカー（自宅・外出・育児中の普段着）
◆【コマ構成】テンプレ1: ページ全体1コマ
◆【作画】ジャンル: 副業に最適化した統一スタイル / 作画スタイル: 親しみやすく実践的,現代的なライフスタイル表現 / 色調: 明るく前向きな色調,オレンジ・青・黄色基調,活力ある配色 / 線画: 親しみやすい柔らかな線,カジュアルで読みやすい表現 / 演出: パソコン作業,スマホ,時計,収入の可視化,必要に応じて集中線,効果線,擬音などのマンガらしい演出
◆【ストーリー】
1コマ目 (全面): 登場人物紹介ページ。上段にミサキとひなたの全身イラスト。中段にケンタの全身イラスト。下段にタクヤの全身イラスト。各キャラの隣にナレーションボックスで名前と紹介文を配置。 ナレーション: ［四角枠］ミサキ 32歳 元事務職ワンオペママ / ひなた 2歳 ミサキの娘 / ［四角枠］ケンタ 34歳 ミサキの夫 / ［四角枠］タクヤ 42歳 キャリアコーチ・メンター オノマトペ: なし","[{""panel_id"": 1, ""type"": ""narration"", ""speaker"": null, ""text"": ""ミサキ 32歳 元事務職ワンオペママ""}, {""panel_id"": 1, ""type"": ""narration"", ""speaker"": null, ""text"": ""ひなた 2歳 ミサキの娘""}, {""panel_id"": 1, ""type"": ""narration"", ""speaker"": null, ""text"": ""ケンタ 34歳 ミサキの夫""}, {""panel_id"": 1, ""type"": ""narration"", ""speaker"": null, ""text"": ""タクヤ 42歳 キャリアコーチ・メンター""}, {""panel_id"": 1, ""type"": ""narration"", ""speaker"": null, ""text"": ""彼女たちの物語は、ここから始まる——""}]",misaki_casual
4,テンプレ1,"◆【注意】【】で囲まれた単語は感情や状況の指示であり、画像内に文字として描画しないでください
◆【絶対最優先】必ずフルカラーにしてください
◆【絶対最優先】必ず日本のアニメ・マンガ調のイラストで描いてください。実写風・フォトリアル風は禁止です。
◆【絶対最優先】キャラクター外見: ミサキは添付のミサキ.pngと100%同一の外見で描画
◆【出力サイズ】2:3
◆【補足情報】上下左右に50ピクセルの余白を設けてください
◆【補足情報】服装: グレーのスウェット上下、髪を緩くまとめ、素足（深夜〜早朝のPC作業・在宅集中タイム）
◆【コマ構成】テンプレ1: ページ全体1コマ
◆【作画】ジャンル: 副業に最適化した統一スタイル / 作画スタイル: 親しみやすく実践的,現代的なライフスタイル表現 / 色調: 明るく前向きな色調,オレンジ・青・黄色基調,活力ある配色 / 線画: 親しみやすい柔らかな線,カジュアルで読みやすい表現 / 演出: パソコン作業,スマホ,時計,収入の可視化,必要に応じて集中線,効果線,擬音などのマンガらしい演出
◆【ストーリー】
1コマ目 (全面): 第5章扉ページ。ノートパソコンの画面を前に座るミサキの後ろ姿。画面にはチャット画面が光っている。集中線でドラマティックに演出。タイトル〝第5章　はじめてのClaude〟を画面中央に大きく配置。 セリフ: なし ナレーション: なし オノマトペ: カチャ",[],misaki_work_home
5,テンプレ4,"◆【注意】【】で囲まれた単語は感情や状況の指示であり、画像内に文字として描画しないでください
◆【絶対最優先】必ずフルカラーにしてください
◆【絶対最優先】必ず日本のアニメ・マンガ調のイラストで描いてください。実写風・フォトリアル風は禁止です。
◆【絶対最優先】キャラクター外見: ミサキは添付のミサキ.pngと100%同一の外見で描画
◆【補足情報】服装: グレーのスウェット上下、髪を緩くまとめ、素足（深夜〜早朝のPC作業・在宅集中タイム）
◆【コマ構成】テンプレ4: 上大＋下小
◆【出力サイズ】2:3
◆【補足情報】上下左右に50ピクセルの余白を設けてください
◆【作画】ジャンル: 副業に最適化した統一スタイル / 作画スタイル: 親しみやすく実践的,現代的なライフスタイル表現 / 色調: 明るく前向きな色調,オレンジ・青・黄色基調,活力ある配色 / 線画: 親しみやすい柔らかな線,カジュアルで読みやすい表現 / 演出: パソコン作業,スマホ,時計,収入の可視化,必要に応じて集中線,効果線,擬音などのマンガらしい演出
◆【ストーリー】
1コマ目 (上大): ミサキがスマートフォンを見て目を見開く。画面には「昼寝タイマー あと3分」と表示されている。焦りと興奮が混じった表情。効果線で緊張感を演出。 セリフ: ［ミサキ（内心）］の吹き出しに「あと3分しかない……！」 ナレーション: ［四角枠］Zoom前夜、ミサキは何度もシミュレーションしていた。 オノマトペ: ドキドキ
2コマ目 (下小): ミサキがノートパソコンを素早く開く。画面がパッと点灯する演出。 セリフ: なし ナレーション: ［四角枠］ひなたが目を覚ます前に、絶対につなぐ。 オノマトペ: カチャッ","[{""panel_id"": 1, ""type"": ""dialogue"", ""speaker"": ""ミサキ（内心）"", ""text"": ""あと3分しかない……！""}, {""panel_id"": 1, ""type"": ""narration"", ""speaker"": null, ""text"": ""Zoom前夜、ミサキは何度もシミュレーションしていた。""}, {""panel_id"": 2, ""type"": ""narration"", ""speaker"": null, ""text"": ""ひなたが目を覚ます前に、絶対につなぐ。""}, {""panel_id"": 2, ""type"": ""narration"", ""speaker"": null, ""text"": ""昼寝の時間は限られている。でも今日だけは、絶対に間に合わせる。""}]",misaki_work_home
6,テンプレ5,"◆【注意】【】で囲まれた単語は感情や状況の指示であり、画像内に文字として描画しないでください
◆【絶対最優先】必ずフルカラーにしてください
◆【絶対最優先】必ず日本のアニメ・マンガ調のイラストで描いてください。実写風・フォトリアル風は禁止です。
◆【絶対最優先】キャラクター外見: ミサキは添付のミサキ.pngと100%同一の外見で描画
◆【出力サイズ】2:3
◆【補足情報】上下左右に50ピクセルの余白を設けてください
◆【補足情報】服装: グレーのスウェット上下、髪を緩くまとめ、素足（深夜〜早朝のPC作業・在宅集中タイム）
◆【コマ構成】テンプレ5: 上中下3段
◆【作画】ジャンル: 副業に最適化した統一スタイル / 作画スタイル: 親しみやすく実践的,現代的なライフスタイル表現 / 色調: 明るく前向きな色調,オレンジ・青・黄色基調,活力ある配色 / 線画: 親しみやすい柔らかな線,カジュアルで読みやすい表現 / 演出: パソコン作業,スマホ,時計,収入の可視化,必要に応じて集中線,効果線,擬音などのマンガらしい演出
◆【ストーリー】
1コマ目 (上段): ミサキがノートパソコンの前に座っている。キーボードを叩いてZoomを起動しようとしている。胸に手を当て、表情は緊張と期待が混じっている。 セリフ: ［ミサキ（内心）］の吹き出しに「本当に使えるのかな……」 ナレーション: ［四角枠］プログラム申し込みから一週間後。ひなたの昼寝時間を狙って、ミサキはZoomを起動した。 オノマトペ: カチャ
2コマ目 (中段): ミサキの胸元のアップ。ドキドキと鼓動が聞こえそうな演出。集中線。 セリフ: なし ナレーション: ［四角枠］胸がドキドキと鳴っている。 オノマトペ: ドキドキドキドキ
3コマ目 (下段): 画面にタクヤが映った。普通の部屋、普通の服。穏やかな笑顔でミサキに話しかける。 セリフ: ［タクヤ］の吹き出しに「佐藤さん、こんにちは。今日はよろしくお願いします」 ナレーション: ［四角枠］ブログで見た顔そのままだ。 オノマトペ: なし","[{""panel_id"": 1, ""type"": ""dialogue"", ""speaker"": ""ミサキ（内心）"", ""text"": ""本当に使えるのかな……""}, {""panel_id"": 1, ""type"": ""narration"", ""speaker"": null, ""text"": ""プログラム申し込みから一週間後。ひなたの昼寝時間を狙って、ミサキはZoomを起動した。""}, {""panel_id"": 2, ""type"": ""narration"", ""speaker"": null, ""text"": ""胸がドキドキと鳴っている。""}, {""panel_id"": 3, ""type"": ""dialogue"", ""speaker"": ""タクヤ"", ""text"": ""佐藤さん、こんにちは。今日はよろしくお願いします""}, {""panel_id"": 3, ""type"": ""narration"", ""speaker"": null, ""text"": ""ブログで見た顔そのままだ。""}]",misaki_work_home
7,テンプレ6,"◆【注意】【】で囲まれた単語は感情や状況の指示であり、画像内に文字として描画しないでください
◆【絶対最優先】必ずフルカラーにしてください
◆【絶対最優先】必ず日本のアニメ・マンガ調のイラストで描いてください。実写風・フォトリアル風は禁止です。
◆【絶対最優先】キャラクター外見: ミサキは添付のミサキ.pngと100%同一の外見で描画, タクヤは添付のタクヤ.pngと100%同一の外見で描画
◆【出力サイズ】2:3
◆【補足情報】上下左右に50ピクセルの余白を設けてください
◆【補足情報】服装: グレーのスウェット上下、髪を緩くまとめ、素足（深夜〜早朝のPC作業・在宅集中タイム）
◆【コマ構成】テンプレ6: 上1コマ＋下左右2コマ
◆【作画】ジャンル: 副業に最適化した統一スタイル / 作画スタイル: 親しみやすく実践的,現代的なライフスタイル表現 / 色調: 明るく前向きな色調,オレンジ・青・黄色基調,活力ある配色 / 線画: 親しみやすい柔らかな線,カジュアルで読みやすい表現 / 演出: パソコン作業,スマホ,時計,収入の可視化,必要に応じて集中線,効果線,擬音などのマンガらしい演出
◆【ストーリー】
1コマ目 (上): ミサキが緊張しながら答える。顔が赤く、声が裏返っている演出で吹き出しがギザギザになっている。 セリフ: ［ミサキ］の吹き出しに「よ、よろしくお願いします……っ」 ナレーション: なし オノマトペ: なし
2コマ目 (下右): ミサキが恥ずかしそうに俯く。 セリフ: ［ミサキ（内心）］の吹き出しに「声が裏返った。恥ずかしい」 ナレーション: なし オノマトペ: なし
3コマ目 (下左): タクヤが優しく微笑んで本題に入る。 セリフ: ［タクヤ］の吹き出しに「まず聞かせてください。本当の申し込み動機を教えてもらえますか？」 ナレーション: なし オノマトペ: なし","[{""panel_id"": 1, ""type"": ""dialogue"", ""speaker"": ""ミサキ"", ""text"": ""よ、よろしくお願いします……っ""}, {""panel_id"": 2, ""type"": ""dialogue"", ""speaker"": ""ミサキ（内心）"", ""text"": ""声が裏返った。恥ずかしい""}, {""panel_id"": 3, ""type"": ""dialogue"", ""speaker"": ""タクヤ"", ""text"": ""まず聞かせてください。本当の申し込み動機を教えてもらえますか？""}, {""panel_id"": 3, ""type"": ""narration"", ""speaker"": null, ""text"": ""タクヤの問いは、予想外に深かった。ミサキは少し間を置いた。""}]",misaki_work_home
8,テンプレ5,"◆【注意】【】で囲まれた単語は感情や状況の指示であり、画像内に文字として描画しないでください
◆【絶対最優先】必ずフルカラーにしてください
◆【絶対最優先】必ず日本のアニメ・マンガ調のイラストで描いてください。実写風・フォトリアル風は禁止です。
◆【絶対最優先】キャラクター外見: ミサキは添付のミサキ.pngと100%同一の外見で描画, タクヤは添付のタクヤ.pngと100%同一の外見で描画
◆【出力サイズ】2:3
◆【補足情報】上下左右に50ピクセルの余白を設けてください
◆【補足情報】服装: グレーのスウェット上下、髪を緩くまとめ、素足（深夜〜早朝のPC作業・在宅集中タイム）
◆【コマ構成】テンプレ5: 上中下3段
◆【作画】ジャンル: 副業に最適化した統一スタイル / 作画スタイル: 親しみやすく実践的,現代的なライフスタイル表現 / 色調: 明るく前向きな色調,オレンジ・青・黄色基調,活力ある配色 / 線画: 親しみやすい柔らかな線,カジュアルで読みやすい表現 / 演出: パソコン作業,スマホ,時計,収入の可視化,必要に応じて集中線,効果線,擬音などのマンガらしい演出
◆【ストーリー】
1コマ目 (上段): ミサキが少し俯き加減に正直に話す。 セリフ: ［ミサキ］の吹き出しに「……事務しかやったことなくて、何もスキルがなくて。でも家計が苦しくて。在宅で稼ぐ方法を探してたんです」 ナレーション: なし オノマトペ: なし
2コマ目 (中段): タクヤが軽く頷き、さらりと返す。 セリフ: ［タクヤ］の吹き出しに「事務の経験があるんですね。それ、かなりの強みですよ」 ナレーション: なし オノマトペ: なし
3コマ目 (下段): ミサキが目を大きく見開く。胸に衝撃が走るような集中線演出。 セリフ: ［ミサキ］の吹き出しに「え……強み、ですか？」 ナレーション: なし オノマトペ: ドキッ","[{""panel_id"": 1, ""type"": ""dialogue"", ""speaker"": ""ミサキ"", ""text"": ""……事務しかやったことなくて、何もスキルがなくて。でも家計が苦しくて。在宅で稼ぐ方法を探してたんです""}, {""panel_id"": 2, ""type"": ""dialogue"", ""speaker"": ""タクヤ"", ""text"": ""事務の経験があるんですね。それ、かなりの強みですよ""}, {""panel_id"": 3, ""type"": ""dialogue"", ""speaker"": ""ミサキ"", ""text"": ""え……強み、ですか？""}]",misaki_work_home
9,テンプレ4,"◆【注意】【】で囲まれた単語は感情や状況の指示であり、画像内に文字として描画しないでください
◆【絶対最優先】必ずフルカラーにしてください
◆【絶対最優先】必ず日本のアニメ・マンガ調のイラストで描いてください。実写風・フォトリアル風は禁止です。
◆【絶対最優先】キャラクター外見: ミサキは添付のミサキ.pngと100%同一の外見で描画, タクヤは添付のタクヤ.pngと100%同一の外見で描画
◆【出力サイズ】2:3
◆【補足情報】上下左右に50ピクセルの余白を設けてください
◆【補足情報】服装: グレーのスウェット上下、髪を緩くまとめ、素足（深夜〜早朝のPC作業・在宅集中タイム）
◆【コマ構成】テンプレ4: 上大下小
◆【作画】ジャンル: 副業に最適化した統一スタイル / 作画スタイル: 親しみやすく実践的,現代的なライフスタイル表現 / 色調: 明るく前向きな色調,オレンジ・青・黄色基調,活力ある配色 / 線画: 親しみやすい柔らかな線,カジュアルで読みやすい表現 / 演出: パソコン作業,スマホ,時計,収入の可視化,必要に応じて集中線,効果線,擬音などのマンガらしい演出
◆【ストーリー】
1コマ目 (上・大): タクヤがニコッと笑って画面越しに話す。ノートパソコンの画面ごしにタクヤの顔が映っている構図。 セリフ: ［タクヤ］の吹き出しに「あとで詳しく話しましょう。まずはClaudeというAIツールを触ってみましょうか」 ナレーション: なし オノマトペ: なし
2コマ目 (下・小): ミサキが困惑した顔で手を振る。 セリフ: ［ミサキ］の吹き出しに「えっと……プログラミング、全然できないんですけど……」 ナレーション: ［四角枠］壁①：プログラミングの壁 オノマトペ: なし","[{""panel_id"": 1, ""type"": ""dialogue"", ""speaker"": ""タクヤ"", ""text"": ""あとで詳しく話しましょう。まずはClaudeというAIツールを触ってみましょうか""}, {""panel_id"": 2, ""type"": ""dialogue"", ""speaker"": ""ミサキ"", ""text"": ""えっと……プログラミング、全然できないんですけど……""}, {""panel_id"": 2, ""type"": ""narration"", ""speaker"": null, ""text"": ""壁①：プログラミングの壁""}]",misaki_work_home
10,テンプレ6,"◆【注意】【】で囲まれた単語は感情や状況の指示であり、画像内に文字として描画しないでください
◆【絶対最優先】必ずフルカラーにしてください
◆【絶対最優先】必ず日本のアニメ・マンガ調のイラストで描いてください。実写風・フォトリアル風は禁止です。
◆【絶対最優先】キャラクター外見: ミサキは添付のミサキ.pngと100%同一の外見で描画, タクヤは添付のタクヤ.pngと100%同一の外見で描画
◆【出力サイズ】2:3
◆【補足情報】上下左右に50ピクセルの余白を設けてください
◆【補足情報】服装: グレーのスウェット上下、髪を緩くまとめ、素足（深夜〜早朝のPC作業・在宅集中タイム）
◆【コマ構成】テンプレ6: 上1コマ＋下左右2コマ
◆【作画】ジャンル: 副業に最適化した統一スタイル / 作画スタイル: 親しみやすく実践的,現代的なライフスタイル表現 / 色調: 明るく前向きな色調,オレンジ・青・黄色基調,活力ある配色 / 線画: 親しみやすい柔らかな線,カジュアルで読みやすい表現 / 演出: パソコン作業,スマホ,時計,収入の可視化,必要に応じて集中線,効果線,擬音などのマンガらしい演出
◆【ストーリー】
1コマ目 (上): タクヤが落ち着いた笑顔で答える。 セリフ: ［タクヤ］の吹き出しに「大丈夫です。Claudeは日本語で話しかけるだけで使えますよ。LINEで友達にメッセージするのと同じ感覚です」 ナレーション: なし オノマトペ: なし
2コマ目 (下右): ミサキが前のめりになって目を輝かせる。効果線が背景に広がる。 セリフ: ［ミサキ］の吹き出しに「……日本語で？　本当ですか？」 ナレーション: なし オノマトペ: なし
3コマ目 (下左): タクヤが画面共有を始める。シンプルなチャット画面が映っている。 セリフ: ［タクヤ］の吹き出しに「はい。まず開いてみてください」 ナレーション: ［四角枠］シンプルなチャット画面。テキスト入力欄。それだけ。 オノマトペ: なし","[{""panel_id"": 1, ""type"": ""dialogue"", ""speaker"": ""タクヤ"", ""text"": ""大丈夫です。Claudeは日本語で話しかけるだけで使えますよ。LINEで友達にメッセージするのと同じ感覚です""}, {""panel_id"": 2, ""type"": ""dialogue"", ""speaker"": ""ミサキ"", ""text"": ""……日本語で？　本当ですか？""}, {""panel_id"": 3, ""type"": ""dialogue"", ""speaker"": ""タクヤ"", ""text"": ""はい。まず開いてみてください""}, {""panel_id"": 3, ""type"": ""narration"", ""speaker"": null, ""text"": ""シンプルなチャット画面。テキスト入力欄。それだけ。""}]",misaki_work_home
11,テンプレ2,"◆【注意】【】で囲まれた単語は感情や状況の指示であり、画像内に文字として描画しないでください
◆【絶対最優先】必ずフルカラーにしてください
◆【絶対最優先】必ず日本のアニメ・マンガ調のイラストで描いてください。実写風・フォトリアル風は禁止です。
◆【絶対最優先】キャラクター外見: ミサキは添付のミサキ.pngと100%同一の外見で描画, タクヤは添付のタクヤ.pngと100%同一の外見で描画
◆【補足情報】服装: ライトグレーのシャツにジャケット（Zoom・コーチング時の半フォーマルスタイル）
◆【コマ構成】テンプレ2: 上下2段
◆【出力サイズ】2:3
◆【補足情報】上下左右に50ピクセルの余白を設けてください
◆【作画】ジャンル: 副業に最適化した統一スタイル / 作画スタイル: 親しみやすく実践的,現代的なライフスタイル表現 / 色調: 明るく前向きな色調,オレンジ・青・黄色基調,活力ある配色 / 線画: 親しみやすい柔らかな線,カジュアルで読みやすい表現 / 演出: パソコン作業,スマホ,時計,収入の可視化,必要に応じて集中線,効果線,擬音などのマンガらしい演出
◆【ストーリー】
1コマ目 (上): Zoom画面上のタクヤがノートパソコンを傾けてミサキに画面を見せている。「ここに入力するだけです」と指差している。 セリフ: ［タクヤ］の吹き出しに「実際にやってみましょう。ここに〝私は元事務職のママです〟って入れるだけでいい」 ナレーション: ［四角枠］タクヤがClaudeの画面を共有してみせた。 オノマトペ: カタカタカタ
2コマ目 (下): ミサキの目が大きく見開かれる。Zoom画面に映るClaudeの応答テキストを食い入るように見ている。 セリフ: ［ミサキ（内心）］の吹き出しに「一瞬で、こんなに長い文章が……」 ナレーション: なし オノマトペ: なし","[{""panel_id"": 1, ""type"": ""dialogue"", ""speaker"": ""タクヤ"", ""text"": ""実際にやってみましょう。ここに〝私は元事務職のママです〟って入れるだけでいい""}, {""panel_id"": 1, ""type"": ""narration"", ""speaker"": null, ""text"": ""タクヤがClaudeの画面を共有してみせた。""}, {""panel_id"": 2, ""type"": ""dialogue"", ""speaker"": ""ミサキ（内心）"", ""text"": ""一瞬で、こんなに長い文章が……""}, {""panel_id"": 2, ""type"": ""narration"", ""speaker"": null, ""text"": ""チャット画面に、ミサキの問いかけが光った。返答は一秒もかからなかった。""}]",takuya_zoom_mentor
12,テンプレ5,"◆【注意】【】で囲まれた単語は感情や状況の指示であり、画像内に文字として描画しないでください
◆【絶対最優先】必ずフルカラーにしてください
◆【絶対最優先】必ず日本のアニメ・マンガ調のイラストで描いてください。実写風・フォトリアル風は禁止です。
◆【絶対最優先】キャラクター外見: ミサキは添付のミサキ.pngと100%同一の外見で描画, タクヤは添付のタクヤ.pngと100%同一の外見で描画
◆【出力サイズ】2:3
◆【補足情報】上下左右に50ピクセルの余白を設けてください
◆【補足情報】服装: グレーのスウェット上下、髪を緩くまとめ、素足（深夜〜早朝のPC作業・在宅集中タイム）
◆【コマ構成】テンプレ5: 上中下3段
◆【作画】ジャンル: 副業に最適化した統一スタイル / 作画スタイル: 親しみやすく実践的,現代的なライフスタイル表現 / 色調: 明るく前向きな色調,オレンジ・青・黄色基調,活力ある配色 / 線画: 親しみやすい柔らかな線,カジュアルで読みやすい表現 / 演出: パソコン作業,スマホ,時計,収入の可視化,必要に応じて集中線,効果線,擬音などのマンガらしい演出
◆【ストーリー】
1コマ目 (上段): ミサキが恐る恐る聞く。顔に「？」マーク演出。 セリフ: ［ミサキ］の吹き出しに「あの……難しい設定とかインストールとか必要なんじゃ……」 ナレーション: ［四角枠］壁②：難しい設定の壁 オノマトペ: なし
2コマ目 (中段): タクヤが軽やかに答える。 セリフ: ［タクヤ］の吹き出しに「Claudeはブラウザで使えます。もう今、開いているこの画面で使えてますよ」 ナレーション: なし オノマトペ: なし
3コマ目 (下段): ミサキの肩から力が抜けていく。ほっとした顔。背景は緊張が解けるグラデーション演出。 セリフ: ［ミサキ］の吹き出しに「これだけ……？」 ナレーション: ［四角枠］数秒、画面を眺めた。肩から力が抜けていくのがわかった。 オノマトペ: はぁー","[{""panel_id"": 1, ""type"": ""dialogue"", ""speaker"": ""ミサキ"", ""text"": ""あの……難しい設定とかインストールとか必要なんじゃ……""}, {""panel_id"": 1, ""type"": ""narration"", ""speaker"": null, ""text"": ""壁②：難しい設定の壁""}, {""panel_id"": 2, ""type"": ""dialogue"", ""speaker"": ""タクヤ"", ""text"": ""Claudeはブラウザで使えます。もう今、開いているこの画面で使えてますよ""}, {""panel_id"": 3, ""type"": ""dialogue"", ""speaker"": ""ミサキ"", ""text"": ""これだけ……？""}, {""panel_id"": 3, ""type"": ""narration"", ""speaker"": null, ""text"": ""数秒、画面を眺めた。肩から力が抜けていくのがわかった。""}]",misaki_work_home
13,テンプレ5,"◆【注意】【】で囲まれた単語は感情や状況の指示であり、画像内に文字として描画しないでください
◆【絶対最優先】必ずフルカラーにしてください
◆【絶対最優先】必ず日本のアニメ・マンガ調のイラストで描いてください。実写風・フォトリアル風は禁止です。
◆【絶対最優先】キャラクター外見: ミサキは添付のミサキ.pngと100%同一の外見で描画, タクヤは添付のタクヤ.pngと100%同一の外見で描画
◆【出力サイズ】2:3
◆【補足情報】上下左右に50ピクセルの余白を設けてください
◆【補足情報】服装: グレーのスウェット上下、髪を緩くまとめ、素足（深夜〜早朝のPC作業・在宅集中タイム）
◆【コマ構成】テンプレ5: 上中下3段
◆【作画】ジャンル: 副業に最適化した統一スタイル / 作画スタイル: 親しみやすく実践的,現代的なライフスタイル表現 / 色調: 明るく前向きな色調,オレンジ・青・黄色基調,活力ある配色 / 線画: 親しみやすい柔らかな線,カジュアルで読みやすい表現 / 演出: パソコン作業,スマホ,時計,収入の可視化,必要に応じて集中線,効果線,擬音などのマンガらしい演出
◆【ストーリー】
1コマ目 (上段): ミサキが正直に打ち明ける。 セリフ: ［ミサキ］の吹き出しに「あと……英語、全然ダメなんです。AIって英語で使うものですよね？」 ナレーション: ［四角枠］壁③：英語の壁 オノマトペ: なし
2コマ目 (中段): タクヤが親しみやすく提案する。 セリフ: ［タクヤ］の吹き出しに「やってみましょう。日本語で何か聞いてみてください。今日の晩ごはんの献立でも、なんでも」 ナレーション: なし オノマトペ: なし
3コマ目 (下段): ミサキが恐る恐るキーボードを打ち込む。画面に文字が入力されている。 セリフ: なし ナレーション: ［四角枠］ミサキは恐る恐る入力した。「冷蔵庫にキャベツと豚肉と卵があるんですけど、何か簡単に作れるものありますか？」 オノマトペ: カチカチ","[{""panel_id"": 1, ""type"": ""dialogue"", ""speaker"": ""ミサキ"", ""text"": ""あと……英語、全然ダメなんです。AIって英語で使うものですよね？""}, {""panel_id"": 1, ""type"": ""narration"", ""speaker"": null, ""text"": ""壁③：英語の壁""}, {""panel_id"": 2, ""type"": ""dialogue"", ""speaker"": ""タクヤ"", ""text"": ""やってみましょう。日本語で何か聞いてみてください。今日の晩ごはんの献立でも、なんでも""}, {""panel_id"": 3, ""type"": ""narration"", ""speaker"": null, ""text"": ""ミサキは恐る恐る入力した。「冷蔵庫にキャベツと豚肉と卵があるんですけど、何か簡単に作れるものありますか？」""}]",misaki_work_home
14,テンプレ1,"◆【注意】【】で囲まれた単語は感情や状況の指示であり、画像内に文字として描画しないでください
◆【絶対最優先】必ずフルカラーにしてください
◆【絶対最優先】必ず日本のアニメ・マンガ調のイラストで描いてください。実写風・フォトリアル風は禁止です。
◆【絶対最優先】キャラクター外見: ミサキは添付のミサキ.pngと100%同一の外見で描画
◆【出力サイズ】2:3
◆【補足情報】上下左右に50ピクセルの余白を設けてください
◆【補足情報】服装: グレーのスウェット上下、髪を緩くまとめ、素足（深夜〜早朝のPC作業・在宅集中タイム）
◆【コマ構成】テンプレ1: ページ全体1コマ
◆【作画】ジャンル: 副業に最適化した統一スタイル / 作画スタイル: 親しみやすく実践的,現代的なライフスタイル表現 / 色調: 明るく前向きな色調,オレンジ・青・黄色基調,活力ある配色 / 線画: 親しみやすい柔らかな線,カジュアルで読みやすい表現 / 演出: パソコン作業,スマホ,時計,収入の可視化,必要に応じて集中線,効果線,擬音などのマンガらしい演出
◆【ストーリー】
1コマ目 (全面): ミサキが画面を見て目が大きく見開かれている。背景に放射状の効果線。画面から日本語の文字が溢れ出すような演出。表情は【驚愕と感動】。大げさな衝撃表現で、口が「あ」の形に開いている。 セリフ: ［ミサキ］の吹き出しに「……すごい」 ナレーション: ［四角枠］画面に文字が流れ始めた。——日本語だった。 オノマトペ: ピロン","[{""panel_id"": 1, ""type"": ""dialogue"", ""speaker"": ""ミサキ"", ""text"": ""……すごい""}, {""panel_id"": 1, ""type"": ""narration"", ""speaker"": null, ""text"": ""画面に文字が流れ始めた。——日本語だった。""}, {""panel_id"": 1, ""type"": ""narration"", ""speaker"": null, ""text"": ""ミサキが入力したのはたった一行。なのにClaudeは、3段落もの文章を返してきた。""}, {""panel_id"": 1, ""type"": ""dialogue"", ""speaker"": ""ミサキ（内心）"", ""text"": ""私の言葉を読んで……答えてくれてる""}]",misaki_work_home
15,テンプレ6,"◆【注意】【】で囲まれた単語は感情や状況の指示であり、画像内に文字として描画しないでください
◆【絶対最優先】必ずフルカラーにしてください
◆【絶対最優先】必ず日本のアニメ・マンガ調のイラストで描いてください。実写風・フォトリアル風は禁止です。
◆【絶対最優先】キャラクター外見: ミサキは添付のミサキ.pngと100%同一の外見で描画, タクヤは添付のタクヤ.pngと100%同一の外見で描画
◆【出力サイズ】2:3
◆【補足情報】上下左右に50ピクセルの余白を設けてください
◆【補足情報】服装: グレーのスウェット上下、髪を緩くまとめ、素足（深夜〜早朝のPC作業・在宅集中タイム）
◆【コマ構成】テンプレ6: 上1コマ＋下左右2コマ
◆【作画】ジャンル: 副業に最適化した統一スタイル / 作画スタイル: 親しみやすく実践的,現代的なライフスタイル表現 / 色調: 明るく前向きな色調,オレンジ・青・黄色基調,活力ある配色 / 線画: 親しみやすい柔らかな線,カジュアルで読みやすい表現 / 演出: パソコン作業,スマホ,時計,収入の可視化,必要に応じて集中線,効果線,擬音などのマンガらしい演出
◆【ストーリー】
1コマ目 (上): ミサキが目を輝かせてタクヤに話す。 セリフ: ［ミサキ］の吹き出しに「普通に会話してるみたい！ これ、本当にAIですか？」 ナレーション: なし オノマトペ: なし
2コマ目 (下右): タクヤが少し前のめりになって真剣な表情で言う。 セリフ: ［タクヤ］の吹き出しに「さっきの指示、めちゃくちゃ良い指示ですよ」 ナレーション: なし オノマトペ: なし
3コマ目 (下左): ミサキが自分を指さして驚く。大げさな驚き顔。 セリフ: ［ミサキ］の吹き出しに「……え？ 私の？」 ナレーション: なし オノマトペ: ！","[{""panel_id"": 1, ""type"": ""dialogue"", ""speaker"": ""ミサキ"", ""text"": ""普通に会話してるみたい！ これ、本当にAIですか？""}, {""panel_id"": 2, ""type"": ""dialogue"", ""speaker"": ""タクヤ"", ""text"": ""さっきの指示、めちゃくちゃ良い指示ですよ""}, {""panel_id"": 3, ""type"": ""dialogue"", ""speaker"": ""ミサキ"", ""text"": ""……え？ 私の？""}, {""panel_id"": 3, ""type"": ""narration"", ""speaker"": null, ""text"": ""タクヤは笑顔で続けた。「その指示の感覚が、そのまま強みになります」""}, {""panel_id"": 3, ""type"": ""dialogue"", ""speaker"": ""ミサキ（内心）"", ""text"": ""……私、なんか変なことしちゃった？""}]",misaki_work_home
16,テンプレ1,"◆【注意】【】で囲まれた単語は感情や状況の指示であり、画像内に文字として描画しないでください
◆【絶対最優先】必ずフルカラーにしてください
◆【絶対最優先】必ず日本のアニメ・マンガ調のイラストで描いてください。実写風・フォトリアル風は禁止です。
◆【絶対最優先】キャラクター外見: ミサキは添付のミサキ.pngと100%同一の外見で描画
◆【補足情報】服装: グレーのスウェット上下、髪を緩くまとめ、素足（深夜〜早朝のPC作業・在宅集中タイム）
◆【コマ構成】テンプレ1: ページ全体1コマ
◆【出力サイズ】2:3
◆【補足情報】上下左右に50ピクセルの余白を設けてください
◆【作画】ジャンル: 副業に最適化した統一スタイル / 作画スタイル: 親しみやすく実践的,現代的なライフスタイル表現 / 色調: 明るく前向きな色調,オレンジ・青・黄色基調,活力ある配色 / 線画: 親しみやすい柔らかな線,カジュアルで読みやすい表現 / 演出: パソコン作業,スマホ,時計,収入の可視化,必要に応じて集中線,効果線,擬音などのマンガらしい演出
◆【ストーリー】
1コマ目 (全面): ノートパソコンの画面アップ。Claudeの返答が2つ並んでいる。左側「NG例」は短く的外れな文章。右側「OK例」は具体的で読みやすい文章。ミサキの手が画面を指差している。ナレーションで対比を強調。 セリフ: なし ナレーション: ［四角枠］指示の解像度で、AIの答えはまるで別物になる。 オノマトペ: なし","[{""panel_id"": 1, ""type"": ""narration"", ""speaker"": null, ""text"": ""指示の解像度で、AIの答えはまるで別物になる。""}, {""panel_id"": 1, ""type"": ""narration"", ""speaker"": null, ""text"": ""NG: 「SNS投稿を書いて」→ 平凡な文章。""}, {""panel_id"": 1, ""type"": ""narration"", ""speaker"": null, ""text"": ""OK: 「元事務職の32歳ママが育児中にAIで副業を始めた体験談を書いて」→ 読まれる文章。""}, {""panel_id"": 1, ""type"": ""dialogue"", ""speaker"": ""ミサキ（内心）"", ""text"": ""どれだけ自分のことを伝えるかが、カギなんだ""}]",misaki_work_home
17,テンプレ4,"◆【注意】【】で囲まれた単語は感情や状況の指示であり、画像内に文字として描画しないでください
◆【絶対最優先】必ずフルカラーにしてください
◆【絶対最優先】必ず日本のアニメ・マンガ調のイラストで描いてください。実写風・フォトリアル風は禁止です。
◆【絶対最優先】キャラクター外見: ミサキは添付のミサキ.pngと100%同一の外見で描画, タクヤは添付のタクヤ.pngと100%同一の外見で描画
◆【出力サイズ】2:3
◆【補足情報】上下左右に50ピクセルの余白を設けてください
◆【補足情報】服装: グレーのスウェット上下、髪を緩くまとめ、素足（深夜〜早朝のPC作業・在宅集中タイム）
◆【コマ構成】テンプレ4: 上大下小
◆【作画】ジャンル: 副業に最適化した統一スタイル / 作画スタイル: 親しみやすく実践的,現代的なライフスタイル表現 / 色調: 明るく前向きな色調,オレンジ・青・黄色基調,活力ある配色 / 線画: 親しみやすい柔らかな線,カジュアルで読みやすい表現 / 演出: パソコン作業,スマホ,時計,収入の可視化,必要に応じて集中線,効果線,擬音などのマンガらしい演出
◆【ストーリー】
1コマ目 (上・大): タクヤが画面越しに熱く説明する。ナレーションボックスで引用が入る。 セリフ: ［タクヤ］の吹き出しに「条件が明確で、目的がはっきりしていて、制約条件も伝えている。だからAIは的確に答えられた。これは立派な〝言語化力〟です」 ナレーション: なし オノマトペ: なし
2コマ目 (下・小): ミサキが自分が入力した一行を見つめ、目が潤んでいる。 セリフ: ［ミサキ（内心）］の吹き出しに「なんで……？　私、何もしてないのに」 ナレーション: ［四角枠］自分が入力した、何の変哲もない一行。それが「良い指示」。 オノマトペ: なし","[{""panel_id"": 1, ""type"": ""dialogue"", ""speaker"": ""タクヤ"", ""text"": ""条件が明確で、目的がはっきりしていて、制約条件も伝えている。だからAIは的確に答えられた。これは立派な〝言語化力〟です""}, {""panel_id"": 2, ""type"": ""dialogue"", ""speaker"": ""ミサキ（内心）"", ""text"": ""なんで……？　私、何もしてないのに""}, {""panel_id"": 2, ""type"": ""narration"", ""speaker"": null, ""text"": ""自分が入力した、何の変哲もない一行。それが「良い指示」。""}]",misaki_work_home
18,テンプレ5,"◆【注意】【】で囲まれた単語は感情や状況の指示であり、画像内に文字として描画しないでください
◆【絶対最優先】必ずフルカラーにしてください
◆【絶対最優先】必ず日本のアニメ・マンガ調のイラストで描いてください。実写風・フォトリアル風は禁止です。
◆【絶対最優先】キャラクター外見: ミサキは添付のミサキ.pngと100%同一の外見で描画, タクヤは添付のタクヤ.pngと100%同一の外見で描画
◆【出力サイズ】2:3
◆【補足情報】上下左右に50ピクセルの余白を設けてください
◆【補足情報】服装: グレーのスウェット上下、髪を緩くまとめ、素足（深夜〜早朝のPC作業・在宅集中タイム）
◆【コマ構成】テンプレ5: 上中下3段
◆【作画】ジャンル: 副業に最適化した統一スタイル / 作画スタイル: 親しみやすく実践的,現代的なライフスタイル表現 / 色調: 明るく前向きな色調,オレンジ・青・黄色基調,活力ある配色 / 線画: 親しみやすい柔らかな線,カジュアルで読みやすい表現 / 演出: パソコン作業,スマホ,時計,収入の可視化,必要に応じて集中線,効果線,擬音などのマンガらしい演出
◆【ストーリー】
1コマ目 (上段): タクヤが微笑んで核心を突く。 セリフ: ［タクヤ］の吹き出しに「じゃあ、佐藤さん。本当にやりたいことは何ですか？」 ナレーション: なし オノマトペ: なし
2コマ目 (中段): ミサキが少し考えてから答える。照れくさそうに。 セリフ: ［ミサキ］の吹き出しに「……育児のことなら毎日やってるので、詳しいかも。Instagramで発信してみたいなって、ちょっと思ったことがあって」 ナレーション: なし オノマトペ: なし
3コマ目 (下段): タクヤが目を輝かせて即答する。 セリフ: ［タクヤ］の吹き出しに「いいじゃないですか。じゃあ、今すぐClaudeに相談してみましょう」 ナレーション: なし オノマトペ: なし","[{""panel_id"": 1, ""type"": ""dialogue"", ""speaker"": ""タクヤ"", ""text"": ""じゃあ、佐藤さん。本当にやりたいことは何ですか？""}, {""panel_id"": 2, ""type"": ""dialogue"", ""speaker"": ""ミサキ"", ""text"": ""……育児のことなら毎日やってるので、詳しいかも。Instagramで発信してみたいなって、ちょっと思ったことがあって""}, {""panel_id"": 3, ""type"": ""dialogue"", ""speaker"": ""タクヤ"", ""text"": ""いいじゃないですか。じゃあ、今すぐClaudeに相談してみましょう""}]",misaki_work_home
19,テンプレ7,"◆【注意】【】で囲まれた単語は感情や状況の指示であり、画像内に文字として描画しないでください
◆【絶対最優先】必ずフルカラーにしてください
◆【絶対最優先】必ず日本のアニメ・マンガ調のイラストで描いてください。実写風・フォトリアル風は禁止です。
◆【絶対最優先】キャラクター外見: ミサキは添付のミサキ.pngと100%同一の外見で描画, タクヤは添付のタクヤ.pngと100%同一の外見で描画
◆【出力サイズ】2:3
◆【補足情報】上下左右に50ピクセルの余白を設けてください
◆【補足情報】服装: グレーのスウェット上下、髪を緩くまとめ、素足（深夜〜早朝のPC作業・在宅集中タイム）
◆【コマ構成】テンプレ7: 上右左2コマ＋下1コマ
◆【作画】ジャンル: 副業に最適化した統一スタイル / 作画スタイル: 親しみやすく実践的,現代的なライフスタイル表現 / 色調: 明るく前向きな色調,オレンジ・青・黄色基調,活力ある配色 / 線画: 親しみやすい柔らかな線,カジュアルで読みやすい表現 / 演出: パソコン作業,スマホ,時計,収入の可視化,必要に応じて集中線,効果線,擬音などのマンガらしい演出
◆【ストーリー】
1コマ目 (上右): ミサキが驚いて身を乗り出す。 セリフ: ［ミサキ］の吹き出しに「え、今ですか！？」 ナレーション: なし オノマトペ: ！？
2コマ目 (上左): タクヤが自信ありそうに頷く。 セリフ: ［タクヤ］の吹き出しに「はい、今です。さっき言ったことをそのまま入力してください」 ナレーション: なし オノマトペ: なし
3コマ目 (下段): ミサキが一生懸命キーボードを打ち込んでいる。画面にInstagramアカウント相談の文が入力されている。集中した顔。 セリフ: なし ナレーション: ［四角枠］ミサキは打ち込んだ。育児中のママ向けにInstagramアカウントを始めたい——その言葉を。 オノマトペ: カチカチカチ","[{""panel_id"": 1, ""type"": ""dialogue"", ""speaker"": ""ミサキ"", ""text"": ""え、今ですか！？""}, {""panel_id"": 2, ""type"": ""dialogue"", ""speaker"": ""タクヤ"", ""text"": ""はい、今です。さっき言ったことをそのまま入力してください""}, {""panel_id"": 3, ""type"": ""narration"", ""speaker"": null, ""text"": ""ミサキは打ち込んだ。育児中のママ向けにInstagramアカウントを始めたい——その言葉を。""}]",misaki_work_home
20,テンプレ4,"◆【注意】【】で囲まれた単語は感情や状況の指示であり、画像内に文字として描画しないでください
◆【絶対最優先】必ずフルカラーにしてください
◆【絶対最優先】必ず日本のアニメ・マンガ調のイラストで描いてください。実写風・フォトリアル風は禁止です。
◆【絶対最優先】キャラクター外見: ミサキは添付のミサキ.pngと100%同一の外見で描画
◆【補足情報】服装: グレーのスウェット上下、髪を緩くまとめ、素足（深夜〜早朝のPC作業・在宅集中タイム）
◆【コマ構成】テンプレ4: 上大＋下小
◆【出力サイズ】2:3
◆【補足情報】上下左右に50ピクセルの余白を設けてください
◆【作画】ジャンル: 副業に最適化した統一スタイル / 作画スタイル: 親しみやすく実践的,現代的なライフスタイル表現 / 色調: 明るく前向きな色調,オレンジ・青・黄色基調,活力ある配色 / 線画: 親しみやすい柔らかな線,カジュアルで読みやすい表現 / 演出: パソコン作業,スマホ,時計,収入の可視化,必要に応じて集中線,効果線,擬音などのマンガらしい演出
◆【ストーリー】
1コマ目 (上大): ミサキがキーボードに向かい、真剣な表情でClaudeに入力している。入力途中の文章が画面に見える。「私は32歳の元事務職ママです。産後に退職して、今は育児しながら副業を始めようとしています。私の経験を活かしたSNS投稿のアイデアを出してください」 セリフ: なし ナレーション: ［四角枠］タクヤのアドバイスを思い出しながら、ミサキは自分のことをすべて正直に書いた。 オノマトペ: カタカタカタ
2コマ目 (下小): Claudeの応答が次々と画面に表示される。ミサキが画面をスクロールしながら目を輝かせる。 セリフ: ［ミサキ（内心）］の吹き出しに「これ、全部私のことだ」 ナレーション: なし オノマトペ: なし","[{""panel_id"": 1, ""type"": ""narration"", ""speaker"": null, ""text"": ""タクヤのアドバイスを思い出しながら、ミサキは自分のことをすべて正直に書いた。""}, {""panel_id"": 2, ""type"": ""dialogue"", ""speaker"": ""ミサキ（内心）"", ""text"": ""これ、全部私のことだ""}, {""panel_id"": 2, ""type"": ""narration"", ""speaker"": null, ""text"": ""画面に並ぶ言葉は、ミサキが言語化できなかった思いそのものだった。""}]",misaki_work_home
21,テンプレ1,"◆【注意】【】で囲まれた単語は感情や状況の指示であり、画像内に文字として描画しないでください
◆【絶対最優先】必ずフルカラーにしてください
◆【絶対最優先】必ず日本のアニメ・マンガ調のイラストで描いてください。実写風・フォトリアル風は禁止です。
◆【絶対最優先】キャラクター外見: ミサキは添付のミサキ.pngと100%同一の外見で描画
◆【出力サイズ】2:3
◆【補足情報】上下左右に50ピクセルの余白を設けてください
◆【補足情報】服装: グレーのスウェット上下、髪を緩くまとめ、素足（深夜〜早朝のPC作業・在宅集中タイム）
◆【コマ構成】テンプレ1: ページ全体1コマ
◆【作画】ジャンル: 副業に最適化した統一スタイル / 作画スタイル: 親しみやすく実践的,現代的なライフスタイル表現 / 色調: 明るく前向きな色調,オレンジ・青・黄色基調,活力ある配色 / 線画: 親しみやすい柔らかな線,カジュアルで読みやすい表現 / 演出: パソコン作業,スマホ,時計,収入の可視化,必要に応じて集中線,効果線,擬音などのマンガらしい演出
◆【ストーリー】
1コマ目 (全面): ミサキの目がどんどん大きくなっていく。画面から文字が溢れ出し、ターゲット層の分析・差別化ポイント・コンセプト案・フォロワー獲得戦略の文字が周囲に広がる演出。放射状効果線。表情は【驚愕と感動の極み】。 セリフ: ［ミサキ］の吹き出しに「……え？」 ナレーション: ［四角枠］画面に文字が溢れ始めた。ターゲット層の分析。差別化ポイント。コンセプト案が3つ。投稿頻度の目安。フォロワー獲得の初期戦略。「こんなに一瞬で……」ミサキは言葉を失った。 オノマトペ: ピロン","[{""panel_id"": 1, ""type"": ""dialogue"", ""speaker"": ""ミサキ"", ""text"": ""……え？""}, {""panel_id"": 1, ""type"": ""narration"", ""speaker"": null, ""text"": ""画面に文字が溢れ始めた。ターゲット層の分析。差別化ポイント。コンセプト案が3つ。投稿頻度の目安。フォロワー獲得の初期戦略。""}, {""panel_id"": 1, ""type"": ""narration"", ""speaker"": null, ""text"": ""「こんなに一瞬で……」ミサキは言葉を失った。""}]",misaki_work_home
22,テンプレ5,"◆【注意】【】で囲まれた単語は感情や状況の指示であり、画像内に文字として描画しないでください
◆【絶対最優先】必ずフルカラーにしてください
◆【絶対最優先】必ず日本のアニメ・マンガ調のイラストで描いてください。実写風・フォトリアル風は禁止です。
◆【絶対最優先】キャラクター外見: ミサキは添付のミサキ.pngと100%同一の外見で描画, タクヤは添付のタクヤ.pngと100%同一の外見で描画
◆【出力サイズ】2:3
◆【補足情報】上下左右に50ピクセルの余白を設けてください
◆【補足情報】服装: グレーのスウェット上下、髪を緩くまとめ、素足（深夜〜早朝のPC作業・在宅集中タイム）
◆【コマ構成】テンプレ5: 上中下3段
◆【作画】ジャンル: 副業に最適化した統一スタイル / 作画スタイル: 親しみやすく実践的,現代的なライフスタイル表現 / 色調: 明るく前向きな色調,オレンジ・青・黄色基調,活力ある配色 / 線画: 親しみやすい柔らかな線,カジュアルで読みやすい表現 / 演出: パソコン作業,スマホ,時計,収入の可視化,必要に応じて集中線,効果線,擬音などのマンガらしい演出
◆【ストーリー】
1コマ目 (上段): ミサキが感動した表情でタクヤに話しかける。 セリフ: ［ミサキ］の吹き出しに「これ……私が考えたみたい。いや、考えた以上かも……」 ナレーション: なし オノマトペ: なし
2コマ目 (中段): タクヤが優しく、しかし明確に返す。 セリフ: ［タクヤ］の吹き出しに「考えたんですよ。AIが形にしただけで、出発点は佐藤さんの言葉です」 ナレーション: なし オノマトペ: なし
3コマ目 (下段): ミサキの胸がぱぁっと明るくなる。背景がオレンジ色に輝く演出。目に涙が光っている。 セリフ: なし ナレーション: ［四角枠］ぱぁっ、と胸が明るくなる感覚があった。 オノマトペ: ぱぁっ","[{""panel_id"": 1, ""type"": ""dialogue"", ""speaker"": ""ミサキ"", ""text"": ""これ……私が考えたみたい。いや、考えた以上かも……""}, {""panel_id"": 2, ""type"": ""dialogue"", ""speaker"": ""タクヤ"", ""text"": ""考えたんですよ。AIが形にしただけで、出発点は佐藤さんの言葉です""}, {""panel_id"": 3, ""type"": ""narration"", ""speaker"": null, ""text"": ""ぱぁっ、と胸が明るくなる感覚があった。""}, {""panel_id"": 3, ""type"": ""narration"", ""speaker"": null, ""text"": ""タクヤの言葉は簡単だった。でもミサキには、それが一番難しかった。""}]",misaki_work_home
23,テンプレ6,"◆【注意】【】で囲まれた単語は感情や状況の指示であり、画像内に文字として描画しないでください
◆【絶対最優先】必ずフルカラーにしてください
◆【絶対最優先】必ず日本のアニメ・マンガ調のイラストで描いてください。実写風・フォトリアル風は禁止です。
◆【絶対最優先】キャラクター外見: ミサキは添付のミサキ.pngと100%同一の外見で描画, ひなた（2歳期）は添付のひなた_2歳期.pngと100%同一の外見で描画
◆【出力サイズ】2:3
◆【補足情報】上下左右に50ピクセルの余白を設けてください
◆【補足情報】服装: グレーのスウェット上下、髪を緩くまとめ、素足（深夜〜早朝のPC作業・在宅集中タイム）
◆【コマ構成】テンプレ6: 上1コマ＋下左右2コマ
◆【作画】ジャンル: 副業に最適化した統一スタイル / 作画スタイル: 親しみやすく実践的,現代的なライフスタイル表現 / 色調: 明るく前向きな色調,オレンジ・青・黄色基調,活力ある配色 / 線画: 親しみやすい柔らかな線,カジュアルで読みやすい表現 / 演出: パソコン作業,スマホ,時計,収入の可視化,必要に応じて集中線,効果線,擬音などのマンガらしい演出
◆【ストーリー】
1コマ目 (上): 幸せな感覚が続いているミサキに——突然隣の部屋からひなたの激しい泣き声！ 効果線が激しく走る。 セリフ: なし ナレーション: ［四角枠］そのとき——。 オノマトペ: ギャーッ！
2コマ目 (下右): ミサキが慌てて立ち上がる。椅子が倒れそうなほどの勢い。 セリフ: ［ミサキ］の吹き出しに「あっ、すみません——！」 ナレーション: なし オノマトペ: ガタッ
3コマ目 (下左): タクヤが画面の前で穏やかに手を振る。 セリフ: ［タクヤ］の吹き出しに「大丈夫ですよ、行ってあげてください」 ナレーション: なし オノマトペ: なし","[{""panel_id"": 1, ""type"": ""narration"", ""speaker"": null, ""text"": ""そのとき——。""}, {""panel_id"": 2, ""type"": ""dialogue"", ""speaker"": ""ミサキ"", ""text"": ""あっ、すみません——！""}, {""panel_id"": 2, ""type"": ""narration"", ""speaker"": null, ""text"": ""ひなたが目を覚ました。「まーまー！」という声が部屋に響く。""}, {""panel_id"": 3, ""type"": ""dialogue"", ""speaker"": ""タクヤ"", ""text"": ""大丈夫ですよ。育児しながらのほうが、話に説得力が出ますから""}, {""panel_id"": 3, ""type"": ""narration"", ""speaker"": null, ""text"": ""タクヤは笑っていた。焦るミサキをよそに、穏やかに。""}]",misaki_work_home
24,テンプレ5,"◆【注意】【】で囲まれた単語は感情や状況の指示であり、画像内に文字として描画しないでください
◆【絶対最優先】必ずフルカラーにしてください
◆【絶対最優先】必ず日本のアニメ・マンガ調のイラストで描いてください。実写風・フォトリアル風は禁止です。
◆【絶対最優先】キャラクター外見: ミサキは添付のミサキ.pngと100%同一の外見で描画, ひなた（2歳期）は添付のひなた_2歳期.pngと100%同一の外見で描画
◆【出力サイズ】2:3
◆【補足情報】上下左右に50ピクセルの余白を設けてください
◆【補足情報】服装: ボーダー柄（白と紺）のカットソーにデニムパンツ、白いスニーカー（自宅・外出・育児中の普段着）
◆【コマ構成】テンプレ5: 上中下3段
◆【作画】ジャンル: 副業に最適化した統一スタイル / 作画スタイル: 親しみやすく実践的,現代的なライフスタイル表現 / 色調: 明るく前向きな色調,オレンジ・青・黄色基調,活力ある配色 / 線画: 親しみやすい柔らかな線,カジュアルで読みやすい表現 / 演出: パソコン作業,スマホ,時計,収入の可視化,必要に応じて集中線,効果線,擬音などのマンガらしい演出
◆【ストーリー】
1コマ目 (上段): ミサキが急いでひなたを抱き上げる。ひなたは夢を見ていたのか、すぐに落ち着いている。 セリフ: なし ナレーション: ［四角枠］急いでひなたを抱き上げる。夢を見ていたのか、すぐに落ち着いた。 オノマトペ: よしよし
2コマ目 (中段): 部屋に戻ると、タクヤが静かに待っていた。穏やかな笑顔。 セリフ: ［ミサキ］の吹き出しに「ごめんなさい……」 ナレーション: ［四角枠］部屋に戻ると、タクヤは静かに待っていた。 オノマトペ: なし
3コマ目 (下段): タクヤが真剣な表情で語りかける。 セリフ: ［タクヤ］の吹き出しに「謝らなくていいですよ。このプログラムは最初から、こういうことを前提にしています」 ナレーション: なし オノマトペ: なし","[{""panel_id"": 1, ""type"": ""narration"", ""speaker"": null, ""text"": ""急いでひなたを抱き上げる。夢を見ていたのか、すぐに落ち着いた。""}, {""panel_id"": 2, ""type"": ""dialogue"", ""speaker"": ""ミサキ"", ""text"": ""ごめんなさい……""}, {""panel_id"": 2, ""type"": ""narration"", ""speaker"": null, ""text"": ""部屋に戻ると、タクヤは静かに待っていた。""}, {""panel_id"": 3, ""type"": ""dialogue"", ""speaker"": ""タクヤ"", ""text"": ""謝らなくていいですよ。このプログラムは最初から、こういうことを前提にしています""}]",misaki_work_home
25,テンプレ4,"◆【注意】【】で囲まれた単語は感情や状況の指示であり、画像内に文字として描画しないでください
◆【絶対最優先】必ずフルカラーにしてください
◆【絶対最優先】必ず日本のアニメ・マンガ調のイラストで描いてください。実写風・フォトリアル風は禁止です。
◆【絶対最優先】キャラクター外見: ミサキは添付のミサキ.pngと100%同一の外見で描画, タクヤは添付のタクヤ.pngと100%同一の外見で描画
◆【出力サイズ】2:3
◆【補足情報】上下左右に50ピクセルの余白を設けてください
◆【補足情報】服装: グレーのスウェット上下、髪を緩くまとめ、素足（深夜〜早朝のPC作業・在宅集中タイム）
◆【コマ構成】テンプレ4: 上大下小
◆【作画】ジャンル: 副業に最適化した統一スタイル / 作画スタイル: 親しみやすく実践的,現代的なライフスタイル表現 / 色調: 明るく前向きな色調,オレンジ・青・黄色基調,活力ある配色 / 線画: 親しみやすい柔らかな線,カジュアルで読みやすい表現 / 演出: パソコン作業,スマホ,時計,収入の可視化,必要に応じて集中線,効果線,擬音などのマンガらしい演出
◆【ストーリー】
1コマ目 (上・大): タクヤが画面越しに力強く、しかし優しく語る。効果線が周囲を包む。 セリフ: ［タクヤ］の吹き出しに「週に30分しか時間が取れない週があっても構いません。大事なのは、止めないことです」 ナレーション: なし オノマトペ: なし
2コマ目 (下・小): ミサキが深く頷く。目に光がある。 セリフ: なし ナレーション: ［四角枠］はぁぁ、と息をついてミサキは深く頷いた。 オノマトペ: はぁぁ","[{""panel_id"": 1, ""type"": ""dialogue"", ""speaker"": ""タクヤ"", ""text"": ""週に30分しか時間が取れない週があっても構いません。大事なのは、止めないことです""}, {""panel_id"": 2, ""type"": ""narration"", ""speaker"": null, ""text"": ""はぁぁ、と息をついてミサキは深く頷いた。""}, {""panel_id"": 2, ""type"": ""dialogue"", ""speaker"": ""ミサキ（内心）"", ""text"": ""止めない。それだけ覚えておこう。何があっても、止めない。""}]",misaki_work_home
26,テンプレ3,"◆【注意】【】で囲まれた単語は感情や状況の指示であり、画像内に文字として描画しないでください
◆【絶対最優先】必ずフルカラーにしてください
◆【絶対最優先】必ず日本のアニメ・マンガ調のイラストで描いてください。実写風・フォトリアル風は禁止です。
◆【絶対最優先】キャラクター外見: ミサキは添付のミサキ.pngと100%同一の外見で描画, タクヤは添付のタクヤ.pngと100%同一の外見で描画
◆【補足情報】服装: ライトグレーのシャツにジャケット（Zoom・コーチング時の半フォーマルスタイル）
◆【コマ構成】テンプレ3: 上小＋下大
◆【出力サイズ】2:3
◆【補足情報】上下左右に50ピクセルの余白を設けてください
◆【作画】ジャンル: 副業に最適化した統一スタイル / 作画スタイル: 親しみやすく実践的,現代的なライフスタイル表現 / 色調: 明るく前向きな色調,オレンジ・青・黄色基調,活力ある配色 / 線画: 親しみやすい柔らかな線,カジュアルで読みやすい表現 / 演出: パソコン作業,スマホ,時計,収入の可視化,必要に応じて集中線,効果線,擬音などのマンガらしい演出
◆【ストーリー】
1コマ目 (上小): タクヤが静かな表情でミサキに話しかける。 セリフ: ［タクヤ］の吹き出しに「完璧じゃなくていい。動き続けることが一番難しいんです」 ナレーション: なし オノマトペ: なし
2コマ目 (下大): ミサキが目に涙をためながらも口角を上げる。「また動き出せている」という実感が顔全体に広がっている。集中線で感情を強調。 セリフ: ［ミサキ（内心）］の吹き出しに「私、ちゃんと動けてる」 ナレーション: ［四角枠］産後、ずっと止まっていた何かが、少しずつ動き始めていた。 オノマトペ: なし","[{""panel_id"": 1, ""type"": ""dialogue"", ""speaker"": ""タクヤ"", ""text"": ""完璧じゃなくていい。動き続けることが一番難しいんです""}, {""panel_id"": 2, ""type"": ""dialogue"", ""speaker"": ""ミサキ（内心）"", ""text"": ""私、ちゃんと動けてる""}, {""panel_id"": 2, ""type"": ""narration"", ""speaker"": null, ""text"": ""産後、ずっと止まっていた何かが、少しずつ動き始めていた。""}, {""panel_id"": 2, ""type"": ""narration"", ""speaker"": null, ""text"": ""ミサキは涙が出そうになった。でも今日は泣かない、と決めていた。""}]",takuya_zoom_mentor
27,テンプレ5,"◆【注意】【】で囲まれた単語は感情や状況の指示であり、画像内に文字として描画しないでください
◆【絶対最優先】必ずフルカラーにしてください
◆【絶対最優先】必ず日本のアニメ・マンガ調のイラストで描いてください。実写風・フォトリアル風は禁止です。
◆【絶対最優先】キャラクター外見: ミサキは添付のミサキ.pngと100%同一の外見で描画, ひなた（2歳期）は添付のひなた_2歳期.pngと100%同一の外見で描画
◆【出力サイズ】2:3
◆【補足情報】上下左右に50ピクセルの余白を設けてください
◆【補足情報】服装: ボーダー柄（白と紺）のカットソーにデニムパンツ、白いスニーカー（自宅・外出・育児中の普段着）
◆【コマ構成】テンプレ5: 上中下3段
◆【作画】ジャンル: 副業に最適化した統一スタイル / 作画スタイル: 親しみやすく実践的,現代的なライフスタイル表現 / 色調: 明るく前向きな色調,オレンジ・青・黄色基調,活力ある配色 / 線画: 親しみやすい柔らかな線,カジュアルで読みやすい表現 / 演出: パソコン作業,スマホ,時計,収入の可視化,必要に応じて集中線,効果線,擬音などのマンガらしい演出
◆【ストーリー】
1コマ目 (上段): 夜。ひなたを寝かしつけたミサキが、タクヤのブログを読み直している。スマホの画面が暗い部屋に光る。 セリフ: なし ナレーション: ［四角枠］Zoom面談の前日夜。ひなたを寝かしつけたあと、ミサキはタクヤのブログを読み返した。 オノマトペ: なし
2コマ目 (中段): スマホの画面に「AIで稼ぐ」「在宅で収入を作る」という文字が見える。ミサキが真剣な目で読んでいる。 セリフ: ［ミサキ（内心）］の吹き出しに「本当に私でもできるのかな……」 ナレーション: なし オノマトペ: なし
3コマ目 (下段): ノートに「明日聞くこと」とメモをとるミサキ。「プログラミングは必要？」「英語は必要？」「月にどれくらいかかる？」と書いている。 セリフ: なし ナレーション: ［四角枠］ノートに「明日聞くこと」を書き出した。 オノマトペ: カリカリ","[{""panel_id"": 1, ""type"": ""narration"", ""speaker"": null, ""text"": ""Zoom面談の前日夜。ひなたを寝かしつけたあと、ミサキはタクヤのブログを読み返した。""}, {""panel_id"": 2, ""type"": ""dialogue"", ""speaker"": ""ミサキ（内心）"", ""text"": ""本当に私でもできるのかな……""}, {""panel_id"": 3, ""type"": ""narration"", ""speaker"": null, ""text"": ""ノートに「明日聞くこと」を書き出した。""}, {""panel_id"": 3, ""type"": ""narration"", ""speaker"": null, ""text"": ""ひなたが昼寝している間の15分。その15分が、今のミサキには宝物だった。""}]",misaki_casual
28,テンプレ3,"◆【注意】【】で囲まれた単語は感情や状況の指示であり、画像内に文字として描画しないでください
◆【絶対最優先】必ずフルカラーにしてください
◆【絶対最優先】必ず日本のアニメ・マンガ調のイラストで描いてください。実写風・フォトリアル風は禁止です。
◆【絶対最優先】キャラクター外見: ミサキは添付のミサキ.pngと100%同一の外見で描画
◆【補足情報】服装: グレーのスウェット上下、髪を緩くまとめ、素足（深夜〜早朝のPC作業・在宅集中タイム）
◆【コマ構成】テンプレ3: 上小＋下大
◆【出力サイズ】2:3
◆【補足情報】上下左右に50ピクセルの余白を設けてください
◆【作画】ジャンル: 副業に最適化した統一スタイル / 作画スタイル: 親しみやすく実践的,現代的なライフスタイル表現 / 色調: 明るく前向きな色調,オレンジ・青・黄色基調,活力ある配色 / 線画: 親しみやすい柔らかな線,カジュアルで読みやすい表現 / 演出: パソコン作業,スマホ,時計,収入の可視化,必要に応じて集中線,効果線,擬音などのマンガらしい演出
◆【ストーリー】
1コマ目 (上小): タクヤがZoom越しに問いかける。 セリフ: ［タクヤ］の吹き出しに「佐藤さんの強みって、何だと思いますか？」 ナレーション: なし オノマトペ: なし
2コマ目 (下大): ミサキが答えに詰まって沈黙している。でも手元のメモには「事務経験10年」「細かい作業が得意」「育児の経験」と書かれている。静かな気づきが顔に広がる。 セリフ: ［ミサキ（内心）］の吹き出しに「強みって……普通のことしかない気がする。でも、それが強みなのかな」 ナレーション: ［四角枠］「普通」だと思っていたことが、誰かには「特別」に見える。それが強みだ、とタクヤは言った。 オノマトペ: なし","[{""panel_id"": 1, ""type"": ""dialogue"", ""speaker"": ""タクヤ"", ""text"": ""佐藤さんの強みって、何だと思いますか？""}, {""panel_id"": 2, ""type"": ""dialogue"", ""speaker"": ""ミサキ（内心）"", ""text"": ""強みって……普通のことしかない気がする。でも、それが強みなのかな""}, {""panel_id"": 2, ""type"": ""narration"", ""speaker"": null, ""text"": ""「普通」だと思っていたことが、誰かには「特別」に見える。それが強みだ、とタクヤは言った。""}]",misaki_work_home
29,テンプレ6,"◆【注意】【】で囲まれた単語は感情や状況の指示であり、画像内に文字として描画しないでください
◆【絶対最優先】必ずフルカラーにしてください
◆【絶対最優先】必ず日本のアニメ・マンガ調のイラストで描いてください。実写風・フォトリアル風は禁止です。
◆【絶対最優先】キャラクター外見: ミサキは添付のミサキ.pngと100%同一の外見で描画, ケンタは添付のケンタ.pngと100%同一の外見で描画
◆【出力サイズ】2:3
◆【補足情報】上下左右に50ピクセルの余白を設けてください
◆【補足情報】服装: ボーダー柄（白と紺）のカットソーにデニムパンツ、白いスニーカー（自宅・外出・育児中の普段着）
◆【コマ構成】テンプレ6: 上1コマ＋下左右2コマ
◆【作画】ジャンル: 副業に最適化した統一スタイル / 作画スタイル: 親しみやすく実践的,現代的なライフスタイル表現 / 色調: 明るく前向きな色調,オレンジ・青・黄色基調,活力ある配色 / 線画: 親しみやすい柔らかな線,カジュアルで読みやすい表現 / 演出: パソコン作業,スマホ,時計,収入の可視化,必要に応じて集中線,効果線,擬音などのマンガらしい演出
◆【ストーリー】
1コマ目 (上): 夜、ケンタが帰宅。ミサキがZoom面談のことを話す。 セリフ: ［ミサキ］の吹き出しに「明日、例のAIコーチングの人とZoom面談があって……」 ナレーション: なし オノマトペ: ガチャ
2コマ目 (下右): ケンタが穏やかに答える。 セリフ: ［ケンタ］の吹き出しに「そうか。どんな感じだった？ウェビナー」 ナレーション: なし オノマトペ: なし
3コマ目 (下左): ミサキが少し照れながら答える。 セリフ: ［ミサキ］の吹き出しに「面白かった。やってみたいって、ちょっと思った」 ナレーション: ［四角枠］「ちょっと」と言ったけど、本当は「かなり」だった。 オノマトペ: なし","[{""panel_id"": 1, ""type"": ""dialogue"", ""speaker"": ""ミサキ"", ""text"": ""明日、例のAIコーチングの人とZoom面談があって……""}, {""panel_id"": 2, ""type"": ""dialogue"", ""speaker"": ""ケンタ"", ""text"": ""そうか。どんな感じだった？ウェビナー""}, {""panel_id"": 3, ""type"": ""dialogue"", ""speaker"": ""ミサキ"", ""text"": ""面白かった。やってみたいって、ちょっと思った""}, {""panel_id"": 3, ""type"": ""narration"", ""speaker"": null, ""text"": ""「ちょっと」と言ったけど、本当は「かなり」だった。""}]",kenta_work_casual
30,テンプレ4,"◆【注意】【】で囲まれた単語は感情や状況の指示であり、画像内に文字として描画しないでください
◆【絶対最優先】必ずフルカラーにしてください
◆【絶対最優先】必ず日本のアニメ・マンガ調のイラストで描いてください。実写風・フォトリアル風は禁止です。
◆【絶対最優先】キャラクター外見: ミサキは添付のミサキ.pngと100%同一の外見で描画, ケンタは添付のケンタ.pngと100%同一の外見で描画
◆【出力サイズ】2:3
◆【補足情報】上下左右に50ピクセルの余白を設けてください
◆【補足情報】服装: ボーダー柄（白と紺）のカットソーにデニムパンツ、白いスニーカー（自宅・外出・育児中の普段着）
◆【コマ構成】テンプレ4: 上大下小
◆【作画】ジャンル: 副業に最適化した統一スタイル / 作画スタイル: 親しみやすく実践的,現代的なライフスタイル表現 / 色調: 明るく前向きな色調,オレンジ・青・黄色基調,活力ある配色 / 線画: 親しみやすい柔らかな線,カジュアルで読みやすい表現 / 演出: パソコン作業,スマホ,時計,収入の可視化,必要に応じて集中線,効果線,擬音などのマンガらしい演出
◆【ストーリー】
1コマ目 (上・大): ケンタが迷わず答える。穏やかだが確かな目で。 セリフ: ［ケンタ］の吹き出しに「やってみたら。俺はいいと思う」 ナレーション: ［四角枠］ケンタは迷わなかった。 オノマトペ: なし
2コマ目 (下・小): ミサキの胸に温かいものが広がる。 セリフ: ［ミサキ（内心）］の吹き出しに「……ありがとう」 ナレーション: ［四角枠］9万円という金額は言えなかった。でも、背中を押してもらえた気がした。ケンタの言葉は短かった。でも、その短さがミサキには一番刺さった。 オノマトペ: なし","[{""panel_id"": 1, ""type"": ""dialogue"", ""speaker"": ""ケンタ"", ""text"": ""やってみたら。俺はいいと思う""}, {""panel_id"": 1, ""type"": ""narration"", ""speaker"": null, ""text"": ""ケンタは迷わなかった。""}, {""panel_id"": 2, ""type"": ""dialogue"", ""speaker"": ""ミサキ（内心）"", ""text"": ""……ありがとう""}, {""panel_id"": 2, ""type"": ""narration"", ""speaker"": null, ""text"": ""9万円という金額は言えなかった。でも、背中を押してもらえた気がした。""}, {""panel_id"": 2, ""type"": ""narration"", ""speaker"": null, ""text"": ""ケンタの言葉は短かった。でも、その短さがミサキには一番刺さった。""}]",kenta_work_casual
31,テンプレ5,"◆【注意】【】で囲まれた単語は感情や状況の指示であり、画像内に文字として描画しないでください
◆【絶対最優先】必ずフルカラーにしてください
◆【絶対最優先】必ず日本のアニメ・マンガ調のイラストで描いてください。実写風・フォトリアル風は禁止です。
◆【絶対最優先】キャラクター外見: ミサキは添付のミサキ.pngと100%同一の外見で描画, ひなた（2歳期）は添付のひなた_2歳期.pngと100%同一の外見で描画
◆【出力サイズ】2:3
◆【補足情報】上下左右に50ピクセルの余白を設けてください
◆【補足情報】服装: ボーダー柄（白と紺）のカットソーにデニムパンツ、白いスニーカー（自宅・外出・育児中の普段着）
◆【コマ構成】テンプレ5: 上中下3段
◆【作画】ジャンル: 副業に最適化した統一スタイル / 作画スタイル: 親しみやすく実践的,現代的なライフスタイル表現 / 色調: 明るく前向きな色調,オレンジ・青・黄色基調,活力ある配色 / 線画: 親しみやすい柔らかな線,カジュアルで読みやすい表現 / 演出: パソコン作業,スマホ,時計,収入の可視化,必要に応じて集中線,効果線,擬音などのマンガらしい演出
◆【ストーリー】
1コマ目 (上段): 朝。ミサキがひなたに帽子をかぶせている。保育園の支度。 セリフ: ［ミサキ］の吹き出しに「ひなた、今日ね、ママ大事な話し合いがあるんだよ」 ナレーション: なし オノマトペ: なし
2コマ目 (中段): ひなたが「あーあー」と無邪気に返す。 セリフ: ［ひなた］の吹き出しに「あー」 ナレーション: ［四角枠］ひなたは何もわからない。それが逆に、ミサキの緊張を少しほぐした。 オノマトペ: なし
3コマ目 (下段): 保育園から帰ったミサキが時計を見る。Zoom開始まであと30分。 セリフ: ［ミサキ（内心）］の吹き出しに「よし……やるぞ」 ナレーション: なし オノマトペ: ドキドキ","[{""panel_id"": 1, ""type"": ""dialogue"", ""speaker"": ""ミサキ"", ""text"": ""ひなた、今日ね、ママ大事な話し合いがあるんだよ""}, {""panel_id"": 2, ""type"": ""dialogue"", ""speaker"": ""ひなた"", ""text"": ""あー""}, {""panel_id"": 2, ""type"": ""narration"", ""speaker"": null, ""text"": ""ひなたは何もわからない。それが逆に、ミサキの緊張を少しほぐした。""}, {""panel_id"": 3, ""type"": ""dialogue"", ""speaker"": ""ミサキ（内心）"", ""text"": ""よし……やるぞ""}, {""panel_id"": 3, ""type"": ""narration"", ""speaker"": null, ""text"": ""「わかってるよ」とミサキはひなたの頭を撫でた。よし、行こう。""}]",misaki_casual
32,テンプレ3,"◆【注意】【】で囲まれた単語は感情や状況の指示であり、画像内に文字として描画しないでください
◆【絶対最優先】必ずフルカラーにしてください
◆【絶対最優先】必ず日本のアニメ・マンガ調のイラストで描いてください。実写風・フォトリアル風は禁止です。
◆【絶対最優先】キャラクター外見: ミサキは添付のミサキ.pngと100%同一の外見で描画
◆【出力サイズ】2:3
◆【補足情報】上下左右に50ピクセルの余白を設けてください
◆【補足情報】服装: グレーのスウェット上下、髪を緩くまとめ、素足（深夜〜早朝のPC作業・在宅集中タイム）
◆【コマ構成】テンプレ3: 上小下大
◆【作画】ジャンル: 副業に最適化した統一スタイル / 作画スタイル: 親しみやすく実践的,現代的なライフスタイル表現 / 色調: 明るく前向きな色調,オレンジ・青・黄色基調,活力ある配色 / 線画: 親しみやすい柔らかな線,カジュアルで読みやすい表現 / 演出: パソコン作業,スマホ,時計,収入の可視化,必要に応じて集中線,効果線,擬音などのマンガらしい演出
◆【ストーリー】
1コマ目 (上・小): ミサキの手元アップ。キーボードの上にある指先。 セリフ: なし ナレーション: ［四角枠］ミサキはキーボードに指を置いた。 オノマトペ: なし
2コマ目 (下・大): Claude画面のアップ。入力欄に「冷蔵庫にキャベツと豚肉と卵があるんですけど、何か簡単に作れるものありますか？」という文字が入力されている。ミサキが緊張した表情でエンターキーに指を乗せている。 セリフ: なし ナレーション: ［四角枠］たった一行。でも、これがミサキにとって「AIへの最初の一言」だった。 オノマトペ: カチッ……","[{""panel_id"": 1, ""type"": ""narration"", ""speaker"": null, ""text"": ""ミサキはキーボードに指を置いた。""}, {""panel_id"": 2, ""type"": ""narration"", ""speaker"": null, ""text"": ""たった一行。でも、これがミサキにとって「AIへの最初の一言」だった。""}, {""panel_id"": 2, ""type"": ""dialogue"", ""speaker"": ""ミサキ（内心）"", ""text"": ""これが始まり。私とAIの、最初の会話。""}, {""panel_id"": 2, ""type"": ""narration"", ""speaker"": null, ""text"": ""入力ボタンを押した瞬間、何かが変わった気がした。""}]",misaki_work_home
33,テンプレ7,"◆【注意】【】で囲まれた単語は感情や状況の指示であり、画像内に文字として描画しないでください
◆【絶対最優先】必ずフルカラーにしてください
◆【絶対最優先】必ず日本のアニメ・マンガ調のイラストで描いてください。実写風・フォトリアル風は禁止です。
◆【絶対最優先】キャラクター外見: ミサキは添付のミサキ.pngと100%同一の外見で描画, タクヤは添付のタクヤ.pngと100%同一の外見で描画
◆【出力サイズ】2:3
◆【補足情報】上下左右に50ピクセルの余白を設けてください
◆【補足情報】服装: グレーのスウェット上下、髪を緩くまとめ、素足（深夜〜早朝のPC作業・在宅集中タイム）
◆【コマ構成】テンプレ7: 上右左2コマ＋下1コマ
◆【作画】ジャンル: 副業に最適化した統一スタイル / 作画スタイル: 親しみやすく実践的,現代的なライフスタイル表現 / 色調: 明るく前向きな色調,オレンジ・青・黄色基調,活力ある配色 / 線画: 親しみやすい柔らかな線,カジュアルで読みやすい表現 / 演出: パソコン作業,スマホ,時計,収入の可視化,必要に応じて集中線,効果線,擬音などのマンガらしい演出
◆【ストーリー】
1コマ目 (上右): 画面いっぱいに回答が流れている。「①回鍋肉——」の文字。ミサキが目を見開く。 セリフ: ［ミサキ］の吹き出しに「……すごい」 ナレーション: なし オノマトペ: ピロン
2コマ目 (上左): タクヤが画面越しに問いかける。 セリフ: ［タクヤ］の吹き出しに「どうです？」 ナレーション: なし オノマトペ: なし
3コマ目 (下段): ミサキが興奮して前のめりになる。目が輝いている。 セリフ: ［ミサキ］の吹き出しに「日本語で返ってきた……！ しかも、ちゃんとした答えが！」 ナレーション: なし オノマトペ: ！","[{""panel_id"": 1, ""type"": ""dialogue"", ""speaker"": ""ミサキ"", ""text"": ""……すごい""}, {""panel_id"": 2, ""type"": ""dialogue"", ""speaker"": ""タクヤ"", ""text"": ""どうです？""}, {""panel_id"": 3, ""type"": ""dialogue"", ""speaker"": ""ミサキ"", ""text"": ""私が言いたかったこと、全部書いてある。私より上手に""}, {""panel_id"": 3, ""type"": ""narration"", ""speaker"": null, ""text"": ""言葉にできなかった「何か」を、AIが形にしてくれた。""}, {""panel_id"": 3, ""type"": ""dialogue"", ""speaker"": ""タクヤ"", ""text"": ""あなたの経験と感情があるから、出てきた文章です。AIだけでは出ない""}]",misaki_work_home
34,テンプレ5,"◆【注意】【】で囲まれた単語は感情や状況の指示であり、画像内に文字として描画しないでください
◆【絶対最優先】必ずフルカラーにしてください
◆【絶対最優先】必ず日本のアニメ・マンガ調のイラストで描いてください。実写風・フォトリアル風は禁止です。
◆【絶対最優先】キャラクター外見: ミサキは添付のミサキ.pngと100%同一の外見で描画, タクヤは添付のタクヤ.pngと100%同一の外見で描画
◆【出力サイズ】2:3
◆【補足情報】上下左右に50ピクセルの余白を設けてください
◆【補足情報】服装: グレーのスウェット上下、髪を緩くまとめ、素足（深夜〜早朝のPC作業・在宅集中タイム）
◆【コマ構成】テンプレ5: 上中下3段
◆【作画】ジャンル: 副業に最適化した統一スタイル / 作画スタイル: 親しみやすく実践的,現代的なライフスタイル表現 / 色調: 明るく前向きな色調,オレンジ・青・黄色基調,活力ある配色 / 線画: 親しみやすい柔らかな線,カジュアルで読みやすい表現 / 演出: パソコン作業,スマホ,時計,収入の可視化,必要に応じて集中線,効果線,擬音などのマンガらしい演出
◆【ストーリー】
1コマ目 (上段): ミサキが画面に表示されたInstagramコンセプト案を読んでいる。目が大きくなっていく。 セリフ: なし ナレーション: ［四角枠］「ターゲット：0〜3歳育児中のワンオペママ」「差別化：失敗談と本音の発信」「コンセプト案①②③……」 オノマトペ: なし
2コマ目 (中段): ミサキがタクヤに話しかける。涙目になっている。 セリフ: ［ミサキ］の吹き出しに「これ……私が言ったことが、ちゃんと形になってる」 ナレーション: なし オノマトペ: なし
3コマ目 (下段): タクヤが静かに言う。 セリフ: ［タクヤ］の吹き出しに「考えたんですよ。AIが形にしただけで、出発点は佐藤さんの言葉です」 ナレーション: ［四角枠］AIは何もゼロから作らない。人の言葉を受け取って、形にするだけ。 オノマトペ: なし","[{""panel_id"": 1, ""type"": ""narration"", ""speaker"": null, ""text"": ""「ターゲット：0〜3歳育児中のワンオペママ」「差別化：失敗談と本音の発信」「コンセプト案①②③……」""}, {""panel_id"": 2, ""type"": ""dialogue"", ""speaker"": ""ミサキ"", ""text"": ""これ……私が言ったことが、ちゃんと形になってる""}, {""panel_id"": 3, ""type"": ""dialogue"", ""speaker"": ""タクヤ"", ""text"": ""考えたんですよ。AIが形にしただけで、出発点は佐藤さんの言葉です""}, {""panel_id"": 3, ""type"": ""narration"", ""speaker"": null, ""text"": ""AIは何もゼロから作らない。人の言葉を受け取って、形にするだけ。""}]",misaki_work_home
35,テンプレ6,"◆【注意】【】で囲まれた単語は感情や状況の指示であり、画像内に文字として描画しないでください
◆【絶対最優先】必ずフルカラーにしてください
◆【絶対最優先】必ず日本のアニメ・マンガ調のイラストで描いてください。実写風・フォトリアル風は禁止です。
◆【絶対最優先】キャラクター外見: ミサキは添付のミサキ.pngと100%同一の外見で描画, ひなた（2歳期）は添付のひなた_2歳期.pngと100%同一の外見で描画
◆【出力サイズ】2:3
◆【補足情報】上下左右に50ピクセルの余白を設けてください
◆【補足情報】服装: ボーダー柄（白と紺）のカットソーにデニムパンツ、白いスニーカー（自宅・外出・育児中の普段着）
◆【コマ構成】テンプレ6: 上1コマ＋下左右2コマ
◆【作画】ジャンル: 副業に最適化した統一スタイル / 作画スタイル: 親しみやすく実践的,現代的なライフスタイル表現 / 色調: 明るく前向きな色調,オレンジ・青・黄色基調,活力ある配色 / 線画: 親しみやすい柔らかな線,カジュアルで読みやすい表現 / 演出: パソコン作業,スマホ,時計,収入の可視化,必要に応じて集中線,効果線,擬音などのマンガらしい演出
◆【ストーリー】
1コマ目 (上): 保育園の門でひなたを迎えるミサキ。ひなたが走り寄ってくる。 セリフ: ［ひなた］の吹き出しに「まま——！」 ナレーション: ［四角枠］Zoom面談が終わったあと、ミサキはひなたを迎えに行った。 オノマトペ: テタテタ
2コマ目 (下右): ひなたを抱き上げてほっぺたにキス。 セリフ: ［ミサキ］の吹き出しに「おかえり、ひなた」 ナレーション: なし オノマトペ: ちゅ
3コマ目 (下左): ミサキがひなたを抱いたまま青空を見上げる。表情に柔らかい決意がある。 セリフ: なし ナレーション: ［四角枠］今日、ミサキは確かに何かが変わった。「もしかしたら」という言葉が、少しだけ重さを持ち始めた。 オノマトペ: なし","[{""panel_id"": 1, ""type"": ""dialogue"", ""speaker"": ""ひなた"", ""text"": ""まま——！""}, {""panel_id"": 1, ""type"": ""narration"", ""speaker"": null, ""text"": ""Zoom面談が終わったあと、ミサキはひなたを迎えに行った。""}, {""panel_id"": 2, ""type"": ""dialogue"", ""speaker"": ""ミサキ"", ""text"": ""おかえり、ひなた""}, {""panel_id"": 3, ""type"": ""narration"", ""speaker"": null, ""text"": ""今日、ミサキは確かに何かが変わった。「もしかしたら」という言葉が、少しだけ重さを持ち始めた。""}]",misaki_casual
36,テンプレ5,"◆【注意】【】で囲まれた単語は感情や状況の指示であり、画像内に文字として描画しないでください
◆【絶対最優先】必ずフルカラーにしてください
◆【絶対最優先】必ず日本のアニメ・マンガ調のイラストで描いてください。実写風・フォトリアル風は禁止です。
◆【絶対最優先】キャラクター外見: ミサキは添付のミサキ.pngと100%同一の外見で描画, ケンタは添付のケンタ.pngと100%同一の外見で描画
◆【出力サイズ】2:3
◆【補足情報】上下左右に50ピクセルの余白を設けてください
◆【補足情報】服装: ボーダー柄（白と紺）のカットソーにデニムパンツ、白いスニーカー（自宅・外出・育児中の普段着）
◆【コマ構成】テンプレ5: 上中下3段
◆【作画】ジャンル: 副業に最適化した統一スタイル / 作画スタイル: 親しみやすく実践的,現代的なライフスタイル表現 / 色調: 明るく前向きな色調,オレンジ・青・黄色基調,活力ある配色 / 線画: 親しみやすい柔らかな線,カジュアルで読みやすい表現 / 演出: パソコン作業,スマホ,時計,収入の可視化,必要に応じて集中線,効果線,擬音などのマンガらしい演出
◆【ストーリー】
1コマ目 (上段): 夜、ケンタが帰宅。食卓でミサキが報告する。 セリフ: ［ミサキ］の吹き出しに「今日のZoom……すごかった」 ナレーション: なし オノマトペ: なし
2コマ目 (中段): ミサキが興奮してしゃべる。ケンタが珍しそうに聞いている。 セリフ: ［ミサキ］の吹き出しに「AIって、普通に日本語で話しかけるだけで使えるんだって。しかも、私の事務職の経験が〝強み〟になるって言われて」 ナレーション: なし オノマトペ: なし
3コマ目 (下段): ケンタが少し驚いた顔でミサキを見る。 セリフ: ［ケンタ］の吹き出しに「へえ……そうなんだ。なんか楽しそうじゃん、ミサキ」 ナレーション: ［四角枠］ケンタの一言で、ミサキは気づいた。自分が本当に楽しそうに話していたことに。 オノマトペ: なし","[{""panel_id"": 1, ""type"": ""dialogue"", ""speaker"": ""ミサキ"", ""text"": ""今日のZoom……すごかった""}, {""panel_id"": 2, ""type"": ""dialogue"", ""speaker"": ""ミサキ"", ""text"": ""AIって、普通に日本語で話しかけるだけで使えるんだって。しかも、私の事務職の経験が〝強み〟になるって言われて""}, {""panel_id"": 3, ""type"": ""dialogue"", ""speaker"": ""ケンタ"", ""text"": ""へえ……そうなんだ。なんか楽しそうじゃん、ミサキ""}, {""panel_id"": 3, ""type"": ""narration"", ""speaker"": null, ""text"": ""ケンタの一言で、ミサキは気づいた。自分が本当に楽しそうに話していたことに。""}]",kenta_work_casual
37,テンプレ6,"◆【注意】【】で囲まれた単語は感情や状況の指示であり、画像内に文字として描画しないでください
◆【絶対最優先】必ずフルカラーにしてください
◆【絶対最優先】必ず日本のアニメ・マンガ調のイラストで描いてください。実写風・フォトリアル風は禁止です。
◆【絶対最優先】キャラクター外見: ミサキは添付のミサキ.pngと100%同一の外見で描画
◆【出力サイズ】2:3
◆【補足情報】上下左右に50ピクセルの余白を設けてください
◆【補足情報】服装: グレーのスウェット上下、髪を緩くまとめ、素足（深夜〜早朝のPC作業・在宅集中タイム）
◆【コマ構成】テンプレ6: 上1コマ＋下左右2コマ
◆【作画】ジャンル: 副業に最適化した統一スタイル / 作画スタイル: 親しみやすく実践的,現代的なライフスタイル表現 / 色調: 明るく前向きな色調,オレンジ・青・黄色基調,活力ある配色 / 線画: 親しみやすい柔らかな線,カジュアルで読みやすい表現 / 演出: パソコン作業,スマホ,時計,収入の可視化,必要に応じて集中線,効果線,擬音などのマンガらしい演出
◆【ストーリー】
1コマ目 (上): 深夜。ひなたが寝た後、ミサキがClaudeでいろいろ試している。目が輝いている。 セリフ: なし ナレーション: ［四角枠］その夜から、ミサキはひなたが寝るたびにClaudeを触り始めた。 オノマトペ: カチカチカチ
2コマ目 (下右): 「献立は？」と聞いてみる。「離乳食のレシピは？」「夜泣き対策は？」——いろんな質問を試している。 セリフ: ［ミサキ（内心）］の吹き出しに「なんでも答えてくれる……！」 ナレーション: ［四角枠］献立のことも、育児の悩みも、SNSの投稿アイデアも——全部、Claudeが一緒に考えてくれた。 オノマトペ: なし
3コマ目 (下左): ミサキが少し疲れた顔でも嬉しそうにノートに書き込んでいる。 セリフ: なし ナレーション: ［四角枠］気づいたら1時間が経っていた。でも疲れなかった。 オノマトペ: なし","[{""panel_id"": 1, ""type"": ""narration"", ""speaker"": null, ""text"": ""その夜から、ミサキはひなたが寝るたびにClaudeを触り始めた。""}, {""panel_id"": 2, ""type"": ""dialogue"", ""speaker"": ""ミサキ（内心）"", ""text"": ""なんでも答えてくれる……！""}, {""panel_id"": 2, ""type"": ""narration"", ""speaker"": null, ""text"": ""献立のことも、育児の悩みも、SNSの投稿アイデアも——全部、Claudeが一緒に考えてくれた。""}, {""panel_id"": 3, ""type"": ""narration"", ""speaker"": null, ""text"": ""気づいたら１時間が経っていた。でも疲れなかった。""}]",misaki_work_home
38,テンプレ2,"◆【注意】【】で囲まれた単語は感情や状況の指示であり、画像内に文字として描画しないでください
◆【絶対最優先】必ずフルカラーにしてください
◆【絶対最優先】必ず日本のアニメ・マンガ調のイラストで描いてください。実写風・フォトリアル風は禁止です。
◆【絶対最優先】キャラクター外見: ミサキは添付のミサキ.pngと100%同一の外見で描画
◆【補足情報】服装: グレーのスウェット上下、髪を緩くまとめ、素足（深夜〜早朝のPC作業・在宅集中タイム）
◆【コマ構成】テンプレ2: 上下2段
◆【出力サイズ】2:3
◆【補足情報】上下左右に50ピクセルの余白を設けてください
◆【作画】ジャンル: 副業に最適化した統一スタイル / 作画スタイル: 親しみやすく実践的,現代的なライフスタイル表現 / 色調: 明るく前向きな色調,オレンジ・青・黄色基調,活力ある配色 / 線画: 親しみやすい柔らかな線,カジュアルで読みやすい表現 / 演出: パソコン作業,スマホ,時計,収入の可視化,必要に応じて集中線,効果線,擬音などのマンガらしい演出
◆【ストーリー】
1コマ目 (上): パソコン画面アップ。SNSのプロフィール欄に「元事務職10年×産後ワンオペ×AIで副業開始中のミサキ。子育てしながら自分の可能性を広げる実録を発信中。」と書かれている。 セリフ: なし ナレーション: ［四角枠］タクヤと3回のZoomを経て、ミサキのプロフィールが完成した。 オノマトペ: なし
2コマ目 (下): ミサキが画面の前でそっと微笑む。両手を軽く胸の前で組んでいる。感慨深そうな表情。 セリフ: ［ミサキ（内心）］の吹き出しに「これが私の自己紹介。32年かけて、やっと言葉にできた」 ナレーション: ［四角枠］自分を言葉にするのが、こんなに怖くて、こんなに気持ちいいとは知らなかった。 オノマトペ: なし","[{""panel_id"": 1, ""type"": ""narration"", ""speaker"": null, ""text"": ""タクヤと3回のZoomを経て、ミサキのプロフィールが完成した。""}, {""panel_id"": 2, ""type"": ""dialogue"", ""speaker"": ""ミサキ（内心）"", ""text"": ""これが私の自己紹介。32年かけて、やっと言葉にできた""}, {""panel_id"": 2, ""type"": ""narration"", ""speaker"": null, ""text"": ""自分を言葉にするのが、こんなに怖くて、こんなに気持ちいいとは知らなかった。""}]",misaki_work_home
39,テンプレ5,"◆【注意】【】で囲まれた単語は感情や状況の指示であり、画像内に文字として描画しないでください
◆【絶対最優先】必ずフルカラーにしてください
◆【絶対最優先】必ず日本のアニメ・マンガ調のイラストで描いてください。実写風・フォトリアル風は禁止です。
◆【絶対最優先】キャラクター外見: ミサキは添付のミサキ.pngと100%同一の外見で描画, タクヤは添付のタクヤ.pngと100%同一の外見で描画
◆【出力サイズ】2:3
◆【補足情報】上下左右に50ピクセルの余白を設けてください
◆【補足情報】服装: グレーのスウェット上下、髪を緩くまとめ、素足（深夜〜早朝のPC作業・在宅集中タイム）
◆【コマ構成】テンプレ5: 上中下3段
◆【作画】ジャンル: 副業に最適化した統一スタイル / 作画スタイル: 親しみやすく実践的,現代的なライフスタイル表現 / 色調: 明るく前向きな色調,オレンジ・青・黄色基調,活力ある配色 / 線画: 親しみやすい柔らかな線,カジュアルで読みやすい表現 / 演出: パソコン作業,スマホ,時計,収入の可視化,必要に応じて集中線,効果線,擬音などのマンガらしい演出
◆【ストーリー】
1コマ目 (上段): 翌週のZoom。ミサキが今週のClaudeでの実験を報告している。 セリフ: ［ミサキ］の吹き出しに「毎日触ってみました。育児の質問から、Instagramの投稿案まで」 ナレーション: なし オノマトペ: なし
2コマ目 (中段): タクヤが満足そうに頷く。 セリフ: ［タクヤ］の吹き出しに「素晴らしい。どれが一番使いやすかったですか？」 ナレーション: なし オノマトペ: なし
3コマ目 (下段): ミサキが即答する。目が輝いている。 セリフ: ［ミサキ］の吹き出しに「投稿案を作るの、が一番楽しかったです。自分の体験をそのまま話しかけたら、すごい文章が出てきて」 ナレーション: なし オノマトペ: なし","[{""panel_id"": 1, ""type"": ""dialogue"", ""speaker"": ""ミサキ"", ""text"": ""毎日触ってみました。育児の質問から、Instagramの投稿案まで""}, {""panel_id"": 2, ""type"": ""dialogue"", ""speaker"": ""タクヤ"", ""text"": ""素晴らしい。どれが一番使いやすかったですか？""}, {""panel_id"": 3, ""type"": ""dialogue"", ""speaker"": ""ミサキ"", ""text"": ""投稿案を作るのが一番楽しかったです。自分の体験をそのまま話しかけたら、すごい文章が出てきて""}]",misaki_work_home
40,テンプレ7,"◆【注意】【】で囲まれた単語は感情や状況の指示であり、画像内に文字として描画しないでください
◆【絶対最優先】必ずフルカラーにしてください
◆【絶対最優先】必ず日本のアニメ・マンガ調のイラストで描いてください。実写風・フォトリアル風は禁止です。
◆【絶対最優先】キャラクター外見: ミサキは添付のミサキ.pngと100%同一の外見で描画, タクヤは添付のタクヤ.pngと100%同一の外見で描画
◆【出力サイズ】2:3
◆【補足情報】上下左右に50ピクセルの余白を設けてください
◆【補足情報】服装: グレーのスウェット上下、髪を緩くまとめ、素足（深夜〜早朝のPC作業・在宅集中タイム）
◆【コマ構成】テンプレ7: 上右左2コマ＋下1コマ
◆【作画】ジャンル: 副業に最適化した統一スタイル / 作画スタイル: 親しみやすく実践的,現代的なライフスタイル表現 / 色調: 明るく前向きな色調,オレンジ・青・黄色基調,活力ある配色 / 線画: 親しみやすい柔らかな線,カジュアルで読みやすい表現 / 演出: パソコン作業,スマホ,時計,収入の可視化,必要に応じて集中線,効果線,擬音などのマンガらしい演出
◆【ストーリー】
1コマ目 (上右): タクヤがInstagramアカウント設計を提案する。 セリフ: ［タクヤ］の吹き出しに「では今日はプロフィール文を作りましょう。アカウント名はどうしますか？」 ナレーション: なし オノマトペ: なし
2コマ目 (上左): ミサキが少し考えてから答える。 セリフ: ［ミサキ］の吹き出しに「@misaki_wanope_mama……ワンオペママのリアルを発信するので」 ナレーション: なし オノマトペ: なし
3コマ目 (下段): タクヤとミサキが一緒にClaudeでプロフィール文を作っている。画面に文章が流れている。ミサキが「これだ！」という顔で指さしている。 セリフ: ［ミサキ］の吹き出しに「これ、私の言葉みたいです！」 ナレーション: ［四角枠］プロフィール文が完成した。140字。ミサキの全てが詰まっていた。 オノマトペ: なし","[{""panel_id"": 1, ""type"": ""dialogue"", ""speaker"": ""タクヤ"", ""text"": ""では今日はプロフィール文を作りましょう。アカウント名はどうしますか？""}, {""panel_id"": 2, ""type"": ""dialogue"", ""speaker"": ""ミサキ"", ""text"": ""@misaki_wanope_mama……ワンオペママのリアルを発信するので""}, {""panel_id"": 3, ""type"": ""dialogue"", ""speaker"": ""ミサキ"", ""text"": ""これ、私の言葉みたいです！""}, {""panel_id"": 3, ""type"": ""narration"", ""speaker"": null, ""text"": ""プロフィール文が完成した。140字。ミサキの全てが詰まっていた。""}]",misaki_work_home
41,テンプレ5,"◆【注意】【】で囲まれた単語は感情や状況の指示であり、画像内に文字として描画しないでください
◆【絶対最優先】必ずフルカラーにしてください
◆【絶対最優先】必ず日本のアニメ・マンガ調のイラストで描いてください。実写風・フォトリアル風は禁止です。
◆【絶対最優先】キャラクター外見: ミサキは添付のミサキ.pngと100%同一の外見で描画, タクヤは添付のタクヤ.pngと100%同一の外見で描画
◆【補足情報】服装: ライトグレーのシャツにジャケット（Zoom・コーチング時の半フォーマルスタイル）
◆【コマ構成】テンプレ5: 上中下3段
◆【出力サイズ】2:3
◆【補足情報】上下左右に50ピクセルの余白を設けてください
◆【作画】ジャンル: 副業に最適化した統一スタイル / 作画スタイル: 親しみやすく実践的,現代的なライフスタイル表現 / 色調: 明るく前向きな色調,オレンジ・青・黄色基調,活力ある配色 / 線画: 親しみやすい柔らかな線,カジュアルで読みやすい表現 / 演出: パソコン作業,スマホ,時計,収入の可視化,必要に応じて集中線,効果線,擬音などのマンガらしい演出
◆【ストーリー】
1コマ目 (上段): パソコン画面アップ。Claudeが出した3パターンのSNS投稿文が並んでいる。①②③とナンバリングされた吹き出し風のテキストボックス。 セリフ: なし ナレーション: ［四角枠］Claudeは3パターン出してくれた。 オノマトペ: なし
2コマ目 (中段): ミサキが画面を見ながら顎に手を当てて考えている。 セリフ: ［ミサキ（内心）］の吹き出しに「どれが私らしいんだろう」 ナレーション: なし オノマトペ: うーん
3コマ目 (下段): タクヤがZoom越しに微笑む。 セリフ: ［タクヤ］の吹き出しに「選ぶのは佐藤さんです。AIはアシスタントで、主役はあなた」 ナレーション: なし オノマトペ: なし","[{""panel_id"": 1, ""type"": ""narration"", ""speaker"": null, ""text"": ""Claudeは3パターン出してくれた。""}, {""panel_id"": 2, ""type"": ""dialogue"", ""speaker"": ""ミサキ（内心）"", ""text"": ""どれが私らしいんだろう""}, {""panel_id"": 3, ""type"": ""dialogue"", ""speaker"": ""タクヤ"", ""text"": ""選ぶのは佐藤さんです。AIはアシスタントで、主役はあなた""}, {""panel_id"": 3, ""type"": ""narration"", ""speaker"": null, ""text"": ""選ぶことも、仕事だ。AIに任せるだけじゃなく、自分で決める。それが大事なんだ。""}]",takuya_zoom_mentor
42,テンプレ5,"◆【注意】【】で囲まれた単語は感情や状況の指示であり、画像内に文字として描画しないでください
◆【絶対最優先】必ずフルカラーにしてください
◆【絶対最優先】必ず日本のアニメ・マンガ調のイラストで描いてください。実写風・フォトリアル風は禁止です。
◆【絶対最優先】キャラクター外見: ミサキは添付のミサキ.pngと100%同一の外見で描画
◆【出力サイズ】2:3
◆【補足情報】上下左右に50ピクセルの余白を設けてください
◆【補足情報】服装: グレーのスウェット上下、髪を緩くまとめ、素足（深夜〜早朝のPC作業・在宅集中タイム）
◆【コマ構成】テンプレ5: 上中下3段
◆【作画】ジャンル: 副業に最適化した統一スタイル / 作画スタイル: 親しみやすく実践的,現代的なライフスタイル表現 / 色調: 明るく前向きな色調,オレンジ・青・黄色基調,活力ある配色 / 線画: 親しみやすい柔らかな線,カジュアルで読みやすい表現 / 演出: パソコン作業,スマホ,時計,収入の可視化,必要に応じて集中線,効果線,擬音などのマンガらしい演出
◆【ストーリー】
1コマ目 (上段): ミサキがCanvaを開いている。テンプレートを選んでいる。 セリフ: ［ミサキ（内心）］の吹き出しに「Canva……デザインのセンスなくても大丈夫かな」 ナレーション: ［四角枠］次はCanvaで投稿テンプレートを作る番だ。 オノマトペ: なし
2コマ目 (中段): テンプレートを選んでフォントや色を変えているミサキ。意外と簡単に進んでいる。 セリフ: ［ミサキ（内心）］の吹き出しに「あ、思ったよりできる……！」 ナレーション: なし オノマトペ: なし
3コマ目 (下段): 完成したテンプレを眺めてミサキが達成感に満ちた表情をしている。オレンジとホワイトのシンプルなデザイン。 セリフ: なし ナレーション: ［四角枠］2時間後、投稿テンプレートが完成した。シンプルだけど、ちゃんと〝ミサキらしい〟デザインになった。 オノマトペ: なし","[{""panel_id"": 1, ""type"": ""dialogue"", ""speaker"": ""ミサキ（内心）"", ""text"": ""Canva……デザインのセンスなくても大丈夫かな""}, {""panel_id"": 1, ""type"": ""narration"", ""speaker"": null, ""text"": ""次はCanvaで投稿テンプレートを作る番だ。""}, {""panel_id"": 2, ""type"": ""dialogue"", ""speaker"": ""ミサキ（内心）"", ""text"": ""あ、思ったよりできる……！""}, {""panel_id"": 3, ""type"": ""narration"", ""speaker"": null, ""text"": ""2時間後、投稿テンプレートが完成した。シンプルだけど、ちゃんと〝ミサキらしい〟デザインになった。""}]",misaki_work_home
43,テンプレ3,"◆【注意】【】で囲まれた単語は感情や状況の指示であり、画像内に文字として描画しないでください
◆【絶対最優先】必ずフルカラーにしてください
◆【絶対最優先】必ず日本のアニメ・マンガ調のイラストで描いてください。実写風・フォトリアル風は禁止です。
◆【絶対最優先】キャラクター外見: ミサキは添付のミサキ.pngと100%同一の外見で描画
◆【出力サイズ】2:3
◆【補足情報】上下左右に50ピクセルの余白を設けてください
◆【補足情報】服装: グレーのスウェット上下、髪を緩くまとめ、素足（深夜〜早朝のPC作業・在宅集中タイム）
◆【コマ構成】テンプレ3: 上小下大
◆【作画】ジャンル: 副業に最適化した統一スタイル / 作画スタイル: 親しみやすく実践的,現代的なライフスタイル表現 / 色調: 明るく前向きな色調,オレンジ・青・黄色基調,活力ある配色 / 線画: 親しみやすい柔らかな線,カジュアルで読みやすい表現 / 演出: パソコン作業,スマホ,時計,収入の可視化,必要に応じて集中線,効果線,擬音などのマンガらしい演出
◆【ストーリー】
1コマ目 (上・小): ミサキがClaudeに投稿テーマを相談している。 セリフ: なし ナレーション: ［四角枠］最初の投稿テーマをClaudeと一緒に決めた。 オノマトペ: なし
2コマ目 (下・大): 画面に「夜泣きを乗り越えた5つの方法」というタイトルが完成している。ミサキがそれを見て達成感に満ちた顔をしている。効果線とキラキラエフェクト。 セリフ: ［ミサキ（内心）］の吹き出しに「これだ。これが最初の一投稿になる」 ナレーション: ［四角枠］「夜泣きを乗り越えた5つの方法」。3時間かかった。ひなたの昼寝中に1時間、夜の寝かしつけ後に2時間。 オノマトペ: ぱぁっ","[{""panel_id"": 1, ""type"": ""narration"", ""speaker"": null, ""text"": ""最初の投稿テーマをClaudeと一緒に決めた。""}, {""panel_id"": 2, ""type"": ""dialogue"", ""speaker"": ""ミサキ（内心）"", ""text"": ""これだ。これが最初の一投稿になる""}, {""panel_id"": 2, ""type"": ""narration"", ""speaker"": null, ""text"": ""「夜泣きを乗り越えた5つの方法」。3時間かかった。ひなたの昼寝中に1時間、夜の寝かしつけ後に2時間。""}]",misaki_work_home
44,テンプレ5,"◆【注意】【】で囲まれた単語は感情や状況の指示であり、画像内に文字として描画しないでください
◆【絶対最優先】必ずフルカラーにしてください
◆【絶対最優先】必ず日本のアニメ・マンガ調のイラストで描いてください。実写風・フォトリアル風は禁止です。
◆【絶対最優先】キャラクター外見: ミサキは添付のミサキ.pngと100%同一の外見で描画, ひなた（2歳期）は添付のひなた_2歳期.pngと100%同一の外見で描画
◆【出力サイズ】2:3
◆【補足情報】上下左右に50ピクセルの余白を設けてください
◆【補足情報】服装: ボーダー柄（白と紺）のカットソーにデニムパンツ、白いスニーカー（自宅・外出・育児中の普段着）
◆【コマ構成】テンプレ5: 上中下3段
◆【作画】ジャンル: 副業に最適化した統一スタイル / 作画スタイル: 親しみやすく実践的,現代的なライフスタイル表現 / 色調: 明るく前向きな色調,オレンジ・青・黄色基調,活力ある配色 / 線画: 親しみやすい柔らかな線,カジュアルで読みやすい表現 / 演出: パソコン作業,スマホ,時計,収入の可視化,必要に応じて集中線,効果線,擬音などのマンガらしい演出
◆【ストーリー】
1コマ目 (上段): 面談が終わった。ミサキがひなたを膝に乗せてノートパソコンを眺めている。ひなたがシャツのボタンをいじりながら「あー」と喃語を話している。 セリフ: ［ひなた］の吹き出しに「あー、あー」 ナレーション: ［四角枠］面談が終わった。ひなたを膝に乗せて、さっきの画面を思い返す。 オノマトペ: なし
2コマ目 (中段): ミサキの頭の中に浮かぶ3つのキーワード。「日本語で使える」「プログラミングいらない」「設定も難しくない」が吹き出しのように並ぶ。 セリフ: なし ナレーション: ［四角枠］AIは日本語で使える。プログラミングはいらない。設定も難しくない。 オノマトペ: なし
3コマ目 (下段): ミサキがひなたの頭を撫でながら、遠くを見るような目で静かにつぶやく。 セリフ: ［ミサキ］の吹き出しに「事務しかできないと思ってたのに……」 ナレーション: なし オノマトペ: なし","[{""panel_id"": 1, ""type"": ""dialogue"", ""speaker"": ""ひなた"", ""text"": ""あー、あー""}, {""panel_id"": 1, ""type"": ""narration"", ""speaker"": null, ""text"": ""面談が終わった。ひなたを膝に乗せて、さっきの画面を思い返す。""}, {""panel_id"": 2, ""type"": ""narration"", ""speaker"": null, ""text"": ""AIは日本語で使える。プログラミングはいらない。設定も難しくない。""}, {""panel_id"": 3, ""type"": ""dialogue"", ""speaker"": ""ミサキ"", ""text"": ""事務しかできないと思ってたのに……""}]",misaki_casual
45,テンプレ3,"◆【注意】【】で囲まれた単語は感情や状況の指示であり、画像内に文字として描画しないでください
◆【絶対最優先】必ずフルカラーにしてください
◆【絶対最優先】必ず日本のアニメ・マンガ調のイラストで描いてください。実写風・フォトリアル風は禁止です。
◆【絶対最優先】キャラクター外見: ミサキは添付のミサキ.pngと100%同一の外見で描画, ひなた（2歳期）は添付のひなた_2歳期.pngと100%同一の外見で描画
◆【出力サイズ】2:3
◆【補足情報】上下左右に50ピクセルの余白を設けてください
◆【補足情報】服装: ボーダー柄（白と紺）のカットソーにデニムパンツ、白いスニーカー（自宅・外出・育児中の普段着）
◆【コマ構成】テンプレ3: 上小下大
◆【作画】ジャンル: 副業に最適化した統一スタイル / 作画スタイル: 親しみやすく実践的,現代的なライフスタイル表現 / 色調: 明るく前向きな色調,オレンジ・青・黄色基調,活力ある配色 / 線画: 親しみやすい柔らかな線,カジュアルで読みやすい表現 / 演出: パソコン作業,スマホ,時計,収入の可視化,必要に応じて集中線,効果線,擬音などのマンガらしい演出
◆【ストーリー】
1コマ目 (上・小): ミサキがひなたに話しかける。穏やかな表情。 セリフ: ［ミサキ］の吹き出しに「ひなた、ママね、もしかしたら——」 ナレーション: なし オノマトペ: なし
2コマ目 (下・大): ミサキとひなたが窓辺に座っている。外の光が差し込む。ミサキの表情に柔らかな希望の光。背景に温かいオレンジのグラデーション。 セリフ: なし ナレーション: ［四角枠］まだ「もしかしたら」だ。でも「何もできない」と思い込んでいた数週間前とは違う。少なくとも今は、「もしかしたら」と思える自分がいる。それだけで、世界の見え方が変わった気がした。 オノマトペ: なし","[{""panel_id"": 1, ""type"": ""dialogue"", ""speaker"": ""ミサキ"", ""text"": ""ひなた、ママね、もしかしたら——""}, {""panel_id"": 2, ""type"": ""narration"", ""speaker"": null, ""text"": ""まだ「もしかしたら」だ。でも「何もできない」と思い込んでいた数週間前とは違う。少なくとも今は、「もしかしたら」と思える自分がいる。それだけで、世界の見え方が変わった気がした。""}]",misaki_casual
46,テンプレ1,"◆【注意】【】で囲まれた単語は感情や状況の指示であり、画像内に文字として描画しないでください
◆【絶対最優先】必ずフルカラーにしてください
◆【絶対最優先】必ず日本のアニメ・マンガ調のイラストで描いてください。実写風・フォトリアル風は禁止です。
◆【絶対最優先】キャラクター外見: ミサキは添付のミサキ.pngと100%同一の外見で描画
◆【出力サイズ】2:3
◆【補足情報】上下左右に50ピクセルの余白を設けてください
◆【補足情報】服装: ボーダー柄（白と紺）のカットソーにデニムパンツ、白いスニーカー（自宅・外出・育児中の普段着）
◆【コマ構成】テンプレ1: ページ全体1コマ
◆【作画】ジャンル: 副業に最適化した統一スタイル / 作画スタイル: 親しみやすく実践的,現代的なライフスタイル表現 / 色調: 明るく前向きな色調,オレンジ・青・黄色基調,活力ある配色 / 線画: 親しみやすい柔らかな線,カジュアルで読みやすい表現 / 演出: パソコン作業,スマホ,時計,収入の可視化,必要に応じて集中線,効果線,擬音などのマンガらしい演出
◆【ストーリー】
1コマ目 (全面): ミサキが窓の前でノートパソコンを胸に抱えて立っている。外の光が差し込み、表情は希望に満ちている。効果線が全体を包む。 セリフ: なし ナレーション: ［四角枠］壁は、思っていたより小さかった。プログラミングも英語も設定も——全部、日本語で乗り越えられた。「もしかしたら」が「きっとできる」に変わる日が、近いかもしれない。 セリフ: ［ミサキ（内心）］の吹き出しに「やれる。やってみよう——」 オノマトペ: ぱぁっ","[{""panel_id"": 1, ""type"": ""narration"", ""speaker"": null, ""text"": ""壁は、思っていたより小さかった。プログラミングも英語も設定も——全部、日本語で乗り越えられた。""}, {""panel_id"": 1, ""type"": ""narration"", ""speaker"": null, ""text"": ""「もしかしたら」が「きっとできる」に変わる日が、近いかもしれない。""}, {""panel_id"": 1, ""type"": ""dialogue"", ""speaker"": ""ミサキ（内心）"", ""text"": ""やれる。やってみよう——""}]",misaki_casual
47,テンプレ2,"◆【注意】【】で囲まれた単語は感情や状況の指示であり、画像内に文字として描画しないでください
◆【絶対最優先】必ずフルカラーにしてください
◆【絶対最優先】必ず日本のアニメ・マンガ調のイラストで描いてください。実写風・フォトリアル風は禁止です。
◆【絶対最優先】キャラクター外見: ミサキは添付のミサキ.pngと100%同一の外見で描画
◆【補足情報】服装: グレーのスウェット上下、髪を緩くまとめ、素足（深夜〜早朝のPC作業・在宅集中タイム）
◆【コマ構成】テンプレ2: 上下2段
◆【出力サイズ】2:3
◆【補足情報】上下左右に50ピクセルの余白を設けてください
◆【作画】ジャンル: 副業に最適化した統一スタイル / 作画スタイル: 親しみやすく実践的,現代的なライフスタイル表現 / 色調: 明るく前向きな色調,オレンジ・青・黄色基調,活力ある配色 / 線画: 親しみやすい柔らかな線,カジュアルで読みやすい表現 / 演出: パソコン作業,スマホ,時計,収入の可視化,必要に応じて集中線,効果線,擬音などのマンガらしい演出
◆【ストーリー】
1コマ目 (上): 夜のリビング。ひなたが寝た後、ミサキがパソコン画面の前でノートを開いている。「今日学んだこと」を書き留めている。ページには〝指示の言葉で結果が変わる〟と書かれている。 セリフ: ［ミサキ（内心）］の吹き出しに「もしかしたら……私にもできるかもしれない」 ナレーション: ［四角枠］第5章 コラム⑥ 前ページへ続く オノマトペ: カリカリ
2コマ目 (下): 窓の外に夜景。ミサキの横顔が画面の光に照らされている。表情は静かな決意。 セリフ: なし ナレーション: ［四角枠］もしかしたら、が確信に変わり始めていた。 オノマトペ: なし","[{""panel_id"": 1, ""type"": ""dialogue"", ""speaker"": ""ミサキ（内心）"", ""text"": ""もしかしたら……私にもできるかもしれない""}, {""panel_id"": 1, ""type"": ""narration"", ""speaker"": null, ""text"": ""第5章 コラム⑥ 前ページへ続く""}, {""panel_id"": 2, ""type"": ""narration"", ""speaker"": null, ""text"": ""もしかしたら、が確信に変わり始めていた。""}, {""panel_id"": 2, ""type"": ""narration"", ""speaker"": null, ""text"": ""「もしかしたら」は、今夜から「きっとできる」に変わっていた。""}]",misaki_work_home
48,テンプレ4,"◆【注意】【】で囲まれた単語は感情や状況の指示であり、画像内に文字として描画しないでください
◆【絶対最優先】必ずフルカラーにしてください
◆【絶対最優先】必ず日本のアニメ・マンガ調のイラストで描いてください。実写風・フォトリアル風は禁止です。
◆【絶対最優先】キャラクター外見: ミサキは添付のミサキ.pngと100%同一の外見で描画
◆【補足情報】服装: グレーのスウェット上下、髪を緩くまとめ、素足（深夜〜早朝のPC作業・在宅集中タイム）
◆【コマ構成】テンプレ4: 上大＋下小
◆【出力サイズ】2:3
◆【補足情報】上下左右に50ピクセルの余白を設けてください
◆【作画】ジャンル: 副業に最適化した統一スタイル / 作画スタイル: 親しみやすく実践的,現代的なライフスタイル表現 / 色調: 明るく前向きな色調,オレンジ・青・黄色基調,活力ある配色 / 線画: 親しみやすい柔らかな線,カジュアルで読みやすい表現 / 演出: パソコン作業,スマホ,時計,収入の可視化,必要に応じて集中線,効果線,擬音などのマンガらしい演出
◆【ストーリー】
1コマ目 (上大): ミサキが夜中にパソコンに向かっている。投稿スケジュールをメモした紙が貼られている。今日で7日連続投稿。「いいね0」が続いているが、ミサキの表情は諦めていない。 セリフ: ［ミサキ（内心）］の吹き出しに「誰にも見られていなくても、投稿することで私は変わっている」 ナレーション: ［四角枠］7日連続投稿。いいねはまだゼロ。でもミサキは止まらなかった。 オノマトペ: カチャ
2コマ目 (下小): ミサキが投稿ボタンを押す瞬間。小さなガッツポーズ。 セリフ: ［ミサキ（内心）］の吹き出しに「よし、今日も投稿した」 ナレーション: なし オノマトペ: なし","[{""panel_id"": 1, ""type"": ""dialogue"", ""speaker"": ""ミサキ（内心）"", ""text"": ""誰にも見られていなくても、投稿することで私は変わっている""}, {""panel_id"": 1, ""type"": ""narration"", ""speaker"": null, ""text"": ""7日連続投稿。いいねはまだゼロ。でもミサキは止まらなかった。""}, {""panel_id"": 2, ""type"": ""dialogue"", ""speaker"": ""ミサキ（内心）"", ""text"": ""よし、今日も投稿した""}, {""panel_id"": 2, ""type"": ""narration"", ""speaker"": null, ""text"": ""小さな達成感が、確かに積み上がっていた。""}]",misaki_work_home
49,テキストページ,"◆【テキストページ】このページは画像生成不要。EPUB製本時にテキストとして直接レンダリングする。
◆【コラム原文】
【コラム⑥】テクノロジーの「民主化」——誰のためのAIか？

キャリアコンサルタントの視点から。

印刷技術は「本を読む」を民主化した。インターネットは「情報を得る」を民主化した。そしてAIは「作る」を民主化しようとしている。文章を書く、企画を立てる、分析する——かつては専門家だけができたことが、今は日本語で話しかけるだけでできる時代になった。

ミサキの年齢も学歴も職歴も、Claudeは聞かなかった。「誰が話しかけているか」ではなく「何を伝えているか」だけが重要。新しいスキルに年齢も前職も関係ない。必要なのは「やってみよう」という決意だけ。ミサキはその決意をした。次の章から、その決意が試されることになる。",[],
50,テンプレ1,"◆【注意】【】で囲まれた単語は感情や状況の指示であり、画像内に文字として描画しないでください
◆【絶対最優先】必ずフルカラーにしてください
◆【絶対最優先】必ず日本のアニメ・マンガ調のイラストで描いてください。実写風・フォトリアル風は禁止です。
◆【絶対最優先】キャラクター外見: ミサキは添付のミサキ.pngと100%同一の外見で描画
◆【出力サイズ】2:3
◆【補足情報】上下左右に50ピクセルの余白を設けてください
◆【補足情報】服装: グレーのスウェット上下、髪を緩くまとめ、素足（深夜〜早朝のPC作業・在宅集中タイム）
◆【コマ構成】テンプレ1: ページ全体1コマ
◆【作画】ジャンル: 副業に最適化した統一スタイル / 作画スタイル: 親しみやすく実践的,現代的なライフスタイル表現 / 色調: 明るく前向きな色調,オレンジ・青・黄色基調,活力ある配色 / 線画: 親しみやすい柔らかな線,カジュアルで読みやすい表現 / 演出: パソコン作業,スマホ,時計,収入の可視化,必要に応じて集中線,効果線,擬音などのマンガらしい演出
◆【ストーリー】
1コマ目 (全面): 深夜のリビング。スマートフォンのアラームが光る。画面に「00:00」と表示。ミサキがノートパソコンの前でやる気に満ちた表情をしている。集中線とスマホの光が交差する演出。タイトル〝第6章　毎日投稿という戦い〟を大きく配置。 セリフ: なし ナレーション: なし オノマトペ: ジリリリリ……！",[],misaki_work_home
51,テンプレ5,"◆【注意】【】で囲まれた単語は感情や状況の指示であり、画像内に文字として描画しないでください
◆【絶対最優先】必ずフルカラーにしてください
◆【絶対最優先】必ず日本のアニメ・マンガ調のイラストで描いてください。実写風・フォトリアル風は禁止です。
◆【絶対最優先】キャラクター外見: ミサキは添付のミサキ.pngと100%同一の外見で描画
◆【出力サイズ】2:3
◆【補足情報】上下左右に50ピクセルの余白を設けてください
◆【補足情報】服装: グレーのスウェット上下、髪を緩くまとめ、素足（深夜〜早朝のPC作業・在宅集中タイム）
◆【コマ構成】テンプレ5: 上中下3段
◆【作画】ジャンル: 副業に最適化した統一スタイル / 作画スタイル: 親しみやすく実践的,現代的なライフスタイル表現 / 色調: 明るく前向きな色調,オレンジ・青・黄色基調,活力ある配色 / 線画: 親しみやすい柔らかな線,カジュアルで読みやすい表現 / 演出: パソコン作業,スマホ,時計,収入の可視化,必要に応じて集中線,効果線,擬音などのマンガらしい演出
◆【ストーリー】
1コマ目 (上段): ミサキがノートに週間投稿スケジュールを書いている。月〜日で7つのテーマが並んでいる。 セリフ: なし ナレーション: ［四角枠］毎週日曜の夜、ミサキはClaudeと来週の投稿テーマを7本決めた。 オノマトペ: カリカリ
2コマ目 (中段): Claudeのチャット画面。「今週の育児で印象に残った出来事を7つ教えてください」という入力と、箇条書きの回答が見える。 セリフ: なし ナレーション: ［四角枠］「今週の育児で印象に残った出来事を教えてください」——それだけで、投稿案が7本生成された。 オノマトペ: なし
3コマ目 (下段): ミサキがノートを見てにっこりしている。 セリフ: ［ミサキ（内心）］の吹き出しに「これで今週も迷わない」 ナレーション: なし オノマトペ: なし","[{""panel_id"": 1, ""type"": ""narration"", ""speaker"": null, ""text"": ""毎週日曜の夜、ミサキはClaudeと来週の投稿テーマを7本決めた。""}, {""panel_id"": 2, ""type"": ""narration"", ""speaker"": null, ""text"": ""「今週の育児で印象に残った出来事を教えてください」——それだけで、投稿案が7本生成された。""}, {""panel_id"": 3, ""type"": ""dialogue"", ""speaker"": ""ミサキ（内心）"", ""text"": ""これで今週も迷わない""}]",misaki_work_home
52,テンプレ6,"◆【注意】【】で囲まれた単語は感情や状況の指示であり、画像内に文字として描画しないでください
◆【絶対最優先】必ずフルカラーにしてください
◆【絶対最優先】必ず日本のアニメ・マンガ調のイラストで描いてください。実写風・フォトリアル風は禁止です。
◆【絶対最優先】キャラクター外見: ミサキは添付のミサキ.pngと100%同一の外見で描画
◆【出力サイズ】2:3
◆【補足情報】上下左右に50ピクセルの余白を設けてください
◆【補足情報】服装: グレーのスウェット上下、髪を緩くまとめ、素足（深夜〜早朝のPC作業・在宅集中タイム）
◆【コマ構成】テンプレ6: 上1コマ＋下左右2コマ
◆【作画】ジャンル: 副業に最適化した統一スタイル / 作画スタイル: 親しみやすく実践的,現代的なライフスタイル表現 / 色調: 明るく前向きな色調,オレンジ・青・黄色基調,活力ある配色 / 線画: 親しみやすい柔らかな線,カジュアルで読みやすい表現 / 演出: パソコン作業,スマホ,時計,収入の可視化,必要に応じて集中線,効果線,擬音などのマンガらしい演出
◆【ストーリー】
1コマ目 (上): 深夜、ミサキがスマホのInstagramを眺めている。フォロワー数が増えていない。 セリフ: ［ミサキ（内心）］の吹き出しに「毎日投稿してるのに……なんで届かないんだろう」 ナレーション: なし オノマトペ: なし
2コマ目 (下右): ミサキが他のInstagramアカウントと自分の投稿を見比べる。 セリフ: ［ミサキ（内心）］の吹き出しに「このアカウントはフォロワー5000人……私と何が違うんだろう」 ナレーション: なし オノマトペ: なし
3コマ目 (下左): ミサキが両手で顔を覆う。 セリフ: なし ナレーション: ［四角枠］比べてはいけないとわかっていた。それでも比べてしまう。 オノマトペ: はぁ……","[{""panel_id"": 1, ""type"": ""dialogue"", ""speaker"": ""ミサキ（内心）"", ""text"": ""毎日投稿してるのに……なんで届かないんだろう""}, {""panel_id"": 2, ""type"": ""dialogue"", ""speaker"": ""ミサキ（内心）"", ""text"": ""このアカウントはフォロワー5000人……私と何が違うんだろう""}, {""panel_id"": 3, ""type"": ""narration"", ""speaker"": null, ""text"": ""比べてはいけないとわかっていた。それでも比べてしまう。""}]",misaki_work_home
53,テンプレ3,"◆【注意】【】で囲まれた単語は感情や状況の指示であり、画像内に文字として描画しないでください
◆【絶対最優先】必ずフルカラーにしてください
◆【絶対最優先】必ず日本のアニメ・マンガ調のイラストで描いてください。実写風・フォトリアル風は禁止です。
◆【絶対最優先】キャラクター外見: ミサキは添付のミサキ.pngと100%同一の外見で描画, ひなた（2歳期）は添付のひなた_2歳期.pngと100%同一の外見で描画
◆【補足情報】服装: ボーダー柄（白と紺）のカットソーにデニムパンツ、白いスニーカー（自宅・外出・育児中の普段着）
◆【コマ構成】テンプレ3: 上小＋下大
◆【出力サイズ】2:3
◆【補足情報】上下左右に50ピクセルの余白を設けてください
◆【作画】ジャンル: 副業に最適化した統一スタイル / 作画スタイル: 親しみやすく実践的,現代的なライフスタイル表現 / 色調: 明るく前向きな色調,オレンジ・青・黄色基調,活力ある配色 / 線画: 親しみやすい柔らかな線,カジュアルで読みやすい表現 / 演出: パソコン作業,スマホ,時計,収入の可視化,必要に応じて集中線,効果線,擬音などのマンガらしい演出
◆【ストーリー】
1コマ目 (上小): ベッドの中でスマートフォンを見るミサキ。画面の光だけが暗い部屋に浮かぶ。横にはひなたが寝ている。 セリフ: ［ミサキ（内心）］の吹き出しに「投稿して……5時間。いいね、ゼロ」 ナレーション: ［四角枠］初投稿から一晩が経っていた。 オノマトペ: なし
2コマ目 (下大): ミサキの顔アップ。笑えているが目は泣きそう。スマホ画面が反射して瞳に映っている。 セリフ: ［ミサキ（内心）］の吹き出しに「恥ずかしいだけだったかな。でも……消す気にはなれない」 ナレーション: ［四角枠］削除ボタンに指が触れて、止まった。 オノマトペ: なし","[{""panel_id"": 1, ""type"": ""dialogue"", ""speaker"": ""ミサキ（内心）"", ""text"": ""投稿して……5時間。いいね、ゼロ""}, {""panel_id"": 1, ""type"": ""narration"", ""speaker"": null, ""text"": ""初投稿から一晩が経っていた。""}, {""panel_id"": 2, ""type"": ""dialogue"", ""speaker"": ""ミサキ（内心）"", ""text"": ""恥ずかしいだけだったかな。でも……消す気にはなれない""}, {""panel_id"": 2, ""type"": ""narration"", ""speaker"": null, ""text"": ""削除ボタンに指が触れて、止まった。""}, {""panel_id"": 2, ""type"": ""narration"", ""speaker"": null, ""text"": ""投稿を作る——その一歩が、今は少しだけ軽くなっていた。""}]",misaki_casual
54,テンプレ4,"◆【注意】【】で囲まれた単語は感情や状況の指示であり、画像内に文字として描画しないでください
◆【絶対最優先】必ずフルカラーにしてください
◆【絶対最優先】必ず日本のアニメ・マンガ調のイラストで描いてください。実写風・フォトリアル風は禁止です。
◆【絶対最優先】キャラクター外見: ミサキは添付のミサキ.pngと100%同一の外見で描画
◆【出力サイズ】2:3
◆【補足情報】上下左右に50ピクセルの余白を設けてください
◆【補足情報】服装: グレーのスウェット上下、髪を緩くまとめ、素足（深夜〜早朝のPC作業・在宅集中タイム）
◆【コマ構成】テンプレ4: 上大下小
◆【作画】ジャンル: 副業に最適化した統一スタイル / 作画スタイル: 親しみやすく実践的,現代的なライフスタイル表現 / 色調: 明るく前向きな色調,オレンジ・青・黄色基調,活力ある配色 / 線画: 親しみやすい柔らかな線,カジュアルで読みやすい表現 / 演出: パソコン作業,スマホ,時計,収入の可視化,必要に応じて集中線,効果線,擬音などのマンガらしい演出
◆【ストーリー】
1コマ目 (上・大): 8日目。スマホに見知らぬアカウントからのコメント通知が来る。「夜泣きで悩んでたので参考になりました」という文字。ミサキが目を見開く。 セリフ: ［ミサキ（内心）］の吹き出しに「……届いた。知らない人に、届いた」 ナレーション: ［四角枠］8日目。初めてスパムではないコメントが来た。 オノマトペ: ピロン！
2コマ目 (下・小): ミサキが画面を見つめて泣きそうになっている。 セリフ: なし ナレーション: ［四角枠］たった一件。でも、その一件がすべてを変えた。 オノマトペ: なし","[{""panel_id"": 1, ""type"": ""dialogue"", ""speaker"": ""ミサキ（内心）"", ""text"": ""……届いた。知らない人に、届いた""}, {""panel_id"": 1, ""type"": ""narration"", ""speaker"": null, ""text"": ""8日目。初めてスパムではないコメントが来た。""}, {""panel_id"": 2, ""type"": ""narration"", ""speaker"": null, ""text"": ""たった一件。でも、その一件がすべてを変えた。""}, {""panel_id"": 3, ""type"": ""dialogue"", ""speaker"": ""ミサキ（内心）"", ""text"": ""ありがとう。あなたのことは知らない。でも、ありがとう。""}]",misaki_work_home
55,テンプレ5,"◆【注意】【】で囲まれた単語は感情や状況の指示であり、画像内に文字として描画しないでください
◆【絶対最優先】必ずフルカラーにしてください
◆【絶対最優先】必ず日本のアニメ・マンガ調のイラストで描いてください。実写風・フォトリアル風は禁止です。
◆【絶対最優先】キャラクター外見: ミサキは添付のミサキ.pngと100%同一の外見で描画
◆【出力サイズ】2:3
◆【補足情報】上下左右に50ピクセルの余白を設けてください
◆【補足情報】服装: グレーのスウェット上下、髪を緩くまとめ、素足（深夜〜早朝のPC作業・在宅集中タイム）
◆【コマ構成】テンプレ5: 上中下3段
◆【作画】ジャンル: 副業に最適化した統一スタイル / 作画スタイル: 親しみやすく実践的,現代的なライフスタイル表現 / 色調: 明るく前向きな色調,オレンジ・青・黄色基調,活力ある配色 / 線画: 親しみやすい柔らかな線,カジュアルで読みやすい表現 / 演出: パソコン作業,スマホ,時計,収入の可視化,必要に応じて集中線,効果線,擬音などのマンガらしい演出
◆【ストーリー】
1コマ目 (上段): ミサキがClaudeに長い指示を打っている。以前より明らかに長く、具体的な内容。 セリフ: なし ナレーション: ［四角枠］タクヤのアドバイスを受けた翌日から、指示の書き方が変わった。 オノマトペ: カチカチカチカチ
2コマ目 (中段): Claudeからの返答が画面に流れる。以前より鮮やかな、ミサキの体験に寄り添った文章。 セリフ: ［ミサキ（内心）］の吹き出しに「……全然違う。全然違う文章だ」 ナレーション: なし オノマトペ: なし
3コマ目 (下段): ミサキが画面を見て目が光る。 セリフ: なし ナレーション: ［四角枠］ぱぁっ、と画面が輝いて見えた——気がした。 オノマトペ: ぱぁっ","[{""panel_id"": 1, ""type"": ""narration"", ""speaker"": null, ""text"": ""タクヤのアドバイスを受けた翌日から、指示の書き方が変わった。""}, {""panel_id"": 2, ""type"": ""dialogue"", ""speaker"": ""ミサキ（内心）"", ""text"": ""……全然違う。全然違う文章だ""}, {""panel_id"": 3, ""type"": ""narration"", ""speaker"": null, ""text"": ""ぱぁっ、と画面が輝いて見えた——気がした。""}, {""panel_id"": 3, ""type"": ""narration"", ""speaker"": null, ""text"": ""毎日投稿するということは、毎日「誰かに話しかける」ということだ。ミサキはそれを、今日初めて実感した。""}]",misaki_work_home
56,テンプレ7,"◆【注意】【】で囲まれた単語は感情や状況の指示であり、画像内に文字として描画しないでください
◆【絶対最優先】必ずフルカラーにしてください
◆【絶対最優先】必ず日本のアニメ・マンガ調のイラストで描いてください。実写風・フォトリアル風は禁止です。
◆【絶対最優先】キャラクター外見: ミサキは添付のミサキ.pngと100%同一の外見で描画, ひなた（2歳期）は添付のひなた_2歳期.pngと100%同一の外見で描画
◆【出力サイズ】2:3
◆【補足情報】上下左右に50ピクセルの余白を設けてください
◆【補足情報】服装: ボーダー柄（白と紺）のカットソーにデニムパンツ、白いスニーカー（自宅・外出・育児中の普段着）
◆【コマ構成】テンプレ7: 上右左2コマ＋下1コマ
◆【作画】ジャンル: 副業に最適化した統一スタイル / 作画スタイル: 親しみやすく実践的,現代的なライフスタイル表現 / 色調: 明るく前向きな色調,オレンジ・青・黄色基調,活力ある配色 / 線画: 親しみやすい柔らかな線,カジュアルで読みやすい表現 / 演出: パソコン作業,スマホ,時計,収入の可視化,必要に応じて集中線,効果線,擬音などのマンガらしい演出
◆【ストーリー】
1コマ目 (上右): 支援センターでミサキが他のママと話している。 セリフ: ［ママ友（画面外）］の吹き出しに「実家が近くていいな」 ナレーション: なし オノマトペ: なし
2コマ目 (上左): ミサキが心の中で「比べちゃいけない、わかってるけど……」と感じている。笑顔の裏に複雑な表情。 セリフ: ［ミサキ（内心）］の吹き出しに「比べちゃいけないとわかってるのに……」 ナレーション: なし オノマトペ: なし
3コマ目 (下段): 夜、その出来事をClaudeに打ち込むミサキ。「昨日、支援センターで——」と入力している。 セリフ: なし ナレーション: ［四角枠］その日の夜、ミサキはその気持ちをそのままClaudeに打ち込んだ。 オノマトペ: カチカチ","[{""panel_id"": 1, ""type"": ""dialogue"", ""speaker"": ""ママ友（画面外）"", ""text"": ""実家が近くていいな""}, {""panel_id"": 2, ""type"": ""dialogue"", ""speaker"": ""ミサキ（内心）"", ""text"": ""比べちゃいけないとわかってるのに……""}, {""panel_id"": 3, ""type"": ""narration"", ""speaker"": null, ""text"": ""その日の夜、ミサキはその気持ちをそのままClaudeに打ち込んだ。""}, {""panel_id"": 3, ""type"": ""narration"", ""speaker"": null, ""text"": ""嫉妬も、怒りも、全部書いた。Claudeは怒らない。だから正直に書けた。""}]",misaki_casual
57,テンプレ6,"◆【注意】【】で囲まれた単語は感情や状況の指示であり、画像内に文字として描画しないでください
◆【絶対最優先】必ずフルカラーにしてください
◆【絶対最優先】必ず日本のアニメ・マンガ調のイラストで描いてください。実写風・フォトリアル風は禁止です。
◆【絶対最優先】キャラクター外見: ミサキは添付のミサキ.pngと100%同一の外見で描画, ひなた（2歳期）は添付のひなた_2歳期.pngと100%同一の外見で描画
◆【出力サイズ】2:3
◆【補足情報】上下左右に50ピクセルの余白を設けてください
◆【補足情報】服装: ボーダー柄（白と紺）のカットソーにデニムパンツ、白いスニーカー（自宅・外出・育児中の普段着）
◆【コマ構成】テンプレ6: 上1コマ＋下左右2コマ
◆【作画】ジャンル: 副業に最適化した統一スタイル / 作画スタイル: 親しみやすく実践的,現代的なライフスタイル表現 / 色調: 明るく前向きな色調,オレンジ・青・黄色基調,活力ある配色 / 線画: 親しみやすい柔らかな線,カジュアルで読みやすい表現 / 演出: パソコン作業,スマホ,時計,収入の可視化,必要に応じて集中線,効果線,擬音などのマンガらしい演出
◆【ストーリー】
1コマ目 (上): ひなたが初めて「ママ」と言う瞬間。ミサキが驚いて抱き寄せる。 セリフ: ［ひなた］の吹き出しに「まま」 ナレーション: ［四角枠］その日の午後、ひなたが初めて「ママ」と言った。 オノマトペ: ！
2コマ目 (下右): ミサキがひなたを抱きしめる。嬉しくて涙が出そう。 セリフ: ［ミサキ］の吹き出しに「ひなた……！ 言えたね、ママって！」 ナレーション: なし オノマトペ: なし
3コマ目 (下左): ミサキがスマホでケンタに電話しようとして、気づく。仕事中だ。ひなたと二人。 セリフ: なし ナレーション: ［四角枠］その瞬間にケンタが仕事でいなかった。嬉しさと寂しさが同居する、ワンオペ育児特有の感情。 オノマトペ: なし","[{""panel_id"": 1, ""type"": ""dialogue"", ""speaker"": ""ひなた"", ""text"": ""まま""}, {""panel_id"": 1, ""type"": ""narration"", ""speaker"": null, ""text"": ""その日の午後、ひなたが初めて「ママ」と言った。""}, {""panel_id"": 2, ""type"": ""dialogue"", ""speaker"": ""ミサキ"", ""text"": ""ひなた……！ 言えたね、ママって！""}, {""panel_id"": 3, ""type"": ""narration"", ""speaker"": null, ""text"": ""その瞬間にケンタが仕事でいなかった。嬉しさと寂しさが同居する、ワンオペ育児特有の感情。""}]",misaki_casual
58,テンプレ5,"◆【注意】【】で囲まれた単語は感情や状況の指示であり、画像内に文字として描画しないでください
◆【絶対最優先】必ずフルカラーにしてください
◆【絶対最優先】必ず日本のアニメ・マンガ調のイラストで描いてください。実写風・フォトリアル風は禁止です。
◆【絶対最優先】キャラクター外見: ミサキは添付のミサキ.pngと100%同一の外見で描画, ケンタは添付のケンタ.pngと100%同一の外見で描画
◆【出力サイズ】2:3
◆【補足情報】上下左右に50ピクセルの余白を設けてください
◆【補足情報】服装: ボーダー柄（白と紺）のカットソーにデニムパンツ、白いスニーカー（自宅・外出・育児中の普段着）
◆【コマ構成】テンプレ5: 上中下3段
◆【作画】ジャンル: 副業に最適化した統一スタイル / 作画スタイル: 親しみやすく実践的,現代的なライフスタイル表現 / 色調: 明るく前向きな色調,オレンジ・青・黄色基調,活力ある配色 / 線画: 親しみやすい柔らかな線,カジュアルで読みやすい表現 / 演出: パソコン作業,スマホ,時計,収入の可視化,必要に応じて集中線,効果線,擬音などのマンガらしい演出
◆【ストーリー】
1コマ目 (上段): 夜、帰宅したケンタにミサキが報告する。 セリフ: ［ミサキ］の吹き出しに「今日ひなたが〝ママ〟って初めて言ったんだよ！」 ナレーション: なし オノマトペ: なし
2コマ目 (中段): ケンタが少し悲しそうな顔をする。 セリフ: ［ケンタ］の吹き出しに「……そうか。見たかったな」 ナレーション: なし オノマトペ: なし
3コマ目 (下段): 二人の間に微妙な空気が流れる。ひなたが無邪気に二人の顔を見比べている。 セリフ: なし ナレーション: ［四角枠］仕事で見られなかったケンタ。でも稼ぐためには働かないといけない。誰も悪くない、でも誰かが犠牲になる。これもワンオペの現実だった。 オノマトペ: なし","[{""panel_id"": 1, ""type"": ""dialogue"", ""speaker"": ""ミサキ"", ""text"": ""今日ひなたが〝ママ〟って初めて言ったんだよ！""}, {""panel_id"": 2, ""type"": ""dialogue"", ""speaker"": ""ケンタ"", ""text"": ""……そうか。見たかったな""}, {""panel_id"": 3, ""type"": ""narration"", ""speaker"": null, ""text"": ""仕事で見られなかったケンタ。でも稼ぐためには働かないといけない。誰も悪くない、でも誰かが犠牲になる。これもワンオペの現実だった。""}]",kenta_work_casual
59,テンプレ6,"◆【注意】【】で囲まれた単語は感情や状況の指示であり、画像内に文字として描画しないでください
◆【絶対最優先】必ずフルカラーにしてください
◆【絶対最優先】必ず日本のアニメ・マンガ調のイラストで描いてください。実写風・フォトリアル風は禁止です。
◆【絶対最優先】キャラクター外見: ミサキは添付のミサキ.pngと100%同一の外見で描画, ケンタは添付のケンタ.pngと100%同一の外見で描画
◆【補足情報】服装: ネイビーのポロシャツにチノパン（帰宅後のリラックス時やオフ日の外出着）
◆【コマ構成】テンプレ6: 上1コマ＋下左右2コマ
◆【出力サイズ】2:3
◆【補足情報】上下左右に50ピクセルの余白を設けてください
◆【作画】ジャンル: 副業に最適化した統一スタイル / 作画スタイル: 親しみやすく実践的,現代的なライフスタイル表現 / 色調: 明るく前向きな色調,オレンジ・青・黄色基調,活力ある配色 / 線画: 親しみやすい柔らかな線,カジュアルで読みやすい表現 / 演出: パソコン作業,スマホ,時計,収入の可視化,必要に応じて集中線,効果線,擬音などのマンガらしい演出
◆【ストーリー】
1コマ目 (上): 夕食後のリビング。ミサキとケンタが向き合って座っている。テーブルにはお茶のカップ。 セリフ: ［ケンタ］の吹き出しに「SNSって毎日投稿してるの？大変じゃない？」 ナレーション: ［四角枠］ケンタに話すのはこれが初めてだった。 オノマトペ: なし
2コマ目 (下左): ミサキが少し照れながら答える。 セリフ: ［ミサキ］の吹き出しに「大変だけど……なんか、楽しいんだよね」 ナレーション: なし オノマトペ: なし
3コマ目 (下右): ケンタが穏やかに笑う。 セリフ: ［ケンタ］の吹き出しに「そっか。応援してるよ」 ナレーション: ［四角枠］たったひと言なのに、胸があたたかくなった。 オノマトペ: なし","[{""panel_id"": 1, ""type"": ""dialogue"", ""speaker"": ""ケンタ"", ""text"": ""SNSって毎日投稿してるの？大変じゃない？""}, {""panel_id"": 1, ""type"": ""narration"", ""speaker"": null, ""text"": ""ケンタに話すのはこれが初めてだった。""}, {""panel_id"": 2, ""type"": ""dialogue"", ""speaker"": ""ミサキ"", ""text"": ""大変だけど……なんか、楽しいんだよね""}, {""panel_id"": 3, ""type"": ""dialogue"", ""speaker"": ""ケンタ"", ""text"": ""そっか。応援してるよ""}, {""panel_id"": 3, ""type"": ""narration"", ""speaker"": null, ""text"": ""たったひと言なのに、胸があたたかくなった。""}]",kenta_work_casual
60,テンプレ3,"◆【注意】【】で囲まれた単語は感情や状況の指示であり、画像内に文字として描画しないでください
◆【絶対最優先】必ずフルカラーにしてください
◆【絶対最優先】必ず日本のアニメ・マンガ調のイラストで描いてください。実写風・フォトリアル風は禁止です。
◆【絶対最優先】キャラクター外見: ミサキは添付のミサキ.pngと100%同一の外見で描画
◆【補足情報】服装: グレーのスウェット上下、髪を緩くまとめ、素足（深夜〜早朝のPC作業・在宅集中タイム）
◆【コマ構成】テンプレ3: 上小＋下大
◆【出力サイズ】2:3
◆【補足情報】上下左右に50ピクセルの余白を設けてください
◆【作画】ジャンル: 副業に最適化した統一スタイル / 作画スタイル: 親しみやすく実践的,現代的なライフスタイル表現 / 色調: 明るく前向きな色調,オレンジ・青・黄色基調,活力ある配色 / 線画: 親しみやすい柔らかな線,カジュアルで読みやすい表現 / 演出: パソコン作業,スマホ,時計,収入の可視化,必要に応じて集中線,効果線,擬音などのマンガらしい演出
◆【ストーリー】
1コマ目 (上小): ミサキが過去の投稿を見返している。スマートフォンのスクロール。 セリフ: ［ミサキ（内心）］の吹き出しに「これ……誰でも言えること。私じゃなくていい」 ナレーション: ［四角枠］タクヤに言われた言葉が頭から離れなかった。 オノマトペ: なし
2コマ目 (下大): ミサキがノートに書き出している。「産後に感じた孤独」「お金の不安を初めて夫に言えた日」「ひなたが初めて立った瞬間に仕事の話を思い出した罪悪感」。ペンが止まる。 セリフ: ［ミサキ（内心）］の吹き出しに「これは……私にしかない話だ」 ナレーション: ［四角枠］誰にでも言えることではなく、自分にしか言えないことを探す。それが「らしさ」の正体だった。 オノマトペ: なし","[{""panel_id"": 1, ""type"": ""dialogue"", ""speaker"": ""ミサキ（内心）"", ""text"": ""これ……誰でも言えること。私じゃなくていい""}, {""panel_id"": 1, ""type"": ""narration"", ""speaker"": null, ""text"": ""タクヤに言われた言葉が頭から離れなかった。""}, {""panel_id"": 2, ""type"": ""dialogue"", ""speaker"": ""ミサキ（内心）"", ""text"": ""これは……私にしか言えない話だ""}, {""panel_id"": 2, ""type"": ""narration"", ""speaker"": null, ""text"": ""誰にでも言えることではなく、自分にしか言えないことを探す。それが「らしさ」の正体だった。""}]",misaki_work_home
61,テンプレ3,"◆【注意】【】で囲まれた単語は感情や状況の指示であり、画像内に文字として描画しないでください
◆【絶対最優先】必ずフルカラーにしてください
◆【絶対最優先】必ず日本のアニメ・マンガ調のイラストで描いてください。実写風・フォトリアル風は禁止です。
◆【絶対最優先】キャラクター外見: ミサキは添付のミサキ.pngと100%同一の外見で描画
◆【出力サイズ】2:3
◆【補足情報】上下左右に50ピクセルの余白を設けてください
◆【補足情報】服装: グレーのスウェット上下、髪を緩くまとめ、素足（深夜〜早朝のPC作業・在宅集中タイム）
◆【コマ構成】テンプレ3: 上小下大
◆【作画】ジャンル: 副業に最適化した統一スタイル / 作画スタイル: 親しみやすく実践的,現代的なライフスタイル表現 / 色調: 明るく前向きな色調,オレンジ・青・黄色基調,活力ある配色 / 線画: 親しみやすい柔らかな線,カジュアルで読みやすい表現 / 演出: パソコン作業,スマホ,時計,収入の可視化,必要に応じて集中線,効果線,擬音などのマンガらしい演出
◆【ストーリー】
1コマ目 (上・小): ミサキがClaudeに「ひなたの〝ママ〟発語体験」を打ち込んでいる。 セリフ: なし ナレーション: ［四角枠］その夜、ミサキはひなたの「ママ」体験をそのまま打ち込んだ。嬉しさも、寂しさも、全部。 オノマトペ: なし
2コマ目 (下・大): 完成した投稿を読んで、ミサキが静かに泣いている。涙が光っている。しかし表情は穏やかで充実している。 セリフ: ［ミサキ（内心）］の吹き出しに「これが〝ミサキの言葉〟だ」 ナレーション: ［四角枠］事務職で「わかりやすく伝える」訓練を積んできた5年間が、こんな形で活きるとは——。 オノマトペ: なし","[{""panel_id"": 1, ""type"": ""narration"", ""speaker"": null, ""text"": ""その夜、ミサキはひなたの「ママ」体験をそのまま打ち込んだ。嬉しさも、寂しさも、全部。""}, {""panel_id"": 2, ""type"": ""dialogue"", ""speaker"": ""ミサキ（内心）"", ""text"": ""これが〝ミサキの言葉〟だ""}, {""panel_id"": 2, ""type"": ""narration"", ""speaker"": null, ""text"": ""事務職で「わかりやすく伝える」訓練を積んできた5年間が、こんな形で活きるとは——。""}]",misaki_work_home
62,テンプレ5,"◆【注意】【】で囲まれた単語は感情や状況の指示であり、画像内に文字として描画しないでください
◆【絶対最優先】必ずフルカラーにしてください
◆【絶対最優先】必ず日本のアニメ・マンガ調のイラストで描いてください。実写風・フォトリアル風は禁止です。
◆【絶対最優先】キャラクター外見: ミサキは添付のミサキ.pngと100%同一の外見で描画
◆【出力サイズ】2:3
◆【補足情報】上下左右に50ピクセルの余白を設けてください
◆【補足情報】服装: グレーのスウェット上下、髪を緩くまとめ、素足（深夜〜早朝のPC作業・在宅集中タイム）
◆【コマ構成】テンプレ5: 上中下3段
◆【作画】ジャンル: 副業に最適化した統一スタイル / 作画スタイル: 親しみやすく実践的,現代的なライフスタイル表現 / 色調: 明るく前向きな色調,オレンジ・青・黄色基調,活力ある配色 / 線画: 親しみやすい柔らかな線,カジュアルで読みやすい表現 / 演出: パソコン作業,スマホ,時計,収入の可視化,必要に応じて集中線,効果線,擬音などのマンガらしい演出
◆【ストーリー】
1コマ目 (上段): ミサキがスマートフォンのアラームを止める。深夜0時。ひなたがようやく寝た後の「ミサキの作業時間」の合図。 セリフ: なし ナレーション: ［四角枠］深夜0時。ひなたがようやく寝た後の「ミサキの作業時間」の合図だ。 オノマトペ: ジリリリリ……！
2コマ目 (中段): ミサキがノートパソコンを開き、Claudeとプロフィール文を一緒に練っている。画面にCanvaのテンプレートが見える。 セリフ: なし ナレーション: ［四角枠］タクヤと相談して決めたアカウント名「@misaki_wanope_mama」。Claudeと一緒にプロフィール文を練り、Canvaで投稿テンプレートを作り、最初の投稿テーマを決めた。 オノマトペ: カチカチ
3コマ目 (下段): 「夜泣きを乗り越えた5つの方法」というタイトルが画面に。ミサキが3時間かけて完成させた投稿を確認している。 セリフ: なし ナレーション: ［四角枠］「夜泣きを乗り越えた5つの方法」。3時間かかった。 オノマトペ: なし","[{""panel_id"": 1, ""type"": ""narration"", ""speaker"": null, ""text"": ""深夜0時。ひなたがようやく寝た後の「ミサキの作業時間」の合図だ。""}, {""panel_id"": 2, ""type"": ""narration"", ""speaker"": null, ""text"": ""タクヤと相談して決めたアカウント名「@misaki_wanope_mama」。Claudeと一緒にプロフィール文を練り、Canvaで投稿テンプレートを作り、最初の投稿テーマを決めた。""}, {""panel_id"": 3, ""type"": ""narration"", ""speaker"": null, ""text"": ""「夜泣きを乗り越えた5つの方法」。3時間かかった。""}]",misaki_work_home
63,テンプレ4,"◆【注意】【】で囲まれた単語は感情や状況の指示であり、画像内に文字として描画しないでください
◆【絶対最優先】必ずフルカラーにしてください
◆【絶対最優先】必ず日本のアニメ・マンガ調のイラストで描いてください。実写風・フォトリアル風は禁止です。
◆【絶対最優先】キャラクター外見: ミサキは添付のミサキ.pngと100%同一の外見で描画
◆【出力サイズ】2:3
◆【補足情報】上下左右に50ピクセルの余白を設けてください
◆【補足情報】服装: グレーのスウェット上下、髪を緩くまとめ、素足（深夜〜早朝のPC作業・在宅集中タイム）
◆【コマ構成】テンプレ4: 上大下小
◆【作画】ジャンル: 副業に最適化した統一スタイル / 作画スタイル: 親しみやすく実践的,現代的なライフスタイル表現 / 色調: 明るく前向きな色調,オレンジ・青・黄色基調,活力ある配色 / 線画: 親しみやすい柔らかな線,カジュアルで読みやすい表現 / 演出: パソコン作業,スマホ,時計,収入の可視化,必要に応じて集中線,効果線,擬音などのマンガらしい演出
◆【ストーリー】
1コマ目 (上・大): ミサキがスマートフォンの投稿ボタンに指を乗せている。表情は緊張と興奮が入り混じり、汗も一粒。背景に集中線。 セリフ: なし ナレーション: ［四角枠］ミサキは投稿ボタンに指を乗せた。自分の言葉が、経験が、世界中に公開される——その瞬間。 オノマトペ: ドキドキドキドキ……
2コマ目 (下・小): ミサキが思い切って指を押し下げる。 セリフ: ［ミサキ］の吹き出しに「……えいっ！」 ナレーション: なし オノマトペ: ポチッ","[{""panel_id"": 1, ""type"": ""narration"", ""speaker"": null, ""text"": ""ミサキは投稿ボタンに指を乗せた。自分の言葉が、経験が、世界中に公開される——その瞬間。""}, {""panel_id"": 1, ""type"": ""narration"", ""speaker"": null, ""text"": ""3秒、止まった。怖かった。でも怖いのは、届くかもしれないから。""}, {""panel_id"": 2, ""type"": ""dialogue"", ""speaker"": ""ミサキ"", ""text"": ""……えいっ！""}, {""panel_id"": 2, ""type"": ""narration"", ""speaker"": null, ""text"": ""画面が切り替わった。投稿完了。取り消せない。""}]",misaki_work_home
64,テンプレ6,"◆【注意】【】で囲まれた単語は感情や状況の指示であり、画像内に文字として描画しないでください
◆【絶対最優先】必ずフルカラーにしてください
◆【絶対最優先】必ず日本のアニメ・マンガ調のイラストで描いてください。実写風・フォトリアル風は禁止です。
◆【絶対最優先】キャラクター外見: ミサキは添付のミサキ.pngと100%同一の外見で描画
◆【出力サイズ】2:3
◆【補足情報】上下左右に50ピクセルの余白を設けてください
◆【補足情報】服装: グレーのスウェット上下、髪を緩くまとめ、素足（深夜〜早朝のPC作業・在宅集中タイム）
◆【コマ構成】テンプレ6: 上1コマ＋下左右2コマ
◆【作画】ジャンル: 副業に最適化した統一スタイル / 作画スタイル: 親しみやすく実践的,現代的なライフスタイル表現 / 色調: 明るく前向きな色調,オレンジ・青・黄色基調,活力ある配色 / 線画: 親しみやすい柔らかな線,カジュアルで読みやすい表現 / 演出: パソコン作業,スマホ,時計,収入の可視化,必要に応じて集中線,効果線,擬音などのマンガらしい演出
◆【ストーリー】
1コマ目 (上): 1時間後。ミサキがスマホでいいね数を確認している。 セリフ: なし ナレーション: ［四角枠］1時間後。いいねを確認した。 オノマトペ: なし
2コマ目 (下右): スマホ画面のアップ。いいね「3」と表示。「うち2つはタクヤ、もう1つは知らないアカウント」の小さなナレーション。 セリフ: なし ナレーション: ［四角枠］3。うち2つはタクヤ。もう1つは知らないアカウント。 オノマトペ: なし
3コマ目 (下左): ミサキが少し凹んだ表情。しかし開き直っている。 セリフ: ［ミサキ（内心）］の吹き出しに「……まあ、最初はこんなもんか」 ナレーション: ［四角枠］わかっていた。わかっていたけど、少しだけ凹んだ。 オノマトペ: なし","[{""panel_id"": 1, ""type"": ""narration"", ""speaker"": null, ""text"": ""1時間後。いいねを確認した。""}, {""panel_id"": 2, ""type"": ""narration"", ""speaker"": null, ""text"": ""3。うち2つはタクヤ。もう1つは知らないアカウント。""}, {""panel_id"": 3, ""type"": ""dialogue"", ""speaker"": ""ミサキ（内心）"", ""text"": ""……まあ、最初はこんなもんか""}, {""panel_id"": 3, ""type"": ""narration"", ""speaker"": null, ""text"": ""わかっていた。わかっていたけど、少しだけ凹んだ。""}]",misaki_work_home
65,テンプレ5,"◆【注意】【】で囲まれた単語は感情や状況の指示であり、画像内に文字として描画しないでください
◆【絶対最優先】必ずフルカラーにしてください
◆【絶対最優先】必ず日本のアニメ・マンガ調のイラストで描いてください。実写風・フォトリアル風は禁止です。
◆【絶対最優先】キャラクター外見: ミサキは添付のミサキ.pngと100%同一の外見で描画
◆【出力サイズ】2:3
◆【補足情報】上下左右に50ピクセルの余白を設けてください
◆【補足情報】服装: グレーのスウェット上下、髪を緩くまとめ、素足（深夜〜早朝のPC作業・在宅集中タイム）
◆【コマ構成】テンプレ5: 上中下3段
◆【作画】ジャンル: 副業に最適化した統一スタイル / 作画スタイル: 親しみやすく実践的,現代的なライフスタイル表現 / 色調: 明るく前向きな色調,オレンジ・青・黄色基調,活力ある配色 / 線画: 親しみやすい柔らかな線,カジュアルで読みやすい表現 / 演出: パソコン作業,スマホ,時計,収入の可視化,必要に応じて集中線,効果線,擬音などのマンガらしい演出
◆【ストーリー】
1コマ目 (上段): カレンダーに毎日チェックマークが入っている。ミサキが淡々と投稿を続けている様子。 セリフ: なし ナレーション: ［四角枠］毎日投稿を続けた。タクヤのアドバイスに従って、毎日1投稿。テーマはClaudeと一緒に週単位で計画する。 オノマトペ: なし
2コマ目 (中段): スマホ画面の推移。数字が増えない。「3日目 いいね5 フォロワー増加ゼロ／5日目 いいね4 フォロワー増加1（スパムだった）」という表示。 セリフ: なし ナレーション: ［四角枠］3日目。いいね5。フォロワー増加ゼロ。5日目。いいね4。フォロワー増加1（スパムだった）。 オノマトペ: なし
3コマ目 (下段): ミサキが夜、一人でスマホを眺めて項垂れている。 セリフ: ［ミサキ（内心）］の吹き出しに「誰にも届いてない……」 ナレーション: ［四角枠］一週間。平均いいね4.2、フォロワー12人（半分はスパム）。 オノマトペ: なし","[{""panel_id"": 1, ""type"": ""narration"", ""speaker"": null, ""text"": ""毎日投稿を続けた。タクヤのアドバイスに従って、毎日1投稿。テーマはClaudeと一緒に週単位で計画する。""}, {""panel_id"": 2, ""type"": ""narration"", ""speaker"": null, ""text"": ""3日目。いいね5。フォロワー増加ゼロ。5日目。いいね4。フォロワー増加1（スパムだった）。""}, {""panel_id"": 3, ""type"": ""dialogue"", ""speaker"": ""ミサキ（内心）"", ""text"": ""誰にも届いてない……""}, {""panel_id"": 3, ""type"": ""narration"", ""speaker"": null, ""text"": ""一週間。平均いいね4.2、フォロワー12人（半分はスパム）。""}]",misaki_work_home
66,テンプレ2,"◆【注意】【】で囲まれた単語は感情や状況の指示であり、画像内に文字として描画しないでください
◆【絶対最優先】必ずフルカラーにしてください
◆【絶対最優先】必ず日本のアニメ・マンガ調のイラストで描いてください。実写風・フォトリアル風は禁止です。
◆【絶対最優先】キャラクター外見: ミサキは添付のミサキ.pngと100%同一の外見で描画
◆【補足情報】服装: グレーのスウェット上下、髪を緩くまとめ、素足（深夜〜早朝のPC作業・在宅集中タイム）
◆【コマ構成】テンプレ2: 上下2段
◆【出力サイズ】2:3
◆【補足情報】上下左右に50ピクセルの余白を設けてください
◆【作画】ジャンル: 副業に最適化した統一スタイル / 作画スタイル: 親しみやすく実践的,現代的なライフスタイル表現 / 色調: 明るく前向きな色調,オレンジ・青・黄色基調,活力ある配色 / 線画: 親しみやすい柔らかな線,カジュアルで読みやすい表現 / 演出: パソコン作業,スマホ,時計,収入の可視化,必要に応じて集中線,効果線,擬音などのマンガらしい演出
◆【ストーリー】
1コマ目 (上): ミサキがスマートフォンの画面を見ている。フォロワー数「11」。いいね0が並ぶ投稿一覧。 セリフ: ［ミサキ（内心）］の吹き出しに「13日間、毎日投稿した。フォロワー11人……全員知り合い」 ナレーション: ［四角枠］数字は正直だった。 オノマトペ: なし
2コマ目 (下): ミサキが机に肘をついて俯いている。窓の外は夜。ノートパソコンの画面が白く光っている。 セリフ: ［ミサキ（内心）］の吹き出しに「私の声は、誰にも届いていない」 ナレーション: なし オノマトペ: なし","[{""panel_id"": 1, ""type"": ""dialogue"", ""speaker"": ""ミサキ（内心）"", ""text"": ""13日間、毎日投稿した。フォロワー11人……全員知り合い""}, {""panel_id"": 1, ""type"": ""narration"", ""speaker"": null, ""text"": ""数字は正直だった。""}, {""panel_id"": 2, ""type"": ""dialogue"", ""speaker"": ""ミサキ（内心）"", ""text"": ""私の声は、誰にも届いていない""}, {""panel_id"": 3, ""type"": ""narration"", ""speaker"": null, ""text"": ""数字の向こうに「人」がいる。その人に届けるために、明日もやる。""}]",misaki_work_home
67,テンプレ3,"◆【注意】【】で囲まれた単語は感情や状況の指示であり、画像内に文字として描画しないでください
◆【絶対最優先】必ずフルカラーにしてください
◆【絶対最優先】必ず日本のアニメ・マンガ調のイラストで描いてください。実写風・フォトリアル風は禁止です。
◆【絶対最優先】キャラクター外見: ミサキは添付のミサキ.pngと100%同一の外見で描画
◆【出力サイズ】2:3
◆【補足情報】上下左右に50ピクセルの余白を設けてください
◆【補足情報】服装: グレーのスウェット上下、髪を緩くまとめ、素足（深夜〜早朝のPC作業・在宅集中タイム）
◆【コマ構成】テンプレ3: 上小下大
◆【作画】ジャンル: 副業に最適化した統一スタイル / 作画スタイル: 親しみやすく実践的,現代的なライフスタイル表現 / 色調: 明るく前向きな色調,オレンジ・青・黄色基調,活力ある配色 / 線画: 親しみやすい柔らかな線,カジュアルで読みやすい表現 / 演出: パソコン作業,スマホ,時計,収入の可視化,必要に応じて集中線,効果線,擬音などのマンガらしい演出
◆【ストーリー】
1コマ目 (上・小): 夜、ミサキが自分の投稿を見返している。 セリフ: なし ナレーション: ［四角枠］夜、ひなたを寝かしつけた後、自分の投稿を見返した。 オノマトペ: なし
2コマ目 (下・大): ミサキが画面を見つめて気づく。表情は複雑な落ち込み。背景に暗いトーン。 セリフ: ［ミサキ（内心）］の吹き出しに「つまらない……いや、違う。〝どこかで見たことがある〟んだ」 ナレーション: ［四角枠］内容は正しい。でも他のアカウントでも同じことを言っている。ミサキの投稿を見る理由が、読者にはなかった。 オノマトペ: ガーン……","[{""panel_id"": 1, ""type"": ""narration"", ""speaker"": null, ""text"": ""夜、ひなたを寝かしつけた後、自分の投稿を見返した。""}, {""panel_id"": 2, ""type"": ""dialogue"", ""speaker"": ""ミサキ（内心）"", ""text"": ""つまらない……いや、違う。〝どこかで見たことがある〟んだ""}, {""panel_id"": 2, ""type"": ""narration"", ""speaker"": null, ""text"": ""内容は正しい。でも他のアカウントでも同じことを言っている。ミサキの投稿を見る理由が、読者にはなかった。""}]",misaki_work_home
68,テンプレ5,"◆【注意】【】で囲まれた単語は感情や状況の指示であり、画像内に文字として描画しないでください
◆【絶対最優先】必ずフルカラーにしてください
◆【絶対最優先】必ず日本のアニメ・マンガ調のイラストで描いてください。実写風・フォトリアル風は禁止です。
◆【絶対最優先】キャラクター外見: ミサキは添付のミサキ.pngと100%同一の外見で描画, タクヤは添付のタクヤ.pngと100%同一の外見で描画
◆【出力サイズ】2:3
◆【補足情報】上下左右に50ピクセルの余白を設けてください
◆【補足情報】服装: グレーのスウェット上下、髪を緩くまとめ、素足（深夜〜早朝のPC作業・在宅集中タイム）
◆【コマ構成】テンプレ5: 上中下3段
◆【作画】ジャンル: 副業に最適化した統一スタイル / 作画スタイル: 親しみやすく実践的,現代的なライフスタイル表現 / 色調: 明るく前向きな色調,オレンジ・青・黄色基調,活力ある配色 / 線画: 親しみやすい柔らかな線,カジュアルで読みやすい表現 / 演出: パソコン作業,スマホ,時計,収入の可視化,必要に応じて集中線,効果線,擬音などのマンガらしい演出
◆【ストーリー】
1コマ目 (上段): 週次面談でミサキがタクヤに投稿を見せる。画面共有をしている。 セリフ: ［タクヤ］の吹き出しに「……内容は悪くないですよ。でも、〝佐藤さんらしさ〟がない」 ナレーション: ［四角枠］ミサキは週次面談でタクヤに打ち明けた。 オノマトペ: なし
2コマ目 (中段): ミサキが「私らしさ」という言葉に首を傾ける。 セリフ: ［ミサキ］の吹き出しに「私らしさ……」 ナレーション: なし オノマトペ: なし
3コマ目 (下段): タクヤが画面越しに指摘する。ミサキが胸にズキっとした表情。 セリフ: ［タクヤ］の吹き出しに「この投稿、誰が書いたかわからないですよね。育児メディアの記事と区別がつかない」 ナレーション: なし オノマトペ: ズキッ","[{""panel_id"": 1, ""type"": ""dialogue"", ""speaker"": ""タクヤ"", ""text"": ""……内容は悪くないですよ。でも、〝佐藤さんらしさ〟がない""}, {""panel_id"": 1, ""type"": ""narration"", ""speaker"": null, ""text"": ""ミサキは週次面談でタクヤに打ち明けた。""}, {""panel_id"": 2, ""type"": ""dialogue"", ""speaker"": ""ミサキ"", ""text"": ""私らしさ……""}, {""panel_id"": 3, ""type"": ""dialogue"", ""speaker"": ""タクヤ"", ""text"": ""この投稿、誰が書いたかわからないですよね。育児メディアの記事と区別がつかない""}]",misaki_work_home
69,テンプレ1,"◆【注意】【】で囲まれた単語は感情や状況の指示であり、画像内に文字として描画しないでください
◆【絶対最優先】必ずフルカラーにしてください
◆【絶対最優先】必ず日本のアニメ・マンガ調のイラストで描いてください。実写風・フォトリアル風は禁止です。
◆【絶対最優先】キャラクター外見: ミサキは添付のミサキ.pngと100%同一の外見で描画
◆【補足情報】服装: グレーのスウェット上下、髪を緩くまとめ、素足（深夜〜早朝のPC作業・在宅集中タイム）
◆【コマ構成】テンプレ1: ページ全体1コマ
◆【出力サイズ】2:3
◆【補足情報】上下左右に50ピクセルの余白を設けてください
◆【作画】ジャンル: 副業に最適化した統一スタイル / 作画スタイル: 親しみやすく実践的,現代的なライフスタイル表現 / 色調: 明るく前向きな色調,オレンジ・青・黄色基調,活力ある配色 / 線画: 親しみやすい柔らかな線,カジュアルで読みやすい表現 / 演出: パソコン作業,スマホ,時計,収入の可視化,必要に応じて集中線,効果線,擬音などのマンガらしい演出
◆【ストーリー】
1コマ目 (全面): ミサキが固まった表情でZoom画面を見ている。タクヤの言葉が頭の中に響いている演出。画面中央にタクヤの言葉がフォント大きめで表示される。集中線で衝撃を表現。 セリフ: ［タクヤ（回想）］の吹き出しに「これ、佐藤さんらしさが全然ないですよ」 ナレーション: ［四角枠］その言葉が、刺さった。 オノマトペ: ドキッ","[{""panel_id"": 1, ""type"": ""dialogue"", ""speaker"": ""タクヤ（回想）"", ""text"": ""これ、佐藤さんらしさが全然ないですよ""}, {""panel_id"": 1, ""type"": ""narration"", ""speaker"": null, ""text"": ""その言葉が、刺さった。""}, {""panel_id"": 1, ""type"": ""narration"", ""speaker"": null, ""text"": ""ミサキは「いい文章」を書こうとしていた。でもタクヤが言ったのは「あなたの文章」だった。""}, {""panel_id"": 1, ""type"": ""dialogue"", ""speaker"": ""ミサキ（内心）"", ""text"": ""らしさって……何？ 私って何者なの？""}]",misaki_work_home
70,テンプレ6,"◆【注意】【】で囲まれた単語は感情や状況の指示であり、画像内に文字として描画しないでください
◆【絶対最優先】必ずフルカラーにしてください
◆【絶対最優先】必ず日本のアニメ・マンガ調のイラストで描いてください。実写風・フォトリアル風は禁止です。
◆【絶対最優先】キャラクター外見: ミサキは添付のミサキ.pngと100%同一の外見で描画, タクヤは添付のタクヤ.pngと100%同一の外見で描画
◆【出力サイズ】2:3
◆【補足情報】上下左右に50ピクセルの余白を設けてください
◆【補足情報】服装: グレーのスウェット上下、髪を緩くまとめ、素足（深夜〜早朝のPC作業・在宅集中タイム）
◆【コマ構成】テンプレ6: 上1コマ＋下左右2コマ
◆【作画】ジャンル: 副業に最適化した統一スタイル / 作画スタイル: 親しみやすく実践的,現代的なライフスタイル表現 / 色調: 明るく前向きな色調,オレンジ・青・黄色基調,活力ある配色 / 線画: 親しみやすい柔らかな線,カジュアルで読みやすい表現 / 演出: パソコン作業,スマホ,時計,収入の可視化,必要に応じて集中線,効果線,擬音などのマンガらしい演出
◆【ストーリー】
1コマ目 (上): タクヤが核心を突く。 セリフ: ［タクヤ］の吹き出しに「AIに〝投稿を作って〟とだけ伝えていませんか？」 ナレーション: なし オノマトペ: なし
2コマ目 (下右): ミサキが図星を刺されてバツが悪そうにする。 セリフ: ［ミサキ］の吹き出しに「……そうかもしれません」 ナレーション: なし オノマトペ: なし
3コマ目 (下左): タクヤが真剣な顔で説明する。 セリフ: ［タクヤ］の吹き出しに「曖昧な指示には、曖昧な——つまり無難な——答えしか返ってこない」 ナレーション: なし オノマトペ: なし","[{""panel_id"": 1, ""type"": ""dialogue"", ""speaker"": ""タクヤ"", ""text"": ""AIに〝投稿を作って〟とだけ伝えていませんか？""}, {""panel_id"": 2, ""type"": ""dialogue"", ""speaker"": ""ミサキ"", ""text"": ""……そうかもしれません""}, {""panel_id"": 3, ""type"": ""dialogue"", ""speaker"": ""タクヤ"", ""text"": ""曖昧な指示には、曖昧な——つまり無難な——答えしか返ってこない""}, {""panel_id"": 3, ""type"": ""narration"", ""speaker"": null, ""text"": ""AIが悪いんじゃない——指示が曖昧だった。その事実が、ミサキの胸に刺さった。""}]",misaki_work_home
71,テンプレ4,"◆【注意】【】で囲まれた単語は感情や状況の指示であり、画像内に文字として描画しないでください
◆【絶対最優先】必ずフルカラーにしてください
◆【絶対最優先】必ず日本のアニメ・マンガ調のイラストで描いてください。実写風・フォトリアル風は禁止です。
◆【絶対最優先】キャラクター外見: ミサキは添付のミサキ.pngと100%同一の外見で描画, タクヤは添付のタクヤ.pngと100%同一の外見で描画
◆【出力サイズ】2:3
◆【補足情報】上下左右に50ピクセルの余白を設けてください
◆【補足情報】服装: グレーのスウェット上下、髪を緩くまとめ、素足（深夜〜早朝のPC作業・在宅集中タイム）
◆【コマ構成】テンプレ4: 上大下小
◆【作画】ジャンル: 副業に最適化した統一スタイル / 作画スタイル: 親しみやすく実践的,現代的なライフスタイル表現 / 色調: 明るく前向きな色調,オレンジ・青・黄色基調,活力ある配色 / 線画: 親しみやすい柔らかな線,カジュアルで読みやすい表現 / 演出: パソコン作業,スマホ,時計,収入の可視化,必要に応じて集中線,効果線,擬音などのマンガらしい演出
◆【ストーリー】
1コマ目 (上・大): タクヤが具体的な指示例をタイプする。画面に長い指示文が流れる演出。吹き出しが大きく、セリフが多い。 セリフ: ［タクヤ］の吹き出しに「たとえば——今朝3時に夜泣きで起きて、1時間あやしても泣き止まなくて、最終的にリビングで一緒にテレビを見たら寝た。この実体験をもとに、同じ経験のあるママに〝あるある〟と思ってもらえる投稿を作りたい——こう伝えてみてください」 ナレーション: なし オノマトペ: なし
2コマ目 (下・小): ミサキが目を丸くして驚く。 セリフ: ［ミサキ］の吹き出しに「こんなに具体的に書くんですか？」 ナレーション: なし オノマトペ: ！","[{""panel_id"": 1, ""type"": ""dialogue"", ""speaker"": ""タクヤ"", ""text"": ""たとえば——今朝3時に夜泣きで起きて、1時間あやしても泣き止まなくて、最終的にリビングで一緒にテレビを見たら寝た。この実体験をもとに、同じ経験のあるママに〝あるある〟と思ってもらえる投稿を作りたい——こう伝えてみてください""}, {""panel_id"": 2, ""type"": ""dialogue"", ""speaker"": ""ミサキ"", ""text"": ""こんなに具体的に書くんですか？""}]",misaki_work_home
72,テンプレ1,"◆【注意】【】で囲まれた単語は感情や状況の指示であり、画像内に文字として描画しないでください
◆【絶対最優先】必ずフルカラーにしてください
◆【絶対最優先】必ず日本のアニメ・マンガ調のイラストで描いてください。実写風・フォトリアル風は禁止です。
◆【絶対最優先】キャラクター外見: ミサキは添付のミサキ.pngと100%同一の外見で描画, ひなた（2歳期）は添付のひなた_2歳期.pngと100%同一の外見で描画
◆【補足情報】服装: ボーダー柄（白と紺）のカットソーにデニムパンツ、白いスニーカー（自宅・外出・育児中の普段着）
◆【コマ構成】テンプレ1: ページ全体1コマ
◆【出力サイズ】2:3
◆【補足情報】上下左右に50ピクセルの余白を設けてください
◆【作画】ジャンル: 副業に最適化した統一スタイル / 作画スタイル: 親しみやすく実践的,現代的なライフスタイル表現 / 色調: 明るく前向きな色調,オレンジ・青・黄色基調,活力ある配色 / 線画: 親しみやすい柔らかな線,カジュアルで読みやすい表現 / 演出: パソコン作業,スマホ,時計,収入の可視化,必要に応じて集中線,効果線,擬音などのマンガらしい演出
◆【ストーリー】
1コマ目 (全面): 朝の寝室。ミサキがひなたをぎゅっと抱きしめている。ひなたは顔色が戻り、ミサキの頬に小さな手を当てている。窓から朝の光が差し込む。ミサキの目から涙がこぼれている。温かく、優しい光と構図で。集中線で感情を強調。 セリフ: ［ミサキ（内心）］の吹き出しに「よかった……本当によかった」 ナレーション: ［四角枠］3日ぶりに、ひなたが元気な声を出した。熱が引いた。ひなたは戻ってきた。そしてミサキも、もう一度始められる。 オノマトペ: なし","[{""panel_id"": 1, ""type"": ""dialogue"", ""speaker"": ""ミサキ（内心）"", ""text"": ""よかった……本当によかった""}, {""panel_id"": 1, ""type"": ""narration"", ""speaker"": null, ""text"": ""3日ぶりに、ひなたが元気な声を出した。""}, {""panel_id"": 1, ""type"": ""narration"", ""speaker"": null, ""text"": ""熱が引いた。ひなたは戻ってきた。そしてミサキも、もう一度始められる。""}, {""panel_id"": 1, ""type"": ""narration"", ""speaker"": null, ""text"": ""3日ぶりに、ひなたが元気な声を出した。ミサキは涙を堪えた。——それだけで、十分だった。""}]",misaki_casual
73,テンプレ1,"◆【注意】【】で囲まれた単語は感情や状況の指示であり、画像内に文字として描画しないでください
◆【絶対最優先】必ずフルカラーにしてください
◆【絶対最優先】必ず日本のアニメ・マンガ調のイラストで描いてください。実写風・フォトリアル風は禁止です。
◆【絶対最優先】キャラクター外見: ミサキは添付のミサキ.pngと100%同一の外見で描画, タクヤは添付のタクヤ.pngと100%同一の外見で描画
◆【出力サイズ】2:3
◆【補足情報】上下左右に50ピクセルの余白を設けてください
◆【補足情報】服装: グレーのスウェット上下、髪を緩くまとめ、素足（深夜〜早朝のPC作業・在宅集中タイム）
◆【コマ構成】テンプレ1: ページ全体1コマ
◆【作画】ジャンル: 副業に最適化した統一スタイル / 作画スタイル: 親しみやすく実践的,現代的なライフスタイル表現 / 色調: 明るく前向きな色調,オレンジ・青・黄色基調,活力ある配色 / 線画: 親しみやすい柔らかな線,カジュアルで読みやすい表現 / 演出: パソコン作業,スマホ,時計,収入の可視化,必要に応じて集中線,効果線,擬音などのマンガらしい演出
◆【ストーリー】
1コマ目 (全面): タクヤがノートパソコンの画面越しに真剣な目で語る。効果線が周囲に広がり、言葉の重みを表現する。背景は静かな青系グラデーション。 セリフ: ［タクヤ］の吹き出しに「AIは鏡です。具体的に伝えれば具体的に返ってくる。抽象的に伝えれば抽象的に返ってくる。指示の解像度が、そのまま出力の解像度になるんです」 ナレーション: なし オノマトペ: なし","[{""panel_id"": 1, ""type"": ""dialogue"", ""speaker"": ""タクヤ"", ""text"": ""AIは鏡です。具体的に伝えれば具体的に返ってくる。抽象的に伝えれば抽象的に返ってくる。指示の解像度が、そのまま出力の解像度になるんです""}, {""panel_id"": 1, ""type"": ""narration"", ""speaker"": null, ""text"": ""指示の解像度が、そのまま出力の解像度になる——その言葉がミサキの中で静かに響いた。""}]",misaki_work_home
74,テンプレ3,"◆【注意】【】で囲まれた単語は感情や状況の指示であり、画像内に文字として描画しないでください
◆【絶対最優先】必ずフルカラーにしてください
◆【絶対最優先】必ず日本のアニメ・マンガ調のイラストで描いてください。実写風・フォトリアル風は禁止です。
◆【絶対最優先】キャラクター外見: ミサキは添付のミサキ.pngと100%同一の外見で描画
◆【補足情報】服装: グレーのスウェット上下、髪を緩くまとめ、素足（深夜〜早朝のPC作業・在宅集中タイム）
◆【コマ構成】テンプレ3: 上小＋下大
◆【出力サイズ】2:3
◆【補足情報】上下左右に50ピクセルの余白を設けてください
◆【作画】ジャンル: 副業に最適化した統一スタイル / 作画スタイル: 親しみやすく実践的,現代的なライフスタイル表現 / 色調: 明るく前向きな色調,オレンジ・青・黄色基調,活力ある配色 / 線画: 親しみやすい柔らかな線,カジュアルで読みやすい表現 / 演出: パソコン作業,スマホ,時計,収入の可視化,必要に応じて集中線,効果線,擬音などのマンガらしい演出
◆【ストーリー】
1コマ目 (上小): 深夜のリビング。ミサキがノートにびっしり書き込んでいる。「自分の言葉」「誰かに届く言葉」「ミサキらしさって何？」 セリフ: なし ナレーション: ［四角枠］夜中の1時、ひなたが寝てから3時間。 オノマトペ: カリカリカリ
2コマ目 (下大): ミサキが顔を上げ、決然とした表情でパソコンのキーボードに手を置く。強い目つき。 セリフ: ［ミサキ（内心）］の吹き出しに「私の言葉を見つける。借り物じゃなく、私だけの言葉を」 ナレーション: ［四角枠］それは宣言だった。誰にも聞こえない、でも確かな宣言。 オノマトペ: なし","[{""panel_id"": 1, ""type"": ""narration"", ""speaker"": null, ""text"": ""夜中の1時、ひなたが寝てから3時間。""}, {""panel_id"": 2, ""type"": ""dialogue"", ""speaker"": ""ミサキ（内心）"", ""text"": ""私の言葉を見つける。借り物じゃなく、私だけの言葉を""}, {""panel_id"": 2, ""type"": ""narration"", ""speaker"": null, ""text"": ""それは宣言だった。誰にも聞こえない、でも確かな宣言。""}, {""panel_id"": 2, ""type"": ""narration"", ""speaker"": null, ""text"": ""誰にも聞こえない宣言でも、自分には届いた。それが大事だった。""}]",misaki_work_home
75,テンプレ5,"◆【注意】【】で囲まれた単語は感情や状況の指示であり、画像内に文字として描画しないでください
◆【絶対最優先】必ずフルカラーにしてください
◆【絶対最優先】必ず日本のアニメ・マンガ調のイラストで描いてください。実写風・フォトリアル風は禁止です。
◆【絶対最優先】キャラクター外見: ミサキは添付のミサキ.pngと100%同一の外見で描画
◆【出力サイズ】2:3
◆【補足情報】上下左右に50ピクセルの余白を設けてください
◆【補足情報】服装: グレーのスウェット上下、髪を緩くまとめ、素足（深夜〜早朝のPC作業・在宅集中タイム）
◆【コマ構成】テンプレ5: 上中下3段
◆【作画】ジャンル: 副業に最適化した統一スタイル / 作画スタイル: 親しみやすく実践的,現代的なライフスタイル表現 / 色調: 明るく前向きな色調,オレンジ・青・黄色基調,活力ある配色 / 線画: 親しみやすい柔らかな線,カジュアルで読みやすい表現 / 演出: パソコン作業,スマホ,時計,収入の可視化,必要に応じて集中線,効果線,擬音などのマンガらしい演出
◆【ストーリー】
1コマ目 (上段): ミサキがノートパソコンに向かって一生懸命、長い指示文を打ち込んでいる。舌を噛みそうなくらい集中した顔。 セリフ: なし ナレーション: ［四角枠］その日から、指示が変わった。「昨日、支援センターでママ友に〝実家が近くていいな〟と思ったけど口に出せなかった——」 オノマトペ: カチカチカチカチ
2コマ目 (中段): ミサキが次の指示を打ち込む。さらに長く、リアルな感情が込められている。 セリフ: なし ナレーション: ［四角枠］「ひなたが初めて〝ママ〟って言った。でもその瞬間にケンタが仕事でいなかったことが寂しかった——」 オノマトペ: なし
3コマ目 (下段): 出来上がった投稿を見てミサキが涙目になる。目がキラキラと輝く。背景はオレンジのグラデーション。 セリフ: ［ミサキ（内心）］の吹き出しに「〝ミサキの言葉〟になった」 ナレーション: ［四角枠］指示を書くのに時間がかかるようになった。でも出てくる文章が全く変わった。 オノマトペ: ぱぁっ","[{""panel_id"": 1, ""type"": ""narration"", ""speaker"": null, ""text"": ""その日から、指示が変わった。「昨日、支援センターでママ友に〝実家が近くていいな〟と思ったけど口に出せなかった——」""}, {""panel_id"": 2, ""type"": ""narration"", ""speaker"": null, ""text"": ""「ひなたが初めて〝ママ〟って言った。でもその瞬間にケンタが仕事でいなかったことが寂しかった——」""}, {""panel_id"": 3, ""type"": ""dialogue"", ""speaker"": ""ミサキ（内心）"", ""text"": ""〝ミサキの言葉〟になった""}, {""panel_id"": 3, ""type"": ""narration"", ""speaker"": null, ""text"": ""指示を書くのに時間がかかるようになった。でも出てくる文章が全く変わった。""}]",misaki_work_home
76,テンプレ3,"◆【注意】【】で囲まれた単語は感情や状況の指示であり、画像内に文字として描画しないでください
◆【絶対最優先】必ずフルカラーにしてください
◆【絶対最優先】必ず日本のアニメ・マンガ調のイラストで描いてください。実写風・フォトリアル風は禁止です。
◆【絶対最優先】キャラクター外見: ミサキは添付のミサキ.pngと100%同一の外見で描画
◆【出力サイズ】2:3
◆【補足情報】上下左右に50ピクセルの余白を設けてください
◆【補足情報】服装: グレーのスウェット上下、髪を緩くまとめ、素足（深夜〜早朝のPC作業・在宅集中タイム）
◆【コマ構成】テンプレ3: 上小下大
◆【作画】ジャンル: 副業に最適化した統一スタイル / 作画スタイル: 親しみやすく実践的,現代的なライフスタイル表現 / 色調: 明るく前向きな色調,オレンジ・青・黄色基調,活力ある配色 / 線画: 親しみやすい柔らかな線,カジュアルで読みやすい表現 / 演出: パソコン作業,スマホ,時計,収入の可視化,必要に応じて集中線,効果線,擬音などのマンガらしい演出
◆【ストーリー】
1コマ目 (上・小): ミサキが画面を見ながら昔を思い出すような表情。 セリフ: なし ナレーション: ［四角枠］事務職で報告書を書いていたとき、上司に言われた言葉を思い出す。 オノマトペ: なし
2コマ目 (下・大): 過去の回想シーン風。山田課長の声が吹き出しで浮かぶ。ミサキが気づきを得て目が輝く。放射状効果線。 セリフ: ［山田課長（回想）］の吹き出しに「佐藤さんの報告書はわかりやすい。要点がまとまってる」 ナレーション: ［四角枠］あれと同じだ。何を伝えたいか。誰に向けた言葉か。事務職のスキルが、こんな形で活きるとは思わなかった。 オノマトペ: ぱぁっ","[{""panel_id"": 1, ""type"": ""narration"", ""speaker"": null, ""text"": ""事務職で報告書を書いていたとき、上司に言われた言葉を思い出す。""}, {""panel_id"": 2, ""type"": ""dialogue"", ""speaker"": ""山田課長（回想）"", ""text"": ""佐藤さんの報告書はわかりやすい。要点がまとまってる""}, {""panel_id"": 2, ""type"": ""narration"", ""speaker"": null, ""text"": ""あれと同じだ。何を伝えたいか。誰に向けた言葉か。事務職のスキルが、こんな形で活きるとは思わなかった。""}]",misaki_work_home
77,テンプレ1,"◆【注意】【】で囲まれた単語は感情や状況の指示であり、画像内に文字として描画しないでください
◆【絶対最優先】必ずフルカラーにしてください
◆【絶対最優先】必ず日本のアニメ・マンガ調のイラストで描いてください。実写風・フォトリアル風は禁止です。
◆【絶対最優先】キャラクター外見: ミサキは添付のミサキ.pngと100%同一の外見で描画, ひなた（2歳期）は添付のひなた_2歳期.pngと100%同一の外見で描画
◆【出力サイズ】2:3
◆【補足情報】上下左右に50ピクセルの余白を設けてください
◆【補足情報】服装: グレーのスウェット上下、髪を緩くまとめ、素足（深夜〜早朝のPC作業・在宅集中タイム）
◆【コマ構成】テンプレ1: ページ全体1コマ
◆【作画】ジャンル: 副業に最適化した統一スタイル / 作画スタイル: 親しみやすく実践的,現代的なライフスタイル表現 / 色調: 明るく前向きな色調,オレンジ・青・黄色基調,活力ある配色 / 線画: 親しみやすい柔らかな線,カジュアルで読みやすい表現 / 演出: パソコン作業,スマホ,時計,収入の可視化,必要に応じて集中線,効果線,擬音などのマンガらしい演出
◆【ストーリー】
1コマ目 (全面): 深夜。ミサキが静かにパソコンで作業している場面——突然、隣の部屋から衝撃音。「ガタッ！」という大きな擬音が画面全体を揺らす。ミサキが飛び上がるような反応で立ち上がっている。背景に稲妻のような効果線。 セリフ: ［ミサキ（内心）］の吹き出しに「ひなた！？」 ナレーション: ［四角枠］転機のまさにその矢先——夜中に、事件が起きた。 オノマトペ: ガタッ！！！ えーんえーん！","[{""panel_id"": 1, ""type"": ""dialogue"", ""speaker"": ""ミサキ（内心）"", ""text"": ""ひなた！？""}, {""panel_id"": 1, ""type"": ""narration"", ""speaker"": null, ""text"": ""転機のまさにその矢先——夜中に、事件が起きた。""}, {""panel_id"": 1, ""type"": ""narration"", ""speaker"": null, ""text"": ""ひなたが突然泣き出した。おでこを触ると、熱い。体温計を取り出す手が震えた。""}, {""panel_id"": 1, ""type"": ""dialogue"", ""speaker"": ""ミサキ（内心）"", ""text"": ""どうして今……でも今じゃなくていい発熱なんてない""}]",misaki_work_home
78,テンプレ6,"◆【注意】【】で囲まれた単語は感情や状況の指示であり、画像内に文字として描画しないでください
◆【絶対最優先】必ずフルカラーにしてください
◆【絶対最優先】必ず日本のアニメ・マンガ調のイラストで描いてください。実写風・フォトリアル風は禁止です。
◆【絶対最優先】キャラクター外見: ミサキは添付のミサキ.pngと100%同一の外見で描画, ひなた（2歳期）は添付のひなた_2歳期.pngと100%同一の外見で描画
◆【出力サイズ】2:3
◆【補足情報】上下左右に50ピクセルの余白を設けてください
◆【補足情報】服装: ボーダー柄（白と紺）のカットソーにデニムパンツ、白いスニーカー（自宅・外出・育児中の普段着）
◆【コマ構成】テンプレ6: 上1コマ＋下左右2コマ
◆【作画】ジャンル: 副業に最適化した統一スタイル / 作画スタイル: 親しみやすく実践的,現代的なライフスタイル表現 / 色調: 明るく前向きな色調,オレンジ・青・黄色基調,活力ある配色 / 線画: 親しみやすい柔らかな線,カジュアルで読みやすい表現 / 演出: パソコン作業,スマホ,時計,収入の可視化,必要に応じて集中線,効果線,擬音などのマンガらしい演出
◆【ストーリー】
1コマ目 (上): ミサキがひなたを抱き上げる。おでこに手を当てて熱を確認する。顔が緊張と心配でこわばる。 セリフ: ［ミサキ（内心）］の吹き出しに「……熱い。おでこが熱い」 ナレーション: なし オノマトペ: よしよし……
2コマ目 (下右): 体温計のデジタルアップ。「38.5」の数字がくっきり映っている。 セリフ: なし ナレーション: ［四角枠］38度5分。 オノマトペ: ピッ……ピピッ
3コマ目 (下左): ミサキが眉を寄せて天井を見上げる。覚悟を決めた顔。疲れているが強い。 セリフ: ［ミサキ（内心）］の吹き出しに「今夜は……一人で乗り切るしかない」 ナレーション: ［四角枠］小児科は明日。まず今夜を乗り切ろう。 オノマトペ: はぁ……","[{""panel_id"": 1, ""type"": ""dialogue"", ""speaker"": ""ミサキ（内心）"", ""text"": ""……熱い。おでこが熱い""}, {""panel_id"": 2, ""type"": ""narration"", ""speaker"": null, ""text"": ""38度5分。""}, {""panel_id"": 3, ""type"": ""dialogue"", ""speaker"": ""ミサキ（内心）"", ""text"": ""今夜は……一人で乗り切るしかない""}, {""panel_id"": 3, ""type"": ""narration"", ""speaker"": null, ""text"": ""小児科は明日。まず今夜を乗り切ろう。""}, {""panel_id"": 4, ""type"": ""narration"", ""speaker"": null, ""text"": ""ケンタには連絡しなかった。心配させたくなかった。一人でやれると思いたかった。""}]",misaki_casual
79,テンプレ3,"◆【注意】【】で囲まれた単語は感情や状況の指示であり、画像内に文字として描画しないでください
◆【絶対最優先】必ずフルカラーにしてください
◆【絶対最優先】必ず日本のアニメ・マンガ調のイラストで描いてください。実写風・フォトリアル風は禁止です。
◆【絶対最優先】キャラクター外見: ミサキは添付のミサキ.pngと100%同一の外見で描画, ひなた（2歳期）は添付のひなた_2歳期.pngと100%同一の外見で描画
◆【出力サイズ】2:3
◆【補足情報】上下左右に50ピクセルの余白を設けてください
◆【補足情報】服装: ボーダー柄（白と紺）のカットソーにデニムパンツ、白いスニーカー（自宅・外出・育児中の普段着）
◆【コマ構成】テンプレ3: 上小下大
◆【作画】ジャンル: 副業に最適化した統一スタイル / 作画スタイル: 親しみやすく実践的,現代的なライフスタイル表現 / 色調: 明るく前向きな色調,オレンジ・青・黄色基調,活力ある配色 / 線画: 親しみやすい柔らかな線,カジュアルで読みやすい表現 / 演出: パソコン作業,スマホ,時計,収入の可視化,必要に応じて集中線,効果線,擬音などのマンガらしい演出
◆【ストーリー】
1コマ目 (上・小): 深夜の時計が「2:00」を示す。暗い部屋。 セリフ: なし ナレーション: ［四角枠］深夜2時。ひなたの熱はまだ下がらない。 オノマトペ: なし
2コマ目 (下・大): ミサキが薄暗いリビングで、熱のあるひなたを抱いて揺れている。額に濡れタオル。疲れた目だがひなたを見つめる目だけが優しく輝いている。 セリフ: ［ミサキ（内心）］の吹き出しに「ケンタに電話……でも、明日仕事があるから。私が、やるしかない」 ナレーション: ［四角枠］一人で抱えるということの、重さと温かさを同時に感じた夜だった。 オノマトペ: なし","[{""panel_id"": 1, ""type"": ""narration"", ""speaker"": null, ""text"": ""深夜2時。ひなたの熱はまだ下がらない。""}, {""panel_id"": 2, ""type"": ""dialogue"", ""speaker"": ""ミサキ（内心）"", ""text"": ""ケンタに電話……でも、明日仕事があるから。私が、やるしかない""}, {""panel_id"": 2, ""type"": ""narration"", ""speaker"": null, ""text"": ""一人で抱えるということの、重さと温かさを同時に感じた夜だった。""}]",misaki_casual
80,テンプレ3,"◆【注意】【】で囲まれた単語は感情や状況の指示であり、画像内に文字として描画しないでください
◆【絶対最優先】必ずフルカラーにしてください
◆【絶対最優先】必ず日本のアニメ・マンガ調のイラストで描いてください。実写風・フォトリアル風は禁止です。
◆【絶対最優先】キャラクター外見: ミサキは添付のミサキ.pngと100%同一の外見で描画
◆【出力サイズ】2:3
◆【補足情報】上下左右に50ピクセルの余白を設けてください
◆【補足情報】服装: ボーダー柄（白と紺）のカットソーにデニムパンツ、白いスニーカー（自宅・外出・育児中の普段着）
◆【コマ構成】テンプレ3: 上小下大
◆【作画】ジャンル: 副業に最適化した統一スタイル / 作画スタイル: 親しみやすく実践的,現代的なライフスタイル表現 / 色調: 明るく前向きな色調,オレンジ・青・黄色基調,活力ある配色 / 線画: 親しみやすい柔らかな線,カジュアルで読みやすい表現 / 演出: パソコン作業,スマホ,時計,収入の可視化,必要に応じて集中線,効果線,擬音などのマンガらしい演出
◆【ストーリー】
1コマ目 (上・小): 3日ぶりにInstagramを開いたミサキ。 セリフ: なし ナレーション: ［四角枠］3日ぶりにInstagramを開いた。 オノマトペ: なし
2コマ目 (下・大): スマホを持つミサキ。画面にフォロワー数「27」が表示。3人減っている。ガーンという大きな衝撃表現。背景に暗い演出。 セリフ: ［ミサキ（内心）］の吹き出しに「……たった3日で」 ナレーション: ［四角枠］フォロワーが3人減っていた。30人いたフォロワーが27人に戻った。たかが3人。でも、コツコツ積み上げたものが3日の空白で崩れる——この事実が堪えた。 オノマトペ: ガーン……","[{""panel_id"": 1, ""type"": ""narration"", ""speaker"": null, ""text"": ""3日ぶりにInstagramを開いた。""}, {""panel_id"": 2, ""type"": ""dialogue"", ""speaker"": ""ミサキ（内心）"", ""text"": ""……たった3日で""}, {""panel_id"": 2, ""type"": ""narration"", ""speaker"": null, ""text"": ""フォロワーが3人減っていた。30人いたフォロワーが27人に戻った。たかが3人。でも、コツコツ積み上げたものが3日の空白で崩れる——この事実が堪えた。""}]",misaki_casual
81,テンプレ4,"◆【注意】【】で囲まれた単語は感情や状況の指示であり、画像内に文字として描画しないでください
◆【絶対最優先】必ずフルカラーにしてください
◆【絶対最優先】必ず日本のアニメ・マンガ調のイラストで描いてください。実写風・フォトリアル風は禁止です。
◆【絶対最優先】キャラクター外見: ミサキは添付のミサキ.pngと100%同一の外見で描画, ひなた（2歳期）は添付のひなた_2歳期.pngと100%同一の外見で描画
◆【補足情報】服装: ボーダー柄（白と紺）のカットソーにデニムパンツ、白いスニーカー（自宅・外出・育児中の普段着）
◆【コマ構成】テンプレ4: 上大＋下小
◆【出力サイズ】2:3
◆【補足情報】上下左右に50ピクセルの余白を設けてください
◆【作画】ジャンル: 副業に最適化した統一スタイル / 作画スタイル: 親しみやすく実践的,現代的なライフスタイル表現 / 色調: 明るく前向きな色調,オレンジ・青・黄色基調,活力ある配色 / 線画: 親しみやすい柔らかな線,カジュアルで読みやすい表現 / 演出: パソコン作業,スマホ,時計,収入の可視化,必要に応じて集中線,効果線,擬音などのマンガらしい演出
◆【ストーリー】
1コマ目 (上大): 暗い寝室。ミサキがひなたの額に濡れタオルを当てている。ひなたは苦しそうに眠っている。デジタル時計が「AM 2:47」を示す。 セリフ: ［ミサキ（内心）］の吹き出しに「ひとりで乗り切る。それしかない」 ナレーション: ［四角枠］ひなたの熱は、まだ下がらなかった。 オノマトペ: なし
2コマ目 (下小): ひなたの小さな手をミサキが両手で包んでいる。温かい手の温度が伝わるような描写。 セリフ: なし ナレーション: ［四角枠］でも、この手を握っていれば、何でもできる気がした。 オノマトペ: なし","[{""panel_id"": 1, ""type"": ""dialogue"", ""speaker"": ""ミサキ（内心）"", ""text"": ""ひとりで乗り切る。それしかない""}, {""panel_id"": 1, ""type"": ""narration"", ""speaker"": null, ""text"": ""ひなたの熱は、まだ下がらなかった。""}, {""panel_id"": 2, ""type"": ""narration"", ""speaker"": null, ""text"": ""でも、この手を握っていれば、何でもできる気がした。""}, {""panel_id"": 2, ""type"": ""narration"", ""speaker"": null, ""text"": ""ミサキにとって、ひなたの手の温かさが、すべての原点だった。""}]",misaki_casual
82,テンプレ1,"◆【注意】【】で囲まれた単語は感情や状況の指示であり、画像内に文字として描画しないでください
◆【絶対最優先】必ずフルカラーにしてください
◆【絶対最優先】必ず日本のアニメ・マンガ調のイラストで描いてください。実写風・フォトリアル風は禁止です。
◆【絶対最優先】キャラクター外見: ミサキは添付のミサキ.pngと100%同一の外見で描画
◆【出力サイズ】2:3
◆【補足情報】上下左右に50ピクセルの余白を設けてください
◆【補足情報】服装: ボーダー柄（白と紺）のカットソーにデニムパンツ、白いスニーカー（自宅・外出・育児中の普段着）
◆【コマ構成】テンプレ1: ページ全体1コマ
◆【作画】ジャンル: 副業に最適化した統一スタイル / 作画スタイル: 親しみやすく実践的,現代的なライフスタイル表現 / 色調: 明るく前向きな色調,オレンジ・青・黄色基調,活力ある配色 / 線画: 親しみやすい柔らかな線,カジュアルで読みやすい表現 / 演出: パソコン作業,スマホ,時計,収入の可視化,必要に応じて集中線,効果線,擬音などのマンガらしい演出
◆【ストーリー】
1コマ目 (全面): ミサキがひなたをぎゅっと抱きしめながら、壁にもたれてぐったりとうなだれている。疲れ果てた顔。ひなたは元気を取り戻してミサキの頬に小さな手を当てている。画面全体が薄暗く、重い空気。感情を強調する集中線。 セリフ: ［ミサキ（内心）］の吹き出しに「やっぱり育児しながらは無理なのかな……」 ナレーション: ［四角枠］ひなたが元気になったことは嬉しかった。でも——コツコツ積み上げてきたものが、3日でこんなにも崩れる。 オノマトペ: ぐすっ","[{""panel_id"": 1, ""type"": ""dialogue"", ""speaker"": ""ミサキ（内心）"", ""text"": ""やっぱり育児しながらは無理なのかな……""}, {""panel_id"": 1, ""type"": ""narration"", ""speaker"": null, ""text"": ""ひなたが元気になったことは嬉しかった。でも——コツコツ積み上げてきたものが、3日でこんなにも崩れる。""}, {""panel_id"": 1, ""type"": ""narration"", ""speaker"": null, ""text"": ""子供は計画通りにいかない——タクヤの言葉が、また頭をよぎった。""}]",misaki_casual
83,テンプレ5,"◆【注意】【】で囲まれた単語は感情や状況の指示であり、画像内に文字として描画しないでください
◆【絶対最優先】必ずフルカラーにしてください
◆【絶対最優先】必ず日本のアニメ・マンガ調のイラストで描いてください。実写風・フォトリアル風は禁止です。
◆【絶対最優先】キャラクター外見: ミサキは添付のミサキ.pngと100%同一の外見で描画, タクヤは添付のタクヤ.pngと100%同一の外見で描画
◆【出力サイズ】2:3
◆【補足情報】上下左右に50ピクセルの余白を設けてください
◆【補足情報】服装: グレーのスウェット上下、髪を緩くまとめ、素足（深夜〜早朝のPC作業・在宅集中タイム）
◆【コマ構成】テンプレ5: 上中下3段
◆【作画】ジャンル: 副業に最適化した統一スタイル / 作画スタイル: 親しみやすく実践的,現代的なライフスタイル表現 / 色調: 明るく前向きな色調,オレンジ・青・黄色基調,活力ある配色 / 線画: 親しみやすい柔らかな線,カジュアルで読みやすい表現 / 演出: パソコン作業,スマホ,時計,収入の可視化,必要に応じて集中線,効果線,擬音などのマンガらしい演出
◆【ストーリー】
1コマ目 (上段): タクヤとの面談。ミサキが報告する。 セリフ: ［ミサキ］の吹き出しに「3日間、投稿できませんでした。子供が熱を出して……フォロワーも減って。やっぱり毎日投稿しないとダメなのかなって」 ナレーション: ［四角枠］タクヤとの面談日。 オノマトペ: なし
2コマ目 (中段): タクヤが少し間を置く。落ち着いた目で。 セリフ: ［タクヤ］の吹き出しに「佐藤さん、一つ聞いていいですか。僕が〝毎日投稿しましょう〟って言ったの、覚えてますか？」 ナレーション: なし オノマトペ: なし
3コマ目 (下段): ミサキが「え？」という顔でタクヤを見る。タクヤがさらりと言う。 セリフ: ［タクヤ］の吹き出しに「あれ、半分嘘です」 ナレーション: なし オノマトペ: ！","[{""panel_id"": 1, ""type"": ""dialogue"", ""speaker"": ""ミサキ"", ""text"": ""3日間、投稿できませんでした。子供が熱を出して……フォロワーも減って。やっぱり毎日投稿しないとダメなのかなって""}, {""panel_id"": 1, ""type"": ""narration"", ""speaker"": null, ""text"": ""タクヤとの面談日。""}, {""panel_id"": 2, ""type"": ""dialogue"", ""speaker"": ""タクヤ"", ""text"": ""佐藤さん、一つ聞いていいですか。僕が〝毎日投稿しましょう〟って言ったの、覚えてますか？""}, {""panel_id"": 3, ""type"": ""dialogue"", ""speaker"": ""タクヤ"", ""text"": ""あれ、半分嘘です""}]",misaki_work_home
84,テンプレ4,"◆【注意】【】で囲まれた単語は感情や状況の指示であり、画像内に文字として描画しないでください
◆【絶対最優先】必ずフルカラーにしてください
◆【絶対最優先】必ず日本のアニメ・マンガ調のイラストで描いてください。実写風・フォトリアル風は禁止です。
◆【絶対最優先】キャラクター外見: ミサキは添付のミサキ.pngと100%同一の外見で描画, タクヤは添付のタクヤ.pngと100%同一の外見で描画
◆【出力サイズ】2:3
◆【補足情報】上下左右に50ピクセルの余白を設けてください
◆【補足情報】服装: グレーのスウェット上下、髪を緩くまとめ、素足（深夜〜早朝のPC作業・在宅集中タイム）
◆【コマ構成】テンプレ4: 上大下小
◆【作画】ジャンル: 副業に最適化した統一スタイル / 作画スタイル: 親しみやすく実践的,現代的なライフスタイル表現 / 色調: 明るく前向きな色調,オレンジ・青・黄色基調,活力ある配色 / 線画: 親しみやすい柔らかな線,カジュアルで読みやすい表現 / 演出: パソコン作業,スマホ,時計,収入の可視化,必要に応じて集中線,効果線,擬音などのマンガらしい演出
◆【ストーリー】
1コマ目 (上・大): タクヤが画面越しに力強く語る。効果線が広がる。 セリフ: ［タクヤ］の吹き出しに「最初は習慣化しやすいから言いました。でも本当に大事なのは〝毎日やること〟じゃなくて、〝止めないこと〟です」 ナレーション: なし オノマトペ: なし
2コマ目 (下・小): ミサキが「止めない……」と静かに繰り返す。 セリフ: ［ミサキ］の吹き出しに「止めない……」 ナレーション: なし オノマトペ: なし","[{""panel_id"": 1, ""type"": ""dialogue"", ""speaker"": ""タクヤ"", ""text"": ""最初は習慣化しやすいから言いました。でも本当に大事なのは〝毎日やること〟じゃなくて、〝止めないこと〟です""}, {""panel_id"": 2, ""type"": ""dialogue"", ""speaker"": ""ミサキ"", ""text"": ""止めない……""}, {""panel_id"": 2, ""type"": ""dialogue"", ""speaker"": ""ミサキ（内心）"", ""text"": ""止めない。それだけが私の武器だ。完璧じゃなくても、止めなければいい。""}]",misaki_work_home
85,テンプレ7,"◆【注意】【】で囲まれた単語は感情や状況の指示であり、画像内に文字として描画しないでください
◆【絶対最優先】必ずフルカラーにしてください
◆【絶対最優先】必ず日本のアニメ・マンガ調のイラストで描いてください。実写風・フォトリアル風は禁止です。
◆【絶対最優先】キャラクター外見: ミサキは添付のミサキ.pngと100%同一の外見で描画, タクヤは添付のタクヤ.pngと100%同一の外見で描画
◆【出力サイズ】2:3
◆【補足情報】上下左右に50ピクセルの余白を設けてください
◆【補足情報】服装: グレーのスウェット上下、髪を緩くまとめ、素足（深夜〜早朝のPC作業・在宅集中タイム）
◆【コマ構成】テンプレ7: 上右左2コマ＋下1コマ
◆【作画】ジャンル: 副業に最適化した統一スタイル / 作画スタイル: 親しみやすく実践的,現代的なライフスタイル表現 / 色調: 明るく前向きな色調,オレンジ・青・黄色基調,活力ある配色 / 線画: 親しみやすい柔らかな線,カジュアルで読みやすい表現 / 演出: パソコン作業,スマホ,時計,収入の可視化,必要に応じて集中線,効果線,擬音などのマンガらしい演出
◆【ストーリー】
1コマ目 (上右): タクヤが続ける。 セリフ: ［タクヤ］の吹き出しに「3日休んだ。で、4日目にまた投稿した。それでいいんです」 ナレーション: なし オノマトペ: なし
2コマ目 (上左): ミサキがフォロワーのことを持ち出す。 セリフ: ［ミサキ］の吹き出しに「でも、フォロワーが——」 ナレーション: なし オノマトペ: なし
3コマ目 (下段): タクヤが真剣な目でミサキに問いかける。 セリフ: ［タクヤ］の吹き出しに「減ります。減ってもいいんです。去っていく人は、3日空いたくらいで離れる人です。残っている人は、佐藤さんの言葉に共感している人です。どっちが大事ですか？」 ナレーション: なし オノマトペ: なし","[{""panel_id"": 1, ""type"": ""dialogue"", ""speaker"": ""タクヤ"", ""text"": ""3日休んだ。で、4日目にまた投稿した。それでいいんです""}, {""panel_id"": 2, ""type"": ""dialogue"", ""speaker"": ""ミサキ"", ""text"": ""でも、フォロワーが——""}, {""panel_id"": 3, ""type"": ""dialogue"", ""speaker"": ""タクヤ"", ""text"": ""減ります。減ってもいいんです。去っていく人は、3日空いたくらいで離れる人です。残っている人は、佐藤さんの言葉に共感している人です。どっちが大事ですか？""}]",misaki_work_home
86,テンプレ4,"◆【注意】【】で囲まれた単語は感情や状況の指示であり、画像内に文字として描画しないでください
◆【絶対最優先】必ずフルカラーにしてください
◆【絶対最優先】必ず日本のアニメ・マンガ調のイラストで描いてください。実写風・フォトリアル風は禁止です。
◆【絶対最優先】キャラクター外見: ミサキは添付のミサキ.pngと100%同一の外見で描画, タクヤは添付のタクヤ.pngと100%同一の外見で描画
◆【出力サイズ】2:3
◆【補足情報】上下左右に50ピクセルの余白を設けてください
◆【補足情報】服装: グレーのスウェット上下、髪を緩くまとめ、素足（深夜〜早朝のPC作業・在宅集中タイム）
◆【コマ構成】テンプレ4: 上大＋下小
◆【作画】ジャンル: 副業に最適化した統一スタイル / 作画スタイル: 親しみやすく実践的,現代的なライフスタイル表現 / 色調: 明るく前向きな色調,オレンジ・青・黄色基調,活力ある配色 / 線画: 親しみやすい柔らかな線,カジュアルで読みやすい表現 / 演出: パソコン作業,スマホ,時計,収入の可視化,必要に応じて集中線,効果線,擬音などのマンガらしい演出
◆【ストーリー】
1コマ目 (上大): タクヤがZoomの画面共有でClaudeのチャット画面を見せている。画面に長い指示文が打ち込まれており「今朝3時に夜泣きで起きて、1時間あやしても泣き止まなくて、最終的にリビングで一緒にテレビを見たら寝た」という文字が映っている。ミサキが身を乗り出して画面を見つめている。 セリフ: ［タクヤ］の吹き出しに「こんな指示を、具体的にClaudeに入れてみてください。これが""あなたの言葉""になる入口です」 ナレーション: ［四角枠］タクヤがZoom画面でClaudeに入力した——夜泣きの具体的な体験。時間。状況。感情。全部が指示に入っていた。 オノマトペ: なし
2コマ目 (下小): ミサキが目を見開いて画面を見ている。驚きと納得が混じった顔。 セリフ: ［ミサキ（内心）］の吹き出しに「これが……具体的な指示か」 ナレーション: ［四角枠］曖昧に伝えれば曖昧に返ってくる。具体的に伝えれば、ミサキの言葉が返ってくる。 オノマトペ: なし","[{""panel_id"": 1, ""type"": ""dialogue"", ""speaker"": ""タクヤ"", ""text"": ""こんな指示を、具体的にClaudeに入れてみてください。これが「あなたの言葉」になる入口です""}, {""panel_id"": 1, ""type"": ""narration"", ""speaker"": null, ""text"": ""タクヤがZoom画面でClaudeに入力した——夜泣きの具体的な体験。時間。状況。感情。全部が指示に入っていた。""}, {""panel_id"": 2, ""type"": ""dialogue"", ""speaker"": ""ミサキ（内心）"", ""text"": ""これが……具体的な指示か""}, {""panel_id"": 2, ""type"": ""narration"", ""speaker"": null, ""text"": ""曖昧に伝えれば曖昧に返ってくる。具体的に伝えれば、ミサキの言葉が返ってくる。""}]",takuya_formal
87,テンプレ4,"◆【注意】【】で囲まれた単語は感情や状況の指示であり、画像内に文字として描画しないでください
◆【絶対最優先】必ずフルカラーにしてください
◆【絶対最優先】必ず日本のアニメ・マンガ調のイラストで描いてください。実写風・フォトリアル風は禁止です。
◆【絶対最優先】キャラクター外見: ミサキは添付のミサキ.pngと100%同一の外見で描画, タクヤは添付のタクヤ.pngと100%同一の外見で描画
◆【補足情報】服装: ライトグレーのシャツにジャケット（Zoom・コーチング時の半フォーマルスタイル）
◆【コマ構成】テンプレ4: 上大＋下小
◆【出力サイズ】2:3
◆【補足情報】上下左右に50ピクセルの余白を設けてください
◆【作画】ジャンル: 副業に最適化した統一スタイル / 作画スタイル: 親しみやすく実践的,現代的なライフスタイル表現 / 色調: 明るく前向きな色調,オレンジ・青・黄色基調,活力ある配色 / 線画: 親しみやすい柔らかな線,カジュアルで読みやすい表現 / 演出: パソコン作業,スマホ,時計,収入の可視化,必要に応じて集中線,効果線,擬音などのマンガらしい演出
◆【ストーリー】
1コマ目 (上大): Zoom面談。ミサキがタクヤに報告している。「フォロワー40人超え、本物のコメント2件」と書いたメモを見せている。タクヤが前のめりで聞いている。 セリフ: ［ミサキ］の吹き出しに「数字は小さいですが……本物の人から、初めて言葉をもらいました」 ナレーション: ［四角枠］3ヶ月間の成果を、ミサキは正直に報告した。 オノマトペ: なし
2コマ目 (下小): タクヤが目を細めて深くうなずく。 セリフ: ［タクヤ］の吹き出しに「それで十分です。最初の一人が動いてくれた。あとは続けるだけ」 ナレーション: ［四角枠］合格、とタクヤは言わなかった。でもその笑顔が、すべてを語っていた。 オノマトペ: なし","[{""panel_id"": 1, ""type"": ""dialogue"", ""speaker"": ""ミサキ"", ""text"": ""数字は小さいですが……本物の人から、初めて言葉をもらいました""}, {""panel_id"": 1, ""type"": ""narration"", ""speaker"": null, ""text"": ""3ヶ月間の成果を、ミサキは正直に報告した。""}, {""panel_id"": 2, ""type"": ""dialogue"", ""speaker"": ""タクヤ"", ""text"": ""それで十分です。最初の一人が動いてくれた。あとは続けるだけ""}, {""panel_id"": 2, ""type"": ""narration"", ""speaker"": null, ""text"": ""合格、とタクヤは言わなかった。でもその笑顔が、すべてを語っていた。""}]",takuya_zoom_mentor
88,テンプレ1,"◆【注意】【】で囲まれた単語は感情や状況の指示であり、画像内に文字として描画しないでください
◆【絶対最優先】必ずフルカラーにしてください
◆【絶対最優先】必ず日本のアニメ・マンガ調のイラストで描いてください。実写風・フォトリアル風は禁止です。
◆【絶対最優先】キャラクター外見: ミサキは添付のミサキ.pngと100%同一の外見で描画, タクヤは添付のタクヤ.pngと100%同一の外見で描画
◆【出力サイズ】2:3
◆【補足情報】上下左右に50ピクセルの余白を設けてください
◆【補足情報】服装: グレーのスウェット上下、髪を緩くまとめ、素足（深夜〜早朝のPC作業・在宅集中タイム）
◆【コマ構成】テンプレ1: ページ全体1コマ
◆【作画】ジャンル: 副業に最適化した統一スタイル / 作画スタイル: 親しみやすく実践的,現代的なライフスタイル表現 / 色調: 明るく前向きな色調,オレンジ・青・黄色基調,活力ある配色 / 線画: 親しみやすい柔らかな線,カジュアルで読みやすい表現 / 演出: パソコン作業,スマホ,時計,収入の可視化,必要に応じて集中線,効果線,擬音などのマンガらしい演出
◆【ストーリー】
1コマ目 (全面): タクヤがZoom越しに静かで力強い目でミサキを見つめている。画面全体を使った大ゴマ。背景に穏やかなブルーグラデーション。効果線で言葉の重みを表現。 セリフ: ［タクヤ］の吹き出しに「完璧を目指すと折れます。子供は計画通りにいかない。だから——計画通りにいかないことを、前提にしてください。止まってもいい。でも、やめない。」 ナレーション: ［四角枠］ミサキは黙って、その言葉を胸の奥に刻んだ。 オノマトペ: なし","[{""panel_id"": 1, ""type"": ""narration"", ""speaker"": null, ""text"": ""ミサキは黙って、その言葉を胸の奥に刻んだ。""}, {""panel_id"": 1, ""type"": ""dialogue"", ""speaker"": ""タクヤ"", ""text"": ""完璧を目指すと折れます。子供は計画通りにいかない。だから——計画通りにいかないことを、前提にしてください。止まってもいい。でも、やめない。""}]",misaki_work_home
89,テンプレ6,"◆【注意】【】で囲まれた単語は感情や状況の指示であり、画像内に文字として描画しないでください
◆【絶対最優先】必ずフルカラーにしてください
◆【絶対最優先】必ず日本のアニメ・マンガ調のイラストで描いてください。実写風・フォトリアル風は禁止です。
◆【絶対最優先】キャラクター外見: ミサキは添付のミサキ.pngと100%同一の外見で描画, タクヤは添付のタクヤ.pngと100%同一の外見で描画
◆【補足情報】服装: ライトグレーのシャツにジャケット（Zoom・コーチング時の半フォーマルスタイル）
◆【コマ構成】テンプレ6: 上1コマ＋下左右2コマ
◆【出力サイズ】2:3
◆【補足情報】上下左右に50ピクセルの余白を設けてください
◆【作画】ジャンル: 副業に最適化した統一スタイル / 作画スタイル: 親しみやすく実践的,現代的なライフスタイル表現 / 色調: 明るく前向きな色調,オレンジ・青・黄色基調,活力ある配色 / 線画: 親しみやすい柔らかな線,カジュアルで読みやすい表現 / 演出: パソコン作業,スマホ,時計,収入の可視化,必要に応じて集中線,効果線,擬音などのマンガらしい演出
◆【ストーリー】
1コマ目 (上): タクヤがZoom越しに真剣な目でミサキを見る。 セリフ: ［タクヤ］の吹き出しに「最後に聞かせてください。あなたがこれをやめたくない理由は何ですか？」 ナレーション: ［四角枠］その問いはストレートで、ミサキの胸に刺さった。 オノマトペ: なし
2コマ目 (下左): ミサキが黙って考える。目を閉じて、何かを探している表情。 セリフ: なし ナレーション: なし オノマトペ: なし
3コマ目 (下右): ミサキが静かに、でも確かな声で答える。 セリフ: ［ミサキ］の吹き出しに「やめたくない……それだけで、十分な理由になりますか」 ナレーション: ［四角枠］やめたくない、が最強の動機だと、タクヤは言った。 オノマトペ: なし","[{""panel_id"": 1, ""type"": ""dialogue"", ""speaker"": ""タクヤ"", ""text"": ""最後に聞かせてください。あなたがこれをやめたくない理由は何ですか？""}, {""panel_id"": 1, ""type"": ""narration"", ""speaker"": null, ""text"": ""その問いはストレートで、ミサキの胸に刺さった。""}, {""panel_id"": 3, ""type"": ""dialogue"", ""speaker"": ""ミサキ"", ""text"": ""やめたくない……それだけで、十分な理由になりますか""}, {""panel_id"": 3, ""type"": ""narration"", ""speaker"": null, ""text"": ""やめたくない、が最強の動機だと、タクヤは言った。""}]",takuya_zoom_mentor
90,テンプレ1,"◆【注意】【】で囲まれた単語は感情や状況の指示であり、画像内に文字として描画しないでください
◆【絶対最優先】必ずフルカラーにしてください
◆【絶対最優先】必ず日本のアニメ・マンガ調のイラストで描いてください。実写風・フォトリアル風は禁止です。
◆【絶対最優先】キャラクター外見: ミサキは添付のミサキ.pngと100%同一の外見で描画
◆【出力サイズ】2:3
◆【補足情報】上下左右に50ピクセルの余白を設けてください
◆【補足情報】服装: グレーのスウェット上下、髪を緩くまとめ、素足（深夜〜早朝のPC作業・在宅集中タイム）
◆【コマ構成】テンプレ1: ページ全体1コマ
◆【作画】ジャンル: 副業に最適化した統一スタイル / 作画スタイル: 親しみやすく実践的,現代的なライフスタイル表現 / 色調: 明るく前向きな色調,オレンジ・青・黄色基調,活力ある配色 / 線画: 親しみやすい柔らかな線,カジュアルで読みやすい表現 / 演出: パソコン作業,スマホ,時計,収入の可視化,必要に応じて集中線,効果線,擬音などのマンガらしい演出
◆【ストーリー】
1コマ目 (全面): ミサキが目を閉じて、深く長い息をついている。背景にわずかな朝の光が差し込んでいる。表情は疲れているが、どこか解き放たれたような安らぎがある。集中線で静けさを演出。 セリフ: なし ナレーション: ［四角枠］はぁぁ……と、長い息をついた。計画通りにいかないことを、前提にする。それだけでいい。止まってもいい——やめなければ、それでいい。 オノマトペ: はぁぁ……","[{""panel_id"": 1, ""type"": ""narration"", ""speaker"": null, ""text"": ""はぁぁ……と、長い息をついた。""}, {""panel_id"": 1, ""type"": ""narration"", ""speaker"": null, ""text"": ""計画通りにいかないことを、前提にする。それだけでいい。""}, {""panel_id"": 1, ""type"": ""narration"", ""speaker"": null, ""text"": ""止まってもいい——やめなければ、それでいい。""}, {""panel_id"": 1, ""type"": ""narration"", ""speaker"": null, ""text"": ""面談の翌日、ミサキは気持ちを立て直した。4日ぶりの投稿——止まっても、やめなかった。""}]",misaki_work_home
91,テンプレ5,"◆【注意】【】で囲まれた単語は感情や状況の指示であり、画像内に文字として描画しないでください
◆【絶対最優先】必ずフルカラーにしてください
◆【絶対最優先】必ず日本のアニメ・マンガ調のイラストで描いてください。実写風・フォトリアル風は禁止です。
◆【絶対最優先】キャラクター外見: ミサキは添付のミサキ.pngと100%同一の外見で描画
◆【出力サイズ】2:3
◆【補足情報】上下左右に50ピクセルの余白を設けてください
◆【補足情報】服装: グレーのスウェット上下、髪を緩くまとめ、素足（深夜〜早朝のPC作業・在宅集中タイム）
◆【コマ構成】テンプレ5: 上中下3段
◆【作画】ジャンル: 副業に最適化した統一スタイル / 作画スタイル: 親しみやすく実践的,現代的なライフスタイル表現 / 色調: 明るく前向きな色調,オレンジ・青・黄色基調,活力ある配色 / 線画: 親しみやすい柔らかな線,カジュアルで読みやすい表現 / 演出: パソコン作業,スマホ,時計,収入の可視化,必要に応じて集中線,効果線,擬音などのマンガらしい演出
◆【ストーリー】
1コマ目 (上段): 面談翌日、ミサキが4日ぶりにノートパソコンを開く。 セリフ: なし ナレーション: ［四角枠］面談の翌日、ミサキは4日ぶりの投稿を作った。テーマは「子供が熱を出して3日間何もできなかった話」。 オノマトペ: なし
2コマ目 (中段): ミサキがClaudeに長い指示を打ち込んでいる。真剣な目で、しかし穏やかな表情。 セリフ: なし ナレーション: ［四角枠］Claudeには、こう指示した。「ひなたが風邪で3日間投稿できなかった。フォロワーが減って落ち込んだけど、〝止まってもいいから、やめない〟という言葉に救われた——」 オノマトペ: カチカチ
3コマ目 (下段): 完成した投稿を読んで、ミサキが少し泣きそうになっている。ほっとした顔。 セリフ: ［ミサキ（内心）］の吹き出しに「出来上がった投稿を読んで——ちょっと、泣きそうになった」 ナレーション: なし オノマトペ: ぐっ","[{""panel_id"": 1, ""type"": ""narration"", ""speaker"": null, ""text"": ""面談の翌日、ミサキは4日ぶりの投稿を作った。テーマは「子供が熱を出して3日間何もできなかった話」。""}, {""panel_id"": 2, ""type"": ""narration"", ""speaker"": null, ""text"": ""Claudeには、こう指示した。「ひなたが風邪で3日間投稿できなかった。フォロワーが減って落ち込んだけど、〝止まってもいいから、やめない〟という言葉に救われた——」""}, {""panel_id"": 3, ""type"": ""dialogue"", ""speaker"": ""ミサキ（内心）"", ""text"": ""出来上がった投稿を読んで——ちょっと、泣きそうになった""}]",misaki_work_home
92,テンプレ4,"◆【注意】【】で囲まれた単語は感情や状況の指示であり、画像内に文字として描画しないでください
◆【絶対最優先】必ずフルカラーにしてください
◆【絶対最優先】必ず日本のアニメ・マンガ調のイラストで描いてください。実写風・フォトリアル風は禁止です。
◆【絶対最優先】キャラクター外見: ミサキは添付のミサキ.pngと100%同一の外見で描画
◆【補足情報】服装: グレーのスウェット上下、髪を緩くまとめ、素足（深夜〜早朝のPC作業・在宅集中タイム）
◆【コマ構成】テンプレ4: 上大＋下小
◆【出力サイズ】2:3
◆【補足情報】上下左右に50ピクセルの余白を設けてください
◆【作画】ジャンル: 副業に最適化した統一スタイル / 作画スタイル: 親しみやすく実践的,現代的なライフスタイル表現 / 色調: 明るく前向きな色調,オレンジ・青・黄色基調,活力ある配色 / 線画: 親しみやすい柔らかな線,カジュアルで読みやすい表現 / 演出: パソコン作業,スマホ,時計,収入の可視化,必要に応じて集中線,効果線,擬音などのマンガらしい演出
◆【ストーリー】
1コマ目 (上大): ミサキが大きなノートに箇条書きで投稿テーマを書き出している。「①38.5度でひとりで看病した夜」「②ゼロ反応でも続けた13日間」「③AIに最初に言った言葉」ペンが走る速さが伝わるように。 セリフ: ［ミサキ（内心）］の吹き出しに「リアルな話を書こう。かっこいい話じゃなく」 ナレーション: ［四角枠］「自分の経験」を投稿の源泉にする。それがタクヤのアドバイスだった。 オノマトペ: サラサラ
2コマ目 (下小): ミサキが3番目の項目に丸をつける。 セリフ: なし ナレーション: ［四角枠］これだ、と思った。 オノマトペ: なし","[{""panel_id"": 1, ""type"": ""dialogue"", ""speaker"": ""ミサキ（内心）"", ""text"": ""リアルな話を書こう。かっこいい話じゃなく""}, {""panel_id"": 1, ""type"": ""narration"", ""speaker"": null, ""text"": ""「自分の経験」を投稿の源泉にする。それがタクヤのアドバイスだった。""}, {""panel_id"": 2, ""type"": ""narration"", ""speaker"": null, ""text"": ""これだ、と思った。""}, {""panel_id"": 2, ""type"": ""narration"", ""speaker"": null, ""text"": ""ミサキは③に大きく丸をつけた。この話を書けるのは、自分しかいない。""}]",misaki_work_home
93,テンプレ6,"◆【注意】【】で囲まれた単語は感情や状況の指示であり、画像内に文字として描画しないでください
◆【絶対最優先】必ずフルカラーにしてください
◆【絶対最優先】必ず日本のアニメ・マンガ調のイラストで描いてください。実写風・フォトリアル風は禁止です。
◆【絶対最優先】キャラクター外見: ミサキは添付のミサキ.pngと100%同一の外見で描画
◆【出力サイズ】2:3
◆【補足情報】上下左右に50ピクセルの余白を設けてください
◆【補足情報】服装: グレーのスウェット上下、髪を緩くまとめ、素足（深夜〜早朝のPC作業・在宅集中タイム）
◆【コマ構成】テンプレ6: 上1コマ＋下左右2コマ
◆【作画】ジャンル: 副業に最適化した統一スタイル / 作画スタイル: 親しみやすく実践的,現代的なライフスタイル表現 / 色調: 明るく前向きな色調,オレンジ・青・黄色基調,活力ある配色 / 線画: 親しみやすい柔らかな線,カジュアルで読みやすい表現 / 演出: パソコン作業,スマホ,時計,収入の可視化,必要に応じて集中線,効果線,擬音などのマンガらしい演出
◆【ストーリー】
1コマ目 (上): ミサキが思い切って投稿ボタンを押す。 セリフ: なし ナレーション: ［四角枠］ポチッ、と投稿した。 オノマトペ: ポチッ
2コマ目 (下右): スマホ通知音。コメントが入ってくる。ミサキが目を見開く。 セリフ: なし ナレーション: ［四角枠］ピロン——コメント通知。「わかります。私もブログ3回やめました。でもこの投稿見て、また書いてみようと思いました」 オノマトペ: ピロン
3コマ目 (下左): さらに通知。ミサキの目に涙が光る。 セリフ: なし ナレーション: ［四角枠］ピロン——もう1件。「完璧じゃなくていいって、頭ではわかってるけど言ってもらえると嬉しい。ありがとう」 オノマトペ: ピロン","[{""panel_id"": 1, ""type"": ""narration"", ""speaker"": null, ""text"": ""ポチッ、と投稿した。""}, {""panel_id"": 2, ""type"": ""narration"", ""speaker"": null, ""text"": ""ピロン——コメント通知。「わかります。私もブログ3回やめました。でもこの投稿見て、また書いてみようと思いました」""}, {""panel_id"": 3, ""type"": ""narration"", ""speaker"": null, ""text"": ""ピロン——もう1件。「完璧じゃなくていいって、頭ではわかってるけど言ってもらえると嬉しい。ありがとう」""}]",misaki_work_home
94,テンプレ4,"◆【注意】【】で囲まれた単語は感情や状況の指示であり、画像内に文字として描画しないでください
◆【絶対最優先】必ずフルカラーにしてください
◆【絶対最優先】必ず日本のアニメ・マンガ調のイラストで描いてください。実写風・フォトリアル風は禁止です。
◆【絶対最優先】キャラクター外見: ミサキは添付のミサキ.pngと100%同一の外見で描画
◆【出力サイズ】2:3
◆【補足情報】上下左右に50ピクセルの余白を設けてください
◆【補足情報】服装: グレーのスウェット上下、髪を緩くまとめ、素足（深夜〜早朝のPC作業・在宅集中タイム）
◆【コマ構成】テンプレ4: 上大下小
◆【作画】ジャンル: 副業に最適化した統一スタイル / 作画スタイル: 親しみやすく実践的,現代的なライフスタイル表現 / 色調: 明るく前向きな色調,オレンジ・青・黄色基調,活力ある配色 / 線画: 親しみやすい柔らかな線,カジュアルで読みやすい表現 / 演出: パソコン作業,スマホ,時計,収入の可視化,必要に応じて集中線,効果線,擬音などのマンガらしい演出
◆【ストーリー】
1コマ目 (上・大): ミサキが画面を見つめている。涙を堪えながら、でも表情は柔らかい。背景にオレンジの温かいグラデーション。 セリフ: なし ナレーション: ［四角枠］たった2件。数字としては小さい。ものすごく小さい。でも、この2件は——自分の失敗を含めたリアルな経験に対する、本物の反応だった。 オノマトペ: なし
2コマ目 (下・小): ミサキが静かに悟る。 セリフ: ［ミサキ（内心）］の吹き出しに「きれいごとじゃない投稿のほうが、届く」 ナレーション: なし オノマトペ: なし","[{""panel_id"": 1, ""type"": ""narration"", ""speaker"": null, ""text"": ""たった2件。数字としては小さい。ものすごく小さい。でも、この2件は——自分の失敗を含めたリアルな経験に対する、本物の反応だった。""}, {""panel_id"": 2, ""type"": ""dialogue"", ""speaker"": ""ミサキ（内心）"", ""text"": ""きれいごとじゃない投稿のほうが、届く""}]",misaki_work_home
95,テンプレ2,"◆【注意】【】で囲まれた単語は感情や状況の指示であり、画像内に文字として描画しないでください
◆【絶対最優先】必ずフルカラーにしてください
◆【絶対最優先】必ず日本のアニメ・マンガ調のイラストで描いてください。実写風・フォトリアル風は禁止です。
◆【絶対最優先】キャラクター外見: ミサキは添付のミサキ.pngと100%同一の外見で描画
◆【補足情報】服装: グレーのスウェット上下、髪を緩くまとめ、素足（深夜〜早朝のPC作業・在宅集中タイム）
◆【コマ構成】テンプレ2: 上下2段
◆【出力サイズ】2:3
◆【補足情報】上下左右に50ピクセルの余白を設けてください
◆【作画】ジャンル: 副業に最適化した統一スタイル / 作画スタイル: 親しみやすく実践的,現代的なライフスタイル表現 / 色調: 明るく前向きな色調,オレンジ・青・黄色基調,活力ある配色 / 線画: 親しみやすい柔らかな線,カジュアルで読みやすい表現 / 演出: パソコン作業,スマホ,時計,収入の可視化,必要に応じて集中線,効果線,擬音などのマンガらしい演出
◆【ストーリー】
1コマ目 (上): スマートフォン画面アップ。SNS投稿へのコメント欄。見知らぬアカウントから「私もそうだった」「共感しすぎて泣いた」という文字が見える。 セリフ: なし ナレーション: ［四角枠］見知らぬ誰かの言葉が、画面に並んでいた。 オノマトペ: なし
2コマ目 (下): ミサキがスマホを両手で持ち、画面を何度も上下スクロールしている。目が潤んでいる。 セリフ: ［ミサキ（内心）］の吹き出しに「本当に……届いた」 ナレーション: ［四角枠］何度も、何度も読んだ。 オノマトペ: なし","[{""panel_id"": 1, ""type"": ""narration"", ""speaker"": null, ""text"": ""見知らぬ誰かの言葉が、画面に並んでいた。""}, {""panel_id"": 1, ""type"": ""narration"", ""speaker"": null, ""text"": ""「私もそうだった」「共感しすぎて泣いた」「続けてください」""}, {""panel_id"": 2, ""type"": ""dialogue"", ""speaker"": ""ミサキ（内心）"", ""text"": ""本当に……届いた""}, {""panel_id"": 2, ""type"": ""narration"", ""speaker"": null, ""text"": ""何度も、何度も読んだ。スクリーンショットも撮った。スマホの中の宝物になった。""}]",misaki_work_home
96,テンプレ3,"◆【注意】【】で囲まれた単語は感情や状況の指示であり、画像内に文字として描画しないでください
◆【絶対最優先】必ずフルカラーにしてください
◆【絶対最優先】必ず日本のアニメ・マンガ調のイラストで描いてください。実写風・フォトリアル風は禁止です。
◆【絶対最優先】キャラクター外見: ミサキは添付のミサキ.pngと100%同一の外見で描画
◆【出力サイズ】2:3
◆【補足情報】上下左右に50ピクセルの余白を設けてください
◆【補足情報】服装: グレーのスウェット上下、髪を緩くまとめ、素足（深夜〜早朝のPC作業・在宅集中タイム）
◆【コマ構成】テンプレ3: 上小下大
◆【作画】ジャンル: 副業に最適化した統一スタイル / 作画スタイル: 親しみやすく実践的,現代的なライフスタイル表現 / 色調: 明るく前向きな色調,オレンジ・青・黄色基調,活力ある配色 / 線画: 親しみやすい柔らかな線,カジュアルで読みやすい表現 / 演出: パソコン作業,スマホ,時計,収入の可視化,必要に応じて集中線,効果線,擬音などのマンガらしい演出
◆【ストーリー】
1コマ目 (上・小): カレンダー。3日の空白の後、また投稿マークが続いていく。 セリフ: なし ナレーション: ［四角枠］ミサキは翌日も投稿した。その翌日も。3日休んでも、また始めた。 オノマトペ: なし
2コマ目 (下・大): ミサキが窓の外を見ながらノートパソコンを膝に乗せている。朝の光が差し込む。穏やかで強さのある表情。 セリフ: なし ナレーション: ［四角枠］それだけのことだった。でも「それだけのこと」が、一番難しくて、一番大事だった。 オノマトペ: なし","[{""panel_id"": 1, ""type"": ""narration"", ""speaker"": null, ""text"": ""ミサキは翌日も投稿した。その翌日も。3日休んでも、また始めた。""}, {""panel_id"": 2, ""type"": ""narration"", ""speaker"": null, ""text"": ""それだけのことだった。でも「それだけのこと」が、一番難しくて、一番大事だった。""}]",misaki_work_home
97,テンプレ1,"◆【注意】【】で囲まれた単語は感情や状況の指示であり、画像内に文字として描画しないでください
◆【絶対最優先】必ずフルカラーにしてください
◆【絶対最優先】必ず日本のアニメ・マンガ調のイラストで描いてください。実写風・フォトリアル風は禁止です。
◆【絶対最優先】キャラクター外見: ミサキは添付のミサキ.pngと100%同一の外見で描画
◆【出力サイズ】2:3
◆【補足情報】上下左右に50ピクセルの余白を設けてください
◆【補足情報】服装: グレーのスウェット上下、髪を緩くまとめ、素足（深夜〜早朝のPC作業・在宅集中タイム）
◆【コマ構成】テンプレ1: ページ全体1コマ
◆【作画】ジャンル: 副業に最適化した統一スタイル / 作画スタイル: 親しみやすく実践的,現代的なライフスタイル表現 / 色調: 明るく前向きな色調,オレンジ・青・黄色基調,活力ある配色 / 線画: 親しみやすい柔らかな線,カジュアルで読みやすい表現 / 演出: パソコン作業,スマホ,時計,収入の可視化,必要に応じて集中線,効果線,擬音などのマンガらしい演出
◆【ストーリー】
1コマ目 (全面): ミサキが深夜の自室で、画面の光を受けながら穏やかに微笑んでいる。背景に「止まってもいい。でも、やめない」という言葉が浮かぶ演出。放射状の柔らかい光。 セリフ: なし ナレーション: ［四角枠］完璧じゃないからこそ、共感される。止まってもいい。でも、やめない。——それが、ミサキが見つけた「自分だけの継続の形」だった。 オノマトペ: なし","[{""panel_id"": 1, ""type"": ""narration"", ""speaker"": null, ""text"": ""完璧じゃないからこそ、共感される。止まってもいい。でも、やめない。——それが、ミサキが見つけた「自分だけの継続の形」だった。""}, {""panel_id"": 1, ""type"": ""narration"", ""speaker"": null, ""text"": ""コラム⑦：止めないことが一番の戦略。ミサキが3ヶ月で学んだ、最大の教訓。""}]",misaki_work_home
98,テンプレ5,"◆【注意】【】で囲まれた単語は感情や状況の指示であり、画像内に文字として描画しないでください
◆【絶対最優先】必ずフルカラーにしてください
◆【絶対最優先】必ず日本のアニメ・マンガ調のイラストで描いてください。実写風・フォトリアル風は禁止です。
◆【絶対最優先】キャラクター外見: ミサキは添付のミサキ.pngと100%同一の外見で描画, ひなた（2歳期）は添付のひなた_2歳期.pngと100%同一の外見で描画, ケンタは添付のケンタ.pngと100%同一の外見で描画
◆【補足情報】服装: ネイビーのポロシャツにチノパン（帰宅後のリラックス時やオフ日の外出着）
◆【コマ構成】テンプレ5: 上中下3段
◆【出力サイズ】2:3
◆【補足情報】上下左右に50ピクセルの余白を設けてください
◆【作画】ジャンル: 副業に最適化した統一スタイル / 作画スタイル: 親しみやすく実践的,現代的なライフスタイル表現 / 色調: 明るく前向きな色調,オレンジ・青・黄色基調,活力ある配色 / 線画: 親しみやすい柔らかな線,カジュアルで読みやすい表現 / 演出: パソコン作業,スマホ,時計,収入の可視化,必要に応じて集中線,効果線,擬音などのマンガらしい演出
◆【ストーリー】
1コマ目 (上段): 夕食のテーブル。ケンタとひなたとミサキの3人。ひなたがご飯を食べながら「まーまー！」とミサキを呼んでいる。温かい家族の食卓。 セリフ: ［ひなた］の吹き出しに「まーまー！まんまー！」 ナレーション: ［四角枠］フォロワーが40人を超えた日。 オノマトペ: なし
2コマ目 (中段): ミサキがスマートフォンを取り出してケンタに見せる。画面に「フォロワー数: 43」の数字。 セリフ: ［ミサキ］の吹き出しに「ねえ、フォロワー40人超えたんだけど」 ナレーション: なし オノマトペ: なし
3コマ目 (下段): ケンタが目を丸くして驚く。ひなたはよくわからないままケンタを真似て驚いた顔。 セリフ: ［ケンタ］の吹き出しに「えっ、マジで！すごいじゃん！」 ナレーション: ［四角枠］小さな数字が、今夜は大きく輝いて見えた。 オノマトペ: なし","[{""panel_id"": 1, ""type"": ""dialogue"", ""speaker"": ""ひなた"", ""text"": ""まーまー！まんまー！""}, {""panel_id"": 1, ""type"": ""narration"", ""speaker"": null, ""text"": ""フォロワーが40人を超えた日。""}, {""panel_id"": 2, ""type"": ""dialogue"", ""speaker"": ""ミサキ"", ""text"": ""ねえ、フォロワー40人超えたんだけど""}, {""panel_id"": 3, ""type"": ""dialogue"", ""speaker"": ""ケンタ"", ""text"": ""えっ、マジで！すごいじゃん！""}, {""panel_id"": 3, ""type"": ""narration"", ""speaker"": null, ""text"": ""小さな数字が、今夜は大きく輝いて見えた。""}]",kenta_work_casual
99,テンプレ6,"◆【注意】【】で囲まれた単語は感情や状況の指示であり、画像内に文字として描画しないでください
◆【絶対最優先】必ずフルカラーにしてください
◆【絶対最優先】必ず日本のアニメ・マンガ調のイラストで描いてください。実写風・フォトリアル風は禁止です。
◆【絶対最優先】キャラクター外見: ミサキは添付のミサキ.pngと100%同一の外見で描画, ひなた（2歳期）は添付のひなた_2歳期.pngと100%同一の外見で描画
◆【出力サイズ】2:3
◆【補足情報】上下左右に50ピクセルの余白を設けてください
◆【補足情報】服装: ボーダー柄（白と紺）のカットソーにデニムパンツ、白いスニーカー（自宅・外出・育児中の普段着）
◆【コマ構成】テンプレ6: 上1コマ＋下左右2コマ
◆【作画】ジャンル: 副業に最適化した統一スタイル / 作画スタイル: 親しみやすく実践的,現代的なライフスタイル表現 / 色調: 明るく前向きな色調,オレンジ・青・黄色基調,活力ある配色 / 線画: 親しみやすい柔らかな線,カジュアルで読みやすい表現 / 演出: パソコン作業,スマホ,時計,収入の可視化,必要に応じて集中線,効果線,擬音などのマンガらしい演出
◆【ストーリー】
1コマ目 (上): 深夜。突然「ガタッ」という音。ひなたが布団から転がり落ちて泣き叫ぶ。激しい効果線。 セリフ: なし ナレーション: ［四角枠］転機のまさにその矢先だった。 オノマトペ: ガタッ！ えーんえーん！
2コマ目 (下右): ミサキがひなたを抱いて体温計を当てる。表示は38.5℃。 セリフ: ［ミサキ（内心）］の吹き出しに「……38度5分」 ナレーション: なし オノマトペ: ピッ
3コマ目 (下左): ミサキが天井を見上げてため息。覚悟を決めた顔。 セリフ: なし ナレーション: ［四角枠］小児科は明日だ。まず今夜を乗り切ろう。 オノマトペ: はぁ","[{""panel_id"": 1, ""type"": ""narration"", ""speaker"": null, ""text"": ""転機のまさにその矢先だった。""}, {""panel_id"": 1, ""type"": ""narration"", ""speaker"": null, ""text"": ""ケンタが出張に出た翌朝、ひなたが37.8度を記録した。""}, {""panel_id"": 2, ""type"": ""dialogue"", ""speaker"": ""ミサキ（内心）"", ""text"": ""……38度5分""}, {""panel_id"": 3, ""type"": ""narration"", ""speaker"": null, ""text"": ""夜には38.5度まで上がった。ケンタへの電話は、かけなかった。心配させたくなかった。""}, {""panel_id"": 3, ""type"": ""dialogue"", ""speaker"": ""ミサキ（内心）"", ""text"": ""私がやる。私がやれる""}]",misaki_casual
100,テンプレ5,"◆【注意】【】で囲まれた単語は感情や状況の指示であり、画像内に文字として描画しないでください
◆【絶対最優先】必ずフルカラーにしてください
◆【絶対最優先】必ず日本のアニメ・マンガ調のイラストで描いてください。実写風・フォトリアル風は禁止です。
◆【絶対最優先】キャラクター外見: ミサキは添付のミサキ.pngと100%同一の外見で描画, ひなた（2歳期）は添付のひなた_2歳期.pngと100%同一の外見で描画
◆【出力サイズ】2:3
◆【補足情報】上下左右に50ピクセルの余白を設けてください
◆【補足情報】服装: ボーダー柄（白と紺）のカットソーにデニムパンツ、白いスニーカー（自宅・外出・育児中の普段着）
◆【コマ構成】テンプレ5: 上中下3段
◆【作画】ジャンル: 副業に最適化した統一スタイル / 作画スタイル: 親しみやすく実践的,現代的なライフスタイル表現 / 色調: 明るく前向きな色調,オレンジ・青・黄色基調,活力ある配色 / 線画: 親しみやすい柔らかな線,カジュアルで読みやすい表現 / 演出: パソコン作業,スマホ,時計,収入の可視化,必要に応じて集中線,効果線,擬音などのマンガらしい演出
◆【ストーリー】
1コマ目 (上段): ひなたを膝に乗せながら、ミサキが眠い目でスマホを見ている。深夜2時の表示。 セリフ: なし ナレーション: ［四角枠］深夜2時。ひなたの熱はまだ下がらない。 オノマトペ: なし
2コマ目 (中段): ひなたが額に濡れタオルを乗せて眠っている。ミサキが隣で寄り添っている。 セリフ: ［ミサキ（内心）］の吹き出しに「ケンタに電話……でも明日仕事があるし」 ナレーション: なし オノマトペ: なし
3コマ目 (下段): ミサキが一人、暗いリビングでひなたを抱いている。孤独だが強い表情。 セリフ: なし ナレーション: ［四角枠］一人で抱えるということの、重さと温かさを同時に感じた夜だった。 オノマトペ: なし","[{""panel_id"": 1, ""type"": ""narration"", ""speaker"": null, ""text"": ""深夜2時。ひなたの熱はまだ下がらない。""}, {""panel_id"": 2, ""type"": ""dialogue"", ""speaker"": ""ミサキ（内心）"", ""text"": ""ケンタに電話……でも明日仕事があるし""}, {""panel_id"": 3, ""type"": ""narration"", ""speaker"": null, ""text"": ""一人で抱えるということの、重さと温かさを同時に感じた夜だった。""}]",misaki_casual
101,テンプレ4,"◆【注意】【】で囲まれた単語は感情や状況の指示であり、画像内に文字として描画しないでください
◆【絶対最優先】必ずフルカラーにしてください
◆【絶対最優先】必ず日本のアニメ・マンガ調のイラストで描いてください。実写風・フォトリアル風は禁止です。
◆【絶対最優先】キャラクター外見: ミサキは添付のミサキ.pngと100%同一の外見で描画
◆【出力サイズ】2:3
◆【補足情報】上下左右に50ピクセルの余白を設けてください
◆【補足情報】服装: ボーダー柄（白と紺）のカットソーにデニムパンツ、白いスニーカー（自宅・外出・育児中の普段着）
◆【コマ構成】テンプレ4: 上大下小
◆【作画】ジャンル: 副業に最適化した統一スタイル / 作画スタイル: 親しみやすく実践的,現代的なライフスタイル表現 / 色調: 明るく前向きな色調,オレンジ・青・黄色基調,活力ある配色 / 線画: 親しみやすい柔らかな線,カジュアルで読みやすい表現 / 演出: パソコン作業,スマホ,時計,収入の可視化,必要に応じて集中線,効果線,擬音などのマンガらしい演出
◆【ストーリー】
1コマ目 (上・大): ミサキが回復したひなたを膝に乗せながら、スマホを見る。フォロワー27人の表示。ガーンという大きな擬音。背景が暗くなる。 セリフ: ［ミサキ（内心）］の吹き出しに「……3人減ってる。たった3日で」 ナレーション: ［四角枠］コツコツと積み上げた30人が、27人に戻った。 オノマトペ: ガーン！
2コマ目 (下・小): ミサキがぐすっとなりながら、でも泣かない。 セリフ: ［ミサキ（内心）］の吹き出しに「やっぱり、育児しながらは……」 ナレーション: なし オノマトペ: ぐすっ","[{""panel_id"": 1, ""type"": ""dialogue"", ""speaker"": ""ミサキ（内心）"", ""text"": ""……3人減ってる。たった3日で""}, {""panel_id"": 1, ""type"": ""narration"", ""speaker"": null, ""text"": ""コツコツと積み上げた30人が、27人に戻った。""}, {""panel_id"": 2, ""type"": ""dialogue"", ""speaker"": ""ミサキ（内心）"", ""text"": ""やっぱり、育児しながらは……""}, {""panel_id"": 3, ""type"": ""narration"", ""speaker"": null, ""text"": ""でも減った分は、また増やせる。やめなければ、必ず戻せる。""}, {""panel_id"": 3, ""type"": ""dialogue"", ""speaker"": ""ミサキ（内心）"", ""text"": ""今夜も投稿する。それだけやればいい""}]",misaki_casual
102,テンプレ3,"◆【注意】【】で囲まれた単語は感情や状況の指示であり、画像内に文字として描画しないでください
◆【絶対最優先】必ずフルカラーにしてください
◆【絶対最優先】必ず日本のアニメ・マンガ調のイラストで描いてください。実写風・フォトリアル風は禁止です。
◆【絶対最優先】キャラクター外見: ミサキは添付のミサキ.pngと100%同一の外見で描画, ひなた（2歳期）は添付のひなた_2歳期.pngと100%同一の外見で描画
◆【補足情報】服装: ボーダー柄（白と紺）のカットソーにデニムパンツ、白いスニーカー（自宅・外出・育児中の普段着）
◆【コマ構成】テンプレ3: 上小＋下大
◆【出力サイズ】2:3
◆【補足情報】上下左右に50ピクセルの余白を設けてください
◆【作画】ジャンル: 副業に最適化した統一スタイル / 作画スタイル: 親しみやすく実践的,現代的なライフスタイル表現 / 色調: 明るく前向きな色調,オレンジ・青・黄色基調,活力ある配色 / 線画: 親しみやすい柔らかな線,カジュアルで読みやすい表現 / 演出: パソコン作業,スマホ,時計,収入の可視化,必要に応じて集中線,効果線,擬音などのマンガらしい演出
◆【ストーリー】
1コマ目 (上小): 夜のリビング。ひなたが寝た後、ミサキがソファで膝を抱えている。スマートフォンを持っているが画面は暗い。 セリフ: ［ミサキ（内心）］の吹き出しに「明日の面談……何を話せばいいんだろう」 ナレーション: ［四角枠］進捗報告の日が明日に迫っていた。 オノマトペ: なし
2コマ目 (下大): ミサキが顔を上げて窓の外を見る。夜の街が見える。目に強い光が宿っている。 セリフ: ［ミサキ（内心）］の吹き出しに「失敗じゃない。続けてきた。それが私の報告だ」 ナレーション: ［四角枠］どんな数字を持っていくより、正直に話すことを選んだ。 オノマトペ: なし","[{""panel_id"": 1, ""type"": ""dialogue"", ""speaker"": ""ミサキ（内心）"", ""text"": ""明日の面談……何を話せばいいんだろう""}, {""panel_id"": 1, ""type"": ""narration"", ""speaker"": null, ""text"": ""進捗報告の日が明日に迫っていた。""}, {""panel_id"": 2, ""type"": ""dialogue"", ""speaker"": ""ミサキ（内心）"", ""text"": ""失敗じゃない。続けてきた。それが私の報告だ""}, {""panel_id"": 2, ""type"": ""narration"", ""speaker"": null, ""text"": ""どんな数字を持っていくより、正直に話すことを選んだ。""}]",misaki_casual
103,テンプレ7,"◆【注意】【】で囲まれた単語は感情や状況の指示であり、画像内に文字として描画しないでください
◆【絶対最優先】必ずフルカラーにしてください
◆【絶対最優先】必ず日本のアニメ・マンガ調のイラストで描いてください。実写風・フォトリアル風は禁止です。
◆【絶対最優先】キャラクター外見: ミサキは添付のミサキ.pngと100%同一の外見で描画, タクヤは添付のタクヤ.pngと100%同一の外見で描画
◆【出力サイズ】2:3
◆【補足情報】上下左右に50ピクセルの余白を設けてください
◆【補足情報】服装: グレーのスウェット上下、髪を緩くまとめ、素足（深夜〜早朝のPC作業・在宅集中タイム）
◆【コマ構成】テンプレ7: 上右左2コマ＋下1コマ
◆【作画】ジャンル: 副業に最適化した統一スタイル / 作画スタイル: 親しみやすく実践的,現代的なライフスタイル表現 / 色調: 明るく前向きな色調,オレンジ・青・黄色基調,活力ある配色 / 線画: 親しみやすい柔らかな線,カジュアルで読みやすい表現 / 演出: パソコン作業,スマホ,時計,収入の可視化,必要に応じて集中線,効果線,擬音などのマンガらしい演出
◆【ストーリー】
1コマ目 (上右): タクヤが続ける。 セリフ: ［タクヤ］の吹き出しに「1週間休んでもいい。1ヶ月休んでもいい。また始めればいい」 ナレーション: なし オノマトペ: なし
2コマ目 (上左): ミサキが驚いた顔で返す。 セリフ: ［ミサキ］の吹き出しに「……そんなに？」 ナレーション: なし オノマトペ: なし
3コマ目 (下段): タクヤが静かに、しかし確かに言う。 セリフ: ［タクヤ］の吹き出しに「大事なのは、またやること。それだけです」 ナレーション: ［四角枠］シンプルな言葉だった。でも、その簡単さが、ミサキには救いだった。 オノマトペ: なし","[{""panel_id"": 1, ""type"": ""dialogue"", ""speaker"": ""タクヤ"", ""text"": ""1週間休んでもいい。1ヶ月休んでもいい。また始めればいい""}, {""panel_id"": 2, ""type"": ""dialogue"", ""speaker"": ""ミサキ"", ""text"": ""……そんなに？""}, {""panel_id"": 3, ""type"": ""dialogue"", ""speaker"": ""タクヤ"", ""text"": ""大事なのは、またやること。それだけです""}, {""panel_id"": 3, ""type"": ""narration"", ""speaker"": null, ""text"": ""シンプルな言葉だった。でも、その簡単さが、ミサキには救いだった。""}]",misaki_work_home
104,テンプレ3,"◆【注意】【】で囲まれた単語は感情や状況の指示であり、画像内に文字として描画しないでください
◆【絶対最優先】必ずフルカラーにしてください
◆【絶対最優先】必ず日本のアニメ・マンガ調のイラストで描いてください。実写風・フォトリアル風は禁止です。
◆【絶対最優先】キャラクター外見: ミサキは添付のミサキ.pngと100%同一の外見で描画
◆【補足情報】服装: グレーのスウェット上下、髪を緩くまとめ、素足（深夜〜早朝のPC作業・在宅集中タイム）
◆【コマ構成】テンプレ3: 上小＋下大
◆【出力サイズ】2:3
◆【補足情報】上下左右に50ピクセルの余白を設けてください
◆【作画】ジャンル: 副業に最適化した統一スタイル / 作画スタイル: 親しみやすく実践的,現代的なライフスタイル表現 / 色調: 明るく前向きな色調,オレンジ・青・黄色基調,活力ある配色 / 線画: 親しみやすい柔らかな線,カジュアルで読みやすい表現 / 演出: パソコン作業,スマホ,時計,収入の可視化,必要に応じて集中線,効果線,擬音などのマンガらしい演出
◆【ストーリー】
1コマ目 (上小): ミサキが手帳を開いている。3ヶ月間の投稿数「87回」と書いてある。 セリフ: なし ナレーション: ［四角枠］3ヶ月で87回の投稿。全部自分の言葉で書いた。 オノマトペ: なし
2コマ目 (下大): ミサキが正面を向いて、静かな自信をたたえた表情でカメラ目線（読者目線）。背景はパソコンのある作業スペース。 セリフ: ［ミサキ（内心）］の吹き出しに「続けることが、私の証明だ」 ナレーション: ［四角枠］誰かに認められなくていい。自分が続けている事実が、答えだった。 オノマトペ: なし","[{""panel_id"": 1, ""type"": ""narration"", ""speaker"": null, ""text"": ""3ヶ月で87回の投稿。全部自分の言葉で書いた。""}, {""panel_id"": 2, ""type"": ""dialogue"", ""speaker"": ""ミサキ（内心）"", ""text"": ""続けることが、私の証明だ""}, {""panel_id"": 2, ""type"": ""narration"", ""speaker"": null, ""text"": ""誰かに認められなくていい。自分が続けている事実が、答えだった。""}, {""panel_id"": 2, ""type"": ""narration"", ""speaker"": null, ""text"": ""数字が増えるたびに、ミサキの中の何かが確かに育っていた。""}]",misaki_work_home
105,テンプレ5,"◆【注意】【】で囲まれた単語は感情や状況の指示であり、画像内に文字として描画しないでください
◆【絶対最優先】必ずフルカラーにしてください
◆【絶対最優先】必ず日本のアニメ・マンガ調のイラストで描いてください。実写風・フォトリアル風は禁止です。
◆【絶対最優先】キャラクター外見: ミサキは添付のミサキ.pngと100%同一の外見で描画
◆【出力サイズ】2:3
◆【補足情報】上下左右に50ピクセルの余白を設けてください
◆【補足情報】服装: グレーのスウェット上下、髪を緩くまとめ、素足（深夜〜早朝のPC作業・在宅集中タイム）
◆【コマ構成】テンプレ5: 上中下3段
◆【作画】ジャンル: 副業に最適化した統一スタイル / 作画スタイル: 親しみやすく実践的,現代的なライフスタイル表現 / 色調: 明るく前向きな色調,オレンジ・青・黄色基調,活力ある配色 / 線画: 親しみやすい柔らかな線,カジュアルで読みやすい表現 / 演出: パソコン作業,スマホ,時計,収入の可視化,必要に応じて集中線,効果線,擬音などのマンガらしい演出
◆【ストーリー】
1コマ目 (上段): 深夜。ミサキがノートパソコンを開く。久しぶりの感覚。 セリフ: なし ナレーション: ［四角枠］面談の翌日。ひなたが寝た後、ミサキはまたパソコンを開いた。 オノマトペ: カチャ
2コマ目 (中段): Claudeに長い指示を打ち込む。「ひなたが風邪で3日間投稿できなかった。フォロワーが減って落ち込んだけど——」 セリフ: なし ナレーション: ［四角枠］同じ経験をした誰かに「大丈夫だよ」と伝えたい——ミサキはその気持ちをそのまま打ち込んだ。 オノマトペ: カチカチカチ
3コマ目 (下段): 完成した文章を読んでミサキが目を潤ませる。 セリフ: ［ミサキ（内心）］の吹き出しに「……出来上がった投稿を読んで、ちょっと泣きそうになった」 ナレーション: なし オノマトペ: なし","[{""panel_id"": 1, ""type"": ""narration"", ""speaker"": null, ""text"": ""面談の翌日。ひなたが寝た後、ミサキはまたパソコンを開いた。""}, {""panel_id"": 2, ""type"": ""narration"", ""speaker"": null, ""text"": ""同じ経験をした誰かに「大丈夫だよ」と伝えたい——ミサキはその気持ちをそのまま打ち込んだ。""}, {""panel_id"": 3, ""type"": ""dialogue"", ""speaker"": ""ミサキ（内心）"", ""text"": ""……出来上がった投稿を読んで、ちょっと泣きそうになった""}]",misaki_work_home
106,テンプレ3,"◆【注意】【】で囲まれた単語は感情や状況の指示であり、画像内に文字として描画しないでください
◆【絶対最優先】必ずフルカラーにしてください
◆【絶対最優先】必ず日本のアニメ・マンガ調のイラストで描いてください。実写風・フォトリアル風は禁止です。
◆【絶対最優先】キャラクター外見: ミサキは添付のミサキ.pngと100%同一の外見で描画
◆【出力サイズ】2:3
◆【補足情報】上下左右に50ピクセルの余白を設けてください
◆【補足情報】服装: グレーのスウェット上下、髪を緩くまとめ、素足（深夜〜早朝のPC作業・在宅集中タイム）
◆【コマ構成】テンプレ3: 上小下大
◆【作画】ジャンル: 副業に最適化した統一スタイル / 作画スタイル: 親しみやすく実践的,現代的なライフスタイル表現 / 色調: 明るく前向きな色調,オレンジ・青・黄色基調,活力ある配色 / 線画: 親しみやすい柔らかな線,カジュアルで読みやすい表現 / 演出: パソコン作業,スマホ,時計,収入の可視化,必要に応じて集中線,効果線,擬音などのマンガらしい演出
◆【ストーリー】
1コマ目 (上・小): コメント2件がスマホに届く。ミサキが目を見開く。 セリフ: なし ナレーション: ［四角枠］たった2件。でもミサキには、1000件のいいねより重かった。 オノマトペ: ピロン
2コマ目 (下・大): ミサキが画面を見つめたまま静かに涙を拭く。表情は穏やかで、充実している。背景に柔らかいオレンジの光。 セリフ: なし ナレーション: ［四角枠］きれいごとじゃない投稿のほうが、届く。完璧じゃないからこそ、共感される。——その事実を、ミサキは体で知った。 オノマトペ: なし","[{""panel_id"": 1, ""type"": ""narration"", ""speaker"": null, ""text"": ""たった2件。でもミサキには、1000件のいいねより重かった。""}, {""panel_id"": 2, ""type"": ""narration"", ""speaker"": null, ""text"": ""きれいごとじゃない投稿のほうが、届く。完璧じゃないからこそ、共感される。——その事実を、ミサキは体で知った。""}]",misaki_work_home
107,テンプレ2,"◆【注意】【】で囲まれた単語は感情や状況の指示であり、画像内に文字として描画しないでください
◆【絶対最優先】必ずフルカラーにしてください
◆【絶対最優先】必ず日本のアニメ・マンガ調のイラストで描いてください。実写風・フォトリアル風は禁止です。
◆【絶対最優先】キャラクター外見: ミサキは添付のミサキ.pngと100%同一の外見で描画
◆【出力サイズ】2:3
◆【補足情報】上下左右に50ピクセルの余白を設けてください
◆【補足情報】服装: グレーのスウェット上下、髪を緩くまとめ、素足（深夜〜早朝のPC作業・在宅集中タイム）
◆【コマ構成】テンプレ2: 上下均等2コマ
◆【作画】ジャンル: 副業に最適化した統一スタイル / 作画スタイル: 親しみやすく実践的,現代的なライフスタイル表現 / 色調: 明るく前向きな色調,オレンジ・青・黄色基調,活力ある配色 / 線画: 親しみやすい柔らかな線,カジュアルで読みやすい表現 / 演出: パソコン作業,スマホ,時計,収入の可視化,必要に応じて集中線,効果線,擬音などのマンガらしい演出
◆【ストーリー】
1コマ目 (上段): ミサキが翌日も投稿する。その翌日も。カレンダーに連続してマークが入っていく。 セリフ: なし ナレーション: ［四角枠］翌日も投稿した。その翌日も。3日休んでも、また始めた。 オノマトペ: なし
2コマ目 (下段): ひなたを抱いて窓の外を見るミサキ。朝の光が差し込む。穏やかな強さのある表情。 セリフ: ［ミサキ（内心）］の吹き出しに「それだけのことが、一番難しくて、一番大事だった」 ナレーション: なし オノマトペ: なし","[{""panel_id"": 1, ""type"": ""narration"", ""speaker"": null, ""text"": ""翌日も投稿した。その翌日も。3日休んでも、また始めた。""}, {""panel_id"": 2, ""type"": ""dialogue"", ""speaker"": ""ミサキ（内心）"", ""text"": ""それだけのことが、一番難しくて、一番大事だった""}, {""panel_id"": 2, ""type"": ""narration"", ""speaker"": null, ""text"": ""一日も止まらなかった日はない。でも一度も完全にやめなかった。その差が、すべてだった。""}]",misaki_work_home
108,テンプレ1,"◆【注意】【】で囲まれた単語は感情や状況の指示であり、画像内に文字として描画しないでください
◆【絶対最優先】必ずフルカラーにしてください
◆【絶対最優先】必ず日本のアニメ・マンガ調のイラストで描いてください。実写風・フォトリアル風は禁止です。
◆【絶対最優先】キャラクター外見: ミサキは添付のミサキ.pngと100%同一の外見で描画, ひなた（2歳期）は添付のひなた_2歳期.pngと100%同一の外見で描画
◆【補足情報】服装: ボーダー柄（白と紺）のカットソーにデニムパンツ、白いスニーカー（自宅・外出・育児中の普段着）
◆【コマ構成】テンプレ1: ページ全体1コマ
◆【出力サイズ】2:3
◆【補足情報】上下左右に50ピクセルの余白を設けてください
◆【作画】ジャンル: 副業に最適化した統一スタイル / 作画スタイル: 親しみやすく実践的,現代的なライフスタイル表現 / 色調: 明るく前向きな色調,オレンジ・青・黄色基調,活力ある配色 / 線画: 親しみやすい柔らかな線,カジュアルで読みやすい表現 / 演出: パソコン作業,スマホ,時計,収入の可視化,必要に応じて集中線,効果線,擬音などのマンガらしい演出
◆【ストーリー】
1コマ目 (全面): 昼間の公園。ミサキがひなたを抱っこしながら、空を見上げている。ひなたはミサキの肩にもたれて眠っている。青空にはふわりとした雲。ミサキの顔には穏やかな笑顔。集中線で光と希望を演出。 セリフ: ［ミサキ（内心）］の吹き出しに「続けた。それだけで、十分だった」 ナレーション: ［四角枠］第6章　終わり オノマトペ: なし","[{""panel_id"": 1, ""type"": ""dialogue"", ""speaker"": ""ミサキ（内心）"", ""text"": ""続けた。それだけで、十分だった""}, {""panel_id"": 1, ""type"": ""narration"", ""speaker"": null, ""text"": ""第6章　終わり""}, {""panel_id"": 1, ""type"": ""narration"", ""speaker"": null, ""text"": ""フォロワー40人超え、本物のコメント2件。数字は小さくても、ミサキの中では革命だった。""}, {""panel_id"": 1, ""type"": ""narration"", ""speaker"": null, ""text"": ""ひなたを抱きしめながら、ミサキは空を見上げた。まだ始まったばかり——でも、もう一歩進んでいた。""}]",misaki_casual
109,テキストページ,"◆【テキストページ】このページは画像生成不要。EPUB製本時にテキストとして直接レンダリングする。
◆【コラム原文】
【コラム⑦】「続ける」というキャリア戦略

キャリアコンサルタントの視点から。

育児中のキャリア構築で最も多い失敗パターンは、「始めないこと」ではなく「一度止まったら、そのまま終わること」だ。

毎日投稿・毎日勉強——子供は熱を出す。夜泣きで寝不足になる。コントロールできない変数が多すぎる。そんな環境で「完璧な継続」を目指すと、最初の中断で心が折れる。それは能力の問題ではなく、目標設定の問題だ。

「細く長く」が最強の戦略。30分×週2日を1年続ければ約100時間。100時間あれば、何かが形になる。一方、1日3時間×毎日を2週間で燃え尽きたら合計42時間で終わり。「細く長く」のほうが結果的に多くの時間を投資できる。中断しても再開できる仕組みを作ること——投稿テーマの週間計画、テンプレートの用意、AIとの事前相談——それが育児しながらキャリアを積む核心だ。完璧でなくていい。止まってもいい。でも、やめない。",[],
110,テキストページ,"◆【テキストページ】このページは画像生成不要。EPUB製本時にテキストとして直接レンダリングする。
◆【著者紹介】
著者紹介　Yuichi

キャリアコンサルタント／AIビジネスアドバイザー

人事と採用の分野で20年以上の経験を積み、転職・成長・転職管理に従事。

国家資格キャリアコンサルタントとして、これまで100名以上のキャリア支援を実施。

現在は、転職・育児・AIを主なテーマに情報発信を行うほか、中小企業の経営者に対してのAI活用・副業起業の支援を行っている。

非エンジニア向けのAI活用と、身近で使える「稼ぎ方のヒント」の提供を使命として、同分野の知識・ノウハウを提供している。

最新情報: info@ynfactory.online",[],
111,テキストページ,"◆【テキストページ】このページは画像生成不要。EPUB製本時にテキストとして直接レンダリングする。
◆【奥付】

【書名】
出産でキャリアを失った元事務職ママが、AIで初めて稼ぐまで　第3巻

【著者】
Yuichi

【発行所】
YN出版

【発行日】
2026年5月

本書の内容を無断で複製・転載・配信することを禁じます。
本書はフィクションです。登場する人名・団体の名はすべて架空のものであり、実在のものとは一切関係ありません。

© 2026 Yuichi / YN出版",[],
