"ページ番号","使用するコマ割りテンプレ","漫画作成のプロンプト","コマ別テキストJSON"
"1","テキストページ","◆【テキストページ】このページは画像生成不要。EPUB製本時にテキストとして直接レンダリングする。
◆【目次】
出産でキャリアを失った元事務職ママが、AIで初めて稼ぐまで　第3巻

【目次】

　第6話　はじめてのAI
　　コラム⑥
　第7話　毎日投稿という戦い
　　コラム⑦
　第8話　100人の意味
　　コラム⑧","[]"
"2","テンプレ1","◆【注意】【】で囲まれた単語は感情や状況の指示であり、画像内に文字として描画しないでください
◆【絶対最優先】必ずフルカラーにしてください
◆【絶対最優先】必ず日本のアニメ・マンガ調のイラストで描いてください。実写風・フォトリアル風は禁止です。
◆【絶対最優先】キャラクター外見: ミサキは添付のミサキ.pngと100%同一の外見で描画, ケンタは添付のケンタ.pngと100%同一の外見で描画, ひなた（2歳期）は添付のひなた_2歳期.pngと100%同一の外見で描画, タクヤは添付のタクヤ.pngと100%同一の外見で描画
◆【出力サイズ】9:16
◆【補足情報】上下左右に50ピクセルの余白を設けてください
◆【コマ構成】テンプレ1: ページ全体1コマ
◆【作画】ジャンル: 副業に最適化した統一スタイル / 作画スタイル: 親しみやすく実践的,現代的なライフスタイル表現 / 色調: 明るく前向きな色調,オレンジ・青・黄色基調,活力ある配色 / 線画: 親しみやすい柔らかな線,カジュアルで読みやすい表現 / 演出: キャラクター紹介ページ
◆【ストーリー】
1コマ目 (ページ全体): 登場人物紹介ページ。画面上部に「登場人物」のタイトル。キャラクターを縦に並べ、それぞれ全身イラスト＋横に名前と一行紹介。
・ミサキ: 32歳。主人公。AIを武器に発信を始める。
・ケンタ: 34歳。ミサキの夫。妻の挑戦を見守る。
・ひなた（2歳期）: ミサキとケンタの娘。元気いっぱいの2歳児。
・タクヤ: 42歳。ミサキのメンター。AI活用のプロ。
セリフ: なし ナレーション: なし オノマトペ: なし","[]"
"3","テキストページ","◆【テキストページ】このページは画像生成不要。EPUB製本時にテキストとして直接レンダリングする。
◆【前巻までのあらすじ】
【前巻（第1〜2巻）までのあらすじ】

佐藤ミサキ（32歳）は出産を機に退職し、「何者でもない自分」に絶望していた。

しかしケンタの後押しで自分のスキルを棚卸ししたミサキは、「事務しかやったことない」と思い込んでいた自分が、実は情報整理力・段取り力という強みを持っていることに気づく。

あるブログ記事がきっかけで知ったAI活用の可能性。メンターのタクヤが開催するウェビナーに参加したミサキは、「プログラミングスキルは不要。大事なのは""何をやりたいか""を言葉にする力」という言葉に心を動かされる。

貯金から9万円を投じてプログラムに申し込んだミサキ。それはスキルへの投資ではなく、「自分は変われる」という仮説への投資だった。","[]"
"4","テンプレ1","◆【注意】【】で囲まれた単語は感情や状況の指示であり、画像内に文字として描画しないでください
◆【絶対最優先】必ずフルカラーにしてください
◆【絶対最優先】必ず日本のアニメ・マンガ調のイラストで描いてください。実写風・フォトリアル風は禁止です。
◆【絶対最優先】キャラクター外見: ミサキは添付のミサキ.pngと100%同一の外見で描画
◆【出力サイズ】9:16
◆【補足情報】上下左右に50ピクセルの余白を設けてください
◆【補足情報】服装: ミサキ: ボーダー柄（白と紺）のカットソーにデニムパンツ、白いスニーカー
◆【コマ構成】テンプレ1: ページ全体1コマ
◆【作画】ジャンル: 副業に最適化した統一スタイル / 作画スタイル: 親しみやすく実践的,現代的なライフスタイル表現 / 色調: 明るく前向きな色調,オレンジ・青・黄色基調,活力ある配色 / 線画: 親しみやすい柔らかな線,カジュアルで読みやすい表現 / 演出: パソコン作業,スマホ,時計,収入の可視化,必要に応じて集中線,効果線,擬音などのマンガらしい演出
◆【ストーリー】
1コマ目 (ページ全体): 【タイトルページ】ダイニングテーブルにノートパソコンを置き、画面にはClaudeのチャット画面が映っている。ミサキが椅子に座り、画面を覗き込んでいる。背景にひなたが昼寝しているリビングが見える。タイトル「第6話 はじめてのClaude」が大きく配置。 セリフ: なし ナレーション: なし オノマトペ: なし","[]"
"5","テンプレ5","◆【注意】【】で囲まれた単語は感情や状況の指示であり、画像内に文字として描画しないでください
◆【絶対最優先】必ずフルカラーにしてください
◆【絶対最優先】必ず日本のアニメ・マンガ調のイラストで描いてください。実写風・フォトリアル風は禁止です。
◆【絶対最優先】キャラクター外見: ミサキは添付のミサキ.pngと100%同一の外見で描画, ひなたは添付のひなた.pngと100%同一の外見で描画
◆【出力サイズ】9:16
◆【補足情報】上下左右に50ピクセルの余白を設けてください
◆【補足情報】服装: ミサキ: ボーダー柄（白と紺）のカットソーにデニムパンツ、白いスニーカー / ひなた: ピンクのTシャツに白いズボン
◆【コマ構成】テンプレ5: 上・中・下3段
◆【作画】ジャンル: 副業に最適化した統一スタイル / 作画スタイル: 親しみやすく実践的,現代的なライフスタイル表現 / 色調: 明るく前向きな色調,オレンジ・青・黄色基調,活力ある配色 / 線画: 親しみやすい柔らかな線,カジュアルで読みやすい表現 / 演出: パソコン作業,スマホ,時計,収入の可視化,必要に応じて集中線,効果線,擬音などのマンガらしい演出
◆【ストーリー】
1コマ目 (上段): カレンダーのアップ。「初回面談」と書かれた日に丸がついている。 セリフ: なし ナレーション: ［四角枠］プログラムに申し込んでから一週間後——初回のオンライン面談の日が来た オノマトペ: なし
2コマ目 (中段): ミサキがひなたを寝室のベッドに寝かせている場面。優しくトントンしている。 セリフ: ［ミサキ］の吹き出しに「おやすみ、ひなた」 ナレーション: なし オノマトペ: すやすや…
3コマ目 (下段): ダイニングテーブルにノートパソコンを置き、Zoomを起動するミサキ。緊張した表情。 セリフ: なし ナレーション: ［四角枠］ひなたを昼寝させて、ノートパソコンを準備する オノマトペ: カチッ","[{""panel_id"": 1, ""type"": ""narration"", ""speaker"": null, ""text"": ""プログラムに申し込んでから一週間後——初回のオンライン面談の日が来た""}, {""panel_id"": 2, ""type"": ""dialogue"", ""speaker"": ""ミサキ"", ""text"": ""おやすみ、ひなた""}, {""panel_id"": 3, ""type"": ""narration"", ""speaker"": null, ""text"": ""ひなたを昼寝させて、ノートパソコンを準備する""}]"
"6","テンプレ6","◆【注意】【】で囲まれた単語は感情や状況の指示であり、画像内に文字として描画しないでください
◆【絶対最優先】必ずフルカラーにしてください
◆【絶対最優先】必ず日本のアニメ・マンガ調のイラストで描いてください。実写風・フォトリアル風は禁止です。
◆【絶対最優先】キャラクター外見: ミサキは添付のミサキ.pngと100%同一の外見で描画, タクヤは添付のタクヤ.pngと100%同一の外見で描画
◆【出力サイズ】9:16
◆【補足情報】上下左右に50ピクセルの余白を設けてください
◆【補足情報】服装: ミサキ: ボーダー柄（白と紺）のカットソーにデニムパンツ、白いスニーカー / タクヤ: 白い無地のシャツにベージュのチノパン、茶色の革靴
◆【コマ構成】テンプレ6: 上段1コマ + 下段左右2コマ
◆【作画】ジャンル: 副業に最適化した統一スタイル / 作画スタイル: 親しみやすく実践的,現代的なライフスタイル表現 / 色調: 明るく前向きな色調,オレンジ・青・黄色基調,活力ある配色 / 線画: 親しみやすい柔らかな線,カジュアルで読みやすい表現 / 演出: パソコン作業,スマホ,時計,収入の可視化,必要に応じて集中線,効果線,擬音などのマンガらしい演出
◆【ストーリー】
1コマ目 (上段): ノートパソコンの画面にタクヤが映っている。穏やかな笑顔。オンライン面談の画面。 セリフ: ［タクヤ］の吹き出しに「佐藤さん、こんにちは。今日はよろしくお願いします」 ナレーション: なし オノマトペ: なし
2コマ目 (下段左): ミサキの顔アップ。緊張して声が裏返っている表情。 セリフ: ［ミサキ］の吹き出しに「よ、よろしくお願いします」 ナレーション: なし オノマトペ: なし
3コマ目 (下段右): ミサキが自分の声の裏返りに気づいて恥ずかしそうにしている。 セリフ: なし ナレーション: ［四角枠］声が裏返った。緊張している オノマトペ: なし","[{""panel_id"": 1, ""type"": ""dialogue"", ""speaker"": ""タクヤ"", ""text"": ""佐藤さん、こんにちは。今日はよろしくお願いします""}, {""panel_id"": 2, ""type"": ""dialogue"", ""speaker"": ""ミサキ"", ""text"": ""よ、よろしくお願いします""}, {""panel_id"": 3, ""type"": ""narration"", ""speaker"": null, ""text"": ""声が裏返った。緊張している""}]"
"7","テンプレ5","◆【注意】【】で囲まれた単語は感情や状況の指示であり、画像内に文字として描画しないでください
◆【絶対最優先】必ずフルカラーにしてください
◆【絶対最優先】必ず日本のアニメ・マンガ調のイラストで描いてください。実写風・フォトリアル風は禁止です。
◆【絶対最優先】キャラクター外見: ミサキは添付のミサキ.pngと100%同一の外見で描画, タクヤは添付のタクヤ.pngと100%同一の外見で描画
◆【出力サイズ】9:16
◆【補足情報】上下左右に50ピクセルの余白を設けてください
◆【補足情報】服装: ミサキ: ボーダー柄（白と紺）のカットソーにデニムパンツ、白いスニーカー / タクヤ: 白い無地のシャツにベージュのチノパン、茶色の革靴
◆【コマ構成】テンプレ5: 上・中・下3段
◆【作画】ジャンル: 副業に最適化した統一スタイル / 作画スタイル: 親しみやすく実践的,現代的なライフスタイル表現 / 色調: 明るく前向きな色調,オレンジ・青・黄色基調,活力ある配色 / 線画: 親しみやすい柔らかな線,カジュアルで読みやすい表現 / 演出: パソコン作業,スマホ,時計,収入の可視化,必要に応じて集中線,効果線,擬音などのマンガらしい演出
◆【ストーリー】
1コマ目 (上段): パソコン画面のタクヤ。真剣な表情で話している。 セリフ: ［タクヤ］の吹き出しに「申し込みの動機に""AIに興味があります""って書いてくださってましたよね」 ナレーション: なし オノマトペ: なし
2コマ目 (中段): タクヤが身を乗り出して質問している画面。 セリフ: ［タクヤ］の吹き出しに「本当の理由、教えてもらえますか？」 ナレーション: なし オノマトペ: なし
3コマ目 (下段): ミサキが言葉に詰まっている表情のアップ。 セリフ: ［ミサキ］の吹き出しに「はい……」 ナレーション: ［四角枠］ミサキは一瞬、言葉に詰まった オノマトペ: なし","[{""panel_id"": 1, ""type"": ""dialogue"", ""speaker"": ""タクヤ"", ""text"": ""申し込みの動機に\""AIに興味があります\""って書いてくださってましたよね""}, {""panel_id"": 2, ""type"": ""dialogue"", ""speaker"": ""タクヤ"", ""text"": ""本当の理由、教えてもらえますか？""}, {""panel_id"": 3, ""type"": ""dialogue"", ""speaker"": ""ミサキ"", ""text"": ""はい……""}, {""panel_id"": 3, ""type"": ""narration"", ""speaker"": null, ""text"": ""ミサキは一瞬、言葉に詰まった""}]"
"8","テンプレ3","◆【注意】【】で囲まれた単語は感情や状況の指示であり、画像内に文字として描画しないでください
◆【絶対最優先】必ずフルカラーにしてください
◆【絶対最優先】必ず日本のアニメ・マンガ調のイラストで描いてください。実写風・フォトリアル風は禁止です。
◆【絶対最優先】キャラクター外見: ミサキは添付のミサキ.pngと100%同一の外見で描画
◆【出力サイズ】9:16
◆【補足情報】上下左右に50ピクセルの余白を設けてください
◆【補足情報】服装: ミサキ: ボーダー柄（白と紺）のカットソーにデニムパンツ、白いスニーカー
◆【コマ構成】テンプレ3: 上段小→下段大
◆【作画】ジャンル: 副業に最適化した統一スタイル / 作画スタイル: 親しみやすく実践的,現代的なライフスタイル表現 / 色調: 明るく前向きな色調,オレンジ・青・黄色基調,活力ある配色 / 線画: 親しみやすい柔らかな線,カジュアルで読みやすい表現 / 演出: パソコン作業,スマホ,時計,収入の可視化,必要に応じて集中線,効果線,擬音などのマンガらしい演出
◆【ストーリー】
1コマ目 (上段小): ミサキの手元アップ。膝の上で手をぎゅっと握りしめている。 セリフ: なし ナレーション: なし オノマトペ: ぎゅっ
2コマ目 (下段大): ミサキの表情。目を伏せながら、でも正直に話している。背景に暗いトーンのモヤがかかっている。 セリフ: ［ミサキ］の吹き出しに「育児中で、働きに出られなくて。でも家計が厳しくて。在宅で稼ぐ方法を探してたんです」 ナレーション: なし オノマトペ: なし","[{""panel_id"": 2, ""type"": ""dialogue"", ""speaker"": ""ミサキ"", ""text"": ""育児中で、働きに出られなくて。でも家計が厳しくて。在宅で稼ぐ方法を探してたんです""}]"
"9","テンプレ7","◆【注意】【】で囲まれた単語は感情や状況の指示であり、画像内に文字として描画しないでください
◆【絶対最優先】必ずフルカラーにしてください
◆【絶対最優先】必ず日本のアニメ・マンガ調のイラストで描いてください。実写風・フォトリアル風は禁止です。
◆【絶対最優先】キャラクター外見: ミサキは添付のミサキ.pngと100%同一の外見で描画, タクヤは添付のタクヤ.pngと100%同一の外見で描画
◆【出力サイズ】9:16
◆【補足情報】上下左右に50ピクセルの余白を設けてください
◆【補足情報】服装: ミサキ: ボーダー柄（白と紺）のカットソーにデニムパンツ、白いスニーカー / タクヤ: 白い無地のシャツにベージュのチノパン、茶色の革靴
◆【コマ構成】テンプレ7: 上段左右2コマ + 下段1コマ
◆【作画】ジャンル: 副業に最適化した統一スタイル / 作画スタイル: 親しみやすく実践的,現代的なライフスタイル表現 / 色調: 明るく前向きな色調,オレンジ・青・黄色基調,活力ある配色 / 線画: 親しみやすい柔らかな線,カジュアルで読みやすい表現 / 演出: パソコン作業,スマホ,時計,収入の可視化,必要に応じて集中線,効果線,擬音などのマンガらしい演出
◆【ストーリー】
1コマ目 (上段左): ミサキが自信なさげに話している。 セリフ: ［ミサキ］の吹き出しに「事務しかやったことなくて、何もスキルがなくて」 ナレーション: なし オノマトペ: なし
2コマ目 (上段右): タクヤが興味を持った表情。 セリフ: ［タクヤ］の吹き出しに「事務の経験があるんですね」 ［ミサキ］の吹き出しに「はい。5年間、経理部で」 ナレーション: なし オノマトペ: なし
3コマ目 (下段): タクヤが笑顔で指を立てている画面。ミサキが驚いている。 セリフ: ［タクヤ］の吹き出しに「それ、かなりの強みですよ」 ［ミサキ］の吹き出しに「え？」 ナレーション: なし オノマトペ: なし","[{""panel_id"": 1, ""type"": ""dialogue"", ""speaker"": ""ミサキ"", ""text"": ""事務しかやったことなくて、何もスキルがなくて""}, {""panel_id"": 2, ""type"": ""dialogue"", ""speaker"": ""タクヤ"", ""text"": ""事務の経験があるんですね""}, {""panel_id"": 2, ""type"": ""dialogue"", ""speaker"": ""ミサキ"", ""text"": ""はい。5年間、経理部で""}, {""panel_id"": 3, ""type"": ""dialogue"", ""speaker"": ""タクヤ"", ""text"": ""それ、かなりの強みですよ""}, {""panel_id"": 3, ""type"": ""dialogue"", ""speaker"": ""ミサキ"", ""text"": ""え？""}]"
"10","テンプレ5","◆【注意】【】で囲まれた単語は感情や状況の指示であり、画像内に文字として描画しないでください
◆【絶対最優先】必ずフルカラーにしてください
◆【絶対最優先】必ず日本のアニメ・マンガ調のイラストで描いてください。実写風・フォトリアル風は禁止です。
◆【絶対最優先】キャラクター外見: ミサキは添付のミサキ.pngと100%同一の外見で描画, タクヤは添付のタクヤ.pngと100%同一の外見で描画
◆【出力サイズ】9:16
◆【補足情報】上下左右に50ピクセルの余白を設けてください
◆【補足情報】服装: ミサキ: ボーダー柄（白と紺）のカットソーにデニムパンツ、白いスニーカー / タクヤ: 白い無地のシャツにベージュのチノパン、茶色の革靴
◆【コマ構成】テンプレ5: 上・中・下3段
◆【作画】ジャンル: 副業に最適化した統一スタイル / 作画スタイル: 親しみやすく実践的,現代的なライフスタイル表現 / 色調: 明るく前向きな色調,オレンジ・青・黄色基調,活力ある配色 / 線画: 親しみやすい柔らかな線,カジュアルで読みやすい表現 / 演出: パソコン作業,スマホ,時計,収入の可視化,必要に応じて集中線,効果線,擬音などのマンガらしい演出
◆【ストーリー】
1コマ目 (上段): タクヤが確認している画面。 セリフ: ［タクヤ］の吹き出しに「パソコンは使えますか？」 ナレーション: なし オノマトペ: なし
2コマ目 (中段): ミサキが少し自信なさげに答えている。 セリフ: ［ミサキ］の吹き出しに「Excel、Word、メールくらいなら……」 ナレーション: なし オノマトペ: なし
3コマ目 (下段): タクヤが明るい笑顔で。 セリフ: ［タクヤ］の吹き出しに「十分です。じゃあ、今日はClaudeというツールを触ってみましょう」 ナレーション: なし オノマトペ: なし","[{""panel_id"": 1, ""type"": ""dialogue"", ""speaker"": ""タクヤ"", ""text"": ""パソコンは使えますか？""}, {""panel_id"": 2, ""type"": ""dialogue"", ""speaker"": ""ミサキ"", ""text"": ""Excel、Word、メールくらいなら……""}, {""panel_id"": 3, ""type"": ""dialogue"", ""speaker"": ""タクヤ"", ""text"": ""十分です。じゃあ、今日はClaudeというツールを触ってみましょう""}]"
"11","テンプレ6","◆【注意】【】で囲まれた単語は感情や状況の指示であり、画像内に文字として描画しないでください
◆【絶対最優先】必ずフルカラーにしてください
◆【絶対最優先】必ず日本のアニメ・マンガ調のイラストで描いてください。実写風・フォトリアル風は禁止です。
◆【絶対最優先】キャラクター外見: ミサキは添付のミサキ.pngと100%同一の外見で描画, タクヤは添付のタクヤ.pngと100%同一の外見で描画
◆【出力サイズ】9:16
◆【補足情報】上下左右に50ピクセルの余白を設けてください
◆【補足情報】服装: ミサキ: ボーダー柄（白と紺）のカットソーにデニムパンツ、白いスニーカー / タクヤ: 白い無地のシャツにベージュのチノパン、茶色の革靴
◆【コマ構成】テンプレ6: 上段1コマ + 下段左右2コマ
◆【作画】ジャンル: 副業に最適化した統一スタイル / 作画スタイル: 親しみやすく実践的,現代的なライフスタイル表現 / 色調: 明るく前向きな色調,オレンジ・青・黄色基調,活力ある配色 / 線画: 親しみやすい柔らかな線,カジュアルで読みやすい表現 / 演出: パソコン作業,スマホ,時計,収入の可視化,必要に応じて集中線,効果線,擬音などのマンガらしい演出
◆【ストーリー】
1コマ目 (上段): ミサキがパソコン画面を見ながら困惑している。タクヤが画面共有でアプリのアイコンを見せている。 セリフ: ［ミサキ］の吹き出しに「えっと、クロード・コード……？」 ナレーション: ［四角枠］壁① プログラミング オノマトペ: なし
2コマ目 (下段左): ミサキが正直に不安を打ち明けている。 セリフ: ［ミサキ］の吹き出しに「私、プログラミングとか全然できないんですけど……」 ナレーション: なし オノマトペ: なし
3コマ目 (下段右): タクヤが優しく笑っている。嫌な笑い方ではない温かい表情。 セリフ: ［タクヤ］の吹き出しに「大丈夫です。Claudeは、日本語で話しかけるだけで使えます」 ナレーション: なし オノマトペ: なし","[{""panel_id"": 1, ""type"": ""dialogue"", ""speaker"": ""ミサキ"", ""text"": ""えっと、クロード・コード……？""}, {""panel_id"": 1, ""type"": ""narration"", ""speaker"": null, ""text"": ""壁① プログラミング""}, {""panel_id"": 2, ""type"": ""dialogue"", ""speaker"": ""ミサキ"", ""text"": ""私、プログラミングとか全然できないんですけど……""}, {""panel_id"": 3, ""type"": ""dialogue"", ""speaker"": ""タクヤ"", ""text"": ""大丈夫です。Claudeは、日本語で話しかけるだけで使えます""}]"
"12","テンプレ5","◆【注意】【】で囲まれた単語は感情や状況の指示であり、画像内に文字として描画しないでください
◆【絶対最優先】必ずフルカラーにしてください
◆【絶対最優先】必ず日本のアニメ・マンガ調のイラストで描いてください。実写風・フォトリアル風は禁止です。
◆【絶対最優先】キャラクター外見: ミサキは添付のミサキ.pngと100%同一の外見で描画, タクヤは添付のタクヤ.pngと100%同一の外見で描画
◆【出力サイズ】9:16
◆【補足情報】上下左右に50ピクセルの余白を設けてください
◆【補足情報】服装: ミサキ: ボーダー柄（白と紺）のカットソーにデニムパンツ、白いスニーカー / タクヤ: 白い無地のシャツにベージュのチノパン、茶色の革靴
◆【コマ構成】テンプレ5: 上・中・下3段
◆【作画】ジャンル: 副業に最適化した統一スタイル / 作画スタイル: 親しみやすく実践的,現代的なライフスタイル表現 / 色調: 明るく前向きな色調,オレンジ・青・黄色基調,活力ある配色 / 線画: 親しみやすい柔らかな線,カジュアルで読みやすい表現 / 演出: パソコン作業,スマホ,時計,収入の可視化,必要に応じて集中線,効果線,擬音などのマンガらしい演出
◆【ストーリー】
1コマ目 (上段): ミサキが驚いた表情。 セリフ: ［ミサキ］の吹き出しに「日本語で……？」 ナレーション: なし オノマトペ: なし
2コマ目 (中段): タクヤが丁寧に説明している。 セリフ: ［タクヤ］の吹き出しに「プログラミング言語は一切必要ありません。普段、人に話しかけるように伝えるだけです」 ナレーション: なし オノマトペ: なし
3コマ目 (下段): ミサキがまだ半信半疑。 セリフ: ［ミサキ］の吹き出しに「本当ですか？」 ［タクヤ］の吹き出しに「本当です。実際にやってみましょう」 ナレーション: なし オノマトペ: なし","[{""panel_id"": 1, ""type"": ""dialogue"", ""speaker"": ""ミサキ"", ""text"": ""日本語で……？""}, {""panel_id"": 2, ""type"": ""dialogue"", ""speaker"": ""タクヤ"", ""text"": ""プログラミング言語は一切必要ありません。普段、人に話しかけるように伝えるだけです""}, {""panel_id"": 3, ""type"": ""dialogue"", ""speaker"": ""ミサキ"", ""text"": ""本当ですか？""}, {""panel_id"": 3, ""type"": ""dialogue"", ""speaker"": ""タクヤ"", ""text"": ""本当です。実際にやってみましょう""}]"
"13","テンプレ4","◆【注意】【】で囲まれた単語は感情や状況の指示であり、画像内に文字として描画しないでください
◆【絶対最優先】必ずフルカラーにしてください
◆【絶対最優先】必ず日本のアニメ・マンガ調のイラストで描いてください。実写風・フォトリアル風は禁止です。
◆【絶対最優先】キャラクター外見: ミサキは添付のミサキ.pngと100%同一の外見で描画
◆【出力サイズ】9:16
◆【補足情報】上下左右に50ピクセルの余白を設けてください
◆【補足情報】服装: ミサキ: ボーダー柄（白と紺）のカットソーにデニムパンツ、白いスニーカー
◆【コマ構成】テンプレ4: 上段大→下段小
◆【作画】ジャンル: 副業に最適化した統一スタイル / 作画スタイル: 親しみやすく実践的,現代的なライフスタイル表現 / 色調: 明るく前向きな色調,オレンジ・青・黄色基調,活力ある配色 / 線画: 親しみやすい柔らかな線,カジュアルで読みやすい表現 / 演出: パソコン作業,スマホ,時計,収入の可視化,必要に応じて集中線,効果線,擬音などのマンガらしい演出
◆【ストーリー】
1コマ目 (上段大): ミサキがノートパソコンでClaudeのアプリを起動している。画面にはシンプルなチャットインターフェース。テキスト入力欄が見える。 セリフ: ［ミサキ］の吹き出しに「これ……普通のチャットアプリみたいですね」 ナレーション: ［四角枠］画面が開いた。テキストの入力欄がある。シンプルな画面だ オノマトペ: カチッ
2コマ目 (下段小): タクヤが画面越しに笑顔。 セリフ: ［タクヤ］の吹き出しに「そうなんです。LINEで友達に話しかけるのと、ほとんど同じ感覚です」 ナレーション: なし オノマトペ: なし","[{""panel_id"": 1, ""type"": ""dialogue"", ""speaker"": ""ミサキ"", ""text"": ""これ……普通のチャットアプリみたいですね""}, {""panel_id"": 1, ""type"": ""narration"", ""speaker"": null, ""text"": ""画面が開いた。テキストの入力欄がある。シンプルな画面だ""}, {""panel_id"": 2, ""type"": ""dialogue"", ""speaker"": ""タクヤ"", ""text"": ""そうなんです。LINEで友達に話しかけるのと、ほとんど同じ感覚です""}]"
"14","テンプレ7","◆【注意】【】で囲まれた単語は感情や状況の指示であり、画像内に文字として描画しないでください
◆【絶対最優先】必ずフルカラーにしてください
◆【絶対最優先】必ず日本のアニメ・マンガ調のイラストで描いてください。実写風・フォトリアル風は禁止です。
◆【絶対最優先】キャラクター外見: ミサキは添付のミサキ.pngと100%同一の外見で描画, タクヤは添付のタクヤ.pngと100%同一の外見で描画
◆【出力サイズ】9:16
◆【補足情報】上下左右に50ピクセルの余白を設けてください
◆【補足情報】服装: ミサキ: ボーダー柄（白と紺）のカットソーにデニムパンツ、白いスニーカー / タクヤ: 白い無地のシャツにベージュのチノパン、茶色の革靴
◆【コマ構成】テンプレ7: 上段左右2コマ + 下段1コマ
◆【作画】ジャンル: 副業に最適化した統一スタイル / 作画スタイル: 親しみやすく実践的,現代的なライフスタイル表現 / 色調: 明るく前向きな色調,オレンジ・青・黄色基調,活力ある配色 / 線画: 親しみやすい柔らかな線,カジュアルで読みやすい表現 / 演出: パソコン作業,スマホ,時計,収入の可視化,必要に応じて集中線,効果線,擬音などのマンガらしい演出
◆【ストーリー】
1コマ目 (上段左): ミサキがおそるおそる質問している。 セリフ: ［ミサキ］の吹き出しに「AIって、なんか難しい設定とかインストールとか必要なんじゃ……」 ナレーション: ［四角枠］壁② 黒い画面 オノマトペ: なし
2コマ目 (上段右): タクヤが安心させるように説明。 セリフ: ［タクヤ］の吹き出しに「ブラウザで使えます。今開いているこの画面で、もう使えてますよ」 ナレーション: なし オノマトペ: なし
3コマ目 (下段): ミサキが少し肩の力が抜けた表情。 セリフ: ［ミサキ］の吹き出しに「これだけ……？」 ［タクヤ］の吹き出しに「はい。怖くないでしょう？」 ナレーション: ［四角枠］ミサキは少しだけ肩の力が抜けた オノマトペ: なし","[{""panel_id"": 1, ""type"": ""dialogue"", ""speaker"": ""ミサキ"", ""text"": ""AIって、なんか難しい設定とかインストールとか必要なんじゃ……""}, {""panel_id"": 1, ""type"": ""narration"", ""speaker"": null, ""text"": ""壁② 黒い画面""}, {""panel_id"": 2, ""type"": ""dialogue"", ""speaker"": ""タクヤ"", ""text"": ""ブラウザで使えます。今開いているこの画面で、もう使えてますよ""}, {""panel_id"": 3, ""type"": ""dialogue"", ""speaker"": ""ミサキ"", ""text"": ""これだけ……？""}, {""panel_id"": 3, ""type"": ""dialogue"", ""speaker"": ""タクヤ"", ""text"": ""はい。怖くないでしょう？""}, {""panel_id"": 3, ""type"": ""narration"", ""speaker"": null, ""text"": ""ミサキは少しだけ肩の力が抜けた""}]"
"15","テンプレ6","◆【注意】【】で囲まれた単語は感情や状況の指示であり、画像内に文字として描画しないでください
◆【絶対最優先】必ずフルカラーにしてください
◆【絶対最優先】必ず日本のアニメ・マンガ調のイラストで描いてください。実写風・フォトリアル風は禁止です。
◆【絶対最優先】キャラクター外見: ミサキは添付のミサキ.pngと100%同一の外見で描画, タクヤは添付のタクヤ.pngと100%同一の外見で描画
◆【出力サイズ】9:16
◆【補足情報】上下左右に50ピクセルの余白を設けてください
◆【補足情報】服装: ミサキ: ボーダー柄（白と紺）のカットソーにデニムパンツ、白いスニーカー / タクヤ: 白い無地のシャツにベージュのチノパン、茶色の革靴
◆【コマ構成】テンプレ6: 上段1コマ + 下段左右2コマ
◆【作画】ジャンル: 副業に最適化した統一スタイル / 作画スタイル: 親しみやすく実践的,現代的なライフスタイル表現 / 色調: 明るく前向きな色調,オレンジ・青・黄色基調,活力ある配色 / 線画: 親しみやすい柔らかな線,カジュアルで読みやすい表現 / 演出: パソコン作業,スマホ,時計,収入の可視化,必要に応じて集中線,効果線,擬音などのマンガらしい演出
◆【ストーリー】
1コマ目 (上段): ミサキが申し訳なさそうに。 セリフ: ［ミサキ］の吹き出しに「英語、全然ダメなんです。AIって、英語で使うものですよね？」 ナレーション: ［四角枠］壁③ 英語 オノマトペ: なし
2コマ目 (下段左): タクヤがまた笑っている。 セリフ: ［タクヤ］の吹き出しに「やってみましょう。入力欄に、日本語で何か聞いてみてください」 ナレーション: なし オノマトペ: なし
3コマ目 (下段右): ミサキが首をかしげている。 セリフ: ［ミサキ］の吹き出しに「何を聞けばいいですか？」 ［タクヤ］の吹き出しに「何でもいいですよ。今日の晩ごはんの献立でも」 ナレーション: なし オノマトペ: なし","[{""panel_id"": 1, ""type"": ""dialogue"", ""speaker"": ""ミサキ"", ""text"": ""英語、全然ダメなんです。AIって、英語で使うものですよね？""}, {""panel_id"": 1, ""type"": ""narration"", ""speaker"": null, ""text"": ""壁③ 英語""}, {""panel_id"": 2, ""type"": ""dialogue"", ""speaker"": ""タクヤ"", ""text"": ""やってみましょう。入力欄に、日本語で何か聞いてみてください""}, {""panel_id"": 3, ""type"": ""dialogue"", ""speaker"": ""ミサキ"", ""text"": ""何を聞けばいいですか？""}, {""panel_id"": 3, ""type"": ""dialogue"", ""speaker"": ""タクヤ"", ""text"": ""何でもいいですよ。今日の晩ごはんの献立でも""}]"
"16","テンプレ3","◆【注意】【】で囲まれた単語は感情や状況の指示であり、画像内に文字として描画しないでください
◆【絶対最優先】必ずフルカラーにしてください
◆【絶対最優先】必ず日本のアニメ・マンガ調のイラストで描いてください。実写風・フォトリアル風は禁止です。
◆【絶対最優先】キャラクター外見: ミサキは添付のミサキ.pngと100%同一の外見で描画
◆【出力サイズ】9:16
◆【補足情報】上下左右に50ピクセルの余白を設けてください
◆【補足情報】服装: ミサキ: ボーダー柄（白と紺）のカットソーにデニムパンツ、白いスニーカー
◆【コマ構成】テンプレ3: 上段小→下段大
◆【作画】ジャンル: 副業に最適化した統一スタイル / 作画スタイル: 親しみやすく実践的,現代的なライフスタイル表現 / 色調: 明るく前向きな色調,オレンジ・青・黄色基調,活力ある配色 / 線画: 親しみやすい柔らかな線,カジュアルで読みやすい表現 / 演出: パソコン作業,スマホ,時計,収入の可視化,必要に応じて集中線,効果線,擬音などのマンガらしい演出
◆【ストーリー】
1コマ目 (上段小): ミサキの指がキーボードを恐る恐る叩いている手元のアップ。 セリフ: なし ナレーション: ［四角枠］ミサキは恐る恐る入力した オノマトペ: カタカタ…
2コマ目 (下段大): パソコン画面のアップ。入力欄に「今日の晩ごはん、冷蔵庫にキャベツと豚肉と卵があるんですけど、何か簡単に作れるものありますか？」と表示されている。エンターキーを押す瞬間。 セリフ: なし ナレーション: なし オノマトペ: ポチッ","[{""panel_id"": 1, ""type"": ""narration"", ""speaker"": null, ""text"": ""ミサキは恐る恐る入力した""}]"
"17","テンプレ1","◆【注意】【】で囲まれた単語は感情や状況の指示であり、画像内に文字として描画しないでください
◆【絶対最優先】必ずフルカラーにしてください
◆【絶対最優先】必ず日本のアニメ・マンガ調のイラストで描いてください。実写風・フォトリアル風は禁止です。
◆【絶対最優先】キャラクター外見: ミサキは添付のミサキ.pngと100%同一の外見で描画
◆【出力サイズ】9:16
◆【補足情報】上下左右に50ピクセルの余白を設けてください
◆【補足情報】服装: ミサキ: ボーダー柄（白と紺）のカットソーにデニムパンツ、白いスニーカー
◆【コマ構成】テンプレ1: ページ全体1コマ
◆【作画】ジャンル: 副業に最適化した統一スタイル / 作画スタイル: 親しみやすく実践的,現代的なライフスタイル表現 / 色調: 明るく前向きな色調,オレンジ・青・黄色基調,活力ある配色 / 線画: 親しみやすい柔らかな線,カジュアルで読みやすい表現 / 演出: パソコン作業,スマホ,時計,収入の可視化,必要に応じて集中線,効果線,擬音などのマンガらしい演出
◆【ストーリー】
1コマ目 (ページ全体): ミサキがパソコン画面を食い入るように見ている。画面にはClaudeの日本語の回答がずらりと表示されている（回鍋肉のレシピなど）。ミサキの目が大きく見開かれ、驚きの表情。背景に集中線。 セリフ: ［ミサキ］の吹き出しに「……日本語だ」 ナレーション: ［四角枠］数秒後、画面に文字が流れ始めた。日本語だった オノマトペ: ザーッ","[{""panel_id"": 1, ""type"": ""dialogue"", ""speaker"": ""ミサキ"", ""text"": ""……日本語だ""}, {""panel_id"": 1, ""type"": ""narration"", ""speaker"": null, ""text"": ""数秒後、画面に文字が流れ始めた。日本語だった""}]"
"18","テンプレ5","◆【注意】【】で囲まれた単語は感情や状況の指示であり、画像内に文字として描画しないでください
◆【絶対最優先】必ずフルカラーにしてください
◆【絶対最優先】必ず日本のアニメ・マンガ調のイラストで描いてください。実写風・フォトリアル風は禁止です。
◆【絶対最優先】キャラクター外見: ミサキは添付のミサキ.pngと100%同一の外見で描画, タクヤは添付のタクヤ.pngと100%同一の外見で描画
◆【出力サイズ】9:16
◆【補足情報】上下左右に50ピクセルの余白を設けてください
◆【補足情報】服装: ミサキ: ボーダー柄（白と紺）のカットソーにデニムパンツ、白いスニーカー / タクヤ: 白い無地のシャツにベージュのチノパン、茶色の革靴
◆【コマ構成】テンプレ5: 上・中・下3段
◆【作画】ジャンル: 副業に最適化した統一スタイル / 作画スタイル: 親しみやすく実践的,現代的なライフスタイル表現 / 色調: 明るく前向きな色調,オレンジ・青・黄色基調,活力ある配色 / 線画: 親しみやすい柔らかな線,カジュアルで読みやすい表現 / 演出: パソコン作業,スマホ,時計,収入の可視化,必要に応じて集中線,効果線,擬音などのマンガらしい演出
◆【ストーリー】
1コマ目 (上段): タクヤが得意げに微笑んでいる画面。 セリフ: ［タクヤ］の吹き出しに「でしょう？ 日本語で聞けば、日本語で答えてくれます」 ナレーション: なし オノマトペ: なし
2コマ目 (中段): ミサキが画面をじっと見て感心している。 セリフ: ［ミサキ］の吹き出しに「これ……すごいですね。普通に日本語で会話してるみたい」 ナレーション: なし オノマトペ: なし
3コマ目 (下段): タクヤが真面目な顔で説明。 セリフ: ［タクヤ］の吹き出しに「日本語でも十分実用的です。僕はほぼ全部日本語で使っています」 ナレーション: なし オノマトペ: なし","[{""panel_id"": 1, ""type"": ""dialogue"", ""speaker"": ""タクヤ"", ""text"": ""でしょう？ 日本語で聞けば、日本語で答えてくれます""}, {""panel_id"": 2, ""type"": ""dialogue"", ""speaker"": ""ミサキ"", ""text"": ""これ……すごいですね。普通に日本語で会話してるみたい""}, {""panel_id"": 3, ""type"": ""dialogue"", ""speaker"": ""タクヤ"", ""text"": ""日本語でも十分実用的です。僕はほぼ全部日本語で使っています""}]"
"19","テンプレ1","◆【注意】【】で囲まれた単語は感情や状況の指示であり、画像内に文字として描画しないでください
◆【絶対最優先】必ずフルカラーにしてください
◆【絶対最優先】必ず日本のアニメ・マンガ調のイラストで描いてください。実写風・フォトリアル風は禁止です。
◆【絶対最優先】キャラクター外見: ミサキは添付のミサキ.pngと100%同一の外見で描画
◆【出力サイズ】9:16
◆【補足情報】上下左右に50ピクセルの余白を設けてください
◆【補足情報】服装: ミサキ: ボーダー柄（白と紺）のカットソーにデニムパンツ、白いスニーカー
◆【コマ構成】テンプレ1: ページ全体1コマ
◆【作画】ジャンル: 副業に最適化した統一スタイル / 作画スタイル: 親しみやすく実践的,現代的なライフスタイル表現 / 色調: 明るく前向きな色調,オレンジ・青・黄色基調,活力ある配色 / 線画: 親しみやすい柔らかな線,カジュアルで読みやすい表現 / 演出: パソコン作業,スマホ,時計,収入の可視化,必要に応じて集中線,効果線,擬音などのマンガらしい演出
◆【ストーリー】
1コマ目 (ページ全体): 三つの壁が崩れ落ちるイメージ画。「プログラミング不要」「黒い画面じゃない」「英語もいらない」の文字が書かれた壁がガラガラと崩れている。その向こうにミサキが希望の光に包まれて立っている。 セリフ: なし ナレーション: ［四角枠］三つの壁が、あっけなく崩れた オノマトペ: ガラガラッ","[{""panel_id"": 1, ""type"": ""narration"", ""speaker"": null, ""text"": ""三つの壁が、あっけなく崩れた""}]"
"20","テンプレ5","◆【注意】【】で囲まれた単語は感情や状況の指示であり、画像内に文字として描画しないでください
◆【絶対最優先】必ずフルカラーにしてください
◆【絶対最優先】必ず日本のアニメ・マンガ調のイラストで描いてください。実写風・フォトリアル風は禁止です。
◆【絶対最優先】キャラクター外見: ミサキは添付のミサキ.pngと100%同一の外見で描画, タクヤは添付のタクヤ.pngと100%同一の外見で描画
◆【出力サイズ】9:16
◆【補足情報】上下左右に50ピクセルの余白を設けてください
◆【補足情報】服装: ミサキ: ボーダー柄（白と紺）のカットソーにデニムパンツ、白いスニーカー / タクヤ: 白い無地のシャツにベージュのチノパン、茶色の革靴
◆【コマ構成】テンプレ5: 上・中・下3段
◆【作画】ジャンル: 副業に最適化した統一スタイル / 作画スタイル: 親しみやすく実践的,現代的なライフスタイル表現 / 色調: 明るく前向きな色調,オレンジ・青・黄色基調,活力ある配色 / 線画: 親しみやすい柔らかな線,カジュアルで読みやすい表現 / 演出: パソコン作業,スマホ,時計,収入の可視化,必要に応じて集中線,効果線,擬音などのマンガらしい演出
◆【ストーリー】
1コマ目 (上段): ミサキがおそるおそる質問。 セリフ: ［ミサキ］の吹き出しに「じゃあ——本当に、私みたいな人でも使えるんですか？」 ナレーション: なし オノマトペ: なし
2コマ目 (中段): タクヤが穏やかに聞き返す。 セリフ: ［タクヤ］の吹き出しに「佐藤さん""みたいな人""って？」 ナレーション: なし オノマトペ: なし
3コマ目 (下段): ミサキが自信なく下を向いている。 セリフ: ［ミサキ］の吹き出しに「事務しかやったことない、スキルのない——」 ナレーション: なし オノマトペ: なし","[{""panel_id"": 1, ""type"": ""dialogue"", ""speaker"": ""ミサキ"", ""text"": ""じゃあ——本当に、私みたいな人でも使えるんですか？""}, {""panel_id"": 2, ""type"": ""dialogue"", ""speaker"": ""タクヤ"", ""text"": ""佐藤さん\""みたいな人\""って？""}, {""panel_id"": 3, ""type"": ""dialogue"", ""speaker"": ""ミサキ"", ""text"": ""事務しかやったことない、スキルのない——""}]"
"21","テンプレ7","◆【注意】【】で囲まれた単語は感情や状況の指示であり、画像内に文字として描画しないでください
◆【絶対最優先】必ずフルカラーにしてください
◆【絶対最優先】必ず日本のアニメ・マンガ調のイラストで描いてください。実写風・フォトリアル風は禁止です。
◆【絶対最優先】キャラクター外見: ミサキは添付のミサキ.pngと100%同一の外見で描画, タクヤは添付のタクヤ.pngと100%同一の外見で描画
◆【出力サイズ】9:16
◆【補足情報】上下左右に50ピクセルの余白を設けてください
◆【補足情報】服装: ミサキ: ボーダー柄（白と紺）のカットソーにデニムパンツ、白いスニーカー / タクヤ: 白い無地のシャツにベージュのチノパン、茶色の革靴
◆【コマ構成】テンプレ7: 上段左右2コマ + 下段1コマ
◆【作画】ジャンル: 副業に最適化した統一スタイル / 作画スタイル: 親しみやすく実践的,現代的なライフスタイル表現 / 色調: 明るく前向きな色調,オレンジ・青・黄色基調,活力ある配色 / 線画: 親しみやすい柔らかな線,カジュアルで読みやすい表現 / 演出: パソコン作業,スマホ,時計,収入の可視化,必要に応じて集中線,効果線,擬音などのマンガらしい演出
◆【ストーリー】
1コマ目 (上段左): タクヤが穏やかに遮る。手を挙げるジェスチャー。 セリフ: ［タクヤ］の吹き出しに「佐藤さん。さっき入力した文章、見てください」 ナレーション: なし オノマトペ: なし
2コマ目 (上段右): ミサキが戸惑った表情。 セリフ: ［ミサキ］の吹き出しに「え？」 ナレーション: なし オノマトペ: なし
3コマ目 (下段): パソコン画面に先ほどの入力文が表示されている。タクヤの声が画面外から。 セリフ: ［タクヤ］の吹き出しに「""キャベツと豚肉と卵がある、簡単に作れるもの""——これ、めちゃくちゃ良い指示なんですよ」 ナレーション: なし オノマトペ: なし","[{""panel_id"": 1, ""type"": ""dialogue"", ""speaker"": ""タクヤ"", ""text"": ""佐藤さん。さっき入力した文章、見てください""}, {""panel_id"": 2, ""type"": ""dialogue"", ""speaker"": ""ミサキ"", ""text"": ""え？""}, {""panel_id"": 3, ""type"": ""dialogue"", ""speaker"": ""タクヤ"", ""text"": ""\""キャベツと豚肉と卵がある、簡単に作れるもの\""——これ、めちゃくちゃ良い指示なんですよ""}]"
"22","テンプレ6","◆【注意】【】で囲まれた単語は感情や状況の指示であり、画像内に文字として描画しないでください
◆【絶対最優先】必ずフルカラーにしてください
◆【絶対最優先】必ず日本のアニメ・マンガ調のイラストで描いてください。実写風・フォトリアル風は禁止です。
◆【絶対最優先】キャラクター外見: ミサキは添付のミサキ.pngと100%同一の外見で描画, タクヤは添付のタクヤ.pngと100%同一の外見で描画
◆【出力サイズ】9:16
◆【補足情報】上下左右に50ピクセルの余白を設けてください
◆【補足情報】服装: ミサキ: ボーダー柄（白と紺）のカットソーにデニムパンツ、白いスニーカー / タクヤ: 白い無地のシャツにベージュのチノパン、茶色の革靴
◆【コマ構成】テンプレ6: 上段1コマ + 下段左右2コマ
◆【作画】ジャンル: 副業に最適化した統一スタイル / 作画スタイル: 親しみやすく実践的,現代的なライフスタイル表現 / 色調: 明るく前向きな色調,オレンジ・青・黄色基調,活力ある配色 / 線画: 親しみやすい柔らかな線,カジュアルで読みやすい表現 / 演出: パソコン作業,スマホ,時計,収入の可視化,必要に応じて集中線,効果線,擬音などのマンガらしい演出
◆【ストーリー】
1コマ目 (上段): タクヤが力強く説明している。背景に「条件が明確」「目的がはっきり」「制約条件」の文字が浮かんでいる。 セリフ: ［タクヤ］の吹き出しに「条件が明確で、目的がはっきりしていて、制約条件も伝えている。これは立派な""言語化力""です」 ナレーション: なし オノマトペ: なし
2コマ目 (下段左): ミサキが驚いた顔。 セリフ: ［ミサキ］の吹き出しに「え？ これが？」 ナレーション: なし オノマトペ: なし
3コマ目 (下段右): ミサキが画面を見つめている。自分が書いた一行の文章を見ている表情。 セリフ: なし ナレーション: ［四角枠］「良い指示」だと言われるとは思わなかった オノマトペ: なし","[{""panel_id"": 1, ""type"": ""dialogue"", ""speaker"": ""タクヤ"", ""text"": ""条件が明確で、目的がはっきりしていて、制約条件も伝えている。これは立派な\""言語化力\""です""}, {""panel_id"": 2, ""type"": ""dialogue"", ""speaker"": ""ミサキ"", ""text"": ""え？ これが？""}, {""panel_id"": 3, ""type"": ""narration"", ""speaker"": null, ""text"": ""「良い指示」だと言われるとは思わなかった""}]"
"23","テンプレ5","◆【注意】【】で囲まれた単語は感情や状況の指示であり、画像内に文字として描画しないでください
◆【絶対最優先】必ずフルカラーにしてください
◆【絶対最優先】必ず日本のアニメ・マンガ調のイラストで描いてください。実写風・フォトリアル風は禁止です。
◆【絶対最優先】キャラクター外見: ミサキは添付のミサキ.pngと100%同一の外見で描画, タクヤは添付のタクヤ.pngと100%同一の外見で描画
◆【出力サイズ】9:16
◆【補足情報】上下左右に50ピクセルの余白を設けてください
◆【補足情報】服装: ミサキ: ボーダー柄（白と紺）のカットソーにデニムパンツ、白いスニーカー / タクヤ: 白い無地のシャツにベージュのチノパン、茶色の革靴
◆【コマ構成】テンプレ5: 上・中・下3段
◆【作画】ジャンル: 副業に最適化した統一スタイル / 作画スタイル: 親しみやすく実践的,現代的なライフスタイル表現 / 色調: 明るく前向きな色調,オレンジ・青・黄色基調,活力ある配色 / 線画: 親しみやすい柔らかな線,カジュアルで読みやすい表現 / 演出: パソコン作業,スマホ,時計,収入の可視化,必要に応じて集中線,効果線,擬音などのマンガらしい演出
◆【ストーリー】
1コマ目 (上段): タクヤが笑いながら話題を変える。 セリフ: ［タクヤ］の吹き出しに「さて、晩ごはんの話はここまでにして」 ナレーション: なし オノマトペ: なし
2コマ目 (中段): タクヤが真剣な表情で質問。 セリフ: ［タクヤ］の吹き出しに「佐藤さん、本当にやりたいことは何ですか？」 ナレーション: なし オノマトペ: なし
3コマ目 (下段): ミサキが考え込んでいる。 セリフ: ［ミサキ］の吹き出しに「やりたいこと……」 ナレーション: ［四角枠］楽しく続けられること。仕事として。在宅で オノマトペ: なし","[{""panel_id"": 1, ""type"": ""dialogue"", ""speaker"": ""タクヤ"", ""text"": ""さて、晩ごはんの話はここまでにして""}, {""panel_id"": 2, ""type"": ""dialogue"", ""speaker"": ""タクヤ"", ""text"": ""佐藤さん、本当にやりたいことは何ですか？""}, {""panel_id"": 3, ""type"": ""dialogue"", ""speaker"": ""ミサキ"", ""text"": ""やりたいこと……""}, {""panel_id"": 3, ""type"": ""narration"", ""speaker"": null, ""text"": ""楽しく続けられること。仕事として。在宅で""}]"
"24","テンプレ7","◆【注意】【】で囲まれた単語は感情や状況の指示であり、画像内に文字として描画しないでください
◆【絶対最優先】必ずフルカラーにしてください
◆【絶対最優先】必ず日本のアニメ・マンガ調のイラストで描いてください。実写風・フォトリアル風は禁止です。
◆【絶対最優先】キャラクター外見: ミサキは添付のミサキ.pngと100%同一の外見で描画, タクヤは添付のタクヤ.pngと100%同一の外見で描画
◆【出力サイズ】9:16
◆【補足情報】上下左右に50ピクセルの余白を設けてください
◆【補足情報】服装: ミサキ: ボーダー柄（白と紺）のカットソーにデニムパンツ、白いスニーカー / タクヤ: 白い無地のシャツにベージュのチノパン、茶色の革靴
◆【コマ構成】テンプレ7: 上段左右2コマ + 下段1コマ
◆【作画】ジャンル: 副業に最適化した統一スタイル / 作画スタイル: 親しみやすく実践的,現代的なライフスタイル表現 / 色調: 明るく前向きな色調,オレンジ・青・黄色基調,活力ある配色 / 線画: 親しみやすい柔らかな線,カジュアルで読みやすい表現 / 演出: パソコン作業,スマホ,時計,収入の可視化,必要に応じて集中線,効果線,擬音などのマンガらしい演出
◆【ストーリー】
1コマ目 (上段左): ミサキが少しはにかみながら話している。 セリフ: ［ミサキ］の吹き出しに「育児のことなら、毎日やってるので詳しいかもしれません」 ナレーション: なし オノマトペ: なし
2コマ目 (上段右): タクヤがうなずいて深掘り。 セリフ: ［タクヤ］の吹き出しに「育児。いいですね。もう少し具体的に言うと？」 ナレーション: なし オノマトペ: なし
3コマ目 (下段): ミサキが少し熱を込めて話している。 セリフ: ［ミサキ］の吹き出しに「Instagramで、育児のことを発信してみたいなって。ワンオペで大変だった経験とか、同じ状況のママに役立つ情報とか」 ナレーション: なし オノマトペ: なし","[{""panel_id"": 1, ""type"": ""dialogue"", ""speaker"": ""ミサキ"", ""text"": ""育児のことなら、毎日やってるので詳しいかもしれません""}, {""panel_id"": 2, ""type"": ""dialogue"", ""speaker"": ""タクヤ"", ""text"": ""育児。いいですね。もう少し具体的に言うと？""}, {""panel_id"": 3, ""type"": ""dialogue"", ""speaker"": ""ミサキ"", ""text"": ""Instagramで、育児のことを発信してみたいなって。ワンオペで大変だった経験とか、同じ状況のママに役立つ情報とか""}]"
"25","テンプレ5","◆【注意】【】で囲まれた単語は感情や状況の指示であり、画像内に文字として描画しないでください
◆【絶対最優先】必ずフルカラーにしてください
◆【絶対最優先】必ず日本のアニメ・マンガ調のイラストで描いてください。実写風・フォトリアル風は禁止です。
◆【絶対最優先】キャラクター外見: ミサキは添付のミサキ.pngと100%同一の外見で描画, タクヤは添付のタクヤ.pngと100%同一の外見で描画
◆【出力サイズ】9:16
◆【補足情報】上下左右に50ピクセルの余白を設けてください
◆【補足情報】服装: ミサキ: ボーダー柄（白と紺）のカットソーにデニムパンツ、白いスニーカー / タクヤ: 白い無地のシャツにベージュのチノパン、茶色の革靴
◆【コマ構成】テンプレ5: 上・中・下3段
◆【作画】ジャンル: 副業に最適化した統一スタイル / 作画スタイル: 親しみやすく実践的,現代的なライフスタイル表現 / 色調: 明るく前向きな色調,オレンジ・青・黄色基調,活力ある配色 / 線画: 親しみやすい柔らかな線,カジュアルで読みやすい表現 / 演出: パソコン作業,スマホ,時計,収入の可視化,必要に応じて集中線,効果線,擬音などのマンガらしい演出
◆【ストーリー】
1コマ目 (上段): タクヤが前のめりに。 セリフ: ［タクヤ］の吹き出しに「いいじゃないですか。じゃあ、それをClaudeに相談してみましょう」 ナレーション: なし オノマトペ: なし
2コマ目 (中段): ミサキが驚いている。 セリフ: ［ミサキ］の吹き出しに「え、今ですか？」 ナレーション: なし オノマトペ: なし
3コマ目 (下段): タクヤが笑顔で促す。 セリフ: ［タクヤ］の吹き出しに「はい、今です。入力欄に、今言ったことをそのまま書いてみてください」 ナレーション: なし オノマトペ: なし","[{""panel_id"": 1, ""type"": ""dialogue"", ""speaker"": ""タクヤ"", ""text"": ""いいじゃないですか。じゃあ、それをClaudeに相談してみましょう""}, {""panel_id"": 2, ""type"": ""dialogue"", ""speaker"": ""ミサキ"", ""text"": ""え、今ですか？""}, {""panel_id"": 3, ""type"": ""dialogue"", ""speaker"": ""タクヤ"", ""text"": ""はい、今です。入力欄に、今言ったことをそのまま書いてみてください""}]"
"26","テンプレ2","◆【注意】【】で囲まれた単語は感情や状況の指示であり、画像内に文字として描画しないでください
◆【絶対最優先】必ずフルカラーにしてください
◆【絶対最優先】必ず日本のアニメ・マンガ調のイラストで描いてください。実写風・フォトリアル風は禁止です。
◆【絶対最優先】キャラクター外見: ミサキは添付のミサキ.pngと100%同一の外見で描画
◆【出力サイズ】9:16
◆【補足情報】上下左右に50ピクセルの余白を設けてください
◆【補足情報】服装: ミサキ: ボーダー柄（白と紺）のカットソーにデニムパンツ、白いスニーカー
◆【コマ構成】テンプレ2: 上下均等2分割
◆【作画】ジャンル: 副業に最適化した統一スタイル / 作画スタイル: 親しみやすく実践的,現代的なライフスタイル表現 / 色調: 明るく前向きな色調,オレンジ・青・黄色基調,活力ある配色 / 線画: 親しみやすい柔らかな線,カジュアルで読みやすい表現 / 演出: パソコン作業,スマホ,時計,収入の可視化,必要に応じて集中線,効果線,擬音などのマンガらしい演出
◆【ストーリー】
1コマ目 (上段): ミサキが真剣な表情でキーボードを打ち込んでいる。 セリフ: なし ナレーション: ［四角枠］ミサキは打ち込んだ——「育児中のママ向けにInstagramアカウントを始めたい。ワンオペ育児の経験を活かして発信したい」 オノマトペ: カタカタカタ
2コマ目 (下段): エンターキーを押す指のアップ。画面に文字が流れ始めている。 セリフ: なし ナレーション: ［四角枠］エンターを押す。画面に文字が流れ始めた オノマトペ: ポチッ","[{""panel_id"": 1, ""type"": ""narration"", ""speaker"": null, ""text"": ""ミサキは打ち込んだ——「育児中のママ向けにInstagramアカウントを始めたい。ワンオペ育児の経験を活かして発信したい」""}, {""panel_id"": 2, ""type"": ""narration"", ""speaker"": null, ""text"": ""エンターを押す。画面に文字が流れ始めた""}]"
"27","テンプレ1","◆【注意】【】で囲まれた単語は感情や状況の指示であり、画像内に文字として描画しないでください
◆【絶対最優先】必ずフルカラーにしてください
◆【絶対最優先】必ず日本のアニメ・マンガ調のイラストで描いてください。実写風・フォトリアル風は禁止です。
◆【絶対最優先】キャラクター外見: ミサキは添付のミサキ.pngと100%同一の外見で描画
◆【出力サイズ】9:16
◆【補足情報】上下左右に50ピクセルの余白を設けてください
◆【補足情報】服装: ミサキ: ボーダー柄（白と紺）のカットソーにデニムパンツ、白いスニーカー
◆【コマ構成】テンプレ1: ページ全体1コマ
◆【作画】ジャンル: 副業に最適化した統一スタイル / 作画スタイル: 親しみやすく実践的,現代的なライフスタイル表現 / 色調: 明るく前向きな色調,オレンジ・青・黄色基調,活力ある配色 / 線画: 親しみやすい柔らかな線,カジュアルで読みやすい表現 / 演出: パソコン作業,スマホ,時計,収入の可視化,必要に応じて集中線,効果線,擬音などのマンガらしい演出
◆【ストーリー】
1コマ目 (ページ全体): ミサキの目がどんどん大きくなっていく表情のアップ。背景にAIの回答テキストが帯状に流れている（ターゲット層分析、差別化ポイント、コンセプト案3つ、投稿頻度、フォロワー獲得戦略の文字が見える）。圧倒されている表情。 セリフ: ［ミサキ］の吹き出しに「……え？」 ナレーション: なし オノマトペ: ザーーッ","[{""panel_id"": 1, ""type"": ""dialogue"", ""speaker"": ""ミサキ"", ""text"": ""……え？""}]"
"28","テンプレ5","◆【注意】【】で囲まれた単語は感情や状況の指示であり、画像内に文字として描画しないでください
◆【絶対最優先】必ずフルカラーにしてください
◆【絶対最優先】必ず日本のアニメ・マンガ調のイラストで描いてください。実写風・フォトリアル風は禁止です。
◆【絶対最優先】キャラクター外見: ミサキは添付のミサキ.pngと100%同一の外見で描画, タクヤは添付のタクヤ.pngと100%同一の外見で描画
◆【出力サイズ】9:16
◆【補足情報】上下左右に50ピクセルの余白を設けてください
◆【補足情報】服装: ミサキ: ボーダー柄（白と紺）のカットソーにデニムパンツ、白いスニーカー / タクヤ: 白い無地のシャツにベージュのチノパン、茶色の革靴
◆【コマ構成】テンプレ5: 上・中・下3段
◆【作画】ジャンル: 副業に最適化した統一スタイル / 作画スタイル: 親しみやすく実践的,現代的なライフスタイル表現 / 色調: 明るく前向きな色調,オレンジ・青・黄色基調,活力ある配色 / 線画: 親しみやすい柔らかな線,カジュアルで読みやすい表現 / 演出: パソコン作業,スマホ,時計,収入の可視化,必要に応じて集中線,効果線,擬音などのマンガらしい演出
◆【ストーリー】
1コマ目 (上段): ミサキが感動した表情で画面を見ている。 セリフ: ［ミサキ］の吹き出しに「企画書みたい……。いや、企画書以上かもしれない」 ナレーション: なし オノマトペ: なし
2コマ目 (中段): タクヤが真剣に語っている。 セリフ: ［タクヤ］の吹き出しに「大事なのは、佐藤さんが""何をしたいか""を言葉にしたことです。AIはそれを具体的な形にしてくれる」 ナレーション: なし オノマトペ: なし
3コマ目 (下段): ミサキが画面を食い入るように読んでいる。 セリフ: ［ミサキ］の吹き出しに「これ……私が考えたみたい」 ナレーション: なし オノマトペ: なし","[{""panel_id"": 1, ""type"": ""dialogue"", ""speaker"": ""ミサキ"", ""text"": ""企画書みたい……。いや、企画書以上かもしれない""}, {""panel_id"": 2, ""type"": ""dialogue"", ""speaker"": ""タクヤ"", ""text"": ""大事なのは、佐藤さんが\""何をしたいか\""を言葉にしたことです。AIはそれを具体的な形にしてくれる""}, {""panel_id"": 3, ""type"": ""dialogue"", ""speaker"": ""ミサキ"", ""text"": ""これ……私が考えたみたい""}]"
"29","テンプレ3","◆【注意】【】で囲まれた単語は感情や状況の指示であり、画像内に文字として描画しないでください
◆【絶対最優先】必ずフルカラーにしてください
◆【絶対最優先】必ず日本のアニメ・マンガ調のイラストで描いてください。実写風・フォトリアル風は禁止です。
◆【絶対最優先】キャラクター外見: ミサキは添付のミサキ.pngと100%同一の外見で描画, タクヤは添付のタクヤ.pngと100%同一の外見で描画
◆【出力サイズ】9:16
◆【補足情報】上下左右に50ピクセルの余白を設けてください
◆【補足情報】服装: ミサキ: ボーダー柄（白と紺）のカットソーにデニムパンツ、白いスニーカー / タクヤ: 白い無地のシャツにベージュのチノパン、茶色の革靴
◆【コマ構成】テンプレ3: 上段小→下段大
◆【作画】ジャンル: 副業に最適化した統一スタイル / 作画スタイル: 親しみやすく実践的,現代的なライフスタイル表現 / 色調: 明るく前向きな色調,オレンジ・青・黄色基調,活力ある配色 / 線画: 親しみやすい柔らかな線,カジュアルで読みやすい表現 / 演出: パソコン作業,スマホ,時計,収入の可視化,必要に応じて集中線,効果線,擬音などのマンガらしい演出
◆【ストーリー】
1コマ目 (上段小): タクヤが穏やかに微笑んでいる画面。 セリフ: ［タクヤ］の吹き出しに「考えたんですよ。AIが形にしただけで、出発点は佐藤さんの言葉です」 ナレーション: なし オノマトペ: なし
2コマ目 (下段大): ミサキの目元がうるんでいる。パソコン画面の光に照らされた横顔。感動の表情。 セリフ: なし ナレーション: ［四角枠］出発点は、自分の言葉だった オノマトペ: なし","[{""panel_id"": 1, ""type"": ""dialogue"", ""speaker"": ""タクヤ"", ""text"": ""考えたんですよ。AIが形にしただけで、出発点は佐藤さんの言葉です""}, {""panel_id"": 2, ""type"": ""narration"", ""speaker"": null, ""text"": ""出発点は、自分の言葉だった""}]"
"30","テンプレ6","◆【注意】【】で囲まれた単語は感情や状況の指示であり、画像内に文字として描画しないでください
◆【絶対最優先】必ずフルカラーにしてください
◆【絶対最優先】必ず日本のアニメ・マンガ調のイラストで描いてください。実写風・フォトリアル風は禁止です。
◆【絶対最優先】キャラクター外見: ミサキは添付のミサキ.pngと100%同一の外見で描画, タクヤは添付のタクヤ.pngと100%同一の外見で描画, ひなたは添付のひなた.pngと100%同一の外見で描画
◆【出力サイズ】9:16
◆【補足情報】上下左右に50ピクセルの余白を設けてください
◆【補足情報】服装: ミサキ: ボーダー柄（白と紺）のカットソーにデニムパンツ、白いスニーカー / タクヤ: 白い無地のシャツにベージュのチノパン、茶色の革靴 / ひなた: ピンクのTシャツに白いズボン
◆【コマ構成】テンプレ6: 上段1コマ + 下段左右2コマ
◆【作画】ジャンル: 副業に最適化した統一スタイル / 作画スタイル: 親しみやすく実践的,現代的なライフスタイル表現 / 色調: 明るく前向きな色調,オレンジ・青・黄色基調,活力ある配色 / 線画: 親しみやすい柔らかな線,カジュアルで読みやすい表現 / 演出: パソコン作業,スマホ,時計,収入の可視化,必要に応じて集中線,効果線,擬音などのマンガらしい演出
◆【ストーリー】
1コマ目 (上段): 隣の部屋からひなたの泣き声が聞こえてくる。ミサキがハッとした表情。 セリフ: ［ミサキ］の吹き出しに「あ、すみません、子供が——」 ナレーション: なし オノマトペ: えーん
2コマ目 (下段左): タクヤが穏やかに手を振って。 セリフ: ［タクヤ］の吹き出しに「大丈夫ですよ。行ってあげてください」 ナレーション: なし オノマトペ: なし
3コマ目 (下段右): ミサキが急いでひなたを抱き上げている。ひなたが少し泣いている。 セリフ: なし ナレーション: ［四角枠］夢を見ていたのか、少し泣いただけですぐに落ち着いた オノマトペ: ぎゅっ","[{""panel_id"": 1, ""type"": ""dialogue"", ""speaker"": ""ミサキ"", ""text"": ""あ、すみません、子供が——""}, {""panel_id"": 2, ""type"": ""dialogue"", ""speaker"": ""タクヤ"", ""text"": ""大丈夫ですよ。行ってあげてください""}, {""panel_id"": 3, ""type"": ""narration"", ""speaker"": null, ""text"": ""夢を見ていたのか、少し泣いただけですぐに落ち着いた""}]"
"31","テンプレ5","◆【注意】【】で囲まれた単語は感情や状況の指示であり、画像内に文字として描画しないでください
◆【絶対最優先】必ずフルカラーにしてください
◆【絶対最優先】必ず日本のアニメ・マンガ調のイラストで描いてください。実写風・フォトリアル風は禁止です。
◆【絶対最優先】キャラクター外見: ミサキは添付のミサキ.pngと100%同一の外見で描画, タクヤは添付のタクヤ.pngと100%同一の外見で描画
◆【出力サイズ】9:16
◆【補足情報】上下左右に50ピクセルの余白を設けてください
◆【補足情報】服装: ミサキ: ボーダー柄（白と紺）のカットソーにデニムパンツ、白いスニーカー / タクヤ: 白い無地のシャツにベージュのチノパン、茶色の革靴
◆【コマ構成】テンプレ5: 上・中・下3段
◆【作画】ジャンル: 副業に最適化した統一スタイル / 作画スタイル: 親しみやすく実践的,現代的なライフスタイル表現 / 色調: 明るく前向きな色調,オレンジ・青・黄色基調,活力ある配色 / 線画: 親しみやすい柔らかな線,カジュアルで読みやすい表現 / 演出: パソコン作業,スマホ,時計,収入の可視化,必要に応じて集中線,効果線,擬音などのマンガらしい演出
◆【ストーリー】
1コマ目 (上段): ミサキが席に戻り、申し訳なさそうな表情。 セリフ: ［ミサキ］の吹き出しに「すみません……」 ナレーション: ［四角枠］戻ってくると、タクヤは穏やかに待っていた オノマトペ: なし
2コマ目 (中段): タクヤが真剣な表情で。 セリフ: ［タクヤ］の吹き出しに「謝らなくていいですよ。このプログラムは、こういうことを前提に設計しています」 ナレーション: なし オノマトペ: なし
3コマ目 (下段): タクヤが指を1本立てて伝えている。 セリフ: ［タクヤ］の吹き出しに「このプログラムに""遅れ""はありません。自分のペースで進めてください。大事なのは、止めないことです」 ナレーション: なし オノマトペ: なし","[{""panel_id"": 1, ""type"": ""dialogue"", ""speaker"": ""ミサキ"", ""text"": ""すみません……""}, {""panel_id"": 1, ""type"": ""narration"", ""speaker"": null, ""text"": ""戻ってくると、タクヤは穏やかに待っていた""}, {""panel_id"": 2, ""type"": ""dialogue"", ""speaker"": ""タクヤ"", ""text"": ""謝らなくていいですよ。このプログラムは、こういうことを前提に設計しています""}, {""panel_id"": 3, ""type"": ""dialogue"", ""speaker"": ""タクヤ"", ""text"": ""このプログラムに\""遅れ\""はありません。自分のペースで進めてください。大事なのは、止めないことです""}]"
"32","テンプレ4","◆【注意】【】で囲まれた単語は感情や状況の指示であり、画像内に文字として描画しないでください
◆【絶対最優先】必ずフルカラーにしてください
◆【絶対最優先】必ず日本のアニメ・マンガ調のイラストで描いてください。実写風・フォトリアル風は禁止です。
◆【絶対最優先】キャラクター外見: ミサキは添付のミサキ.pngと100%同一の外見で描画, ひなたは添付のひなた.pngと100%同一の外見で描画
◆【出力サイズ】9:16
◆【補足情報】上下左右に50ピクセルの余白を設けてください
◆【補足情報】服装: ミサキ: ボーダー柄（白と紺）のカットソーにデニムパンツ、白いスニーカー / ひなた: ピンクのTシャツに白いズボン
◆【コマ構成】テンプレ4: 上段大→下段小
◆【作画】ジャンル: 副業に最適化した統一スタイル / 作画スタイル: 親しみやすく実践的,現代的なライフスタイル表現 / 色調: 明るく前向きな色調,オレンジ・青・黄色基調,活力ある配色 / 線画: 親しみやすい柔らかな線,カジュアルで読みやすい表現 / 演出: パソコン作業,スマホ,時計,収入の可視化,必要に応じて集中線,効果線,擬音などのマンガらしい演出
◆【ストーリー】
1コマ目 (上段大): 面談後、パソコンを閉じたミサキがひなたを膝に乗せている。ひなたがミサキのシャツのボタンをいじっている。温かい親子の光景。 セリフ: なし ナレーション: ［四角枠］面談が終わった。パソコンを閉じて、ひなたを膝に乗せた オノマトペ: なし
2コマ目 (下段小): ミサキが考え込んでいる表情。 セリフ: なし ナレーション: ［四角枠］AIは日本語で使える。プログラミングはいらない。必要なのは「何をしたいか」を言葉にすること オノマトペ: なし","[{""panel_id"": 1, ""type"": ""narration"", ""speaker"": null, ""text"": ""面談が終わった。パソコンを閉じて、ひなたを膝に乗せた""}, {""panel_id"": 2, ""type"": ""narration"", ""speaker"": null, ""text"": ""AIは日本語で使える。プログラミングはいらない。必要なのは「何をしたいか」を言葉にすること""}]"
"33","テンプレ2","◆【注意】【】で囲まれた単語は感情や状況の指示であり、画像内に文字として描画しないでください
◆【絶対最優先】必ずフルカラーにしてください
◆【絶対最優先】必ず日本のアニメ・マンガ調のイラストで描いてください。実写風・フォトリアル風は禁止です。
◆【絶対最優先】キャラクター外見: ミサキは添付のミサキ.pngと100%同一の外見で描画
◆【出力サイズ】9:16
◆【補足情報】上下左右に50ピクセルの余白を設けてください
◆【補足情報】服装: ミサキ: ボーダー柄（白と紺）のカットソーにデニムパンツ、白いスニーカー
◆【コマ構成】テンプレ2: 上下均等2分割
◆【作画】ジャンル: 副業に最適化した統一スタイル / 作画スタイル: 親しみやすく実践的,現代的なライフスタイル表現 / 色調: 明るく前向きな色調,オレンジ・青・黄色基調,活力ある配色 / 線画: 親しみやすい柔らかな線,カジュアルで読みやすい表現 / 演出: パソコン作業,スマホ,時計,収入の可視化,必要に応じて集中線,効果線,擬音などのマンガらしい演出
◆【ストーリー】
1コマ目 (上段): ミサキの回想イメージ。事務職時代のデスクで報告書を整理しているシルエット。 セリフ: なし ナレーション: ［四角枠］事務職で培った「情報を整理して、わかりやすく伝える力」は、AIを使うために必要なスキルそのものかもしれない オノマトペ: なし
2コマ目 (下段): ミサキが少し驚いた、でも嬉しそうな表情。 セリフ: ［ミサキ］の吹き出しに「事務しかできないと思ってたのに……」 ナレーション: なし オノマトペ: なし","[{""panel_id"": 1, ""type"": ""narration"", ""speaker"": null, ""text"": ""事務職で培った「情報を整理して、わかりやすく伝える力」は、AIを使うために必要なスキルそのものかもしれない""}, {""panel_id"": 2, ""type"": ""dialogue"", ""speaker"": ""ミサキ"", ""text"": ""事務しかできないと思ってたのに……""}]"
"34","テンプレ5","◆【注意】【】で囲まれた単語は感情や状況の指示であり、画像内に文字として描画しないでください
◆【絶対最優先】必ずフルカラーにしてください
◆【絶対最優先】必ず日本のアニメ・マンガ調のイラストで描いてください。実写風・フォトリアル風は禁止です。
◆【絶対最優先】キャラクター外見: ミサキは添付のミサキ.pngと100%同一の外見で描画, ひなたは添付のひなた.pngと100%同一の外見で描画
◆【出力サイズ】9:16
◆【補足情報】上下左右に50ピクセルの余白を設けてください
◆【補足情報】服装: ミサキ: ボーダー柄（白と紺）のカットソーにデニムパンツ、白いスニーカー / ひなた: ピンクのTシャツに白いズボン
◆【コマ構成】テンプレ5: 上・中・下3段
◆【作画】ジャンル: 副業に最適化した統一スタイル / 作画スタイル: 親しみやすく実践的,現代的なライフスタイル表現 / 色調: 明るく前向きな色調,オレンジ・青・黄色基調,活力ある配色 / 線画: 親しみやすい柔らかな線,カジュアルで読みやすい表現 / 演出: パソコン作業,スマホ,時計,収入の可視化,必要に応じて集中線,効果線,擬音などのマンガらしい演出
◆【ストーリー】
1コマ目 (上段): ミサキが膝のひなたを見下ろしている。ひなたが「あー？」と見上げてくる。 セリフ: ［ひなた］の吹き出しに「あー？」 ナレーション: なし オノマトペ: なし
2コマ目 (中段): ミサキが優しくひなたに話しかけている。 セリフ: ［ミサキ］の吹き出しに「ひなた、ママね、もしかしたら——」 ナレーション: なし オノマトペ: なし
3コマ目 (下段): ミサキとひなたの横顔。窓から柔らかい夕日が差し込んでいる。 セリフ: なし ナレーション: ［四角枠］まだ「もしかしたら」だ。何も成し遂げていない。でも「何もできない」と思い込んでいた数週間前と、今は違う オノマトペ: なし","[{""panel_id"": 1, ""type"": ""dialogue"", ""speaker"": ""ひなた"", ""text"": ""あー？""}, {""panel_id"": 2, ""type"": ""dialogue"", ""speaker"": ""ミサキ"", ""text"": ""ひなた、ママね、もしかしたら——""}, {""panel_id"": 3, ""type"": ""narration"", ""speaker"": null, ""text"": ""まだ「もしかしたら」だ。何も成し遂げていない。でも「何もできない」と思い込んでいた数週間前と、今は違う""}]"
"35","テンプレ1","◆【注意】【】で囲まれた単語は感情や状況の指示であり、画像内に文字として描画しないでください
◆【絶対最優先】必ずフルカラーにしてください
◆【絶対最優先】必ず日本のアニメ・マンガ調のイラストで描いてください。実写風・フォトリアル風は禁止です。
◆【絶対最優先】キャラクター外見: ミサキは添付のミサキ.pngと100%同一の外見で描画, ひなたは添付のひなた.pngと100%同一の外見で描画
◆【出力サイズ】9:16
◆【補足情報】上下左右に50ピクセルの余白を設けてください
◆【補足情報】服装: ミサキ: ボーダー柄（白と紺）のカットソーにデニムパンツ、白いスニーカー / ひなた: ピンクのTシャツに白いズボン
◆【コマ構成】テンプレ1: ページ全体1コマ
◆【作画】ジャンル: 副業に最適化した統一スタイル / 作画スタイル: 親しみやすく実践的,現代的なライフスタイル表現 / 色調: 明るく前向きな色調,オレンジ・青・黄色基調,活力ある配色 / 線画: 親しみやすい柔らかな線,カジュアルで読みやすい表現 / 演出: パソコン作業,スマホ,時計,収入の可視化,必要に応じて集中線,効果線,擬音などのマンガらしい演出
◆【ストーリー】
1コマ目 (ページ全体): ミサキがひなたを抱いて窓辺に立っている。夕焼けの光が二人を包んでいる。ミサキの表情は穏やかで、少しだけ前向きな希望が見える。 セリフ: なし ナレーション: ［四角枠］少なくとも、「もしかしたら」と思えるようになった。それだけで、世界の見え方が変わった気がした オノマトペ: なし","[{""panel_id"": 1, ""type"": ""narration"", ""speaker"": null, ""text"": ""少なくとも、「もしかしたら」と思えるようになった。それだけで、世界の見え方が変わった気がした""}]"
"36","テンプレ7","◆【注意】【】で囲まれた単語は感情や状況の指示であり、画像内に文字として描画しないでください
◆【絶対最優先】必ずフルカラーにしてください
◆【絶対最優先】必ず日本のアニメ・マンガ調のイラストで描いてください。実写風・フォトリアル風は禁止です。
◆【絶対最優先】キャラクター外見: ミサキは添付のミサキ.pngと100%同一の外見で描画
◆【出力サイズ】9:16
◆【補足情報】上下左右に50ピクセルの余白を設けてください
◆【補足情報】服装: ミサキ: ボーダー柄（白と紺）のカットソーにデニムパンツ、白いスニーカー
◆【コマ構成】テンプレ7: 上段左右2コマ + 下段1コマ
◆【作画】ジャンル: 副業に最適化した統一スタイル / 作画スタイル: 親しみやすく実践的,現代的なライフスタイル表現 / 色調: 明るく前向きな色調,オレンジ・青・黄色基調,活力ある配色 / 線画: 親しみやすい柔らかな線,カジュアルで読みやすい表現 / 演出: パソコン作業,スマホ,時計,収入の可視化,必要に応じて集中線,効果線,擬音などのマンガらしい演出
◆【ストーリー】
1コマ目 (上段左): ミサキの想像の中——パソコンに向かって楽しそうに作業している自分の姿。 セリフ: なし ナレーション: ［四角枠］「もしかしたら」——何もわからない。何も成し遂げていない オノマトペ: なし
2コマ目 (上段右): 想像の中——スマホでInstagramの画面を見ている。フォロワーが増えている。 セリフ: なし ナレーション: なし オノマトペ: なし
3コマ目 (下段): 現実に戻る。ミサキがひなたの頭をそっと撫でている。穏やかな表情。 セリフ: なし ナレーション: ［四角枠］でも、「もしかしたら」と思えるようになった。それが、今日の一番の収穫だった オノマトペ: なし","[{""panel_id"": 1, ""type"": ""narration"", ""speaker"": null, ""text"": ""「もしかしたら」——何もわからない。何も成し遂げていない""}, {""panel_id"": 3, ""type"": ""narration"", ""speaker"": null, ""text"": ""でも、「もしかしたら」と思えるようになった。それが、今日の一番の収穫だった""}]"
"37","テンプレ4","◆【注意】【】で囲まれた単語は感情や状況の指示であり、画像内に文字として描画しないでください
◆【絶対最優先】必ずフルカラーにしてください
◆【絶対最優先】必ず日本のアニメ・マンガ調のイラストで描いてください。実写風・フォトリアル風は禁止です。
◆【絶対最優先】キャラクター外見: ミサキは添付のミサキ.pngと100%同一の外見で描画
◆【出力サイズ】9:16
◆【補足情報】上下左右に50ピクセルの余白を設けてください
◆【補足情報】服装: ミサキ: ボーダー柄（白と紺）のカットソーにデニムパンツ、白いスニーカー
◆【コマ構成】テンプレ4: 上段大→下段小
◆【作画】ジャンル: 副業に最適化した統一スタイル / 作画スタイル: 親しみやすく実践的,現代的なライフスタイル表現 / 色調: 明るく前向きな色調,オレンジ・青・黄色基調,活力ある配色 / 線画: 親しみやすい柔らかな線,カジュアルで読みやすい表現 / 演出: パソコン作業,スマホ,時計,収入の可視化,必要に応じて集中線,効果線,擬音などのマンガらしい演出
◆【ストーリー】
1コマ目 (上段大): ダイニングテーブルに置かれた閉じたノートパソコン。その横にミサキのスマホが置かれている。画面は暗いが、パソコンの存在感がある。 セリフ: なし ナレーション: ［四角枠］プログラミング不要。黒い画面じゃない。英語もいらない オノマトペ: なし
2コマ目 (下段小): ミサキがそっと微笑んでいる横顔のアップ。 セリフ: なし ナレーション: ［四角枠］必要なのは「何をしたいか」を言葉にすること——それだけだった オノマトペ: なし","[{""panel_id"": 1, ""type"": ""narration"", ""speaker"": null, ""text"": ""プログラミング不要。黒い画面じゃない。英語もいらない""}, {""panel_id"": 2, ""type"": ""narration"", ""speaker"": null, ""text"": ""必要なのは「何をしたいか」を言葉にすること——それだけだった""}]"
"38","テンプレ2","◆【注意】【】で囲まれた単語は感情や状況の指示であり、画像内に文字として描画しないでください
◆【絶対最優先】必ずフルカラーにしてください
◆【絶対最優先】必ず日本のアニメ・マンガ調のイラストで描いてください。実写風・フォトリアル風は禁止です。
◆【絶対最優先】キャラクター外見: ミサキは添付のミサキ.pngと100%同一の外見で描画, ひなたは添付のひなた.pngと100%同一の外見で描画
◆【出力サイズ】9:16
◆【補足情報】上下左右に50ピクセルの余白を設けてください
◆【補足情報】服装: ミサキ: ボーダー柄（白と紺）のカットソーにデニムパンツ、白いスニーカー / ひなた: ピンクのTシャツに白いズボン
◆【コマ構成】テンプレ2: 上下均等2分割
◆【作画】ジャンル: 副業に最適化した統一スタイル / 作画スタイル: 親しみやすく実践的,現代的なライフスタイル表現 / 色調: 明るく前向きな色調,オレンジ・青・黄色基調,活力ある配色 / 線画: 親しみやすい柔らかな線,カジュアルで読みやすい表現 / 演出: パソコン作業,スマホ,時計,収入の可視化,必要に応じて集中線,効果線,擬音などのマンガらしい演出
◆【ストーリー】
1コマ目 (上段): ミサキがひなたを寝室に運んでいる。ひなたはすでにウトウトしている。 セリフ: なし ナレーション: ［四角枠］ずっと「事務なんて誰でもできる」と思っていた。でも、それは間違いだったのかもしれない オノマトペ: すやすや…
2コマ目 (下段): ベッドにひなたを寝かせ、布団をかけているミサキ。安らかな表情。 セリフ: ［ミサキ］の吹き出しに「おやすみ、ひなた」 ナレーション: ［四角枠］5年間の事務職で身についた「わかりやすく伝えるスキル」が、「AIへの指示力」になっていた オノマトペ: なし","[{""panel_id"": 1, ""type"": ""narration"", ""speaker"": null, ""text"": ""ずっと「事務なんて誰でもできる」と思っていた。でも、それは間違いだったのかもしれない""}, {""panel_id"": 2, ""type"": ""dialogue"", ""speaker"": ""ミサキ"", ""text"": ""おやすみ、ひなた""}, {""panel_id"": 2, ""type"": ""narration"", ""speaker"": null, ""text"": ""5年間の事務職で身についた「わかりやすく伝えるスキル」が、「AIへの指示力」になっていた""}]"
"39","テンプレ1","◆【注意】【】で囲まれた単語は感情や状況の指示であり、画像内に文字として描画しないでください
◆【絶対最優先】必ずフルカラーにしてください
◆【絶対最優先】必ず日本のアニメ・マンガ調のイラストで描いてください。実写風・フォトリアル風は禁止です。
◆【絶対最優先】キャラクター外見: ミサキは添付のミサキ.pngと100%同一の外見で描画
◆【出力サイズ】9:16
◆【補足情報】上下左右に50ピクセルの余白を設けてください
◆【補足情報】服装: ミサキ: 薄いピンクのパジャマ
◆【コマ構成】テンプレ1: ページ全体1コマ
◆【作画】ジャンル: 副業に最適化した統一スタイル / 作画スタイル: 親しみやすく実践的,現代的なライフスタイル表現 / 色調: 明るく前向きな色調,オレンジ・青・黄色基調,活力ある配色 / 線画: 親しみやすい柔らかな線,カジュアルで読みやすい表現 / 演出: パソコン作業,スマホ,時計,収入の可視化,必要に応じて集中線,効果線,擬音などのマンガらしい演出
◆【ストーリー】
1コマ目 (ページ全体): 夜の部屋。ベッドの横に座るミサキ（パジャマ姿）。スマホでClaudeの画面を見ている。画面の光がミサキの顔を照らしている。穏やかだけど決意のある表情。背景にぼんやりと星空が見える窓。 セリフ: なし ナレーション: ［四角枠］「もしかしたら」——その言葉を胸に、ミサキの挑戦が始まった オノマトペ: なし","[{""panel_id"": 1, ""type"": ""narration"", ""speaker"": null, ""text"": ""「もしかしたら」——その言葉を胸に、ミサキの挑戦が始まった""}]"
"40","テキストページ","◆【テキストページ】このページは画像生成不要。EPUB製本時にテキストとして直接レンダリングする。
◆【コラム原文】
コラム⑥：テクノロジーは「特別な人」だけのものか？

——キャリアコンサルタントの視点から

ミサキがClaudeに初めて触れた場面を振り返りましょう。

彼女には三つの壁がありました。「プログラミングができない」「黒い画面が怖い」「英語ができない」。これは多くの非エンジニアの人が感じるAIへの障壁です。

そして、三つとも壁ではありませんでした。

「使えない」のではなく「知らなかった」だけ

テクノロジーに対する苦手意識の多くは、「難しそう」というイメージから来ています。実際にやってみたら簡単だった、ということは珍しくありません。

スマートフォンが登場したとき、「こんなの使いこなせない」と言っていた人たちが、今では毎日LINEでやり取りしています。

AIも同じです。2023年ごろまで、AIを業務に使うには確かに一定の技術知識が必要でした。でも今は違います。日本語で話しかけるだけで使えるAIツールが、デスクトップアプリとして誰でもインストールできる時代になりました。

民主化という革命

「民主化」という言葉があります。特定の人だけが使えたものが、誰でも使えるようになること。

印刷技術は「本を読む」を民主化しました。インターネットは「情報を得る」を民主化しました。スマートフォンは「つながる」を民主化しました。

AIは「作る」を民主化しようとしています。

文章を作る。画像を作る。分析する。企画する。プログラムを作る。——これらは以前、それぞれの専門家だけができることでした。

今は、自分の「やりたいこと」を言葉にできれば、誰でもできる時代に変わりつつあります。

新しいスキルに年齢も前職も関係ない

「もう若くないから」「文系だから」「主婦だから」——ミサキはこれらの言葉で自分を縛っていました。

でもClaudeは、ミサキの年齢を聞きませんでした。学歴も職歴も聞きませんでした。ミサキの言葉に対して、ただ誠実に応答しました。

AIにとって、「誰が話しかけているか」は関係ありません。「何を伝えているか」だけが重要です。

これは、ある意味で究極の公平さです。

もちろん、AIを使いこなすには練習が必要です。最初からうまくいくわけではありません。ミサキもこの先、うまくいかない場面に何度もぶつかります。

でも、「始めること」に対する障壁は、かつてないほど低くなっています。

必要なのは特別な才能ではなく、「やってみよう」という決意だけです。

ミサキはその決意をしました。次の話から、その決意が試されることになります。","[]"
"41","テンプレ1","◆【注意】【】で囲まれた単語は感情や状況の指示であり、画像内に文字として描画しないでください
◆【絶対最優先】必ずフルカラーにしてください
◆【絶対最優先】必ず日本のアニメ・マンガ調のイラストで描いてください。実写風・フォトリアル風は禁止です。
◆【絶対最優先】キャラクター外見: ミサキは添付のミサキ.pngと100%同一の外見で描画
◆【出力サイズ】9:16
◆【補足情報】上下左右に50ピクセルの余白を設けてください
◆【補足情報】服装: ミサキ: ボーダー柄（白と紺）のカットソーにデニムパンツ、白いスニーカー
◆【コマ構成】テンプレ1: ページ全体1コマ
◆【作画】ジャンル: 副業に最適化した統一スタイル / 作画スタイル: 親しみやすく実践的,現代的なライフスタイル表現 / 色調: 明るく前向きな色調,オレンジ・青・黄色基調,活力ある配色 / 線画: 親しみやすい柔らかな線,カジュアルで読みやすい表現 / 演出: パソコン作業,スマホ,時計,収入の可視化,必要に応じて集中線,効果線,擬音などのマンガらしい演出
◆【ストーリー】
1コマ目 (ページ全体): 【タイトルページ】深夜のダイニングテーブル。ノートパソコンの画面が光っている。ミサキがキーボードに手を置き、真剣な表情で画面を見つめている。画面にはInstagramの投稿画面が映っている。タイトル「第7話 毎日投稿という戦い」が大きく配置。 セリフ: なし ナレーション: なし オノマトペ: なし","[]"
"42","テンプレ5","◆【注意】【】で囲まれた単語は感情や状況の指示であり、画像内に文字として描画しないでください
◆【絶対最優先】必ずフルカラーにしてください
◆【絶対最優先】必ず日本のアニメ・マンガ調のイラストで描いてください。実写風・フォトリアル風は禁止です。
◆【絶対最優先】キャラクター外見: ミサキは添付のミサキ.pngと100%同一の外見で描画, タクヤは添付のタクヤ.pngと100%同一の外見で描画
◆【出力サイズ】9:16
◆【補足情報】上下左右に50ピクセルの余白を設けてください
◆【補足情報】服装: ミサキ: ボーダー柄（白と紺）のカットソーにデニムパンツ、白いスニーカー / タクヤ: 白い無地のシャツにベージュのチノパン、茶色の革靴
◆【コマ構成】テンプレ5: 上・中・下3段
◆【作画】ジャンル: 副業に最適化した統一スタイル / 作画スタイル: 親しみやすく実践的,現代的なライフスタイル表現 / 色調: 明るく前向きな色調,オレンジ・青・黄色基調,活力ある配色 / 線画: 親しみやすい柔らかな線,カジュアルで読みやすい表現 / 演出: パソコン作業,スマホ,時計,収入の可視化,必要に応じて集中線,効果線,擬音などのマンガらしい演出
◆【ストーリー】
1コマ目 (上段): スマホの画面アップ。Instagramのプロフィール設定画面。アカウント名「@misaki_wanope_mama」が表示されている。 セリフ: なし ナレーション: ［四角枠］Instagramのアカウントを作った。タクヤと相談して決めた名前——「ワンオペママのリアル」 オノマトペ: なし
2コマ目 (中段): パソコン画面でClaudeと相談しながらプロフィールを書いているミサキ。 セリフ: なし ナレーション: ［四角枠］プロフィール：「元事務職ママ。保育園落ちて退職。ワンオペ育児のリアルと、ちょっとだけ役立つ情報を発信中」 オノマトペ: カタカタ
3コマ目 (下段): ミサキがCanvaの画面を見ながら投稿テンプレートを作っている。パステルカラーのデザイン。 セリフ: なし ナレーション: ［四角枠］投稿デザインもClaudeと一緒に考えた。Canvaでテンプレートを作る オノマトペ: なし","[{""panel_id"": 1, ""type"": ""narration"", ""speaker"": null, ""text"": ""Instagramのアカウントを作った。タクヤと相談して決めた名前——「ワンオペママのリアル」""}, {""panel_id"": 2, ""type"": ""narration"", ""speaker"": null, ""text"": ""プロフィール：「元事務職ママ。保育園落ちて退職。ワンオペ育児のリアルと、ちょっとだけ役立つ情報を発信中」""}, {""panel_id"": 3, ""type"": ""narration"", ""speaker"": null, ""text"": ""投稿デザインもClaudeと一緒に考えた。Canvaでテンプレートを作る""}]"
"43","テンプレ6","◆【注意】【】で囲まれた単語は感情や状況の指示であり、画像内に文字として描画しないでください
◆【絶対最優先】必ずフルカラーにしてください
◆【絶対最優先】必ず日本のアニメ・マンガ調のイラストで描いてください。実写風・フォトリアル風は禁止です。
◆【絶対最優先】キャラクター外見: ミサキは添付のミサキ.pngと100%同一の外見で描画
◆【出力サイズ】9:16
◆【補足情報】上下左右に50ピクセルの余白を設けてください
◆【補足情報】服装: ミサキ: ボーダー柄（白と紺）のカットソーにデニムパンツ、白いスニーカー
◆【コマ構成】テンプレ6: 上段1コマ + 下段左右2コマ
◆【作画】ジャンル: 副業に最適化した統一スタイル / 作画スタイル: 親しみやすく実践的,現代的なライフスタイル表現 / 色調: 明るく前向きな色調,オレンジ・青・黄色基調,活力ある配色 / 線画: 親しみやすい柔らかな線,カジュアルで読みやすい表現 / 演出: パソコン作業,スマホ,時計,収入の可視化,必要に応じて集中線,効果線,擬音などのマンガらしい演出
◆【ストーリー】
1コマ目 (上段): ミサキがノートに「夜泣きを乗り越えた5つの方法」とメモしている。 セリフ: なし ナレーション: ［四角枠］最初の投稿テーマは「夜泣きを乗り越えた5つの方法」。自分の経験をもとに、構成を練った オノマトペ: なし
2コマ目 (下段左): 時計が表示。昼寝中の1時間と夜の2時間。 セリフ: なし ナレーション: ［四角枠］全部で3時間かかった。ひなたの昼寝中に1時間、夜の寝かしつけ後に2時間 オノマトペ: なし
3コマ目 (下段右): ミサキの指がスマホの「投稿」ボタンの上にある。緊張した手元。 セリフ: なし ナレーション: ［四角枠］投稿ボタンを押した オノマトペ: ドキドキ","[{""panel_id"": 1, ""type"": ""narration"", ""speaker"": null, ""text"": ""最初の投稿テーマは「夜泣きを乗り越えた5つの方法」。自分の経験をもとに、構成を練った""}, {""panel_id"": 2, ""type"": ""narration"", ""speaker"": null, ""text"": ""全部で3時間かかった。ひなたの昼寝中に1時間、夜の寝かしつけ後に2時間""}, {""panel_id"": 3, ""type"": ""narration"", ""speaker"": null, ""text"": ""投稿ボタンを押した""}]"
"44","テンプレ5","◆【注意】【】で囲まれた単語は感情や状況の指示であり、画像内に文字として描画しないでください
◆【絶対最優先】必ずフルカラーにしてください
◆【絶対最優先】必ず日本のアニメ・マンガ調のイラストで描いてください。実写風・フォトリアル風は禁止です。
◆【絶対最優先】キャラクター外見: ミサキは添付のミサキ.pngと100%同一の外見で描画
◆【出力サイズ】9:16
◆【補足情報】上下左右に50ピクセルの余白を設けてください
◆【補足情報】服装: ミサキ: ボーダー柄（白と紺）のカットソーにデニムパンツ、白いスニーカー
◆【コマ構成】テンプレ5: 上・中・下3段
◆【作画】ジャンル: 副業に最適化した統一スタイル / 作画スタイル: 親しみやすく実践的,現代的なライフスタイル表現 / 色調: 明るく前向きな色調,オレンジ・青・黄色基調,活力ある配色 / 線画: 親しみやすい柔らかな線,カジュアルで読みやすい表現 / 演出: パソコン作業,スマホ,時計,収入の可視化,必要に応じて集中線,効果線,擬音などのマンガらしい演出
◆【ストーリー】
1コマ目 (上段): ミサキがドキドキしながらスマホを握りしめている。 セリフ: なし ナレーション: ［四角枠］心臓がばくばくした。自分の言葉が、世界中に公開された オノマトペ: バクバク
2コマ目 (中段): 1時間後。スマホの画面にいいね数「3」が表示されている。 セリフ: なし ナレーション: ［四角枠］1時間後。いいねの数——3。うち2つはタクヤと、もう一つは知らないアカウント オノマトペ: なし
3コマ目 (下段): ミサキが苦笑い。少し凹んでいるけど前向きな表情。 セリフ: ［ミサキ］の吹き出しに「……まあ、最初はこんなもんだよね」 ナレーション: ［四角枠］わかっていた。わかっていたけど、少しだけ凹んだ オノマトペ: なし","[{""panel_id"": 1, ""type"": ""narration"", ""speaker"": null, ""text"": ""心臓がばくばくした。自分の言葉が、世界中に公開された""}, {""panel_id"": 2, ""type"": ""narration"", ""speaker"": null, ""text"": ""1時間後。いいねの数——3。うち2つはタクヤと、もう一つは知らないアカウント""}, {""panel_id"": 3, ""type"": ""dialogue"", ""speaker"": ""ミサキ"", ""text"": ""……まあ、最初はこんなもんだよね""}, {""panel_id"": 3, ""type"": ""narration"", ""speaker"": null, ""text"": ""わかっていた。わかっていたけど、少しだけ凹んだ""}]"
"45","テンプレ7","◆【注意】【】で囲まれた単語は感情や状況の指示であり、画像内に文字として描画しないでください
◆【絶対最優先】必ずフルカラーにしてください
◆【絶対最優先】必ず日本のアニメ・マンガ調のイラストで描いてください。実写風・フォトリアル風は禁止です。
◆【絶対最優先】キャラクター外見: ミサキは添付のミサキ.pngと100%同一の外見で描画
◆【出力サイズ】9:16
◆【補足情報】上下左右に50ピクセルの余白を設けてください
◆【補足情報】服装: ミサキ: ボーダー柄（白と紺）のカットソーにデニムパンツ、白いスニーカー
◆【コマ構成】テンプレ7: 上段左右2コマ + 下段1コマ
◆【作画】ジャンル: 副業に最適化した統一スタイル / 作画スタイル: 親しみやすく実践的,現代的なライフスタイル表現 / 色調: 明るく前向きな色調,オレンジ・青・黄色基調,活力ある配色 / 線画: 親しみやすい柔らかな線,カジュアルで読みやすい表現 / 演出: パソコン作業,スマホ,時計,収入の可視化,必要に応じて集中線,効果線,擬音などのマンガらしい演出
◆【ストーリー】
1コマ目 (上段左): ミサキが手帳に投稿計画を書いている。「月曜:育児ハック、火曜:ママの本音、水曜:時短レシピ」 セリフ: なし ナレーション: ［四角枠］毎日投稿を続けた。一週間分のテーマを事前にClaudeと計画する オノマトペ: なし
2コマ目 (上段右): スケジュール表を嬉しそうに整理しているミサキ。 セリフ: なし ナレーション: ［四角枠］計画を立てるのは楽しかった。事務職時代のスケジュール管理と同じ感覚で、表にまとめていく オノマトペ: なし
3コマ目 (下段): スマホの画面に日ごとのいいね数が並んでいる（3日目:5、5日目:4、1週間:平均4.2）。ミサキが暗い表情。 セリフ: ［ミサキ］の吹き出しに「誰にも届いてない……」 ナレーション: なし オノマトペ: なし","[{""panel_id"": 1, ""type"": ""narration"", ""speaker"": null, ""text"": ""毎日投稿を続けた。一週間分のテーマを事前にClaudeと計画する""}, {""panel_id"": 2, ""type"": ""narration"", ""speaker"": null, ""text"": ""計画を立てるのは楽しかった。事務職時代のスケジュール管理と同じ感覚で、表にまとめていく""}, {""panel_id"": 3, ""type"": ""dialogue"", ""speaker"": ""ミサキ"", ""text"": ""誰にも届いてない……""}]"
"46","テンプレ5","◆【注意】【】で囲まれた単語は感情や状況の指示であり、画像内に文字として描画しないでください
◆【絶対最優先】必ずフルカラーにしてください
◆【絶対最優先】必ず日本のアニメ・マンガ調のイラストで描いてください。実写風・フォトリアル風は禁止です。
◆【絶対最優先】キャラクター外見: ミサキは添付のミサキ.pngと100%同一の外見で描画
◆【出力サイズ】9:16
◆【補足情報】上下左右に50ピクセルの余白を設けてください
◆【補足情報】服装: ミサキ: 薄いピンクのパジャマ
◆【コマ構成】テンプレ5: 上・中・下3段
◆【作画】ジャンル: 副業に最適化した統一スタイル / 作画スタイル: 親しみやすく実践的,現代的なライフスタイル表現 / 色調: 明るく前向きな色調,オレンジ・青・黄色基調,活力ある配色 / 線画: 親しみやすい柔らかな線,カジュアルで読みやすい表現 / 演出: パソコン作業,スマホ,時計,収入の可視化,必要に応じて集中線,効果線,擬音などのマンガらしい演出
◆【ストーリー】
1コマ目 (上段): 夜、パジャマ姿のミサキがスマホで自分の投稿を見返している。 セリフ: なし ナレーション: ［四角枠］夜、ひなたを寝かしつけた後、自分の投稿を見返した オノマトペ: なし
2コマ目 (中段): スマホ画面のアップ。「夜泣きの対処法」「離乳食の時短テク」などの投稿が並んでいる。 セリフ: なし ナレーション: ［四角枠］見返して、気づいた。つまらない。正確に言えば「どこかで見たことがある」投稿だった オノマトペ: なし
3コマ目 (下段): ミサキがスマホを伏せて、暗い表情。 セリフ: なし ナレーション: ［四角枠］他のアカウントでも同じことを言っている。ミサキの投稿を見る理由が、読者にはなかった オノマトペ: なし","[{""panel_id"": 1, ""type"": ""narration"", ""speaker"": null, ""text"": ""夜、ひなたを寝かしつけた後、自分の投稿を見返した""}, {""panel_id"": 2, ""type"": ""narration"", ""speaker"": null, ""text"": ""見返して、気づいた。つまらない。正確に言えば「どこかで見たことがある」投稿だった""}, {""panel_id"": 3, ""type"": ""narration"", ""speaker"": null, ""text"": ""他のアカウントでも同じことを言っている。ミサキの投稿を見る理由が、読者にはなかった""}]"
"47","テンプレ4","◆【注意】【】で囲まれた単語は感情や状況の指示であり、画像内に文字として描画しないでください
◆【絶対最優先】必ずフルカラーにしてください
◆【絶対最優先】必ず日本のアニメ・マンガ調のイラストで描いてください。実写風・フォトリアル風は禁止です。
◆【絶対最優先】キャラクター外見: ミサキは添付のミサキ.pngと100%同一の外見で描画
◆【出力サイズ】9:16
◆【補足情報】上下左右に50ピクセルの余白を設けてください
◆【補足情報】服装: ミサキ: ボーダー柄（白と紺）のカットソーにデニムパンツ、白いスニーカー
◆【コマ構成】テンプレ4: 上段大→下段小
◆【作画】ジャンル: 副業に最適化した統一スタイル / 作画スタイル: 親しみやすく実践的,現代的なライフスタイル表現 / 色調: 明るく前向きな色調,オレンジ・青・黄色基調,活力ある配色 / 線画: 親しみやすい柔らかな線,カジュアルで読みやすい表現 / 演出: パソコン作業,スマホ,時計,収入の可視化,必要に応じて集中線,効果線,擬音などのマンガらしい演出
◆【ストーリー】
1コマ目 (上段大): パソコン画面にClaudeのチャット。ミサキの入力「育児中のママ向けの投稿を作って」に対し、無難な回答が返っている。 セリフ: なし ナレーション: ［四角枠］原因は、AIへの指示にあった。「育児中のママ向けの投稿を作って」——曖昧な指示 オノマトペ: なし
2コマ目 (下段小): ミサキが画面を見て気づいた表情。 セリフ: なし ナレーション: ［四角枠］Claudeは忠実に応えてくれた。でも、それは「誰の言葉でもない」投稿だった オノマトペ: なし","[{""panel_id"": 1, ""type"": ""narration"", ""speaker"": null, ""text"": ""原因は、AIへの指示にあった。「育児中のママ向けの投稿を作って」——曖昧な指示""}, {""panel_id"": 2, ""type"": ""narration"", ""speaker"": null, ""text"": ""Claudeは忠実に応えてくれた。でも、それは「誰の言葉でもない」投稿だった""}]"
"48","テンプレ6","◆【注意】【】で囲まれた単語は感情や状況の指示であり、画像内に文字として描画しないでください
◆【絶対最優先】必ずフルカラーにしてください
◆【絶対最優先】必ず日本のアニメ・マンガ調のイラストで描いてください。実写風・フォトリアル風は禁止です。
◆【絶対最優先】キャラクター外見: ミサキは添付のミサキ.pngと100%同一の外見で描画, タクヤは添付のタクヤ.pngと100%同一の外見で描画
◆【出力サイズ】9:16
◆【補足情報】上下左右に50ピクセルの余白を設けてください
◆【補足情報】服装: ミサキ: ボーダー柄（白と紺）のカットソーにデニムパンツ、白いスニーカー / タクヤ: 白い無地のシャツにベージュのチノパン、茶色の革靴
◆【コマ構成】テンプレ6: 上段1コマ + 下段左右2コマ
◆【作画】ジャンル: 副業に最適化した統一スタイル / 作画スタイル: 親しみやすく実践的,現代的なライフスタイル表現 / 色調: 明るく前向きな色調,オレンジ・青・黄色基調,活力ある配色 / 線画: 親しみやすい柔らかな線,カジュアルで読みやすい表現 / 演出: パソコン作業,スマホ,時計,収入の可視化,必要に応じて集中線,効果線,擬音などのマンガらしい演出
◆【ストーリー】
1コマ目 (上段): タクヤとのオンライン面談。ミサキが画面共有で投稿を見せている。 セリフ: ［タクヤ］の吹き出しに「投稿を見せてもらっていいですか？」 ナレーション: ［四角枠］タクヤとの週次面談で相談した オノマトペ: なし
2コマ目 (下段左): タクヤが少し厳しい表情で指摘。 セリフ: ［タクヤ］の吹き出しに「内容は悪くないです。でも、""佐藤さんらしさ""がない」 ナレーション: なし オノマトペ: なし
3コマ目 (下段右): ミサキがハッとした表情。 セリフ: ［ミサキ］の吹き出しに「私らしさ……」 ナレーション: ［四角枠］痛いところを突かれた オノマトペ: なし","[{""panel_id"": 1, ""type"": ""dialogue"", ""speaker"": ""タクヤ"", ""text"": ""投稿を見せてもらっていいですか？""}, {""panel_id"": 1, ""type"": ""narration"", ""speaker"": null, ""text"": ""タクヤとの週次面談で相談した""}, {""panel_id"": 2, ""type"": ""dialogue"", ""speaker"": ""タクヤ"", ""text"": ""内容は悪くないです。でも、\""佐藤さんらしさ\""がない""}, {""panel_id"": 3, ""type"": ""dialogue"", ""speaker"": ""ミサキ"", ""text"": ""私らしさ……""}, {""panel_id"": 3, ""type"": ""narration"", ""speaker"": null, ""text"": ""痛いところを突かれた""}]"
"49","テンプレ5","◆【注意】【】で囲まれた単語は感情や状況の指示であり、画像内に文字として描画しないでください
◆【絶対最優先】必ずフルカラーにしてください
◆【絶対最優先】必ず日本のアニメ・マンガ調のイラストで描いてください。実写風・フォトリアル風は禁止です。
◆【絶対最優先】キャラクター外見: ミサキは添付のミサキ.pngと100%同一の外見で描画, タクヤは添付のタクヤ.pngと100%同一の外見で描画
◆【出力サイズ】9:16
◆【補足情報】上下左右に50ピクセルの余白を設けてください
◆【補足情報】服装: ミサキ: ボーダー柄（白と紺）のカットソーにデニムパンツ、白いスニーカー / タクヤ: 白い無地のシャツにベージュのチノパン、茶色の革靴
◆【コマ構成】テンプレ5: 上・中・下3段
◆【作画】ジャンル: 副業に最適化した統一スタイル / 作画スタイル: 親しみやすく実践的,現代的なライフスタイル表現 / 色調: 明るく前向きな色調,オレンジ・青・黄色基調,活力ある配色 / 線画: 親しみやすい柔らかな線,カジュアルで読みやすい表現 / 演出: パソコン作業,スマホ,時計,収入の可視化,必要に応じて集中線,効果線,擬音などのマンガらしい演出
◆【ストーリー】
1コマ目 (上段): タクヤが核心を突く。 セリフ: ［タクヤ］の吹き出しに「AIに""投稿を作って""とだけ伝えていませんか？」 ナレーション: なし オノマトペ: なし
2コマ目 (中段): ミサキが目を逸らしている。 セリフ: ［ミサキ］の吹き出しに「……そうかもしれません」 ナレーション: なし オノマトペ: なし
3コマ目 (下段): タクヤが真剣に説明している。 セリフ: ［タクヤ］の吹き出しに「曖昧な指示には、曖昧な——つまり無難な——答えしか返ってこない」 ナレーション: なし オノマトペ: なし","[{""panel_id"": 1, ""type"": ""dialogue"", ""speaker"": ""タクヤ"", ""text"": ""AIに\""投稿を作って\""とだけ伝えていませんか？""}, {""panel_id"": 2, ""type"": ""dialogue"", ""speaker"": ""ミサキ"", ""text"": ""……そうかもしれません""}, {""panel_id"": 3, ""type"": ""dialogue"", ""speaker"": ""タクヤ"", ""text"": ""曖昧な指示には、曖昧な——つまり無難な——答えしか返ってこない""}]"
"50","テンプレ3","◆【注意】【】で囲まれた単語は感情や状況の指示であり、画像内に文字として描画しないでください
◆【絶対最優先】必ずフルカラーにしてください
◆【絶対最優先】必ず日本のアニメ・マンガ調のイラストで描いてください。実写風・フォトリアル風は禁止です。
◆【絶対最優先】キャラクター外見: タクヤは添付のタクヤ.pngと100%同一の外見で描画
◆【出力サイズ】9:16
◆【補足情報】上下左右に50ピクセルの余白を設けてください
◆【補足情報】服装: タクヤ: 白い無地のシャツにベージュのチノパン、茶色の革靴
◆【コマ構成】テンプレ3: 上段小→下段大
◆【作画】ジャンル: 副業に最適化した統一スタイル / 作画スタイル: 親しみやすく実践的,現代的なライフスタイル表現 / 色調: 明るく前向きな色調,オレンジ・青・黄色基調,活力ある配色 / 線画: 親しみやすい柔らかな線,カジュアルで読みやすい表現 / 演出: パソコン作業,スマホ,時計,収入の可視化,必要に応じて集中線,効果線,擬音などのマンガらしい演出
◆【ストーリー】
1コマ目 (上段小): タクヤが画面にテキストを打ち込んでいる。 セリフ: ［タクヤ］の吹き出しに「たとえば、こう指示してみてください」 ナレーション: なし オノマトペ: カタカタ
2コマ目 (下段大): パソコン画面のアップ。具体的な指示文が表示されている。「今朝3時に夜泣きで起きて、1時間あやしても泣き止まなくて、最終的にリビングで一緒にテレビを見たら寝た。この実体験をもとに……」 セリフ: なし ナレーション: なし オノマトペ: なし","[{""panel_id"": 1, ""type"": ""dialogue"", ""speaker"": ""タクヤ"", ""text"": ""たとえば、こう指示してみてください""}]"
"51","テンプレ7","◆【注意】【】で囲まれた単語は感情や状況の指示であり、画像内に文字として描画しないでください
◆【絶対最優先】必ずフルカラーにしてください
◆【絶対最優先】必ず日本のアニメ・マンガ調のイラストで描いてください。実写風・フォトリアル風は禁止です。
◆【絶対最優先】キャラクター外見: ミサキは添付のミサキ.pngと100%同一の外見で描画, タクヤは添付のタクヤ.pngと100%同一の外見で描画
◆【出力サイズ】9:16
◆【補足情報】上下左右に50ピクセルの余白を設けてください
◆【補足情報】服装: ミサキ: ボーダー柄（白と紺）のカットソーにデニムパンツ、白いスニーカー / タクヤ: 白い無地のシャツにベージュのチノパン、茶色の革靴
◆【コマ構成】テンプレ7: 上段左右2コマ + 下段1コマ
◆【作画】ジャンル: 副業に最適化した統一スタイル / 作画スタイル: 親しみやすく実践的,現代的なライフスタイル表現 / 色調: 明るく前向きな色調,オレンジ・青・黄色基調,活力ある配色 / 線画: 親しみやすい柔らかな線,カジュアルで読みやすい表現 / 演出: パソコン作業,スマホ,時計,収入の可視化,必要に応じて集中線,効果線,擬音などのマンガらしい演出
◆【ストーリー】
1コマ目 (上段左): ミサキが驚いた表情。 セリフ: ［ミサキ］の吹き出しに「こんなに具体的に書くんですか？」 ナレーション: なし オノマトペ: なし
2コマ目 (上段右): タクヤが力強く頷く。 セリフ: ［タクヤ］の吹き出しに「はい。AIは鏡です。具体的に伝えれば具体的に返ってくる」 ナレーション: なし オノマトペ: なし
3コマ目 (下段): タクヤが指を立てて強調。背景に「指示の解像度＝出力の解像度」の文字が浮かぶ。 セリフ: ［タクヤ］の吹き出しに「指示の解像度が、そのまま出力の解像度になるんです」 ナレーション: なし オノマトペ: なし","[{""panel_id"": 1, ""type"": ""dialogue"", ""speaker"": ""ミサキ"", ""text"": ""こんなに具体的に書くんですか？""}, {""panel_id"": 2, ""type"": ""dialogue"", ""speaker"": ""タクヤ"", ""text"": ""はい。AIは鏡です。具体的に伝えれば具体的に返ってくる""}, {""panel_id"": 3, ""type"": ""dialogue"", ""speaker"": ""タクヤ"", ""text"": ""指示の解像度が、そのまま出力の解像度になるんです""}]"
"52","テンプレ5","◆【注意】【】で囲まれた単語は感情や状況の指示であり、画像内に文字として描画しないでください
◆【絶対最優先】必ずフルカラーにしてください
◆【絶対最優先】必ず日本のアニメ・マンガ調のイラストで描いてください。実写風・フォトリアル風は禁止です。
◆【絶対最優先】キャラクター外見: ミサキは添付のミサキ.pngと100%同一の外見で描画
◆【出力サイズ】9:16
◆【補足情報】上下左右に50ピクセルの余白を設けてください
◆【補足情報】服装: ミサキ: ボーダー柄（白と紺）のカットソーにデニムパンツ、白いスニーカー
◆【コマ構成】テンプレ5: 上・中・下3段
◆【作画】ジャンル: 副業に最適化した統一スタイル / 作画スタイル: 親しみやすく実践的,現代的なライフスタイル表現 / 色調: 明るく前向きな色調,オレンジ・青・黄色基調,活力ある配色 / 線画: 親しみやすい柔らかな線,カジュアルで読みやすい表現 / 演出: パソコン作業,スマホ,時計,収入の可視化,必要に応じて集中線,効果線,擬音などのマンガらしい演出
◆【ストーリー】
1コマ目 (上段): ミサキがパソコンに向かって真剣にタイピングしている。 セリフ: なし ナレーション: ［四角枠］その日から、ミサキのAIへの指示が変わった オノマトペ: カタカタカタ
2コマ目 (中段): パソコン画面に具体的な指示文。「支援センターでママ友に""実家が近くていいな""と思ったけど口に出せなかった。比べちゃいけないのに比べてしまう自己嫌悪を書きたい」 セリフ: なし ナレーション: なし オノマトペ: なし
3コマ目 (下段): もう一つの指示文。「ひなたが初めて""ママ""って言った。感動したけど、ケンタが仕事でいなかったことが寂しかった。嬉しさと寂しさが同居する気持ちを伝えたい」 セリフ: なし ナレーション: なし オノマトペ: なし","[{""panel_id"": 1, ""type"": ""narration"", ""speaker"": null, ""text"": ""その日から、ミサキのAIへの指示が変わった""}]"
"53","テンプレ6","◆【注意】【】で囲まれた単語は感情や状況の指示であり、画像内に文字として描画しないでください
◆【絶対最優先】必ずフルカラーにしてください
◆【絶対最優先】必ず日本のアニメ・マンガ調のイラストで描いてください。実写風・フォトリアル風は禁止です。
◆【絶対最優先】キャラクター外見: ミサキは添付のミサキ.pngと100%同一の外見で描画
◆【出力サイズ】9:16
◆【補足情報】上下左右に50ピクセルの余白を設けてください
◆【補足情報】服装: ミサキ: ボーダー柄（白と紺）のカットソーにデニムパンツ、白いスニーカー
◆【コマ構成】テンプレ6: 上段1コマ + 下段左右2コマ
◆【作画】ジャンル: 副業に最適化した統一スタイル / 作画スタイル: 親しみやすく実践的,現代的なライフスタイル表現 / 色調: 明るく前向きな色調,オレンジ・青・黄色基調,活力ある配色 / 線画: 親しみやすい柔らかな線,カジュアルで読みやすい表現 / 演出: パソコン作業,スマホ,時計,収入の可視化,必要に応じて集中線,効果線,擬音などのマンガらしい演出
◆【ストーリー】
1コマ目 (上段): もう一つの指示文画面。「離乳食をひっくり返されて、一瞬キレそうになった自分が怖かった。""理想のママ""になれない罪悪感。でもそれを正直に書くことで、同じ気持ちのママが救われるかもしれない」 セリフ: なし ナレーション: ［四角枠］指示を書くのに時間がかかるようになった。でも、出てくる文章が全く変わった オノマトペ: なし
2コマ目 (下段左): パソコン画面にClaudeの回答が表示。以前とは違う温かみのある文章。 セリフ: なし ナレーション: ［四角枠］「ミサキの言葉」になった オノマトペ: なし
3コマ目 (下段右): ミサキが画面を読んで感心している表情。 セリフ: ［ミサキ］の吹き出しに「事務職で報告書を書いていたときと、やっていることは同じだ」 ナレーション: なし オノマトペ: なし","[{""panel_id"": 1, ""type"": ""narration"", ""speaker"": null, ""text"": ""指示を書くのに時間がかかるようになった。でも、出てくる文章が全く変わった""}, {""panel_id"": 2, ""type"": ""narration"", ""speaker"": null, ""text"": ""「ミサキの言葉」になった""}, {""panel_id"": 3, ""type"": ""dialogue"", ""speaker"": ""ミサキ"", ""text"": ""事務職で報告書を書いていたときと、やっていることは同じだ""}]"
"54","テンプレ2","◆【注意】【】で囲まれた単語は感情や状況の指示であり、画像内に文字として描画しないでください
◆【絶対最優先】必ずフルカラーにしてください
◆【絶対最優先】必ず日本のアニメ・マンガ調のイラストで描いてください。実写風・フォトリアル風は禁止です。
◆【絶対最優先】キャラクター外見: ミサキは添付のミサキ.pngと100%同一の外見で描画
◆【出力サイズ】9:16
◆【補足情報】上下左右に50ピクセルの余白を設けてください
◆【補足情報】服装: ミサキ: ボーダー柄（白と紺）のカットソーにデニムパンツ、白いスニーカー
◆【コマ構成】テンプレ2: 上下均等2分割
◆【作画】ジャンル: 副業に最適化した統一スタイル / 作画スタイル: 親しみやすく実践的,現代的なライフスタイル表現 / 色調: 明るく前向きな色調,オレンジ・青・黄色基調,活力ある配色 / 線画: 親しみやすい柔らかな線,カジュアルで読みやすい表現 / 演出: パソコン作業,スマホ,時計,収入の可視化,必要に応じて集中線,効果線,擬音などのマンガらしい演出
◆【ストーリー】
1コマ目 (上段): ミサキの回想。事務職時代、上司に報告書を渡している場面（シルエット調）。 セリフ: なし ナレーション: ［四角枠］上司に何を伝えたいか。どの数字が重要か。何が結論か。それを整理して文章にする作業 オノマトペ: なし
2コマ目 (下段): 現在のミサキ。パソコンに向かって投稿を作っている。同じ姿勢。 セリフ: なし ナレーション: ［四角枠］AIへの指示も同じだった。事務職のスキルが、こんな形で活きるとは思わなかった オノマトペ: なし","[{""panel_id"": 1, ""type"": ""narration"", ""speaker"": null, ""text"": ""上司に何を伝えたいか。どの数字が重要か。何が結論か。それを整理して文章にする作業""}, {""panel_id"": 2, ""type"": ""narration"", ""speaker"": null, ""text"": ""AIへの指示も同じだった。事務職のスキルが、こんな形で活きるとは思わなかった""}]"
"55","テンプレ1","◆【注意】【】で囲まれた単語は感情や状況の指示であり、画像内に文字として描画しないでください
◆【絶対最優先】必ずフルカラーにしてください
◆【絶対最優先】必ず日本のアニメ・マンガ調のイラストで描いてください。実写風・フォトリアル風は禁止です。
◆【絶対最優先】キャラクター外見: ミサキは添付のミサキ.pngと100%同一の外見で描画, ひなたは添付のひなた.pngと100%同一の外見で描画
◆【出力サイズ】9:16
◆【補足情報】上下左右に50ピクセルの余白を設けてください
◆【補足情報】服装: ミサキ: ボーダー柄（白と紺）のカットソーにデニムパンツ、白いスニーカー / ひなた: ピンクのTシャツに白いズボン
◆【コマ構成】テンプレ1: ページ全体1コマ
◆【作画】ジャンル: 副業に最適化した統一スタイル / 作画スタイル: 親しみやすく実践的,現代的なライフスタイル表現 / 色調: 明るく前向きな色調,オレンジ・青・黄色基調,活力ある配色 / 線画: 親しみやすい柔らかな線,カジュアルで読みやすい表現 / 演出: パソコン作業,スマホ,時計,収入の可視化,必要に応じて集中線,効果線,擬音などのマンガらしい演出
◆【ストーリー】
1コマ目 (ページ全体): ミサキがひなたの額に手を当てている。ひなたの顔が赤い。体温計が「38.5℃」を表示している。背景に暗いトーン。緊迫した雰囲気。 セリフ: なし ナレーション: ［四角枠］投稿の質が変わり始めた矢先——ひなたが熱を出した。38度5分 オノマトペ: なし","[{""panel_id"": 1, ""type"": ""narration"", ""speaker"": null, ""text"": ""投稿の質が変わり始めた矢先——ひなたが熱を出した。38度5分""}]"
"56","テンプレ5","◆【注意】【】で囲まれた単語は感情や状況の指示であり、画像内に文字として描画しないでください
◆【絶対最優先】必ずフルカラーにしてください
◆【絶対最優先】必ず日本のアニメ・マンガ調のイラストで描いてください。実写風・フォトリアル風は禁止です。
◆【絶対最優先】キャラクター外見: ミサキは添付のミサキ.pngと100%同一の外見で描画, ひなたは添付のひなた.pngと100%同一の外見で描画
◆【出力サイズ】9:16
◆【補足情報】上下左右に50ピクセルの余白を設けてください
◆【補足情報】服装: ミサキ: ボーダー柄（白と紺）のカットソーにデニムパンツ、白いスニーカー / ひなた: ピンクのTシャツに白いズボン
◆【コマ構成】テンプレ5: 上・中・下3段
◆【作画】ジャンル: 副業に最適化した統一スタイル / 作画スタイル: 親しみやすく実践的,現代的なライフスタイル表現 / 色調: 明るく前向きな色調,オレンジ・青・黄色基調,活力ある配色 / 線画: 親しみやすい柔らかな線,カジュアルで読みやすい表現 / 演出: パソコン作業,スマホ,時計,収入の可視化,必要に応じて集中線,効果線,擬音などのマンガらしい演出
◆【ストーリー】
1コマ目 (上段): 小児科の待合室。ミサキがひなたを抱いて座っている。 セリフ: なし ナレーション: ［四角枠］小児科に行った。「風邪ですね。水分をしっかりとらせて、安静に」 オノマトペ: なし
2コマ目 (中段): 一日中ひなたを抱いているミサキ。下ろそうとすると泣くひなた。 セリフ: なし ナレーション: ［四角枠］一日中、ひなたを抱いていた。下ろすと泣く。パソコンを開く余裕なんてなかった オノマトペ: えーん
3コマ目 (下段): カレンダーに3日間バツ印がついている。 セリフ: なし ナレーション: ［四角枠］3日間——パソコンもスマホも触れなかった オノマトペ: なし","[{""panel_id"": 1, ""type"": ""narration"", ""speaker"": null, ""text"": ""小児科に行った。「風邪ですね。水分をしっかりとらせて、安静に」""}, {""panel_id"": 2, ""type"": ""narration"", ""speaker"": null, ""text"": ""一日中、ひなたを抱いていた。下ろすと泣く。パソコンを開く余裕なんてなかった""}, {""panel_id"": 3, ""type"": ""narration"", ""speaker"": null, ""text"": ""3日間——パソコンもスマホも触れなかった""}]"
"57","テンプレ4","◆【注意】【】で囲まれた単語は感情や状況の指示であり、画像内に文字として描画しないでください
◆【絶対最優先】必ずフルカラーにしてください
◆【絶対最優先】必ず日本のアニメ・マンガ調のイラストで描いてください。実写風・フォトリアル風は禁止です。
◆【絶対最優先】キャラクター外見: ミサキは添付のミサキ.pngと100%同一の外見で描画
◆【出力サイズ】9:16
◆【補足情報】上下左右に50ピクセルの余白を設けてください
◆【補足情報】服装: ミサキ: ボーダー柄（白と紺）のカットソーにデニムパンツ、白いスニーカー
◆【コマ構成】テンプレ4: 上段大→下段小
◆【作画】ジャンル: 副業に最適化した統一スタイル / 作画スタイル: 親しみやすく実践的,現代的なライフスタイル表現 / 色調: 明るく前向きな色調,オレンジ・青・黄色基調,活力ある配色 / 線画: 親しみやすい柔らかな線,カジュアルで読みやすい表現 / 演出: パソコン作業,スマホ,時計,収入の可視化,必要に応じて集中線,効果線,擬音などのマンガらしい演出
◆【ストーリー】
1コマ目 (上段大): 3日ぶりにInstagramを開いたミサキ。スマホ画面にフォロワー数「27」が表示。以前の「30」から減少。 セリフ: ［ミサキ］の吹き出しに「……たった3日で」 ナレーション: ［四角枠］3日ぶりにInstagramを開いた。フォロワーが3人減っていた オノマトペ: なし
2コマ目 (下段小): ミサキが落ち込んだ表情。 セリフ: ［ミサキ］の吹き出しに「やっぱり育児しながらは無理なのかな……」 ナレーション: ［四角枠］毎日コツコツ積み上げたものが、3日の空白で崩れる オノマトペ: なし","[{""panel_id"": 1, ""type"": ""dialogue"", ""speaker"": ""ミサキ"", ""text"": ""……たった3日で""}, {""panel_id"": 1, ""type"": ""narration"", ""speaker"": null, ""text"": ""3日ぶりにInstagramを開いた。フォロワーが3人減っていた""}, {""panel_id"": 2, ""type"": ""dialogue"", ""speaker"": ""ミサキ"", ""text"": ""やっぱり育児しながらは無理なのかな……""}, {""panel_id"": 2, ""type"": ""narration"", ""speaker"": null, ""text"": ""毎日コツコツ積み上げたものが、3日の空白で崩れる""}]"
"58","テンプレ5","◆【注意】【】で囲まれた単語は感情や状況の指示であり、画像内に文字として描画しないでください
◆【絶対最優先】必ずフルカラーにしてください
◆【絶対最優先】必ず日本のアニメ・マンガ調のイラストで描いてください。実写風・フォトリアル風は禁止です。
◆【絶対最優先】キャラクター外見: ミサキは添付のミサキ.pngと100%同一の外見で描画
◆【出力サイズ】9:16
◆【補足情報】上下左右に50ピクセルの余白を設けてください
◆【補足情報】服装: ミサキ: ボーダー柄（白と紺）のカットソーにデニムパンツ、白いスニーカー
◆【コマ構成】テンプレ5: 上・中・下3段
◆【作画】ジャンル: 副業に最適化した統一スタイル / 作画スタイル: 親しみやすく実践的,現代的なライフスタイル表現 / 色調: 明るく前向きな色調,オレンジ・青・黄色基調,活力ある配色 / 線画: 親しみやすい柔らかな線,カジュアルで読みやすい表現 / 演出: パソコン作業,スマホ,時計,収入の可視化,必要に応じて集中線,効果線,擬音などのマンガらしい演出
◆【ストーリー】
1コマ目 (上段): ミサキの想像——会社員時代、有給で休んでも同僚がカバーしてくれる場面（明るいトーン）。 セリフ: なし ナレーション: ［四角枠］会社員なら、有給を取って休める。代わりにやってくれる人がいる オノマトペ: なし
2コマ目 (中段): 現実のミサキ。一人でダイニングテーブルに座っている。パソコンは閉じたまま。暗いトーン。 セリフ: なし ナレーション: ［四角枠］一人でやっている場合、代わりはいない。休んだ分は、そのまま止まる オノマトペ: なし
3コマ目 (下段): 窓の外を見つめるミサキの横顔。 セリフ: なし ナレーション: ［四角枠］子供の体調不良は予告なく来る。計画通りに進むことのほうが少ない オノマトペ: なし","[{""panel_id"": 1, ""type"": ""narration"", ""speaker"": null, ""text"": ""会社員なら、有給を取って休める。代わりにやってくれる人がいる""}, {""panel_id"": 2, ""type"": ""narration"", ""speaker"": null, ""text"": ""一人でやっている場合、代わりはいない。休んだ分は、そのまま止まる""}, {""panel_id"": 3, ""type"": ""narration"", ""speaker"": null, ""text"": ""子供の体調不良は予告なく来る。計画通りに進むことのほうが少ない""}]"
"59","テンプレ6","◆【注意】【】で囲まれた単語は感情や状況の指示であり、画像内に文字として描画しないでください
◆【絶対最優先】必ずフルカラーにしてください
◆【絶対最優先】必ず日本のアニメ・マンガ調のイラストで描いてください。実写風・フォトリアル風は禁止です。
◆【絶対最優先】キャラクター外見: ミサキは添付のミサキ.pngと100%同一の外見で描画, タクヤは添付のタクヤ.pngと100%同一の外見で描画
◆【出力サイズ】9:16
◆【補足情報】上下左右に50ピクセルの余白を設けてください
◆【補足情報】服装: ミサキ: ボーダー柄（白と紺）のカットソーにデニムパンツ、白いスニーカー / タクヤ: 白い無地のシャツにベージュのチノパン、茶色の革靴
◆【コマ構成】テンプレ6: 上段1コマ + 下段左右2コマ
◆【作画】ジャンル: 副業に最適化した統一スタイル / 作画スタイル: 親しみやすく実践的,現代的なライフスタイル表現 / 色調: 明るく前向きな色調,オレンジ・青・黄色基調,活力ある配色 / 線画: 親しみやすい柔らかな線,カジュアルで読みやすい表現 / 演出: パソコン作業,スマホ,時計,収入の可視化,必要に応じて集中線,効果線,擬音などのマンガらしい演出
◆【ストーリー】
1コマ目 (上段): オンライン面談。ミサキが報告している。 セリフ: ［ミサキ］の吹き出しに「3日間、投稿できませんでした。子供が熱を出して」 ナレーション: なし オノマトペ: なし
2コマ目 (下段左): タクヤが優しく聞いている。 セリフ: ［タクヤ］の吹き出しに「それは大変でしたね。ひなたちゃんは元気になりましたか？」 ナレーション: なし オノマトペ: なし
3コマ目 (下段右): ミサキが少し落ち込んだ顔。 セリフ: ［ミサキ］の吹き出しに「フォロワーも減って。やっぱり毎日投稿しないとダメなのかなって」 ナレーション: なし オノマトペ: なし","[{""panel_id"": 1, ""type"": ""dialogue"", ""speaker"": ""ミサキ"", ""text"": ""3日間、投稿できませんでした。子供が熱を出して""}, {""panel_id"": 2, ""type"": ""dialogue"", ""speaker"": ""タクヤ"", ""text"": ""それは大変でしたね。ひなたちゃんは元気になりましたか？""}, {""panel_id"": 3, ""type"": ""dialogue"", ""speaker"": ""ミサキ"", ""text"": ""フォロワーも減って。やっぱり毎日投稿しないとダメなのかなって""}]"
"60","テンプレ5","◆【注意】【】で囲まれた単語は感情や状況の指示であり、画像内に文字として描画しないでください
◆【絶対最優先】必ずフルカラーにしてください
◆【絶対最優先】必ず日本のアニメ・マンガ調のイラストで描いてください。実写風・フォトリアル風は禁止です。
◆【絶対最優先】キャラクター外見: ミサキは添付のミサキ.pngと100%同一の外見で描画, タクヤは添付のタクヤ.pngと100%同一の外見で描画
◆【出力サイズ】9:16
◆【補足情報】上下左右に50ピクセルの余白を設けてください
◆【補足情報】服装: ミサキ: ボーダー柄（白と紺）のカットソーにデニムパンツ、白いスニーカー / タクヤ: 白い無地のシャツにベージュのチノパン、茶色の革靴
◆【コマ構成】テンプレ5: 上・中・下3段
◆【作画】ジャンル: 副業に最適化した統一スタイル / 作画スタイル: 親しみやすく実践的,現代的なライフスタイル表現 / 色調: 明るく前向きな色調,オレンジ・青・黄色基調,活力ある配色 / 線画: 親しみやすい柔らかな線,カジュアルで読みやすい表現 / 演出: パソコン作業,スマホ,時計,収入の可視化,必要に応じて集中線,効果線,擬音などのマンガらしい演出
◆【ストーリー】
1コマ目 (上段): タクヤが少し黙ってから真剣な表情で。 セリフ: ［タクヤ］の吹き出しに「僕が""毎日投稿しましょう""って言ったの、覚えてますか？」 ナレーション: なし オノマトペ: なし
2コマ目 (中段): ミサキが頷く。 セリフ: ［ミサキ］の吹き出しに「はい」 ナレーション: なし オノマトペ: なし
3コマ目 (下段): タクヤが意外なことを言う。ミサキが驚いている。 セリフ: ［タクヤ］の吹き出しに「あれ、半分嘘です」 ［ミサキ］の吹き出しに「え？」 ナレーション: なし オノマトペ: なし","[{""panel_id"": 1, ""type"": ""dialogue"", ""speaker"": ""タクヤ"", ""text"": ""僕が\""毎日投稿しましょう\""って言ったの、覚えてますか？""}, {""panel_id"": 2, ""type"": ""dialogue"", ""speaker"": ""ミサキ"", ""text"": ""はい""}, {""panel_id"": 3, ""type"": ""dialogue"", ""speaker"": ""タクヤ"", ""text"": ""あれ、半分嘘です""}, {""panel_id"": 3, ""type"": ""dialogue"", ""speaker"": ""ミサキ"", ""text"": ""え？""}]"
"61","テンプレ1","◆【注意】【】で囲まれた単語は感情や状況の指示であり、画像内に文字として描画しないでください
◆【絶対最優先】必ずフルカラーにしてください
◆【絶対最優先】必ず日本のアニメ・マンガ調のイラストで描いてください。実写風・フォトリアル風は禁止です。
◆【絶対最優先】キャラクター外見: タクヤは添付のタクヤ.pngと100%同一の外見で描画
◆【出力サイズ】9:16
◆【補足情報】上下左右に50ピクセルの余白を設けてください
◆【補足情報】服装: タクヤ: 白い無地のシャツにベージュのチノパン、茶色の革靴
◆【コマ構成】テンプレ1: ページ全体1コマ
◆【作画】ジャンル: 副業に最適化した統一スタイル / 作画スタイル: 親しみやすく実践的,現代的なライフスタイル表現 / 色調: 明るく前向きな色調,オレンジ・青・黄色基調,活力ある配色 / 線画: 親しみやすい柔らかな線,カジュアルで読みやすい表現 / 演出: パソコン作業,スマホ,時計,収入の可視化,必要に応じて集中線,効果線,擬音などのマンガらしい演出
◆【ストーリー】
1コマ目 (ページ全体): タクヤが画面越しに真剣に語りかけている。背景に「止めないこと」の文字が大きく浮かんでいる。温かい光に包まれた画面。 セリフ: ［タクヤ］の吹き出しに「本当に大事なのは""毎日やること""じゃなくて、""止めないこと""です」 ナレーション: なし オノマトペ: なし","[{""panel_id"": 1, ""type"": ""dialogue"", ""speaker"": ""タクヤ"", ""text"": ""本当に大事なのは\""毎日やること\""じゃなくて、\""止めないこと\""です""}]"
"62","テンプレ5","◆【注意】【】で囲まれた単語は感情や状況の指示であり、画像内に文字として描画しないでください
◆【絶対最優先】必ずフルカラーにしてください
◆【絶対最優先】必ず日本のアニメ・マンガ調のイラストで描いてください。実写風・フォトリアル風は禁止です。
◆【絶対最優先】キャラクター外見: ミサキは添付のミサキ.pngと100%同一の外見で描画, タクヤは添付のタクヤ.pngと100%同一の外見で描画
◆【出力サイズ】9:16
◆【補足情報】上下左右に50ピクセルの余白を設けてください
◆【補足情報】服装: ミサキ: ボーダー柄（白と紺）のカットソーにデニムパンツ、白いスニーカー / タクヤ: 白い無地のシャツにベージュのチノパン、茶色の革靴
◆【コマ構成】テンプレ5: 上・中・下3段
◆【作画】ジャンル: 副業に最適化した統一スタイル / 作画スタイル: 親しみやすく実践的,現代的なライフスタイル表現 / 色調: 明るく前向きな色調,オレンジ・青・黄色基調,活力ある配色 / 線画: 親しみやすい柔らかな線,カジュアルで読みやすい表現 / 演出: パソコン作業,スマホ,時計,収入の可視化,必要に応じて集中線,効果線,擬音などのマンガらしい演出
◆【ストーリー】
1コマ目 (上段): タクヤが穏やかに説明。 セリフ: ［タクヤ］の吹き出しに「3日休んだ。で、4日目にまた投稿した。それでいいんです」 ナレーション: なし オノマトペ: なし
2コマ目 (中段): ミサキが反論しかけている。 セリフ: ［ミサキ］の吹き出しに「でも、フォロワーが——」 ナレーション: なし オノマトペ: なし
3コマ目 (下段): タクヤが力強く。 セリフ: ［タクヤ］の吹き出しに「減ります。でも残っている人は、佐藤さんの言葉に共感している人です。そっちのほうが大事でしょう？」 ナレーション: なし オノマトペ: なし","[{""panel_id"": 1, ""type"": ""dialogue"", ""speaker"": ""タクヤ"", ""text"": ""3日休んだ。で、4日目にまた投稿した。それでいいんです""}, {""panel_id"": 2, ""type"": ""dialogue"", ""speaker"": ""ミサキ"", ""text"": ""でも、フォロワーが——""}, {""panel_id"": 3, ""type"": ""dialogue"", ""speaker"": ""タクヤ"", ""text"": ""減ります。でも残っている人は、佐藤さんの言葉に共感している人です。そっちのほうが大事でしょう？""}]"
"63","テンプレ7","◆【注意】【】で囲まれた単語は感情や状況の指示であり、画像内に文字として描画しないでください
◆【絶対最優先】必ずフルカラーにしてください
◆【絶対最優先】必ず日本のアニメ・マンガ調のイラストで描いてください。実写風・フォトリアル風は禁止です。
◆【絶対最優先】キャラクター外見: ミサキは添付のミサキ.pngと100%同一の外見で描画, タクヤは添付のタクヤ.pngと100%同一の外見で描画
◆【出力サイズ】9:16
◆【補足情報】上下左右に50ピクセルの余白を設けてください
◆【補足情報】服装: ミサキ: ボーダー柄（白と紺）のカットソーにデニムパンツ、白いスニーカー / タクヤ: 白い無地のシャツにベージュのチノパン、茶色の革靴
◆【コマ構成】テンプレ7: 上段左右2コマ + 下段1コマ
◆【作画】ジャンル: 副業に最適化した統一スタイル / 作画スタイル: 親しみやすく実践的,現代的なライフスタイル表現 / 色調: 明るく前向きな色調,オレンジ・青・黄色基調,活力ある配色 / 線画: 親しみやすい柔らかな線,カジュアルで読みやすい表現 / 演出: パソコン作業,スマホ,時計,収入の可視化,必要に応じて集中線,効果線,擬音などのマンガらしい演出
◆【ストーリー】
1コマ目 (上段左): タクヤが話している。 セリフ: ［タクヤ］の吹き出しに「完璧を目指すと折れます。特に育児中は。子供は計画通りにいかない」 ナレーション: なし オノマトペ: なし
2コマ目 (上段右): ミサキが聞いている。 セリフ: ［ミサキ］の吹き出しに「前提に……」 ナレーション: なし オノマトペ: なし
3コマ目 (下段): タクヤが力強い表情で最後の言葉。 セリフ: ［タクヤ］の吹き出しに「止まってもいい。でも、やめない。それが、育児しながら何かを続ける唯一の方法です」 ナレーション: なし オノマトペ: なし","[{""panel_id"": 1, ""type"": ""dialogue"", ""speaker"": ""タクヤ"", ""text"": ""完璧を目指すと折れます。特に育児中は。子供は計画通りにいかない""}, {""panel_id"": 2, ""type"": ""dialogue"", ""speaker"": ""ミサキ"", ""text"": ""前提に……""}, {""panel_id"": 3, ""type"": ""dialogue"", ""speaker"": ""タクヤ"", ""text"": ""止まってもいい。でも、やめない。それが、育児しながら何かを続ける唯一の方法です""}]"
"64","テンプレ6","◆【注意】【】で囲まれた単語は感情や状況の指示であり、画像内に文字として描画しないでください
◆【絶対最優先】必ずフルカラーにしてください
◆【絶対最優先】必ず日本のアニメ・マンガ調のイラストで描いてください。実写風・フォトリアル風は禁止です。
◆【絶対最優先】キャラクター外見: ミサキは添付のミサキ.pngと100%同一の外見で描画
◆【出力サイズ】9:16
◆【補足情報】上下左右に50ピクセルの余白を設けてください
◆【補足情報】服装: ミサキ: ボーダー柄（白と紺）のカットソーにデニムパンツ、白いスニーカー
◆【コマ構成】テンプレ6: 上段1コマ + 下段左右2コマ
◆【作画】ジャンル: 副業に最適化した統一スタイル / 作画スタイル: 親しみやすく実践的,現代的なライフスタイル表現 / 色調: 明るく前向きな色調,オレンジ・青・黄色基調,活力ある配色 / 線画: 親しみやすい柔らかな線,カジュアルで読みやすい表現 / 演出: パソコン作業,スマホ,時計,収入の可視化,必要に応じて集中線,効果線,擬音などのマンガらしい演出
◆【ストーリー】
1コマ目 (上段): 面談の翌日。ミサキがパソコンに向かっている。決意の表情。 セリフ: なし ナレーション: ［四角枠］面談の翌日。ミサキは4日ぶりの投稿を作った オノマトペ: なし
2コマ目 (下段左): パソコン画面。Claudeへの指示文「ひなたが風邪で3日間投稿できなかった。""止まってもいいから、やめない""という言葉に救われた。この体験を正直に書きたい」 セリフ: なし ナレーション: ［四角枠］テーマは「子供が熱を出して3日間何もできなかった話」 オノマトペ: カタカタ
3コマ目 (下段右): ミサキが画面を読んで、目がうるんでいる。 セリフ: なし ナレーション: ［四角枠］出来上がった投稿を読んで、ミサキ自身がちょっと泣きそうになった オノマトペ: なし","[{""panel_id"": 1, ""type"": ""narration"", ""speaker"": null, ""text"": ""面談の翌日。ミサキは4日ぶりの投稿を作った""}, {""panel_id"": 2, ""type"": ""narration"", ""speaker"": null, ""text"": ""テーマは「子供が熱を出して3日間何もできなかった話」""}, {""panel_id"": 3, ""type"": ""narration"", ""speaker"": null, ""text"": ""出来上がった投稿を読んで、ミサキ自身がちょっと泣きそうになった""}]"
"65","テンプレ5","◆【注意】【】で囲まれた単語は感情や状況の指示であり、画像内に文字として描画しないでください
◆【絶対最優先】必ずフルカラーにしてください
◆【絶対最優先】必ず日本のアニメ・マンガ調のイラストで描いてください。実写風・フォトリアル風は禁止です。
◆【絶対最優先】キャラクター外見: ミサキは添付のミサキ.pngと100%同一の外見で描画
◆【出力サイズ】9:16
◆【補足情報】上下左右に50ピクセルの余白を設けてください
◆【補足情報】服装: ミサキ: ボーダー柄（白と紺）のカットソーにデニムパンツ、白いスニーカー
◆【コマ構成】テンプレ5: 上・中・下3段
◆【作画】ジャンル: 副業に最適化した統一スタイル / 作画スタイル: 親しみやすく実践的,現代的なライフスタイル表現 / 色調: 明るく前向きな色調,オレンジ・青・黄色基調,活力ある配色 / 線画: 親しみやすい柔らかな線,カジュアルで読みやすい表現 / 演出: パソコン作業,スマホ,時計,収入の可視化,必要に応じて集中線,効果線,擬音などのマンガらしい演出
◆【ストーリー】
1コマ目 (上段): ミサキがスマホを見ている。いつもより通知が多い。 セリフ: なし ナレーション: ［四角枠］投稿した。反応は、いつもより多かった。コメントが2件 オノマトペ: なし
2コマ目 (中段): スマホ画面のコメント欄アップ。「私もブログ3回やめました。でもこの投稿見て、また書いてみようと思いました」 セリフ: なし ナレーション: なし オノマトペ: なし
3コマ目 (下段): もう一つのコメント。「完璧じゃなくていいって、言ってもらえると嬉しい。ありがとう」 セリフ: なし ナレーション: なし オノマトペ: なし","[{""panel_id"": 1, ""type"": ""narration"", ""speaker"": null, ""text"": ""投稿した。反応は、いつもより多かった。コメントが2件""}]"
"66","テンプレ4","◆【注意】【】で囲まれた単語は感情や状況の指示であり、画像内に文字として描画しないでください
◆【絶対最優先】必ずフルカラーにしてください
◆【絶対最優先】必ず日本のアニメ・マンガ調のイラストで描いてください。実写風・フォトリアル風は禁止です。
◆【絶対最優先】キャラクター外見: ミサキは添付のミサキ.pngと100%同一の外見で描画
◆【出力サイズ】9:16
◆【補足情報】上下左右に50ピクセルの余白を設けてください
◆【補足情報】服装: ミサキ: ボーダー柄（白と紺）のカットソーにデニムパンツ、白いスニーカー
◆【コマ構成】テンプレ4: 上段大→下段小
◆【作画】ジャンル: 副業に最適化した統一スタイル / 作画スタイル: 親しみやすく実践的,現代的なライフスタイル表現 / 色調: 明るく前向きな色調,オレンジ・青・黄色基調,活力ある配色 / 線画: 親しみやすい柔らかな線,カジュアルで読みやすい表現 / 演出: パソコン作業,スマホ,時計,収入の可視化,必要に応じて集中線,効果線,擬音などのマンガらしい演出
◆【ストーリー】
1コマ目 (上段大): ミサキがスマホ画面を見つめている。目が潤んでいる。2件のコメントの光が画面から漏れている。 セリフ: なし ナレーション: ［四角枠］2件のコメント。数字としては小さい。でも、自分の経験——失敗を含めた経験——に対する、本物の反応だった オノマトペ: なし
2コマ目 (下段小): ミサキの微笑み。涙をこらえている。 セリフ: なし ナレーション: ［四角枠］「きれいごと」じゃない投稿のほうが、届く。完璧じゃないからこそ、共感される オノマトペ: なし","[{""panel_id"": 1, ""type"": ""narration"", ""speaker"": null, ""text"": ""2件のコメント。数字としては小さい。でも、自分の経験——失敗を含めた経験——に対する、本物の反応だった""}, {""panel_id"": 2, ""type"": ""narration"", ""speaker"": null, ""text"": ""「きれいごと」じゃない投稿のほうが、届く。完璧じゃないからこそ、共感される""}]"
"67","テンプレ5","◆【注意】【】で囲まれた単語は感情や状況の指示であり、画像内に文字として描画しないでください
◆【絶対最優先】必ずフルカラーにしてください
◆【絶対最優先】必ず日本のアニメ・マンガ調のイラストで描いてください。実写風・フォトリアル風は禁止です。
◆【絶対最優先】キャラクター外見: ミサキは添付のミサキ.pngと100%同一の外見で描画
◆【出力サイズ】9:16
◆【補足情報】上下左右に50ピクセルの余白を設けてください
◆【補足情報】服装: ミサキ: ボーダー柄（白と紺）のカットソーにデニムパンツ、白いスニーカー
◆【コマ構成】テンプレ5: 上・中・下3段
◆【作画】ジャンル: 副業に最適化した統一スタイル / 作画スタイル: 親しみやすく実践的,現代的なライフスタイル表現 / 色調: 明るく前向きな色調,オレンジ・青・黄色基調,活力ある配色 / 線画: 親しみやすい柔らかな線,カジュアルで読みやすい表現 / 演出: パソコン作業,スマホ,時計,収入の可視化,必要に応じて集中線,効果線,擬音などのマンガらしい演出
◆【ストーリー】
1コマ目 (上段): 翌日、パソコンに向かうミサキ。明るい表情。 セリフ: なし ナレーション: ［四角枠］ミサキは翌日も投稿した。その翌日も オノマトペ: カタカタ
2コマ目 (中段): カレンダーに投稿マークが続いている。途中に空白の日がある。でもまた再開。 セリフ: なし ナレーション: ［四角枠］3日休んでも、また始めた。それだけのことだった オノマトペ: なし
3コマ目 (下段): ミサキの横顔。穏やかだけど強い眼差し。 セリフ: なし ナレーション: ［四角枠］でも「それだけのこと」が、一番難しくて、一番大事だった オノマトペ: なし","[{""panel_id"": 1, ""type"": ""narration"", ""speaker"": null, ""text"": ""ミサキは翌日も投稿した。その翌日も""}, {""panel_id"": 2, ""type"": ""narration"", ""speaker"": null, ""text"": ""3日休んでも、また始めた。それだけのことだった""}, {""panel_id"": 3, ""type"": ""narration"", ""speaker"": null, ""text"": ""でも「それだけのこと」が、一番難しくて、一番大事だった""}]"
"68","テンプレ7","◆【注意】【】で囲まれた単語は感情や状況の指示であり、画像内に文字として描画しないでください
◆【絶対最優先】必ずフルカラーにしてください
◆【絶対最優先】必ず日本のアニメ・マンガ調のイラストで描いてください。実写風・フォトリアル風は禁止です。
◆【絶対最優先】キャラクター外見: ミサキは添付のミサキ.pngと100%同一の外見で描画
◆【出力サイズ】9:16
◆【補足情報】上下左右に50ピクセルの余白を設けてください
◆【補足情報】服装: ミサキ: ボーダー柄（白と紺）のカットソーにデニムパンツ、白いスニーカー
◆【コマ構成】テンプレ7: 上段左右2コマ + 下段1コマ
◆【作画】ジャンル: 副業に最適化した統一スタイル / 作画スタイル: 親しみやすく実践的,現代的なライフスタイル表現 / 色調: 明るく前向きな色調,オレンジ・青・黄色基調,活力ある配色 / 線画: 親しみやすい柔らかな線,カジュアルで読みやすい表現 / 演出: パソコン作業,スマホ,時計,収入の可視化,必要に応じて集中線,効果線,擬音などのマンガらしい演出
◆【ストーリー】
1コマ目 (上段左): ミサキの手帳に新しい投稿計画。「実体験ベース」の投稿と「ハウツー」の比率が書かれている。 セリフ: なし ナレーション: ［四角枠］再開後、投稿のスタイルが変わり始めた。体験ベースの投稿が増えた オノマトペ: なし
2コマ目 (上段右): パソコンでClaudeに相談しているミサキ。具体的な体験を入力している。 セリフ: なし ナレーション: ［四角枠］AIへの指示は、いつも自分の体験から始める オノマトペ: カタカタ
3コマ目 (下段): スマホのInstagram画面。少しずつ「いいね」が増えてきている。 セリフ: なし ナレーション: ［四角枠］少しずつだけど、反応が変わり始めた オノマトペ: なし","[{""panel_id"": 1, ""type"": ""narration"", ""speaker"": null, ""text"": ""再開後、投稿のスタイルが変わり始めた。体験ベースの投稿が増えた""}, {""panel_id"": 2, ""type"": ""narration"", ""speaker"": null, ""text"": ""AIへの指示は、いつも自分の体験から始める""}, {""panel_id"": 3, ""type"": ""narration"", ""speaker"": null, ""text"": ""少しずつだけど、反応が変わり始めた""}]"
"69","テンプレ6","◆【注意】【】で囲まれた単語は感情や状況の指示であり、画像内に文字として描画しないでください
◆【絶対最優先】必ずフルカラーにしてください
◆【絶対最優先】必ず日本のアニメ・マンガ調のイラストで描いてください。実写風・フォトリアル風は禁止です。
◆【絶対最優先】キャラクター外見: ミサキは添付のミサキ.pngと100%同一の外見で描画
◆【出力サイズ】9:16
◆【補足情報】上下左右に50ピクセルの余白を設けてください
◆【補足情報】服装: ミサキ: ボーダー柄（白と紺）のカットソーにデニムパンツ、白いスニーカー
◆【コマ構成】テンプレ6: 上段1コマ + 下段左右2コマ
◆【作画】ジャンル: 副業に最適化した統一スタイル / 作画スタイル: 親しみやすく実践的,現代的なライフスタイル表現 / 色調: 明るく前向きな色調,オレンジ・青・黄色基調,活力ある配色 / 線画: 親しみやすい柔らかな線,カジュアルで読みやすい表現 / 演出: パソコン作業,スマホ,時計,収入の可視化,必要に応じて集中線,効果線,擬音などのマンガらしい演出
◆【ストーリー】
1コマ目 (上段): ミサキが「今日は正直に書こう」と決意してパソコンに向かう。 セリフ: なし ナレーション: ［四角枠］完璧な育児アドバイスより、不完全な本音のほうが共感を生む——それがわかり始めた オノマトペ: なし
2コマ目 (下段左): スマホの投稿にコメントがついている画面。 セリフ: なし ナレーション: ［四角枠］正直に書いた投稿にだけ、コメントがつく オノマトペ: なし
3コマ目 (下段右): ミサキが嬉しそうにスマホを見ている。 セリフ: ［ミサキ］の吹き出しに「読んでくれてる人がいる」 ナレーション: なし オノマトペ: なし","[{""panel_id"": 1, ""type"": ""narration"", ""speaker"": null, ""text"": ""完璧な育児アドバイスより、不完全な本音のほうが共感を生む——それがわかり始めた""}, {""panel_id"": 2, ""type"": ""narration"", ""speaker"": null, ""text"": ""正直に書いた投稿にだけ、コメントがつく""}, {""panel_id"": 3, ""type"": ""dialogue"", ""speaker"": ""ミサキ"", ""text"": ""読んでくれてる人がいる""}]"
"70","テンプレ2","◆【注意】【】で囲まれた単語は感情や状況の指示であり、画像内に文字として描画しないでください
◆【絶対最優先】必ずフルカラーにしてください
◆【絶対最優先】必ず日本のアニメ・マンガ調のイラストで描いてください。実写風・フォトリアル風は禁止です。
◆【絶対最優先】キャラクター外見: ミサキは添付のミサキ.pngと100%同一の外見で描画, ひなたは添付のひなた.pngと100%同一の外見で描画
◆【出力サイズ】9:16
◆【補足情報】上下左右に50ピクセルの余白を設けてください
◆【補足情報】服装: ミサキ: ボーダー柄（白と紺）のカットソーにデニムパンツ、白いスニーカー / ひなた: ピンクのTシャツに白いズボン
◆【コマ構成】テンプレ2: 上下均等2分割
◆【作画】ジャンル: 副業に最適化した統一スタイル / 作画スタイル: 親しみやすく実践的,現代的なライフスタイル表現 / 色調: 明るく前向きな色調,オレンジ・青・黄色基調,活力ある配色 / 線画: 親しみやすい柔らかな線,カジュアルで読みやすい表現 / 演出: パソコン作業,スマホ,時計,収入の可視化,必要に応じて集中線,効果線,擬音などのマンガらしい演出
◆【ストーリー】
1コマ目 (上段): 昼。ひなたが昼寝している間にパソコンに向かうミサキ。時計が13:00を示している。 セリフ: なし ナレーション: ［四角枠］ひなたの昼寝が投稿の時間。毎日のルーティンになっていた オノマトペ: すやすや
2コマ目 (下段): 夜。ひなたを寝かしつけた後、ダイニングテーブルでパソコンに向かうミサキ。時計は22:00。 セリフ: なし ナレーション: ［四角枠］夜は仕上げの時間。昼に書いた下書きを、Claudeと一緒にブラッシュアップする オノマトペ: カタカタ","[{""panel_id"": 1, ""type"": ""narration"", ""speaker"": null, ""text"": ""ひなたの昼寝が投稿の時間。毎日のルーティンになっていた""}, {""panel_id"": 2, ""type"": ""narration"", ""speaker"": null, ""text"": ""夜は仕上げの時間。昼に書いた下書きを、Claudeと一緒にブラッシュアップする""}]"
"71","テンプレ3","◆【注意】【】で囲まれた単語は感情や状況の指示であり、画像内に文字として描画しないでください
◆【絶対最優先】必ずフルカラーにしてください
◆【絶対最優先】必ず日本のアニメ・マンガ調のイラストで描いてください。実写風・フォトリアル風は禁止です。
◆【絶対最優先】キャラクター外見: ミサキは添付のミサキ.pngと100%同一の外見で描画
◆【出力サイズ】9:16
◆【補足情報】上下左右に50ピクセルの余白を設けてください
◆【補足情報】服装: ミサキ: ボーダー柄（白と紺）のカットソーにデニムパンツ、白いスニーカー
◆【コマ構成】テンプレ3: 上段小→下段大
◆【作画】ジャンル: 副業に最適化した統一スタイル / 作画スタイル: 親しみやすく実践的,現代的なライフスタイル表現 / 色調: 明るく前向きな色調,オレンジ・青・黄色基調,活力ある配色 / 線画: 親しみやすい柔らかな線,カジュアルで読みやすい表現 / 演出: パソコン作業,スマホ,時計,収入の可視化,必要に応じて集中線,効果線,擬音などのマンガらしい演出
◆【ストーリー】
1コマ目 (上段小): スマホのフォロワー数推移のイメージ。12→15→20→27→30と少しずつ増えている。 セリフ: なし ナレーション: ［四角枠］フォロワーは少しずつ増えていた。爆発的ではないけれど、確実に オノマトペ: なし
2コマ目 (下段大): ミサキが満足そうにスマホを見ている。穏やかな笑顔。 セリフ: ［ミサキ］の吹き出しに「一人ずつ、ちゃんと増えてる」 ナレーション: ［四角枠］数字よりも嬉しかったのは、コメントの中身が変わってきたこと オノマトペ: なし","[{""panel_id"": 1, ""type"": ""narration"", ""speaker"": null, ""text"": ""フォロワーは少しずつ増えていた。爆発的ではないけれど、確実に""}, {""panel_id"": 2, ""type"": ""dialogue"", ""speaker"": ""ミサキ"", ""text"": ""一人ずつ、ちゃんと増えてる""}, {""panel_id"": 2, ""type"": ""narration"", ""speaker"": null, ""text"": ""数字よりも嬉しかったのは、コメントの中身が変わってきたこと""}]"
"72","テンプレ7","◆【注意】【】で囲まれた単語は感情や状況の指示であり、画像内に文字として描画しないでください
◆【絶対最優先】必ずフルカラーにしてください
◆【絶対最優先】必ず日本のアニメ・マンガ調のイラストで描いてください。実写風・フォトリアル風は禁止です。
◆【絶対最優先】キャラクター外見: ミサキは添付のミサキ.pngと100%同一の外見で描画
◆【出力サイズ】9:16
◆【補足情報】上下左右に50ピクセルの余白を設けてください
◆【補足情報】服装: ミサキ: ボーダー柄（白と紺）のカットソーにデニムパンツ、白いスニーカー
◆【コマ構成】テンプレ7: 上段左右2コマ + 下段1コマ
◆【作画】ジャンル: 副業に最適化した統一スタイル / 作画スタイル: 親しみやすく実践的,現代的なライフスタイル表現 / 色調: 明るく前向きな色調,オレンジ・青・黄色基調,活力ある配色 / 線画: 親しみやすい柔らかな線,カジュアルで読みやすい表現 / 演出: パソコン作業,スマホ,時計,収入の可視化,必要に応じて集中線,効果線,擬音などのマンガらしい演出
◆【ストーリー】
1コマ目 (上段左): ミサキが台所で離乳食を作りながら、スマホでメモを取っている。 セリフ: なし ナレーション: ［四角枠］育児の合間に投稿のネタをメモする。日常がすべてコンテンツになった オノマトペ: なし
2コマ目 (上段右): スーパーで買い物しながらスマホにメモするミサキ。 セリフ: なし ナレーション: なし オノマトペ: なし
3コマ目 (下段): 公園でひなたを遊ばせながら、ベンチでスマホを見ているミサキ。 セリフ: なし ナレーション: ［四角枠］生活のすべてが、発信の種になっていく オノマトペ: なし","[{""panel_id"": 1, ""type"": ""narration"", ""speaker"": null, ""text"": ""育児の合間に投稿のネタをメモする。日常がすべてコンテンツになった""}, {""panel_id"": 3, ""type"": ""narration"", ""speaker"": null, ""text"": ""生活のすべてが、発信の種になっていく""}]"
"73","テンプレ5","◆【注意】【】で囲まれた単語は感情や状況の指示であり、画像内に文字として描画しないでください
◆【絶対最優先】必ずフルカラーにしてください
◆【絶対最優先】必ず日本のアニメ・マンガ調のイラストで描いてください。実写風・フォトリアル風は禁止です。
◆【絶対最優先】キャラクター外見: ミサキは添付のミサキ.pngと100%同一の外見で描画, ひなたは添付のひなた.pngと100%同一の外見で描画
◆【出力サイズ】9:16
◆【補足情報】上下左右に50ピクセルの余白を設けてください
◆【補足情報】服装: ミサキ: ボーダー柄（白と紺）のカットソーにデニムパンツ、白いスニーカー / ひなた: ピンクのTシャツに白いズボン
◆【コマ構成】テンプレ5: 上・中・下3段
◆【作画】ジャンル: 副業に最適化した統一スタイル / 作画スタイル: 親しみやすく実践的,現代的なライフスタイル表現 / 色調: 明るく前向きな色調,オレンジ・青・黄色基調,活力ある配色 / 線画: 親しみやすい柔らかな線,カジュアルで読みやすい表現 / 演出: パソコン作業,スマホ,時計,収入の可視化,必要に応じて集中線,効果線,擬音などのマンガらしい演出
◆【ストーリー】
1コマ目 (上段): ひなたが泣いている。ミサキがパソコンから離れてひなたのもとへ。 セリフ: なし ナレーション: ［四角枠］中断は何度もあった。ひなたが泣けば手を止める オノマトペ: えーん
2コマ目 (中段): ひなたが落ち着いた後、また席に戻るミサキ。 セリフ: なし ナレーション: ［四角枠］でも、落ち着いたら戻る。それを繰り返した オノマトペ: なし
3コマ目 (下段): ミサキが穏やかに微笑みながらパソコンに向かっている。 セリフ: なし ナレーション: ［四角枠］止まっても、やめない。それだけを守り続けた オノマトペ: なし","[{""panel_id"": 1, ""type"": ""narration"", ""speaker"": null, ""text"": ""中断は何度もあった。ひなたが泣けば手を止める""}, {""panel_id"": 2, ""type"": ""narration"", ""speaker"": null, ""text"": ""でも、落ち着いたら戻る。それを繰り返した""}, {""panel_id"": 3, ""type"": ""narration"", ""speaker"": null, ""text"": ""止まっても、やめない。それだけを守り続けた""}]"
"74","テンプレ6","◆【注意】【】で囲まれた単語は感情や状況の指示であり、画像内に文字として描画しないでください
◆【絶対最優先】必ずフルカラーにしてください
◆【絶対最優先】必ず日本のアニメ・マンガ調のイラストで描いてください。実写風・フォトリアル風は禁止です。
◆【絶対最優先】キャラクター外見: ミサキは添付のミサキ.pngと100%同一の外見で描画
◆【出力サイズ】9:16
◆【補足情報】上下左右に50ピクセルの余白を設けてください
◆【補足情報】服装: ミサキ: ボーダー柄（白と紺）のカットソーにデニムパンツ、白いスニーカー
◆【コマ構成】テンプレ6: 上段1コマ + 下段左右2コマ
◆【作画】ジャンル: 副業に最適化した統一スタイル / 作画スタイル: 親しみやすく実践的,現代的なライフスタイル表現 / 色調: 明るく前向きな色調,オレンジ・青・黄色基調,活力ある配色 / 線画: 親しみやすい柔らかな線,カジュアルで読みやすい表現 / 演出: パソコン作業,スマホ,時計,収入の可視化,必要に応じて集中線,効果線,擬音などのマンガらしい演出
◆【ストーリー】
1コマ目 (上段): ミサキのInstagram投稿が並んでいる。初期の投稿と最近の投稿のビジュアルの差。最近のほうが温かみがある。 セリフ: なし ナレーション: ［四角枠］投稿のクオリティも上がっていった。AIへの指示が上手くなるほど、出力も良くなる オノマトペ: なし
2コマ目 (下段左): Claudeとのやり取り画面。具体的な指示と的確な回答。 セリフ: なし ナレーション: ［四角枠］AIの使い方に慣れてきた。「鏡」の使い方がわかってきた オノマトペ: なし
3コマ目 (下段右): ミサキが自信を持ってパソコンに向かっている。以前の不安な表情とは違う。 セリフ: なし ナレーション: ［四角枠］ミサキは成長していた。自分でも気づかないうちに オノマトペ: なし","[{""panel_id"": 1, ""type"": ""narration"", ""speaker"": null, ""text"": ""投稿のクオリティも上がっていった。AIへの指示が上手くなるほど、出力も良くなる""}, {""panel_id"": 2, ""type"": ""narration"", ""speaker"": null, ""text"": ""AIの使い方に慣れてきた。「鏡」の使い方がわかってきた""}, {""panel_id"": 3, ""type"": ""narration"", ""speaker"": null, ""text"": ""ミサキは成長していた。自分でも気づかないうちに""}]"
"75","テンプレ5","◆【注意】【】で囲まれた単語は感情や状況の指示であり、画像内に文字として描画しないでください
◆【絶対最優先】必ずフルカラーにしてください
◆【絶対最優先】必ず日本のアニメ・マンガ調のイラストで描いてください。実写風・フォトリアル風は禁止です。
◆【絶対最優先】キャラクター外見: ミサキは添付のミサキ.pngと100%同一の外見で描画, タクヤは添付のタクヤ.pngと100%同一の外見で描画
◆【出力サイズ】9:16
◆【補足情報】上下左右に50ピクセルの余白を設けてください
◆【補足情報】服装: ミサキ: ボーダー柄（白と紺）のカットソーにデニムパンツ、白いスニーカー / タクヤ: 白い無地のシャツにベージュのチノパン、茶色の革靴
◆【コマ構成】テンプレ5: 上・中・下3段
◆【作画】ジャンル: 副業に最適化した統一スタイル / 作画スタイル: 親しみやすく実践的,現代的なライフスタイル表現 / 色調: 明るく前向きな色調,オレンジ・青・黄色基調,活力ある配色 / 線画: 親しみやすい柔らかな線,カジュアルで読みやすい表現 / 演出: パソコン作業,スマホ,時計,収入の可視化,必要に応じて集中線,効果線,擬音などのマンガらしい演出
◆【ストーリー】
1コマ目 (上段): 週次面談。タクヤが投稿を見ている。 セリフ: ［タクヤ］の吹き出しに「最近の投稿、全然違いますね」 ナレーション: なし オノマトペ: なし
2コマ目 (中段): ミサキが少し照れている。 セリフ: ［ミサキ］の吹き出しに「そうですか？」 ナレーション: なし オノマトペ: なし
3コマ目 (下段): タクヤが真剣に頷いている。 セリフ: ［タクヤ］の吹き出しに「佐藤さんの声が聞こえる投稿になっています。これなら、フォロワーは確実に増えますよ」 ナレーション: なし オノマトペ: なし","[{""panel_id"": 1, ""type"": ""dialogue"", ""speaker"": ""タクヤ"", ""text"": ""最近の投稿、全然違いますね""}, {""panel_id"": 2, ""type"": ""dialogue"", ""speaker"": ""ミサキ"", ""text"": ""そうですか？""}, {""panel_id"": 3, ""type"": ""dialogue"", ""speaker"": ""タクヤ"", ""text"": ""佐藤さんの声が聞こえる投稿になっています。これなら、フォロワーは確実に増えますよ""}]"
"76","テンプレ2","◆【注意】【】で囲まれた単語は感情や状況の指示であり、画像内に文字として描画しないでください
◆【絶対最優先】必ずフルカラーにしてください
◆【絶対最優先】必ず日本のアニメ・マンガ調のイラストで描いてください。実写風・フォトリアル風は禁止です。
◆【絶対最優先】キャラクター外見: ミサキは添付のミサキ.pngと100%同一の外見で描画
◆【出力サイズ】9:16
◆【補足情報】上下左右に50ピクセルの余白を設けてください
◆【補足情報】服装: ミサキ: ボーダー柄（白と紺）のカットソーにデニムパンツ、白いスニーカー
◆【コマ構成】テンプレ2: 上下均等2分割
◆【作画】ジャンル: 副業に最適化した統一スタイル / 作画スタイル: 親しみやすく実践的,現代的なライフスタイル表現 / 色調: 明るく前向きな色調,オレンジ・青・黄色基調,活力ある配色 / 線画: 親しみやすい柔らかな線,カジュアルで読みやすい表現 / 演出: パソコン作業,スマホ,時計,収入の可視化,必要に応じて集中線,効果線,擬音などのマンガらしい演出
◆【ストーリー】
1コマ目 (上段): ミサキがパソコンに向かって今日の投稿を作っている。集中した表情。 セリフ: なし ナレーション: ［四角枠］毎日投稿は「戦い」だった。でもその戦いの中で、ミサキは強くなっていった オノマトペ: カタカタ
2コマ目 (下段): ミサキが投稿ボタンを押す瞬間のスマホ画面。今日も投稿する。 セリフ: なし ナレーション: ［四角枠］止まってもいい。でも、やめない——それが毎日投稿の本当の意味だった オノマトペ: ポチッ","[{""panel_id"": 1, ""type"": ""narration"", ""speaker"": null, ""text"": ""毎日投稿は「戦い」だった。でもその戦いの中で、ミサキは強くなっていった""}, {""panel_id"": 2, ""type"": ""narration"", ""speaker"": null, ""text"": ""止まってもいい。でも、やめない——それが毎日投稿の本当の意味だった""}]"
"77","テンプレ1","◆【注意】【】で囲まれた単語は感情や状況の指示であり、画像内に文字として描画しないでください
◆【絶対最優先】必ずフルカラーにしてください
◆【絶対最優先】必ず日本のアニメ・マンガ調のイラストで描いてください。実写風・フォトリアル風は禁止です。
◆【絶対最優先】キャラクター外見: ミサキは添付のミサキ.pngと100%同一の外見で描画
◆【出力サイズ】9:16
◆【補足情報】上下左右に50ピクセルの余白を設けてください
◆【補足情報】服装: ミサキ: ボーダー柄（白と紺）のカットソーにデニムパンツ、白いスニーカー
◆【コマ構成】テンプレ1: ページ全体1コマ
◆【作画】ジャンル: 副業に最適化した統一スタイル / 作画スタイル: 親しみやすく実践的,現代的なライフスタイル表現 / 色調: 明るく前向きな色調,オレンジ・青・黄色基調,活力ある配色 / 線画: 親しみやすい柔らかな線,カジュアルで読みやすい表現 / 演出: パソコン作業,スマホ,時計,収入の可視化,必要に応じて集中線,効果線,擬音などのマンガらしい演出
◆【ストーリー】
1コマ目 (ページ全体): ダイニングテーブルでパソコンに向かうミサキの後ろ姿。画面にはInstagramの投稿画面。テーブルの横にひなたのおもちゃが散らばっている。窓からは夜の景色。一人で黙々と作業する姿だが、画面の光が温かく照らしている。 セリフ: なし ナレーション: ［四角枠］毎日投稿という戦い。それは、自分自身との戦いだった オノマトペ: なし","[{""panel_id"": 1, ""type"": ""narration"", ""speaker"": null, ""text"": ""毎日投稿という戦い。それは、自分自身との戦いだった""}]"
"78","テンプレ3","◆【注意】【】で囲まれた単語は感情や状況の指示であり、画像内に文字として描画しないでください
◆【絶対最優先】必ずフルカラーにしてください
◆【絶対最優先】必ず日本のアニメ・マンガ調のイラストで描いてください。実写風・フォトリアル風は禁止です。
◆【絶対最優先】キャラクター外見: ミサキは添付のミサキ.pngと100%同一の外見で描画
◆【出力サイズ】9:16
◆【補足情報】上下左右に50ピクセルの余白を設けてください
◆【補足情報】服装: ミサキ: 薄いピンクのパジャマ
◆【コマ構成】テンプレ3: 上段小→下段大
◆【作画】ジャンル: 副業に最適化した統一スタイル / 作画スタイル: 親しみやすく実践的,現代的なライフスタイル表現 / 色調: 明るく前向きな色調,オレンジ・青・黄色基調,活力ある配色 / 線画: 親しみやすい柔らかな線,カジュアルで読みやすい表現 / 演出: パソコン作業,スマホ,時計,収入の可視化,必要に応じて集中線,効果線,擬音などのマンガらしい演出
◆【ストーリー】
1コマ目 (上段小): パジャマ姿のミサキがベッドに入り、スマホの画面を見ている。今日の投稿のいいね数。 セリフ: なし ナレーション: ［四角枠］毎晩、寝る前に反応を確認する。小さな数字。でも確実に増えている オノマトペ: なし
2コマ目 (下段大): ミサキがスマホを胸に当てて目を閉じている。安らかな表情。明日も続ける決意。 セリフ: なし ナレーション: ［四角枠］明日も投稿する。止まってもいい。でも、やめない オノマトペ: なし","[{""panel_id"": 1, ""type"": ""narration"", ""speaker"": null, ""text"": ""毎晩、寝る前に反応を確認する。小さな数字。でも確実に増えている""}, {""panel_id"": 2, ""type"": ""narration"", ""speaker"": null, ""text"": ""明日も投稿する。止まってもいい。でも、やめない""}]"
"79","テキストページ","◆【テキストページ】このページは画像生成不要。EPUB製本時にテキストとして直接レンダリングする。
◆【コラム原文】
コラム⑦：「続ける」というキャリア戦略

——キャリアコンサルタントの視点から

この話のタイトルは「毎日投稿という戦い」です。でも本当のテーマは、「中断と再開」です。

育児中のキャリア構築で、最も多い失敗パターンは何か。それは「始めないこと」ではありません。「一度止まったら、そのまま終わること」です。

「完璧」は、育児と相性が悪い

毎日投稿。毎日勉強。毎日作業。——これらは、育児をしていない人にとっても大変なことです。育児中なら、なおさら不可能に近い。

子供は熱を出す。夜泣きで寝不足になる。予防接種の日程が狂う。イヤイヤ期が始まる。

コントロールできない変数が多すぎるのです。

そんな環境で「完璧な継続」を目指すと、最初の中断で心が折れます。「やっぱり私には無理だった」と。

でも、それは能力の問題ではなく、目標設定の問題です。

「細く長く」が最強の戦略

キャリアコンサルティングの現場では、育児中の方に対して「太く短く」より「細く長く」を勧めます。

週に5日作業するのではなく、週に2日。1日3時間ではなく、1日30分。

物足りなく感じるかもしれません。でも、30分×週2日を1年続ければ、約100時間になります。100時間あれば、何かが形になります。

一方、1日3時間×毎日を2週間で燃え尽きたら、合計42時間で終わりです。

「細く長く」のほうが、結果的に多くの時間を投資できる。

中断しても再開できる仕組み

ミサキがやっていたこと——投稿テーマの週間計画、テンプレートの用意、AIとの事前相談——は、「中断しても再開しやすい仕組み」です。

3日休んでも、計画表を見ればどこまでやったかわかる。テンプレートがあるから、ゼロから作り直す必要がない。AIに相談すれば、すぐにアイデアが出てくる。

仕組みがあれば、再開のハードルが下がります。再開のハードルが下がれば、止まっても怖くなくなります。

ミサキが学んだこと

ミサキはこの話で、二つのことを学びました。

一つ目は、「自分の失敗を含めた体験のほうが、人に届く」ということ。完璧な育児アドバイスより、不完全な本音のほうが共感を生む。

二つ目は、「止まってもいいから、やめない」ということ。3日の空白は、終わりではなく一時停止に過ぎない。

この二つの学びは、Instagramの運営だけでなく、ミサキのこれからのキャリア全体に通じる原則です。

完璧でなくていい。止まってもいい。でも、やめない。

それが、育児中のキャリア戦略の核心です。","[]"
"80","テンプレ1","◆【注意】【】で囲まれた単語は感情や状況の指示であり、画像内に文字として描画しないでください
◆【絶対最優先】必ずフルカラーにしてください
◆【絶対最優先】必ず日本のアニメ・マンガ調のイラストで描いてください。実写風・フォトリアル風は禁止です。
◆【絶対最優先】キャラクター外見: ミサキは添付のミサキ.pngと100%同一の外見で描画
◆【出力サイズ】9:16
◆【補足情報】上下左右に50ピクセルの余白を設けてください
◆【補足情報】服装: ミサキ: 薄いピンクのパジャマ
◆【コマ構成】テンプレ1: ページ全体1コマ
◆【作画】ジャンル: 副業に最適化した統一スタイル / 作画スタイル: 親しみやすく実践的,現代的なライフスタイル表現 / 色調: 明るく前向きな色調,オレンジ・青・黄色基調,活力ある配色 / 線画: 親しみやすい柔らかな線,カジュアルで読みやすい表現 / 演出: パソコン作業,スマホ,時計,収入の可視化,必要に応じて集中線,効果線,擬音などのマンガらしい演出
◆【ストーリー】
1コマ目 (ページ全体): 【タイトルページ】夜のリビング。ミサキがスマホを両手で持ち、画面を見つめている。スマホの画面にはInstagramのフォロワー数「100」が光って表示されている。ミサキの目に涙が光っている。タイトル「第8話 フォロワー100人の夜」が大きく配置。 セリフ: なし ナレーション: なし オノマトペ: なし","[]"
"81","テンプレ5","◆【注意】【】で囲まれた単語は感情や状況の指示であり、画像内に文字として描画しないでください
◆【絶対最優先】必ずフルカラーにしてください
◆【絶対最優先】必ず日本のアニメ・マンガ調のイラストで描いてください。実写風・フォトリアル風は禁止です。
◆【絶対最優先】キャラクター外見: ミサキは添付のミサキ.pngと100%同一の外見で描画
◆【出力サイズ】9:16
◆【補足情報】上下左右に50ピクセルの余白を設けてください
◆【補足情報】服装: ミサキ: 薄いピンクのパジャマ
◆【コマ構成】テンプレ5: 上・中・下3段
◆【作画】ジャンル: 副業に最適化した統一スタイル / 作画スタイル: 親しみやすく実践的,現代的なライフスタイル表現 / 色調: 明るく前向きな色調,オレンジ・青・黄色基調,活力ある配色 / 線画: 親しみやすい柔らかな線,カジュアルで読みやすい表現 / 演出: パソコン作業,スマホ,時計,収入の可視化,必要に応じて集中線,効果線,擬音などのマンガらしい演出
◆【ストーリー】
1コマ目 (上段): カレンダーに2ヶ月分の印がついている。 セリフ: なし ナレーション: ［四角枠］投稿を続けて、2ヶ月が過ぎた。フォロワーは70人になっていた オノマトペ: なし
2コマ目 (中段): 夜、パソコンに向かうミサキ（パジャマ）。Claudeに相談している。 セリフ: なし ナレーション: ［四角枠］ある夜、Claudeにこう相談した——「反応が良かった投稿と悪かった投稿を分析したい」 オノマトペ: カタカタ
3コマ目 (下段): パソコンにExcelのような集計表が映っている。投稿テーマ、いいね数、コメント数が並んでいる。 セリフ: なし ナレーション: ［四角枠］投稿のテーマ、内容、反応数を一覧にして入力した。事務職時代の集計表と同じだ オノマトペ: なし","[{""panel_id"": 1, ""type"": ""narration"", ""speaker"": null, ""text"": ""投稿を続けて、2ヶ月が過ぎた。フォロワーは70人になっていた""}, {""panel_id"": 2, ""type"": ""narration"", ""speaker"": null, ""text"": ""ある夜、Claudeにこう相談した——「反応が良かった投稿と悪かった投稿を分析したい」""}, {""panel_id"": 3, ""type"": ""narration"", ""speaker"": null, ""text"": ""投稿のテーマ、内容、反応数を一覧にして入力した。事務職時代の集計表と同じだ""}]"
"82","テンプレ6","◆【注意】【】で囲まれた単語は感情や状況の指示であり、画像内に文字として描画しないでください
◆【絶対最優先】必ずフルカラーにしてください
◆【絶対最優先】必ず日本のアニメ・マンガ調のイラストで描いてください。実写風・フォトリアル風は禁止です。
◆【絶対最優先】キャラクター外見: ミサキは添付のミサキ.pngと100%同一の外見で描画
◆【出力サイズ】9:16
◆【補足情報】上下左右に50ピクセルの余白を設けてください
◆【補足情報】服装: ミサキ: 薄いピンクのパジャマ
◆【コマ構成】テンプレ6: 上段1コマ + 下段左右2コマ
◆【作画】ジャンル: 副業に最適化した統一スタイル / 作画スタイル: 親しみやすく実践的,現代的なライフスタイル表現 / 色調: 明るく前向きな色調,オレンジ・青・黄色基調,活力ある配色 / 線画: 親しみやすい柔らかな線,カジュアルで読みやすい表現 / 演出: パソコン作業,スマホ,時計,収入の可視化,必要に応じて集中線,効果線,擬音などのマンガらしい演出
◆【ストーリー】
1コマ目 (上段): パソコン画面にClaudeの分析結果。「反応が高い投稿の共通点：①失敗体験を含んでいる ②感情が正直 ③""こうだった""という語り口」 セリフ: なし ナレーション: ［四角枠］AIの分析結果が返ってきた オノマトペ: なし
2コマ目 (下段左): 続きの分析。「反応が低い投稿の共通点：①一般的な育児情報 ②感情が見えにくい ③どのアカウントでも書ける内容」 セリフ: なし ナレーション: なし オノマトペ: なし
3コマ目 (下段右): ミサキが画面をじっと見つめている。理解した表情。 セリフ: なし ナレーション: ［四角枠］答えは明確だった オノマトペ: なし","[{""panel_id"": 1, ""type"": ""narration"", ""speaker"": null, ""text"": ""AIの分析結果が返ってきた""}, {""panel_id"": 3, ""type"": ""narration"", ""speaker"": null, ""text"": ""答えは明確だった""}]"
"83","テンプレ1","◆【注意】【】で囲まれた単語は感情や状況の指示であり、画像内に文字として描画しないでください
◆【絶対最優先】必ずフルカラーにしてください
◆【絶対最優先】必ず日本のアニメ・マンガ調のイラストで描いてください。実写風・フォトリアル風は禁止です。
◆【絶対最優先】キャラクター外見: ミサキは添付のミサキ.pngと100%同一の外見で描画
◆【出力サイズ】9:16
◆【補足情報】上下左右に50ピクセルの余白を設けてください
◆【補足情報】服装: ミサキ: 薄いピンクのパジャマ
◆【コマ構成】テンプレ1: ページ全体1コマ
◆【作画】ジャンル: 副業に最適化した統一スタイル / 作画スタイル: 親しみやすく実践的,現代的なライフスタイル表現 / 色調: 明るく前向きな色調,オレンジ・青・黄色基調,活力ある配色 / 線画: 親しみやすい柔らかな線,カジュアルで読みやすい表現 / 演出: パソコン作業,スマホ,時計,収入の可視化,必要に応じて集中線,効果線,擬音などのマンガらしい演出
◆【ストーリー】
1コマ目 (ページ全体): ミサキの顔アップ。決意の表情。背景に「自分の体験を、自分の感情と一緒に書いたとき、人は反応する」の文字が浮かんでいる。光が差し込むような演出。 セリフ: なし ナレーション: ［四角枠］一般的な情報ではなく、ミサキにしか書けないこと。「完璧なママ」の投稿は誰も見たがらない。「完璧じゃないママ」の本音に、人が集まる オノマトペ: なし","[{""panel_id"": 1, ""type"": ""narration"", ""speaker"": null, ""text"": ""一般的な情報ではなく、ミサキにしか書けないこと。「完璧なママ」の投稿は誰も見たがらない。「完璧じゃないママ」の本音に、人が集まる""}]"
"84","テンプレ5","◆【注意】【】で囲まれた単語は感情や状況の指示であり、画像内に文字として描画しないでください
◆【絶対最優先】必ずフルカラーにしてください
◆【絶対最優先】必ず日本のアニメ・マンガ調のイラストで描いてください。実写風・フォトリアル風は禁止です。
◆【絶対最優先】キャラクター外見: ミサキは添付のミサキ.pngと100%同一の外見で描画
◆【出力サイズ】9:16
◆【補足情報】上下左右に50ピクセルの余白を設けてください
◆【補足情報】服装: ミサキ: ボーダー柄（白と紺）のカットソーにデニムパンツ、白いスニーカー
◆【コマ構成】テンプレ5: 上・中・下3段
◆【作画】ジャンル: 副業に最適化した統一スタイル / 作画スタイル: 親しみやすく実践的,現代的なライフスタイル表現 / 色調: 明るく前向きな色調,オレンジ・青・黄色基調,活力ある配色 / 線画: 親しみやすい柔らかな線,カジュアルで読みやすい表現 / 演出: パソコン作業,スマホ,時計,収入の可視化,必要に応じて集中線,効果線,擬音などのマンガらしい演出
◆【ストーリー】
1コマ目 (上段): ミサキの手帳。「育児ハック→週1回に減」「実体験ベース→メイン」と方針変更のメモ。 セリフ: なし ナレーション: ［四角枠］分析結果をもとに、投稿の方向性を変えた。実体験ベースの投稿に切り替えた オノマトペ: なし
2コマ目 (中段): パソコン画面に投稿テーマのリスト。「夫に""大丈夫？""って聞かれて""大丈夫""って答えたけど全然大丈夫じゃなかった夜の話」 セリフ: なし ナレーション: なし オノマトペ: なし
3コマ目 (下段): ミサキが真剣な顔でタイピングしている。 セリフ: なし ナレーション: ［四角枠］恥ずかしい。格好悪い。でも、書いた オノマトペ: カタカタ","[{""panel_id"": 1, ""type"": ""narration"", ""speaker"": null, ""text"": ""分析結果をもとに、投稿の方向性を変えた。実体験ベースの投稿に切り替えた""}, {""panel_id"": 3, ""type"": ""narration"", ""speaker"": null, ""text"": ""恥ずかしい。格好悪い。でも、書いた""}]"
"85","テンプレ7","◆【注意】【】で囲まれた単語は感情や状況の指示であり、画像内に文字として描画しないでください
◆【絶対最優先】必ずフルカラーにしてください
◆【絶対最優先】必ず日本のアニメ・マンガ調のイラストで描いてください。実写風・フォトリアル風は禁止です。
◆【絶対最優先】キャラクター外見: ミサキは添付のミサキ.pngと100%同一の外見で描画
◆【出力サイズ】9:16
◆【補足情報】上下左右に50ピクセルの余白を設けてください
◆【補足情報】服装: ミサキ: ボーダー柄（白と紺）のカットソーにデニムパンツ、白いスニーカー
◆【コマ構成】テンプレ7: 上段左右2コマ + 下段1コマ
◆【作画】ジャンル: 副業に最適化した統一スタイル / 作画スタイル: 親しみやすく実践的,現代的なライフスタイル表現 / 色調: 明るく前向きな色調,オレンジ・青・黄色基調,活力ある配色 / 線画: 親しみやすい柔らかな線,カジュアルで読みやすい表現 / 演出: パソコン作業,スマホ,時計,収入の可視化,必要に応じて集中線,効果線,擬音などのマンガらしい演出
◆【ストーリー】
1コマ目 (上段左): パソコン画面。Claudeに体験を伝えている。「離乳食ぶちまけられて5秒間だけ無になった話」 セリフ: なし ナレーション: ［四角枠］Claudeには、体験をそのまま伝えて「この気持ちが伝わるように一緒に考えて」と頼んだ オノマトペ: なし
2コマ目 (上段右): Claudeの回答が表示されている画面。温かみのある文章。 セリフ: なし ナレーション: ［四角枠］AIが返してくる文章は、ミサキの気持ちを的確に言語化してくれた オノマトペ: なし
3コマ目 (下段): ミサキが感動した表情で画面を見ている。 セリフ: ［ミサキ］の吹き出しに「これ、私が思ってたことだ。自分では言えなかったけど」 ナレーション: なし オノマトペ: なし","[{""panel_id"": 1, ""type"": ""narration"", ""speaker"": null, ""text"": ""Claudeには、体験をそのまま伝えて「この気持ちが伝わるように一緒に考えて」と頼んだ""}, {""panel_id"": 2, ""type"": ""narration"", ""speaker"": null, ""text"": ""AIが返してくる文章は、ミサキの気持ちを的確に言語化してくれた""}, {""panel_id"": 3, ""type"": ""dialogue"", ""speaker"": ""ミサキ"", ""text"": ""これ、私が思ってたことだ。自分では言えなかったけど""}]"
"86","テンプレ2","◆【注意】【】で囲まれた単語は感情や状況の指示であり、画像内に文字として描画しないでください
◆【絶対最優先】必ずフルカラーにしてください
◆【絶対最優先】必ず日本のアニメ・マンガ調のイラストで描いてください。実写風・フォトリアル風は禁止です。
◆【絶対最優先】キャラクター外見: ミサキは添付のミサキ.pngと100%同一の外見で描画
◆【出力サイズ】9:16
◆【補足情報】上下左右に50ピクセルの余白を設けてください
◆【補足情報】服装: ミサキ: ボーダー柄（白と紺）のカットソーにデニムパンツ、白いスニーカー
◆【コマ構成】テンプレ2: 上下均等2分割
◆【作画】ジャンル: 副業に最適化した統一スタイル / 作画スタイル: 親しみやすく実践的,現代的なライフスタイル表現 / 色調: 明るく前向きな色調,オレンジ・青・黄色基調,活力ある配色 / 線画: 親しみやすい柔らかな線,カジュアルで読みやすい表現 / 演出: パソコン作業,スマホ,時計,収入の可視化,必要に応じて集中線,効果線,擬音などのマンガらしい演出
◆【ストーリー】
1コマ目 (上段): ミサキがパソコンの前で深呼吸している。穏やかな表情。投稿を書き終えた後の安堵感。 セリフ: なし ナレーション: ［四角枠］投稿するたびに、ミサキ自身がカタルシスを感じていた。書くことで、整理される オノマトペ: ふぅ…
2コマ目 (下段): ミサキが微笑んでいる。窓の外に夕焼け。 セリフ: なし ナレーション: ［四角枠］整理されることで、少しだけ楽になる オノマトペ: なし","[{""panel_id"": 1, ""type"": ""narration"", ""speaker"": null, ""text"": ""投稿するたびに、ミサキ自身がカタルシスを感じていた。書くことで、整理される""}, {""panel_id"": 2, ""type"": ""narration"", ""speaker"": null, ""text"": ""整理されることで、少しだけ楽になる""}]"
"87","テンプレ4","◆【注意】【】で囲まれた単語は感情や状況の指示であり、画像内に文字として描画しないでください
◆【絶対最優先】必ずフルカラーにしてください
◆【絶対最優先】必ず日本のアニメ・マンガ調のイラストで描いてください。実写風・フォトリアル風は禁止です。
◆【絶対最優先】キャラクター外見: ミサキは添付のミサキ.pngと100%同一の外見で描画
◆【出力サイズ】9:16
◆【補足情報】上下左右に50ピクセルの余白を設けてください
◆【補足情報】服装: ミサキ: ボーダー柄（白と紺）のカットソーにデニムパンツ、白いスニーカー
◆【コマ構成】テンプレ4: 上段大→下段小
◆【作画】ジャンル: 副業に最適化した統一スタイル / 作画スタイル: 親しみやすく実践的,現代的なライフスタイル表現 / 色調: 明るく前向きな色調,オレンジ・青・黄色基調,活力ある配色 / 線画: 親しみやすい柔らかな線,カジュアルで読みやすい表現 / 演出: パソコン作業,スマホ,時計,収入の可視化,必要に応じて集中線,効果線,擬音などのマンガらしい演出
◆【ストーリー】
1コマ目 (上段大): ミサキがパソコンに向かっている。画面には「名刺がなくなった日」というタイトル。真剣な表情で文章を練っている。 セリフ: なし ナレーション: ［四角枠］転換から2週間後。その日の投稿テーマは「名刺がなくなった日」 オノマトペ: カタカタ
2コマ目 (下段小): Claudeとのやり取り画面。何度も書き直した形跡。 セリフ: なし ナレーション: ［四角枠］退職した日のことを書いた。Claudeに体験を伝えて、一緒に文章を練った。何度も書き直した オノマトペ: なし","[{""panel_id"": 1, ""type"": ""narration"", ""speaker"": null, ""text"": ""転換から2週間後。その日の投稿テーマは「名刺がなくなった日」""}, {""panel_id"": 2, ""type"": ""narration"", ""speaker"": null, ""text"": ""退職した日のことを書いた。Claudeに体験を伝えて、一緒に文章を練った。何度も書き直した""}]"
"88","テンプレ3","◆【注意】【】で囲まれた単語は感情や状況の指示であり、画像内に文字として描画しないでください
◆【絶対最優先】必ずフルカラーにしてください
◆【絶対最優先】必ず日本のアニメ・マンガ調のイラストで描いてください。実写風・フォトリアル風は禁止です。
◆【絶対最優先】キャラクター外見: ミサキは添付のミサキ.pngと100%同一の外見で描画
◆【出力サイズ】9:16
◆【補足情報】上下左右に50ピクセルの余白を設けてください
◆【補足情報】服装: ミサキ: ボーダー柄（白と紺）のカットソーにデニムパンツ、白いスニーカー
◆【コマ構成】テンプレ3: 上段小→下段大
◆【作画】ジャンル: 副業に最適化した統一スタイル / 作画スタイル: 親しみやすく実践的,現代的なライフスタイル表現 / 色調: 明るく前向きな色調,オレンジ・青・黄色基調,活力ある配色 / 線画: 親しみやすい柔らかな線,カジュアルで読みやすい表現 / 演出: パソコン作業,スマホ,時計,収入の可視化,必要に応じて集中線,効果線,擬音などのマンガらしい演出
◆【ストーリー】
1コマ目 (上段小): ミサキの回想。退職日のオフィス。段ボールを持って廊下を歩くシルエット。 セリフ: なし ナレーション: ［四角枠］段ボール一つに収まった5年間。「私、何者なんだろう」と思った夜のこと オノマトペ: なし
2コマ目 (下段大): スマホの投稿画面のアップ。「肩書きがなくなって、""何者でもない自分""に怯えた。でも今、私は名刺なしで、自分の言葉を発信している。まだ何者にもなれていないけど、何者かになろうとしている途中にはいる」 セリフ: なし ナレーション: ［四角枠］投稿した。いつもと同じように オノマトペ: ポチッ","[{""panel_id"": 1, ""type"": ""narration"", ""speaker"": null, ""text"": ""段ボール一つに収まった5年間。「私、何者なんだろう」と思った夜のこと""}, {""panel_id"": 2, ""type"": ""narration"", ""speaker"": null, ""text"": ""投稿した。いつもと同じように""}]"
"89","テンプレ1","◆【注意】【】で囲まれた単語は感情や状況の指示であり、画像内に文字として描画しないでください
◆【絶対最優先】必ずフルカラーにしてください
◆【絶対最優先】必ず日本のアニメ・マンガ調のイラストで描いてください。実写風・フォトリアル風は禁止です。
◆【絶対最優先】キャラクター外見: ミサキは添付のミサキ.pngと100%同一の外見で描画
◆【出力サイズ】9:16
◆【補足情報】上下左右に50ピクセルの余白を設けてください
◆【補足情報】服装: ミサキ: ボーダー柄（白と紺）のカットソーにデニムパンツ、白いスニーカー
◆【コマ構成】テンプレ1: ページ全体1コマ
◆【作画】ジャンル: 副業に最適化した統一スタイル / 作画スタイル: 親しみやすく実践的,現代的なライフスタイル表現 / 色調: 明るく前向きな色調,オレンジ・青・黄色基調,活力ある配色 / 線画: 親しみやすい柔らかな線,カジュアルで読みやすい表現 / 演出: パソコン作業,スマホ,時計,収入の可視化,必要に応じて集中線,効果線,擬音などのマンガらしい演出
◆【ストーリー】
1コマ目 (ページ全体): 翌朝、ベッドの中でスマホを見たミサキが目を見開いている。スマホの画面から通知がたくさん飛び出すような演出。背景に集中線。驚愕の表情。 セリフ: ［ミサキ］の吹き出しに「え……何？」 ナレーション: ［四角枠］翌朝、スマホの通知が止まらなかった オノマトペ: ブブブブブ","[{""panel_id"": 1, ""type"": ""dialogue"", ""speaker"": ""ミサキ"", ""text"": ""え……何？""}, {""panel_id"": 1, ""type"": ""narration"", ""speaker"": null, ""text"": ""翌朝、スマホの通知が止まらなかった""}]"
"90","テンプレ5","◆【注意】【】で囲まれた単語は感情や状況の指示であり、画像内に文字として描画しないでください
◆【絶対最優先】必ずフルカラーにしてください
◆【絶対最優先】必ず日本のアニメ・マンガ調のイラストで描いてください。実写風・フォトリアル風は禁止です。
◆【絶対最優先】キャラクター外見: ミサキは添付のミサキ.pngと100%同一の外見で描画
◆【出力サイズ】9:16
◆【補足情報】上下左右に50ピクセルの余白を設けてください
◆【補足情報】服装: ミサキ: ボーダー柄（白と紺）のカットソーにデニムパンツ、白いスニーカー
◆【コマ構成】テンプレ5: 上・中・下3段
◆【作画】ジャンル: 副業に最適化した統一スタイル / 作画スタイル: 親しみやすく実践的,現代的なライフスタイル表現 / 色調: 明るく前向きな色調,オレンジ・青・黄色基調,活力ある配色 / 線画: 親しみやすい柔らかな線,カジュアルで読みやすい表現 / 演出: パソコン作業,スマホ,時計,収入の可視化,必要に応じて集中線,効果線,擬音などのマンガらしい演出
◆【ストーリー】
1コマ目 (上段): スマホ画面のアップ。いいね数「213」。普段の10倍。 セリフ: なし ナレーション: ［四角枠］いいねが200を超えていた。普段の10倍 オノマトペ: なし
2コマ目 (中段): コメント一覧。20件以上。スクロールしても終わらない。 セリフ: なし ナレーション: ［四角枠］コメントが20件以上。リポストされている オノマトペ: なし
3コマ目 (下段): ミサキが震える手でスマホを持っている。 セリフ: なし ナレーション: ［四角枠］ミサキは震える手でコメントを読んだ オノマトペ: ブルブル","[{""panel_id"": 1, ""type"": ""narration"", ""speaker"": null, ""text"": ""いいねが200を超えていた。普段の10倍""}, {""panel_id"": 2, ""type"": ""narration"", ""speaker"": null, ""text"": ""コメントが20件以上。リポストされている""}, {""panel_id"": 3, ""type"": ""narration"", ""speaker"": null, ""text"": ""ミサキは震える手でコメントを読んだ""}]"
"91","テンプレ6","◆【注意】【】で囲まれた単語は感情や状況の指示であり、画像内に文字として描画しないでください
◆【絶対最優先】必ずフルカラーにしてください
◆【絶対最優先】必ず日本のアニメ・マンガ調のイラストで描いてください。実写風・フォトリアル風は禁止です。
◆【絶対最優先】キャラクター外見: ミサキは添付のミサキ.pngと100%同一の外見で描画
◆【出力サイズ】9:16
◆【補足情報】上下左右に50ピクセルの余白を設けてください
◆【補足情報】服装: ミサキ: ボーダー柄（白と紺）のカットソーにデニムパンツ、白いスニーカー
◆【コマ構成】テンプレ6: 上段1コマ + 下段左右2コマ
◆【作画】ジャンル: 副業に最適化した統一スタイル / 作画スタイル: 親しみやすく実践的,現代的なライフスタイル表現 / 色調: 明るく前向きな色調,オレンジ・青・黄色基調,活力ある配色 / 線画: 親しみやすい柔らかな線,カジュアルで読みやすい表現 / 演出: パソコン作業,スマホ,時計,収入の可視化,必要に応じて集中線,効果線,擬音などのマンガらしい演出
◆【ストーリー】
1コマ目 (上段): コメントのアップ①。「泣きました。私も退職して、何者でもなくなった気がしてた」 セリフ: なし ナレーション: なし オノマトペ: なし
2コマ目 (下段左): コメントのアップ②。「名刺がない自分に慣れるのに2年かかった。この投稿に出会いたかった」 セリフ: なし ナレーション: なし オノマトペ: なし
3コマ目 (下段右): コメントのアップ③。「今まさに辞めるか迷ってる。この投稿、保存した」「旦那に見せた。""わかる""って言ってた」 セリフ: なし ナレーション: ［四角枠］胸が熱くなった オノマトペ: なし","[{""panel_id"": 3, ""type"": ""narration"", ""speaker"": null, ""text"": ""胸が熱くなった""}]"
"92","テンプレ2","◆【注意】【】で囲まれた単語は感情や状況の指示であり、画像内に文字として描画しないでください
◆【絶対最優先】必ずフルカラーにしてください
◆【絶対最優先】必ず日本のアニメ・マンガ調のイラストで描いてください。実写風・フォトリアル風は禁止です。
◆【絶対最優先】キャラクター外見: ミサキは添付のミサキ.pngと100%同一の外見で描画
◆【出力サイズ】9:16
◆【補足情報】上下左右に50ピクセルの余白を設けてください
◆【補足情報】服装: ミサキ: ボーダー柄（白と紺）のカットソーにデニムパンツ、白いスニーカー
◆【コマ構成】テンプレ2: 上下均等2分割
◆【作画】ジャンル: 副業に最適化した統一スタイル / 作画スタイル: 親しみやすく実践的,現代的なライフスタイル表現 / 色調: 明るく前向きな色調,オレンジ・青・黄色基調,活力ある配色 / 線画: 親しみやすい柔らかな線,カジュアルで読みやすい表現 / 演出: パソコン作業,スマホ,時計,収入の可視化,必要に応じて集中線,効果線,擬音などのマンガらしい演出
◆【ストーリー】
1コマ目 (上段): フォロワー数の推移グラフのイメージ。小バズをきっかけに急上昇。3日間で30人増加。 セリフ: なし ナレーション: ［四角枠］その小バズをきっかけに、フォロワーが一気に増えた。3日間で30人 オノマトペ: なし
2コマ目 (下段): カレンダーの日付が進んでいく演出。フォロワーが着実に増えていく。 セリフ: なし ナレーション: ［四角枠］そして—— オノマトペ: なし","[{""panel_id"": 1, ""type"": ""narration"", ""speaker"": null, ""text"": ""その小バズをきっかけに、フォロワーが一気に増えた。3日間で30人""}, {""panel_id"": 2, ""type"": ""narration"", ""speaker"": null, ""text"": ""そして——""}]"
"93","テンプレ1","◆【注意】【】で囲まれた単語は感情や状況の指示であり、画像内に文字として描画しないでください
◆【絶対最優先】必ずフルカラーにしてください
◆【絶対最優先】必ず日本のアニメ・マンガ調のイラストで描いてください。実写風・フォトリアル風は禁止です。
◆【絶対最優先】キャラクター外見: ミサキは添付のミサキ.pngと100%同一の外見で描画
◆【出力サイズ】9:16
◆【補足情報】上下左右に50ピクセルの余白を設けてください
◆【補足情報】服装: ミサキ: 薄いピンクのパジャマ
◆【コマ構成】テンプレ1: ページ全体1コマ
◆【作画】ジャンル: 副業に最適化した統一スタイル / 作画スタイル: 親しみやすく実践的,現代的なライフスタイル表現 / 色調: 明るく前向きな色調,オレンジ・青・黄色基調,活力ある配色 / 線画: 親しみやすい柔らかな線,カジュアルで読みやすい表現 / 演出: パソコン作業,スマホ,時計,収入の可視化,必要に応じて集中線,効果線,擬音などのマンガらしい演出
◆【ストーリー】
1コマ目 (ページ全体): 夜のリビング。パジャマ姿のミサキがスマホを持ち、画面を見つめている。画面にフォロワー数「100」が大きく光っている。ミサキの目に涙が浮かんでいる。周囲に小さな光の粒が舞う演出。 セリフ: ［ミサキ］の吹き出しに「……100人」 ナレーション: なし オノマトペ: なし","[{""panel_id"": 1, ""type"": ""dialogue"", ""speaker"": ""ミサキ"", ""text"": ""……100人""}]"
"94","テンプレ5","◆【注意】【】で囲まれた単語は感情や状況の指示であり、画像内に文字として描画しないでください
◆【絶対最優先】必ずフルカラーにしてください
◆【絶対最優先】必ず日本のアニメ・マンガ調のイラストで描いてください。実写風・フォトリアル風は禁止です。
◆【絶対最優先】キャラクター外見: ミサキは添付のミサキ.pngと100%同一の外見で描画
◆【出力サイズ】9:16
◆【補足情報】上下左右に50ピクセルの余白を設けてください
◆【補足情報】服装: ミサキ: 薄いピンクのパジャマ
◆【コマ構成】テンプレ5: 上・中・下3段
◆【作画】ジャンル: 副業に最適化した統一スタイル / 作画スタイル: 親しみやすく実践的,現代的なライフスタイル表現 / 色調: 明るく前向きな色調,オレンジ・青・黄色基調,活力ある配色 / 線画: 親しみやすい柔らかな線,カジュアルで読みやすい表現 / 演出: パソコン作業,スマホ,時計,収入の可視化,必要に応じて集中線,効果線,擬音などのマンガらしい演出
◆【ストーリー】
1コマ目 (上段): ミサキの内心。インフルエンサーのフォロワー数のイメージ（数十万）と対比する「100」の数字。 セリフ: なし ナレーション: ［四角枠］たった100人。インフルエンサーから見たら、誤差みたいな数字 オノマトペ: なし
2コマ目 (中段): ミサキの柔らかい表情。 セリフ: なし ナレーション: ［四角枠］でも、100人の人が、自分の言葉を読みたいと思ってフォローしてくれた オノマトペ: なし
3コマ目 (下段): ミサキがスマホを胸に抱きしめている。 セリフ: なし ナレーション: ［四角枠］100人の、本物の人間。ミサキは画面を見つめたまま、しばらく動けなかった オノマトペ: なし","[{""panel_id"": 1, ""type"": ""narration"", ""speaker"": null, ""text"": ""たった100人。インフルエンサーから見たら、誤差みたいな数字""}, {""panel_id"": 2, ""type"": ""narration"", ""speaker"": null, ""text"": ""でも、100人の人が、自分の言葉を読みたいと思ってフォローしてくれた""}, {""panel_id"": 3, ""type"": ""narration"", ""speaker"": null, ""text"": ""100人の、本物の人間。ミサキは画面を見つめたまま、しばらく動けなかった""}]"
"95","テンプレ6","◆【注意】【】で囲まれた単語は感情や状況の指示であり、画像内に文字として描画しないでください
◆【絶対最優先】必ずフルカラーにしてください
◆【絶対最優先】必ず日本のアニメ・マンガ調のイラストで描いてください。実写風・フォトリアル風は禁止です。
◆【絶対最優先】キャラクター外見: ミサキは添付のミサキ.pngと100%同一の外見で描画, タクヤは添付のタクヤ.pngと100%同一の外見で描画
◆【出力サイズ】9:16
◆【補足情報】上下左右に50ピクセルの余白を設けてください
◆【補足情報】服装: ミサキ: ボーダー柄（白と紺）のカットソーにデニムパンツ、白いスニーカー / タクヤ: 白い無地のシャツにベージュのチノパン、茶色の革靴
◆【コマ構成】テンプレ6: 上段1コマ + 下段左右2コマ
◆【作画】ジャンル: 副業に最適化した統一スタイル / 作画スタイル: 親しみやすく実践的,現代的なライフスタイル表現 / 色調: 明るく前向きな色調,オレンジ・青・黄色基調,活力ある配色 / 線画: 親しみやすい柔らかな線,カジュアルで読みやすい表現 / 演出: パソコン作業,スマホ,時計,収入の可視化,必要に応じて集中線,効果線,擬音などのマンガらしい演出
◆【ストーリー】
1コマ目 (上段): 翌日のオンライン面談。ミサキが嬉しそうに報告。 セリフ: ［ミサキ］の吹き出しに「佐々木さん、フォロワー100人になりました」 ナレーション: なし オノマトペ: なし
2コマ目 (下段左): タクヤの顔がほころんでいる。 セリフ: ［タクヤ］の吹き出しに「おめでとうございます。100人、すごいじゃないですか」 ナレーション: なし オノマトペ: なし
3コマ目 (下段右): ミサキが謙遜。 セリフ: ［ミサキ］の吹き出しに「いえ、まだ100人で……」 ［タクヤ］の吹き出しに「""まだ""じゃないですよ。最初の100人が、一番大変なんです」 ナレーション: なし オノマトペ: なし","[{""panel_id"": 1, ""type"": ""dialogue"", ""speaker"": ""ミサキ"", ""text"": ""佐々木さん、フォロワー100人になりました""}, {""panel_id"": 2, ""type"": ""dialogue"", ""speaker"": ""タクヤ"", ""text"": ""おめでとうございます。100人、すごいじゃないですか""}, {""panel_id"": 3, ""type"": ""dialogue"", ""speaker"": ""ミサキ"", ""text"": ""いえ、まだ100人で……""}, {""panel_id"": 3, ""type"": ""dialogue"", ""speaker"": ""タクヤ"", ""text"": ""\""まだ\""じゃないですよ。最初の100人が、一番大変なんです""}]"
"96","テンプレ5","◆【注意】【】で囲まれた単語は感情や状況の指示であり、画像内に文字として描画しないでください
◆【絶対最優先】必ずフルカラーにしてください
◆【絶対最優先】必ず日本のアニメ・マンガ調のイラストで描いてください。実写風・フォトリアル風は禁止です。
◆【絶対最優先】キャラクター外見: ミサキは添付のミサキ.pngと100%同一の外見で描画, タクヤは添付のタクヤ.pngと100%同一の外見で描画
◆【出力サイズ】9:16
◆【補足情報】上下左右に50ピクセルの余白を設けてください
◆【補足情報】服装: ミサキ: ボーダー柄（白と紺）のカットソーにデニムパンツ、白いスニーカー / タクヤ: 白い無地のシャツにベージュのチノパン、茶色の革靴
◆【コマ構成】テンプレ5: 上・中・下3段
◆【作画】ジャンル: 副業に最適化した統一スタイル / 作画スタイル: 親しみやすく実践的,現代的なライフスタイル表現 / 色調: 明るく前向きな色調,オレンジ・青・黄色基調,活力ある配色 / 線画: 親しみやすい柔らかな線,カジュアルで読みやすい表現 / 演出: パソコン作業,スマホ,時計,収入の可視化,必要に応じて集中線,効果線,擬音などのマンガらしい演出
◆【ストーリー】
1コマ目 (上段): タクヤが真剣に。 セリフ: ［タクヤ］の吹き出しに「数字より大事なことがあります。2ヶ月前の自分を思い出してください」 ナレーション: なし オノマトペ: なし
2コマ目 (中段): ミサキの回想。2ヶ月前、泣きながら「事務しかやったことない私に、何ができるの」と言っている自分の姿。暗いトーン。 セリフ: なし ナレーション: ［四角枠］2ヶ月前。AIなんて触ったことがなかった。「何ができるの」と泣いていた オノマトペ: なし
3コマ目 (下段): タクヤが微笑んでいる。 セリフ: ［タクヤ］の吹き出しに「2ヶ月前の佐藤さんに、今の自分を見せたら、何て言うと思いますか？」 ナレーション: なし オノマトペ: なし","[{""panel_id"": 1, ""type"": ""dialogue"", ""speaker"": ""タクヤ"", ""text"": ""数字より大事なことがあります。2ヶ月前の自分を思い出してください""}, {""panel_id"": 2, ""type"": ""narration"", ""speaker"": null, ""text"": ""2ヶ月前。AIなんて触ったことがなかった。「何ができるの」と泣いていた""}, {""panel_id"": 3, ""type"": ""dialogue"", ""speaker"": ""タクヤ"", ""text"": ""2ヶ月前の佐藤さんに、今の自分を見せたら、何て言うと思いますか？""}]"
"97","テンプレ3","◆【注意】【】で囲まれた単語は感情や状況の指示であり、画像内に文字として描画しないでください
◆【絶対最優先】必ずフルカラーにしてください
◆【絶対最優先】必ず日本のアニメ・マンガ調のイラストで描いてください。実写風・フォトリアル風は禁止です。
◆【絶対最優先】キャラクター外見: ミサキは添付のミサキ.pngと100%同一の外見で描画, タクヤは添付のタクヤ.pngと100%同一の外見で描画
◆【出力サイズ】9:16
◆【補足情報】上下左右に50ピクセルの余白を設けてください
◆【補足情報】服装: ミサキ: ボーダー柄（白と紺）のカットソーにデニムパンツ、白いスニーカー / タクヤ: 白い無地のシャツにベージュのチノパン、茶色の革靴
◆【コマ構成】テンプレ3: 上段小→下段大
◆【作画】ジャンル: 副業に最適化した統一スタイル / 作画スタイル: 親しみやすく実践的,現代的なライフスタイル表現 / 色調: 明るく前向きな色調,オレンジ・青・黄色基調,活力ある配色 / 線画: 親しみやすい柔らかな線,カジュアルで読みやすい表現 / 演出: パソコン作業,スマホ,時計,収入の可視化,必要に応じて集中線,効果線,擬音などのマンガらしい演出
◆【ストーリー】
1コマ目 (上段小): ミサキが少し泣きそうな笑顔。 セリフ: ［ミサキ］の吹き出しに「……""嘘でしょ""って言うと思います」 ナレーション: なし オノマトペ: なし
2コマ目 (下段大): タクヤが温かい笑顔で。画面越しにミサキを見守っている。 セリフ: ［タクヤ］の吹き出しに「でしょう？ それが、佐藤さんが歩いた距離です」 ナレーション: なし オノマトペ: なし","[{""panel_id"": 1, ""type"": ""dialogue"", ""speaker"": ""ミサキ"", ""text"": ""……\""嘘でしょ\""って言うと思います""}, {""panel_id"": 2, ""type"": ""dialogue"", ""speaker"": ""タクヤ"", ""text"": ""でしょう？ それが、佐藤さんが歩いた距離です""}]"
"98","テンプレ5","◆【注意】【】で囲まれた単語は感情や状況の指示であり、画像内に文字として描画しないでください
◆【絶対最優先】必ずフルカラーにしてください
◆【絶対最優先】必ず日本のアニメ・マンガ調のイラストで描いてください。実写風・フォトリアル風は禁止です。
◆【絶対最優先】キャラクター外見: ミサキは添付のミサキ.pngと100%同一の外見で描画
◆【出力サイズ】9:16
◆【補足情報】上下左右に50ピクセルの余白を設けてください
◆【補足情報】服装: ミサキ: 薄いピンクのパジャマ
◆【コマ構成】テンプレ5: 上・中・下3段
◆【作画】ジャンル: 副業に最適化した統一スタイル / 作画スタイル: 親しみやすく実践的,現代的なライフスタイル表現 / 色調: 明るく前向きな色調,オレンジ・青・黄色基調,活力ある配色 / 線画: 親しみやすい柔らかな線,カジュアルで読みやすい表現 / 演出: パソコン作業,スマホ,時計,収入の可視化,必要に応じて集中線,効果線,擬音などのマンガらしい演出
◆【ストーリー】
1コマ目 (上段): 夜、スマホに通知。DM受信。知らないアカウントから。 セリフ: なし ナレーション: ［四角枠］その夜、ミサキのInstagramにDMが届いた。2歳の子供がいるママだった オノマトペ: ピロン
2コマ目 (中段): DMの内容①。「ミサキさんの投稿をずっと読んでいました。特に""名刺がなくなった日""の投稿に、すごく救われました」 セリフ: なし ナレーション: なし オノマトペ: なし
3コマ目 (下段): DMの内容②。「私も去年退職して、今ワンオペで育児をしています。毎日同じことの繰り返しで、社会から切り離された気がしていました」 セリフ: なし ナレーション: なし オノマトペ: なし","[{""panel_id"": 1, ""type"": ""narration"", ""speaker"": null, ""text"": ""その夜、ミサキのInstagramにDMが届いた。2歳の子供がいるママだった""}]"
"99","テンプレ4","◆【注意】【】で囲まれた単語は感情や状況の指示であり、画像内に文字として描画しないでください
◆【絶対最優先】必ずフルカラーにしてください
◆【絶対最優先】必ず日本のアニメ・マンガ調のイラストで描いてください。実写風・フォトリアル風は禁止です。
◆【絶対最優先】キャラクター外見: ミサキは添付のミサキ.pngと100%同一の外見で描画
◆【出力サイズ】9:16
◆【補足情報】上下左右に50ピクセルの余白を設けてください
◆【補足情報】服装: ミサキ: 薄いピンクのパジャマ
◆【コマ構成】テンプレ4: 上段大→下段小
◆【作画】ジャンル: 副業に最適化した統一スタイル / 作画スタイル: 親しみやすく実践的,現代的なライフスタイル表現 / 色調: 明るく前向きな色調,オレンジ・青・黄色基調,活力ある配色 / 線画: 親しみやすい柔らかな線,カジュアルで読みやすい表現 / 演出: パソコン作業,スマホ,時計,収入の可視化,必要に応じて集中線,効果線,擬音などのマンガらしい演出
◆【ストーリー】
1コマ目 (上段大): DMの続き。「ミサキさんの投稿を読んで、同じ気持ちの人がいるんだって。一人じゃないんだって。勇気をもらいました。ありがとうございます」 セリフ: なし ナレーション: なし オノマトペ: なし
2コマ目 (下段小): ミサキがスマホを持ったまま涙を流している。画面の文字が滲んでいる。 セリフ: なし ナレーション: ［四角枠］文字が滲んだ。涙だった オノマトペ: ぽろ…","[{""panel_id"": 2, ""type"": ""narration"", ""speaker"": null, ""text"": ""文字が滲んだ。涙だった""}]"
"100","テンプレ1","◆【注意】【】で囲まれた単語は感情や状況の指示であり、画像内に文字として描画しないでください
◆【絶対最優先】必ずフルカラーにしてください
◆【絶対最優先】必ず日本のアニメ・マンガ調のイラストで描いてください。実写風・フォトリアル風は禁止です。
◆【絶対最優先】キャラクター外見: ミサキは添付のミサキ.pngと100%同一の外見で描画
◆【出力サイズ】9:16
◆【補足情報】上下左右に50ピクセルの余白を設けてください
◆【補足情報】服装: ミサキ: 薄いピンクのパジャマ
◆【コマ構成】テンプレ1: ページ全体1コマ
◆【作画】ジャンル: 副業に最適化した統一スタイル / 作画スタイル: 親しみやすく実践的,現代的なライフスタイル表現 / 色調: 明るく前向きな色調,オレンジ・青・黄色基調,活力ある配色 / 線画: 親しみやすい柔らかな線,カジュアルで読みやすい表現 / 演出: パソコン作業,スマホ,時計,収入の可視化,必要に応じて集中線,効果線,擬音などのマンガらしい演出
◆【ストーリー】
1コマ目 (ページ全体): ミサキがスマホを胸に当て、涙を流しながらも笑顔を浮かべている。背景に温かい光が広がる。心の中に光が灯るような演出。 セリフ: ［ミサキ］の吹き出しに「私の経験が……誰かの役に立ってる」 ナレーション: ［四角枠］退職して以来、ずっと感じていなかったもの——自分が誰かの力になっている、という実感 オノマトペ: なし","[{""panel_id"": 1, ""type"": ""dialogue"", ""speaker"": ""ミサキ"", ""text"": ""私の経験が……誰かの役に立ってる""}, {""panel_id"": 1, ""type"": ""narration"", ""speaker"": null, ""text"": ""退職して以来、ずっと感じていなかったもの——自分が誰かの力になっている、という実感""}]"
"101","テンプレ5","◆【注意】【】で囲まれた単語は感情や状況の指示であり、画像内に文字として描画しないでください
◆【絶対最優先】必ずフルカラーにしてください
◆【絶対最優先】必ず日本のアニメ・マンガ調のイラストで描いてください。実写風・フォトリアル風は禁止です。
◆【絶対最優先】キャラクター外見: ミサキは添付のミサキ.pngと100%同一の外見で描画
◆【出力サイズ】9:16
◆【補足情報】上下左右に50ピクセルの余白を設けてください
◆【補足情報】服装: ミサキ: 薄いピンクのパジャマ
◆【コマ構成】テンプレ5: 上・中・下3段
◆【作画】ジャンル: 副業に最適化した統一スタイル / 作画スタイル: 親しみやすく実践的,現代的なライフスタイル表現 / 色調: 明るく前向きな色調,オレンジ・青・黄色基調,活力ある配色 / 線画: 親しみやすい柔らかな線,カジュアルで読みやすい表現 / 演出: パソコン作業,スマホ,時計,収入の可視化,必要に応じて集中線,効果線,擬音などのマンガらしい演出
◆【ストーリー】
1コマ目 (上段): ミサキの回想。会社員時代、同僚に「助かったよ」と言われている場面。明るいトーン。 セリフ: なし ナレーション: ［四角枠］会社員時代は、仕事をすれば「ありがとう」と言ってもらえた オノマトペ: なし
2コマ目 (中段): 退職後の日常。一人でオムツを替え、一人で離乳食を作るミサキ。暗いトーン。 セリフ: なし ナレーション: ［四角枠］退職してからは、誰からも「ありがとう」と言われることがなくなった オノマトペ: なし
3コマ目 (下段): スマホのDMメッセージ「救われました」の文字が光っている。 セリフ: なし ナレーション: ［四角枠］それが——見ず知らずの人から「救われました」と言われた オノマトペ: なし","[{""panel_id"": 1, ""type"": ""narration"", ""speaker"": null, ""text"": ""会社員時代は、仕事をすれば「ありがとう」と言ってもらえた""}, {""panel_id"": 2, ""type"": ""narration"", ""speaker"": null, ""text"": ""退職してからは、誰からも「ありがとう」と言われることがなくなった""}, {""panel_id"": 3, ""type"": ""narration"", ""speaker"": null, ""text"": ""それが——見ず知らずの人から「救われました」と言われた""}]"
"102","テンプレ3","◆【注意】【】で囲まれた単語は感情や状況の指示であり、画像内に文字として描画しないでください
◆【絶対最優先】必ずフルカラーにしてください
◆【絶対最優先】必ず日本のアニメ・マンガ調のイラストで描いてください。実写風・フォトリアル風は禁止です。
◆【絶対最優先】キャラクター外見: ミサキは添付のミサキ.pngと100%同一の外見で描画
◆【出力サイズ】9:16
◆【補足情報】上下左右に50ピクセルの余白を設けてください
◆【補足情報】服装: ミサキ: 薄いピンクのパジャマ
◆【コマ構成】テンプレ3: 上段小→下段大
◆【作画】ジャンル: 副業に最適化した統一スタイル / 作画スタイル: 親しみやすく実践的,現代的なライフスタイル表現 / 色調: 明るく前向きな色調,オレンジ・青・黄色基調,活力ある配色 / 線画: 親しみやすい柔らかな線,カジュアルで読みやすい表現 / 演出: パソコン作業,スマホ,時計,収入の可視化,必要に応じて集中線,効果線,擬音などのマンガらしい演出
◆【ストーリー】
1コマ目 (上段小): ミサキが涙を拭きながらスマホで返信を打ち込んでいる。 セリフ: なし ナレーション: ［四角枠］ミサキは返信を打った オノマトペ: カタカタ
2コマ目 (下段大): スマホの返信画面。「こちらこそ、ありがとうございます。私も毎日手探りで、正直不安だらけです。でも、続けてよかったと思えます。一緒に頑張りましょうね」 セリフ: なし ナレーション: ［四角枠］送信した。涙を拭いた オノマトペ: ポチッ","[{""panel_id"": 1, ""type"": ""narration"", ""speaker"": null, ""text"": ""ミサキは返信を打った""}, {""panel_id"": 2, ""type"": ""narration"", ""speaker"": null, ""text"": ""送信した。涙を拭いた""}]"
"103","テンプレ7","◆【注意】【】で囲まれた単語は感情や状況の指示であり、画像内に文字として描画しないでください
◆【絶対最優先】必ずフルカラーにしてください
◆【絶対最優先】必ず日本のアニメ・マンガ調のイラストで描いてください。実写風・フォトリアル風は禁止です。
◆【絶対最優先】キャラクター外見: ミサキは添付のミサキ.pngと100%同一の外見で描画, ケンタは添付のケンタ.pngと100%同一の外見で描画
◆【出力サイズ】9:16
◆【補足情報】上下左右に50ピクセルの余白を設けてください
◆【補足情報】服装: ミサキ: 薄いピンクのパジャマ / ケンタ: グレーのTシャツにネイビーのスウェットパンツ、黒い靴下
◆【コマ構成】テンプレ7: 上段左右2コマ + 下段1コマ
◆【作画】ジャンル: 副業に最適化した統一スタイル / 作画スタイル: 親しみやすく実践的,現代的なライフスタイル表現 / 色調: 明るく前向きな色調,オレンジ・青・黄色基調,活力ある配色 / 線画: 親しみやすい柔らかな線,カジュアルで読みやすい表現 / 演出: パソコン作業,スマホ,時計,収入の可視化,必要に応じて集中線,効果線,擬音などのマンガらしい演出
◆【ストーリー】
1コマ目 (上段左): 22時過ぎ。玄関のドアが開く。ケンタが帰ってきた。 セリフ: ［ミサキ］の吹き出しに「おかえり」 ［ケンタ］の吹き出しに「ただいま。ひなたは？」 ナレーション: なし オノマトペ: ガチャ
2コマ目 (上段右): ケンタがミサキの顔を見て気づく。 セリフ: ［ケンタ］の吹き出しに「ミサキ、なんか顔が違う」 ［ミサキ］の吹き出しに「え？」 ナレーション: なし オノマトペ: なし
3コマ目 (下段): ケンタが微笑む。 セリフ: ［ケンタ］の吹き出しに「なんか、嬉しそう」 ナレーション: なし オノマトペ: なし","[{""panel_id"": 1, ""type"": ""dialogue"", ""speaker"": ""ミサキ"", ""text"": ""おかえり""}, {""panel_id"": 1, ""type"": ""dialogue"", ""speaker"": ""ケンタ"", ""text"": ""ただいま。ひなたは？""}, {""panel_id"": 2, ""type"": ""dialogue"", ""speaker"": ""ケンタ"", ""text"": ""ミサキ、なんか顔が違う""}, {""panel_id"": 2, ""type"": ""dialogue"", ""speaker"": ""ミサキ"", ""text"": ""え？""}, {""panel_id"": 3, ""type"": ""dialogue"", ""speaker"": ""ケンタ"", ""text"": ""なんか、嬉しそう""}]"
"104","テンプレ5","◆【注意】【】で囲まれた単語は感情や状況の指示であり、画像内に文字として描画しないでください
◆【絶対最優先】必ずフルカラーにしてください
◆【絶対最優先】必ず日本のアニメ・マンガ調のイラストで描いてください。実写風・フォトリアル風は禁止です。
◆【絶対最優先】キャラクター外見: ミサキは添付のミサキ.pngと100%同一の外見で描画, ケンタは添付のケンタ.pngと100%同一の外見で描画
◆【出力サイズ】9:16
◆【補足情報】上下左右に50ピクセルの余白を設けてください
◆【補足情報】服装: ミサキ: 薄いピンクのパジャマ / ケンタ: グレーのTシャツにネイビーのスウェットパンツ、黒い靴下
◆【コマ構成】テンプレ5: 上・中・下3段
◆【作画】ジャンル: 副業に最適化した統一スタイル / 作画スタイル: 親しみやすく実践的,現代的なライフスタイル表現 / 色調: 明るく前向きな色調,オレンジ・青・黄色基調,活力ある配色 / 線画: 親しみやすい柔らかな線,カジュアルで読みやすい表現 / 演出: パソコン作業,スマホ,時計,収入の可視化,必要に応じて集中線,効果線,擬音などのマンガらしい演出
◆【ストーリー】
1コマ目 (上段): ミサキがスマホをケンタに差し出している。 セリフ: なし ナレーション: ［四角枠］ミサキはスマホを差し出した。フォロワー100人の画面。DMのメッセージ。コメントの数々 オノマトペ: なし
2コマ目 (中段): ケンタが画面をスクロールしながら読んでいる。 セリフ: ［ケンタ］の吹き出しに「……すごいじゃん」 ナレーション: なし オノマトペ: なし
3コマ目 (下段): 二人が笑い合っている。 セリフ: ［ミサキ］の吹き出しに「でしょ？」 ナレーション: ［四角枠］久しぶりに、こんなふうに笑った気がする オノマトペ: なし","[{""panel_id"": 1, ""type"": ""narration"", ""speaker"": null, ""text"": ""ミサキはスマホを差し出した。フォロワー100人の画面。DMのメッセージ。コメントの数々""}, {""panel_id"": 2, ""type"": ""dialogue"", ""speaker"": ""ケンタ"", ""text"": ""……すごいじゃん""}, {""panel_id"": 3, ""type"": ""dialogue"", ""speaker"": ""ミサキ"", ""text"": ""でしょ？""}, {""panel_id"": 3, ""type"": ""narration"", ""speaker"": null, ""text"": ""久しぶりに、こんなふうに笑った気がする""}]"
"105","テンプレ6","◆【注意】【】で囲まれた単語は感情や状況の指示であり、画像内に文字として描画しないでください
◆【絶対最優先】必ずフルカラーにしてください
◆【絶対最優先】必ず日本のアニメ・マンガ調のイラストで描いてください。実写風・フォトリアル風は禁止です。
◆【絶対最優先】キャラクター外見: ミサキは添付のミサキ.pngと100%同一の外見で描画, ケンタは添付のケンタ.pngと100%同一の外見で描画
◆【出力サイズ】9:16
◆【補足情報】上下左右に50ピクセルの余白を設けてください
◆【補足情報】服装: ミサキ: 薄いピンクのパジャマ / ケンタ: グレーのTシャツにネイビーのスウェットパンツ、黒い靴下
◆【コマ構成】テンプレ6: 上段1コマ + 下段左右2コマ
◆【作画】ジャンル: 副業に最適化した統一スタイル / 作画スタイル: 親しみやすく実践的,現代的なライフスタイル表現 / 色調: 明るく前向きな色調,オレンジ・青・黄色基調,活力ある配色 / 線画: 親しみやすい柔らかな線,カジュアルで読みやすい表現 / 演出: パソコン作業,スマホ,時計,収入の可視化,必要に応じて集中線,効果線,擬音などのマンガらしい演出
◆【ストーリー】
1コマ目 (上段): ミサキが誇らしげに言っている。 セリフ: ［ミサキ］の吹き出しに「ケンタ、これ、私がやったんだよ」 ナレーション: なし オノマトペ: なし
2コマ目 (下段左): ミサキが続ける。 セリフ: ［ミサキ］の吹き出しに「AIの力を借りたけど、言葉は私のだし、体験も私のだし、毎日投稿したのも私なんだよ」 ナレーション: なし オノマトペ: なし
3コマ目 (下段右): ケンタが穏やかに笑っている。 セリフ: ［ケンタ］の吹き出しに「うん。知ってる。毎晩パソコンに向かってたの、見てたから」 ナレーション: なし オノマトペ: なし","[{""panel_id"": 1, ""type"": ""dialogue"", ""speaker"": ""ミサキ"", ""text"": ""ケンタ、これ、私がやったんだよ""}, {""panel_id"": 2, ""type"": ""dialogue"", ""speaker"": ""ミサキ"", ""text"": ""AIの力を借りたけど、言葉は私のだし、体験も私のだし、毎日投稿したのも私なんだよ""}, {""panel_id"": 3, ""type"": ""dialogue"", ""speaker"": ""ケンタ"", ""text"": ""うん。知ってる。毎晩パソコンに向かってたの、見てたから""}]"
"106","テンプレ5","◆【注意】【】で囲まれた単語は感情や状況の指示であり、画像内に文字として描画しないでください
◆【絶対最優先】必ずフルカラーにしてください
◆【絶対最優先】必ず日本のアニメ・マンガ調のイラストで描いてください。実写風・フォトリアル風は禁止です。
◆【絶対最優先】キャラクター外見: ミサキは添付のミサキ.pngと100%同一の外見で描画, ケンタは添付のケンタ.pngと100%同一の外見で描画
◆【出力サイズ】9:16
◆【補足情報】上下左右に50ピクセルの余白を設けてください
◆【補足情報】服装: ミサキ: 薄いピンクのパジャマ / ケンタ: グレーのTシャツにネイビーのスウェットパンツ、黒い靴下
◆【コマ構成】テンプレ5: 上・中・下3段
◆【作画】ジャンル: 副業に最適化した統一スタイル / 作画スタイル: 親しみやすく実践的,現代的なライフスタイル表現 / 色調: 明るく前向きな色調,オレンジ・青・黄色基調,活力ある配色 / 線画: 親しみやすい柔らかな線,カジュアルで読みやすい表現 / 演出: パソコン作業,スマホ,時計,収入の可視化,必要に応じて集中線,効果線,擬音などのマンガらしい演出
◆【ストーリー】
1コマ目 (上段): ミサキが驚いた表情。 セリフ: ［ミサキ］の吹き出しに「……見てたの？」 ナレーション: なし オノマトペ: なし
2コマ目 (中段): ケンタが照れくさそうに笑っている。 セリフ: ［ケンタ］の吹き出しに「見てた。すげーなって思ってた。言わなかったけど」 ナレーション: なし オノマトペ: なし
3コマ目 (下段): ミサキがケンタの肩にもたれかかっている。温かい二人の空間。 セリフ: ［ミサキ］の吹き出しに「もっとやりたい」 ［ケンタ］の吹き出しに「うん。やれば」 ナレーション: なし オノマトペ: なし","[{""panel_id"": 1, ""type"": ""dialogue"", ""speaker"": ""ミサキ"", ""text"": ""……見てたの？""}, {""panel_id"": 2, ""type"": ""dialogue"", ""speaker"": ""ケンタ"", ""text"": ""見てた。すげーなって思ってた。言わなかったけど""}, {""panel_id"": 3, ""type"": ""dialogue"", ""speaker"": ""ミサキ"", ""text"": ""もっとやりたい""}, {""panel_id"": 3, ""type"": ""dialogue"", ""speaker"": ""ケンタ"", ""text"": ""うん。やれば""}]"
"107","テンプレ3","◆【注意】【】で囲まれた単語は感情や状況の指示であり、画像内に文字として描画しないでください
◆【絶対最優先】必ずフルカラーにしてください
◆【絶対最優先】必ず日本のアニメ・マンガ調のイラストで描いてください。実写風・フォトリアル風は禁止です。
◆【絶対最優先】キャラクター外見: ミサキは添付のミサキ.pngと100%同一の外見で描画, ケンタは添付のケンタ.pngと100%同一の外見で描画
◆【出力サイズ】9:16
◆【補足情報】上下左右に50ピクセルの余白を設けてください
◆【補足情報】服装: ミサキ: 薄いピンクのパジャマ / ケンタ: グレーのTシャツにネイビーのスウェットパンツ、黒い靴下
◆【コマ構成】テンプレ3: 上段小→下段大
◆【作画】ジャンル: 副業に最適化した統一スタイル / 作画スタイル: 親しみやすく実践的,現代的なライフスタイル表現 / 色調: 明るく前向きな色調,オレンジ・青・黄色基調,活力ある配色 / 線画: 親しみやすい柔らかな線,カジュアルで読みやすい表現 / 演出: パソコン作業,スマホ,時計,収入の可視化,必要に応じて集中線,効果線,擬音などのマンガらしい演出
◆【ストーリー】
1コマ目 (上段小): ミサキとケンタの手が重なっている。 セリフ: ［ミサキ］の吹き出しに「止めないよ、私」 ナレーション: なし オノマトペ: なし
2コマ目 (下段大): ケンタがミサキを見つめて微笑んでいる。温かい表情。 セリフ: ［ケンタ］の吹き出しに「知ってる」 ナレーション: なし オノマトペ: なし","[{""panel_id"": 1, ""type"": ""dialogue"", ""speaker"": ""ミサキ"", ""text"": ""止めないよ、私""}, {""panel_id"": 2, ""type"": ""dialogue"", ""speaker"": ""ケンタ"", ""text"": ""知ってる""}]"
"108","テンプレ5","◆【注意】【】で囲まれた単語は感情や状況の指示であり、画像内に文字として描画しないでください
◆【絶対最優先】必ずフルカラーにしてください
◆【絶対最優先】必ず日本のアニメ・マンガ調のイラストで描いてください。実写風・フォトリアル風は禁止です。
◆【絶対最優先】キャラクター外見: ミサキは添付のミサキ.pngと100%同一の外見で描画
◆【出力サイズ】9:16
◆【補足情報】上下左右に50ピクセルの余白を設けてください
◆【補足情報】服装: ミサキ: 薄いピンクのパジャマ
◆【コマ構成】テンプレ5: 上・中・下3段
◆【作画】ジャンル: 副業に最適化した統一スタイル / 作画スタイル: 親しみやすく実践的,現代的なライフスタイル表現 / 色調: 明るく前向きな色調,オレンジ・青・黄色基調,活力ある配色 / 線画: 親しみやすい柔らかな線,カジュアルで読みやすい表現 / 演出: パソコン作業,スマホ,時計,収入の可視化,必要に応じて集中線,効果線,擬音などのマンガらしい演出
◆【ストーリー】
1コマ目 (上段): 夜のベッド。ミサキが布団の中で天井を見つめている。ひなたの寝息が聞こえる。 セリフ: なし ナレーション: ［四角枠］ひなたの寝息を聞きながら、ミサキは布団の中で考えていた オノマトペ: すぅ…すぅ…
2コマ目 (中段): ミサキの内心のイメージ。フォロワー100人の光と、まだ解決していない家計の問題のイメージが交錯。 セリフ: なし ナレーション: ［四角枠］フォロワー100人。でも収入にはなっていない。「やりがい」は見つかったけれど、家計の問題は解決していない オノマトペ: なし
3コマ目 (下段): タクヤの言葉の回想。「100人は通過点です。ここからが本番ですよ」 セリフ: なし ナレーション: ［四角枠］タクヤが言っていた——「100人は通過点です。ここからが本番ですよ」 オノマトペ: なし","[{""panel_id"": 1, ""type"": ""narration"", ""speaker"": null, ""text"": ""ひなたの寝息を聞きながら、ミサキは布団の中で考えていた""}, {""panel_id"": 2, ""type"": ""narration"", ""speaker"": null, ""text"": ""フォロワー100人。でも収入にはなっていない。「やりがい」は見つかったけれど、家計の問題は解決していない""}, {""panel_id"": 3, ""type"": ""narration"", ""speaker"": null, ""text"": ""タクヤが言っていた——「100人は通過点です。ここからが本番ですよ」""}]"
"109","テンプレ2","◆【注意】【】で囲まれた単語は感情や状況の指示であり、画像内に文字として描画しないでください
◆【絶対最優先】必ずフルカラーにしてください
◆【絶対最優先】必ず日本のアニメ・マンガ調のイラストで描いてください。実写風・フォトリアル風は禁止です。
◆【絶対最優先】キャラクター外見: ミサキは添付のミサキ.pngと100%同一の外見で描画
◆【出力サイズ】9:16
◆【補足情報】上下左右に50ピクセルの余白を設けてください
◆【補足情報】服装: ミサキ: 薄いピンクのパジャマ
◆【コマ構成】テンプレ2: 上下均等2分割
◆【作画】ジャンル: 副業に最適化した統一スタイル / 作画スタイル: 親しみやすく実践的,現代的なライフスタイル表現 / 色調: 明るく前向きな色調,オレンジ・青・黄色基調,活力ある配色 / 線画: 親しみやすい柔らかな線,カジュアルで読みやすい表現 / 演出: パソコン作業,スマホ,時計,収入の可視化,必要に応じて集中線,効果線,擬音などのマンガらしい演出
◆【ストーリー】
1コマ目 (上段): 2ヶ月前のミサキ（暗いトーン）「何もわからない」が恐怖だった。 セリフ: なし ナレーション: ［四角枠］2ヶ月前は「何もわからない」が恐怖だった オノマトペ: なし
2コマ目 (下段): 現在のミサキ（明るいトーン）穏やかな表情。 セリフ: なし ナレーション: ［四角枠］今は「わからないけど、やってみよう」に変わっている オノマトペ: なし","[{""panel_id"": 1, ""type"": ""narration"", ""speaker"": null, ""text"": ""2ヶ月前は「何もわからない」が恐怖だった""}, {""panel_id"": 2, ""type"": ""narration"", ""speaker"": null, ""text"": ""今は「わからないけど、やってみよう」に変わっている""}]"
"110","テンプレ1","◆【注意】【】で囲まれた単語は感情や状況の指示であり、画像内に文字として描画しないでください
◆【絶対最優先】必ずフルカラーにしてください
◆【絶対最優先】必ず日本のアニメ・マンガ調のイラストで描いてください。実写風・フォトリアル風は禁止です。
◆【絶対最優先】キャラクター外見: ミサキは添付のミサキ.pngと100%同一の外見で描画
◆【出力サイズ】9:16
◆【補足情報】上下左右に50ピクセルの余白を設けてください
◆【補足情報】服装: ミサキ: 薄いピンクのパジャマ
◆【コマ構成】テンプレ1: ページ全体1コマ
◆【作画】ジャンル: 副業に最適化した統一スタイル / 作画スタイル: 親しみやすく実践的,現代的なライフスタイル表現 / 色調: 明るく前向きな色調,オレンジ・青・黄色基調,活力ある配色 / 線画: 親しみやすい柔らかな線,カジュアルで読みやすい表現 / 演出: パソコン作業,スマホ,時計,収入の可視化,必要に応じて集中線,効果線,擬音などのマンガらしい演出
◆【ストーリー】
1コマ目 (ページ全体): 夜のベッド。ミサキが目を閉じて微笑んでいる。布団の中。隣にひなたが寝ている。窓から月明かりが差し込む。穏やかで前向きな表情。「もっとやりたい」の気持ちが溢れている。 セリフ: なし ナレーション: ［四角枠］明日も投稿する。止まるかもしれない。でも、やめない。100人のフォロワーが待っている。そして、まだ出会っていない人たちも。「もっとやりたい」——この気持ちがある限り、ミサキは止まらない オノマトペ: なし","[{""panel_id"": 1, ""type"": ""narration"", ""speaker"": null, ""text"": ""明日も投稿する。止まるかもしれない。でも、やめない。100人のフォロワーが待っている。そして、まだ出会っていない人たちも。「もっとやりたい」——この気持ちがある限り、ミサキは止まらない""}]"
"111","テキストページ","◆【テキストページ】このページは画像生成不要。EPUB製本時にテキストとして直接レンダリングする。
◆【コラム原文】
コラム⑧：承認と自己効力感——「誰かの役に立っている」という原動力（前編）

——キャリアコンサルタントの視点から

ミサキがDMを読んで泣いた場面。あのとき彼女の中で起きていたことを、キャリア心理学の視点から解説します。

自己効力感の回復

自己効力感とは、「自分はやればできる」という感覚のことです。心理学者アルバート・バンデューラが提唱した概念で、キャリア形成において最も重要な心理的要素の一つとされています。

ミサキは退職後、自己効力感が底をついていました。

「事務しかできない」「スキルがない」「何者でもない」——これらはすべて、自己効力感の低下を示す言葉です。

フォロワー100人を達成し、感謝のDMをもらったことで、ミサキの自己効力感が回復し始めました。「自分の言葉が、誰かの力になった」という実感が、「自分にもできることがある」という信念を再構築したのです。

承認の源泉を変える

会社員時代のミサキは、上司の評価、同僚の反応、業績という「会社が用意した承認システム」の中にいました。

退職すると、その承認システムから切り離されます。誰も「よくやったね」と言ってくれない。誰も「ありがとう」と言ってくれない。

育児は社会的に重要な営みですが、残念ながら「承認」が得にくい領域です。子供は感謝を言語化できないし、社会も「育児お疲れ様」とは言ってくれない。

ミサキがInstagramを通じて得たのは、会社に依存しない承認でした。

自分の経験を言葉にし、発信し、それに対して「救われました」と言ってもらえた。この承認は、どこかの会社に所属していなくても得られるものです。","[]"
"112","テキストページ","◆【テキストページ】このページは画像生成不要。EPUB製本時にテキストとして直接レンダリングする。
◆【コラム原文】
コラム⑧：承認と自己効力感——「誰かの役に立っている」という原動力（後編）

小さな成功体験の積み重ね

自己効力感を高めるもっとも効果的な方法は、「達成体験」——つまり小さな成功体験の積み重ねです。

ミサキの場合：

・初めてAIを使えた（第6話）
・初めて投稿を作れた（第7話）
・3日休んでも再開できた（第7話）
・分析して改善できた（第8話）
・フォロワー100人を達成した（第8話）
・感謝のメッセージをもらえた（第8話）

一つひとつは小さなことです。でも、積み重なると「自分にもできる」という確信になります。

大切なのは、大きな成功を一度狙うのではなく、小さな成功を何度も経験することです。

会社の評価だけが承認ではない

最後に一つ。

「誰かの役に立っている」実感は、会社の中だけで得られるものではありません。SNSの発信、ブログ、ボランティア、地域活動、子供の成長——承認の形は無限にあります。

ミサキはたまたまInstagramを選びました。でも、手段は何でもいい。大事なのは、自分の行動が、誰かの人生に影響を与えていると感じられること。

その実感があれば、人は前に進めます。

ミサキはもう、「何者でもない自分」ではありません。「100人のフォロワーに言葉を届けている人」です。

次の話で、ミサキはさらに大きな一歩を踏み出すことになります。","[]"
