"ページ番号","使用するコマ割りテンプレ","漫画作成のプロンプト","コマ別テキストJSON"
"1","テキストページ","◆【テキストページ】このページは画像生成不要。EPUB製本時にテキストとして直接レンダリングする。
◆【目次】
出産でキャリアを失った元事務職ママが、AIで初めて稼ぐまで　第2巻

【目次】

　第4話　事務しかやったことない私に
　　コラム④
　第5話　9万円の決意
　　コラム⑤","[]"
"2","テキストページ","◆【テキストページ】このページは画像生成不要。EPUB製本時にテキストとして直接レンダリングする。
◆【前巻までのあらすじ】
【前巻（第1巻）までのあらすじ】

佐藤ミサキ（32歳）は、夫のケンタと幸せな妊娠生活を送っていた。しかし職場では「また産休か」という同僚の声、つわりとの闘い、そして給湯室で聞こえた本音——。

産休に入ったミサキは、復帰後の居場所がすでに失われていることを知る。在宅勤務の制度もなく、追い詰められた末に退職を決意。

退職届を出したその日、ミサキは「名刺のない世界」に放り出された。同期のグループを非表示にし、「何者でもない自分」に怯える日々。スマホの求人サイトを眺めても「事務しかやったことない私に、何ができるの」という問いが頭の中でループする。

ミサキの本当のキャリアは——ここから始まる。","[]"
"3","テンプレ5","◆【注意】【】で囲まれた単語は感情や状況の指示であり、画像内に文字として描画しないでください
◆【絶対最優先】必ずフルカラーにしてください
◆【絶対最優先】必ず日本のアニメ・マンガ調のイラストで描いてください。実写風・フォトリアル風は禁止です。
◆【絶対最優先】キャラクター外見: ミサキは添付のミサキ.pngと100%同一の外見で描画, ケンタは添付のケンタ.pngと100%同一の外見で描画, ひなた（2歳期）は添付のひなた_2歳期.pngと100%同一の外見で描画, タクヤは添付のタクヤ.pngと100%同一の外見で描画
◆【出力サイズ】2:3
◆【補足情報】上下左右に50ピクセルの余白を設けてください
◆【コマ構成】テンプレ5: 上中下3段
◆【作画】ジャンル: 副業に最適化した統一スタイル / 作画スタイル: 親しみやすく実践的,現代的なライフスタイル表現 / 色調: 明るく前向きな色調,オレンジ・青・黄色基調,活力ある配色 / 線画: 親しみやすい柔らかな線,カジュアルで読みやすい表現 / 演出: キャラクター紹介ページ
◆【ストーリー】
1コマ目 (上段): シーン描写。 セリフ: なし ナレーション: ［四角枠］ミサキ 32歳 元事務職、［四角枠］ひなた 2歳 ミサキの娘 オノマトペ: なし
2コマ目 (中段): シーン描写。 セリフ: なし ナレーション: ［四角枠］ケンタ 34歳 ミサキの夫、［四角枠］山田課長 50代 元上司 オノマトペ: なし
3コマ目 (下段): シーン描写。 セリフ: なし ナレーション: ［四角枠］タクヤ 42歳 メンター オノマトペ: なし","[{""panel_id"": 1, ""type"": ""narration"", ""speaker"": null, ""text"": ""ミサキ 32歳 元事務職""}, {""panel_id"": 1, ""type"": ""narration"", ""speaker"": null, ""text"": ""ひなた 2歳 ミサキの娘""}, {""panel_id"": 2, ""type"": ""narration"", ""speaker"": null, ""text"": ""ケンタ 34歳 ミサキの夫""}, {""panel_id"": 2, ""type"": ""narration"", ""speaker"": null, ""text"": ""山田課長 50代 元上司""}, {""panel_id"": 3, ""type"": ""narration"", ""speaker"": null, ""text"": ""タクヤ 42歳 メンター""}]"
"4","テンプレ1","◆【注意】【】で囲まれた単語は感情や状況の指示であり、画像内に文字として描画しないでください
◆【絶対最優先】必ずフルカラーにしてください
◆【絶対最優先】必ず日本のアニメ・マンガ調のイラストで描いてください。実写風・フォトリアル風は禁止です。
◆【出力サイズ】2:3
◆【補足情報】上下左右に50ピクセルの余白を設けてください
◆【コマ構成】テンプレ1: 全面1コマ
◆【作画】ジャンル: 副業に最適化した統一スタイル / 作画スタイル: 親しみやすく実践的,現代的なライフスタイル表現 / 色調: 明るく前向きな色調,オレンジ・青・黄色基調,活力ある配色 / 線画: 親しみやすい柔らかな線,カジュアルで読みやすい表現 / 演出: 必要に応じて集中線,効果線,擬音などのマンガらしい演出
◆【ストーリー】
1コマ目 (全面): 扉ページ。タイトル〝第4話 ワンオペと通帳残高〟を画面中央に大きく配置。背景は物語の雰囲気を表す抽象的なイメージ。 セリフ: なし ナレーション: なし オノマトペ: なし","[]"
"5","テンプレ3","◆【注意】【】で囲まれた単語は感情や状況の指示であり、画像内に文字として描画しないでください
◆【絶対最優先】必ずフルカラーにしてください
◆【絶対最優先】必ず日本のアニメ・マンガ調のイラストで描いてください。実写風・フォトリアル風は禁止です。

◆【絶対最優先】キャラクター外見: ミサキは添付のミサキ.pngと100%同一の外見で描画（32歳女性、ショートボブの黒髪、丸顔）
◆【絶対最優先】キャラクター外見: ひなたは添付のひなた_2歳期.pngと100%同一の外見で描画（2歳女の子、短い黒髪のおかっぱ、ピンクのTシャツに白いズボン）
◆【出力サイズ】2:3
◆【補足情報】上下左右に50ピクセルの余白を設けてください
◆【補足情報】服装: ミサキ: ボーダー柄（白と紺）のカットソーにデニムパンツ、白いスニーカー
◆【コマ構成】テンプレ3: 上小下大（上1コマ小＋下1コマ大）
◆【作画】ジャンル: 副業に最適化した統一スタイル / 作画スタイル: 親しみやすく実践的,現代的なライフスタイル表現 / 色調: 明るく前向きな色調,オレンジ・青・黄色基調,活力ある配色 / 線画: 親しみやすい柔らかな線,カジュアルで読みやすい表現 / 演出: 必要に応じて集中線,効果線,擬音などのマンガらしい演出
◆【ストーリー】
1コマ目 (上・小): シーン描写。 セリフ: なし ナレーション: ［四角枠］退職してから、一ヶ月が過ぎた。 オノマトペ: なし
2コマ目 (下・大): シーン描写。 セリフ: なし ナレーション: ［四角枠］ミサキの一日は、同じことの繰り返しだった。6時。 オノマトペ: なし","[{""panel_id"": 1, ""type"": ""narration"", ""speaker"": null, ""text"": ""退職してから、一ヶ月が過ぎた。""}, {""panel_id"": 2, ""type"": ""narration"", ""speaker"": null, ""text"": ""ミサキの一日は、同じことの繰り返しだった。6時。""}]"
"6","テンプレ1","◆【注意】【】で囲まれた単語は感情や状況の指示であり、画像内に文字として描画しないでください
◆【絶対最優先】必ずフルカラーにしてください
◆【絶対最優先】必ず日本のアニメ・マンガ調のイラストで描いてください。実写風・フォトリアル風は禁止です。

◆【絶対最優先】キャラクター外見: ミサキは添付のミサキ.pngと100%同一の外見で描画（32歳女性、ショートボブの黒髪、丸顔）
◆【絶対最優先】キャラクター外見: ひなたは添付のひなた_2歳期.pngと100%同一の外見で描画（2歳女の子、短い黒髪のおかっぱ、ピンクのTシャツに白いズボン）
◆【出力サイズ】2:3
◆【補足情報】上下左右に50ピクセルの余白を設けてください
◆【補足情報】服装: ミサキ: ボーダー柄（白と紺）のカットソーにデニムパンツ、白いスニーカー
◆【コマ構成】テンプレ1: 全面1コマ（上1コマ小＋下1コマ大）
◆【作画】ジャンル: 副業に最適化した統一スタイル / 作画スタイル: 親しみやすく実践的,現代的なライフスタイル表現 / 色調: 明るく前向きな色調,オレンジ・青・黄色基調,活力ある配色 / 線画: 親しみやすい柔らかな線,カジュアルで読みやすい表現 / 演出: 必要に応じて集中線,効果線,擬音などのマンガらしい演出
◆【ストーリー】
1コマ目 (上・小): シーン描写。 セリフ: なし ナレーション: ［四角枠］ひなたの泣き声で目が覚める。 オノマトペ: なし","[{""panel_id"": 1, ""type"": ""narration"", ""speaker"": null, ""text"": ""ひなたの泣き声で目が覚める。""}]"
"7","テンプレ5","◆【注意】【】で囲まれた単語は感情や状況の指示であり、画像内に文字として描画しないでください
◆【絶対最優先】必ずフルカラーにしてください
◆【絶対最優先】必ず日本のアニメ・マンガ調のイラストで描いてください。実写風・フォトリアル風は禁止です。

◆【絶対最優先】キャラクター外見: ミサキは添付のミサキ.pngと100%同一の外見で描画（32歳女性、ショートボブの黒髪、丸顔）
◆【絶対最優先】キャラクター外見: ひなたは添付のひなた_2歳期.pngと100%同一の外見で描画（2歳女の子、短い黒髪のおかっぱ、ピンクのTシャツに白いズボン）
◆【出力サイズ】2:3
◆【補足情報】上下左右に50ピクセルの余白を設けてください
◆【補足情報】服装: ミサキ: ボーダー柄（白と紺）のカットソーにデニムパンツ、白いスニーカー
◆【コマ構成】テンプレ5: 上中下3段
◆【作画】ジャンル: 副業に最適化した統一スタイル / 作画スタイル: 親しみやすく実践的,現代的なライフスタイル表現 / 色調: 明るく前向きな色調,オレンジ・青・黄色基調,活力ある配色 / 線画: 親しみやすい柔らかな線,カジュアルで読みやすい表現 / 演出: 必要に応じて集中線,効果線,擬音などのマンガらしい演出
◆【ストーリー】
1コマ目 (上段): シーン描写。 セリフ: なし ナレーション: ［四角枠］おむつを替える。ミルクを作る。離乳食を準備する。食べさせる。 オノマトペ: なし
2コマ目 (中段): シーン描写。 セリフ: なし ナレーション: ［四角枠］こぼされる。拭く。、［四角枠］着替えさせる。洗濯機を回す。掃除する。 オノマトペ: なし
3コマ目 (下段): シーン描写。 セリフ: なし ナレーション: ［四角枠］ひなたが棚の中身を全部引っ張り出す。片付ける。また出される。 オノマトペ: なし","[{""panel_id"": 1, ""type"": ""narration"", ""speaker"": null, ""text"": ""おむつを替える。ミルクを作る。離乳食を準備する。食べさせる。""}, {""panel_id"": 2, ""type"": ""narration"", ""speaker"": null, ""text"": ""こぼされる。拭く。""}, {""panel_id"": 2, ""type"": ""narration"", ""speaker"": null, ""text"": ""着替えさせる。洗濯機を回す。掃除する。""}, {""panel_id"": 3, ""type"": ""narration"", ""speaker"": null, ""text"": ""ひなたが棚の中身を全部引っ張り出す。片付ける。また出される。""}]"
"8","テンプレ5","◆【注意】【】で囲まれた単語は感情や状況の指示であり、画像内に文字として描画しないでください
◆【絶対最優先】必ずフルカラーにしてください
◆【絶対最優先】必ず日本のアニメ・マンガ調のイラストで描いてください。実写風・フォトリアル風は禁止です。

◆【絶対最優先】キャラクター外見: ミサキは添付のミサキ.pngと100%同一の外見で描画（32歳女性、ショートボブの黒髪、丸顔）
◆【絶対最優先】キャラクター外見: ひなたは添付のひなた_2歳期.pngと100%同一の外見で描画（2歳女の子、短い黒髪のおかっぱ、ピンクのTシャツに白いズボン）
◆【出力サイズ】2:3
◆【補足情報】上下左右に50ピクセルの余白を設けてください
◆【補足情報】服装: ミサキ: ボーダー柄（白と紺）のカットソーにデニムパンツ、白いスニーカー
◆【コマ構成】テンプレ5: 上中下3段
◆【作画】ジャンル: 副業に最適化した統一スタイル / 作画スタイル: 親しみやすく実践的,現代的なライフスタイル表現 / 色調: 明るく前向きな色調,オレンジ・青・黄色基調,活力ある配色 / 線画: 親しみやすい柔らかな線,カジュアルで読みやすい表現 / 演出: 必要に応じて集中線,効果線,擬音などのマンガらしい演出
◆【ストーリー】
1コマ目 (上段): シーン描写。 セリフ: なし ナレーション: ［四角枠］午前中に支援センターに行く日もある。行かない日もある。 オノマトペ: なし
2コマ目 (中段): シーン描写。 セリフ: なし ナレーション: ［四角枠］行っても行かなくても、夕方にはくたくたになっている。 オノマトペ: なし","[{""panel_id"": 1, ""type"": ""narration"", ""speaker"": null, ""text"": ""午前中に支援センターに行く日もある。行かない日もある。""}, {""panel_id"": 2, ""type"": ""narration"", ""speaker"": null, ""text"": ""行っても行かなくても、夕方にはくたくたになっている。""}]"
"9","テンプレ6","◆【注意】【】で囲まれた単語は感情や状況の指示であり、画像内に文字として描画しないでください
◆【絶対最優先】必ずフルカラーにしてください
◆【絶対最優先】必ず日本のアニメ・マンガ調のイラストで描いてください。実写風・フォトリアル風は禁止です。

◆【絶対最優先】キャラクター外見: ミサキは添付のミサキ.pngと100%同一の外見で描画（32歳女性、ショートボブの黒髪、丸顔）
◆【絶対最優先】キャラクター外見: ひなたは添付のひなた_2歳期.pngと100%同一の外見で描画（2歳女の子、短い黒髪のおかっぱ、ピンクのTシャツに白いズボン）
◆【出力サイズ】2:3
◆【補足情報】上下左右に50ピクセルの余白を設けてください
◆【補足情報】服装: ミサキ: ボーダー柄（白と紺）のカットソーにデニムパンツ、白いスニーカー
◆【コマ構成】テンプレ6: 上1コマ＋下左右2コマ
◆【作画】ジャンル: 副業に最適化した統一スタイル / 作画スタイル: 親しみやすく実践的,現代的なライフスタイル表現 / 色調: 明るく前向きな色調,オレンジ・青・黄色基調,活力ある配色 / 線画: 親しみやすい柔らかな線,カジュアルで読みやすい表現 / 演出: 必要に応じて集中線,効果線,擬音などのマンガらしい演出
◆【ストーリー】
1コマ目 (上): シーン描写。 セリフ: なし ナレーション: ［四角枠］買い物。夕飯の準備。ひなたを膝に乗せたまま野菜を刻む。 オノマトペ: なし
2コマ目 (下左): シーン描写。 セリフ: なし ナレーション: ［四角枠］危ないな、と思いながら。、［四角枠］お風呂。寝かしつけ。 オノマトペ: なし","[{""panel_id"": 1, ""type"": ""narration"", ""speaker"": null, ""text"": ""買い物。夕飯の準備。ひなたを膝に乗せたまま野菜を刻む。""}, {""panel_id"": 2, ""type"": ""narration"", ""speaker"": null, ""text"": ""危ないな、と思いながら。""}, {""panel_id"": 2, ""type"": ""narration"", ""speaker"": null, ""text"": ""お風呂。寝かしつけ。""}]"
"10","テンプレ4","◆【注意】【】で囲まれた単語は感情や状況の指示であり、画像内に文字として描画しないでください
◆【絶対最優先】必ずフルカラーにしてください
◆【絶対最優先】必ず日本のアニメ・マンガ調のイラストで描いてください。実写風・フォトリアル風は禁止です。

◆【絶対最優先】キャラクター外見: ミサキは添付のミサキ.pngと100%同一の外見で描画（32歳女性、ショートボブの黒髪、丸顔）
◆【絶対最優先】キャラクター外見: ケンタは添付のケンタ.pngと100%同一の外見で描画（34歳男性、短めの黒髪サイド刈り上げ）
◆【出力サイズ】2:3
◆【補足情報】上下左右に50ピクセルの余白を設けてください
◆【補足情報】服装: ミサキ: ボーダー柄（白と紺）のカットソーにデニムパンツ、白いスニーカー / ケンタ: グレーのTシャツにネイビーのスウェットパンツ
◆【コマ構成】テンプレ4: 上大下小（上1コマ大＋下1コマ小）
◆【作画】ジャンル: 副業に最適化した統一スタイル / 作画スタイル: 親しみやすく実践的,現代的なライフスタイル表現 / 色調: 明るく前向きな色調,オレンジ・青・黄色基調,活力ある配色 / 線画: 親しみやすい柔らかな線,カジュアルで読みやすい表現 / 演出: 必要に応じて集中線,効果線,擬音などのマンガらしい演出
◆【ストーリー】
1コマ目 (上・大): シーン描写。 セリフ: 「お疲れ様」、「お疲れ様」 ナレーション: ［四角枠］ケンタが帰ってくる。22時。 オノマトペ: なし
2コマ目 (下・小): シーン描写。 セリフ: なし ナレーション: ［四角枠］会話はそれだけの日が増えた。 オノマトペ: なし","[{""panel_id"": 1, ""type"": ""dialogue"", ""speaker"": ""ケンタ"", ""text"": ""お疲れ様""}, {""panel_id"": 1, ""type"": ""narration"", ""speaker"": null, ""text"": ""ケンタが帰ってくる。22時。""}, {""panel_id"": 1, ""type"": ""dialogue"", ""speaker"": ""ミサキ"", ""text"": ""お疲れ様""}, {""panel_id"": 2, ""type"": ""narration"", ""speaker"": null, ""text"": ""会話はそれだけの日が増えた。""}]"
"11","テンプレ3","◆【注意】【】で囲まれた単語は感情や状況の指示であり、画像内に文字として描画しないでください
◆【絶対最優先】必ずフルカラーにしてください
◆【絶対最優先】必ず日本のアニメ・マンガ調のイラストで描いてください。実写風・フォトリアル風は禁止です。

◆【絶対最優先】キャラクター外見: ミサキは添付のミサキ.pngと100%同一の外見で描画（32歳女性、ショートボブの黒髪、丸顔）
◆【絶対最優先】キャラクター外見: ひなたは添付のひなた_2歳期.pngと100%同一の外見で描画（2歳女の子、短い黒髪のおかっぱ、ピンクのTシャツに白いズボン）
◆【出力サイズ】2:3
◆【補足情報】上下左右に50ピクセルの余白を設けてください
◆【補足情報】服装: ミサキ: ベージュのカーディガン+白いTシャツ+デニムパンツ
◆【コマ構成】テンプレ3: 上小下大（上1コマ小＋下1コマ大）
◆【作画】ジャンル: 副業に最適化した統一スタイル / 作画スタイル: 親しみやすく実践的,現代的なライフスタイル表現 / 色調: 明るく前向きな色調,オレンジ・青・黄色基調,活力ある配色 / 線画: 親しみやすい柔らかな線,カジュアルで読みやすい表現 / 演出: 必要に応じて集中線,効果線,擬音などのマンガらしい演出
◆【ストーリー】
1コマ目 (上・小): シーン描写。 セリフ: なし ナレーション: ［四角枠］ある日の午後、銀行のATMに立ち寄った。 オノマトペ: なし
2コマ目 (下・大): シーン描写。 セリフ: なし ナレーション: ［四角枠］ひなたをベビーカーに乗せたまま、通帳を記帳する。 オノマトペ: なし","[{""panel_id"": 1, ""type"": ""narration"", ""speaker"": null, ""text"": ""ある日の午後、銀行のATMに立ち寄った。""}, {""panel_id"": 2, ""type"": ""narration"", ""speaker"": null, ""text"": ""ひなたをベビーカーに乗せたまま、通帳を記帳する。""}]"
"12","テンプレ3","◆【注意】【】で囲まれた単語は感情や状況の指示であり、画像内に文字として描画しないでください
◆【絶対最優先】必ずフルカラーにしてください
◆【絶対最優先】必ず日本のアニメ・マンガ調のイラストで描いてください。実写風・フォトリアル風は禁止です。

◆【絶対最優先】キャラクター外見: ミサキは添付のミサキ.pngと100%同一の外見で描画（32歳女性、ショートボブの黒髪、丸顔）
◆【絶対最優先】キャラクター外見: ひなたは添付のひなた_2歳期.pngと100%同一の外見で描画（2歳女の子、短い黒髪のおかっぱ、ピンクのTシャツに白いズボン）
◆【出力サイズ】2:3
◆【補足情報】上下左右に50ピクセルの余白を設けてください
◆【補足情報】服装: ミサキ: ベージュのカーディガン+白いTシャツ+デニムパンツ
◆【コマ構成】テンプレ3: 上小下大（上1コマ小＋下1コマ大）
◆【作画】ジャンル: 副業に最適化した統一スタイル / 作画スタイル: 親しみやすく実践的,現代的なライフスタイル表現 / 色調: 明るく前向きな色調,オレンジ・青・黄色基調,活力ある配色 / 線画: 親しみやすい柔らかな線,カジュアルで読みやすい表現 / 演出: 必要に応じて集中線,効果線,擬音などのマンガらしい演出
◆【ストーリー】
1コマ目 (上・小): シーン描写。 セリフ: なし ナレーション: ［四角枠］数字が並ぶ。給与の振込が、先月で止まっている。 オノマトペ: なし
2コマ目 (下・大): シーン描写。 セリフ: なし ナレーション: ［四角枠］育児休業給付金ももう出ていない。退職したのだから、当然だ。 オノマトペ: なし","[{""panel_id"": 1, ""type"": ""narration"", ""speaker"": null, ""text"": ""数字が並ぶ。給与の振込が、先月で止まっている。""}, {""panel_id"": 2, ""type"": ""narration"", ""speaker"": null, ""text"": ""育児休業給付金ももう出ていない。退職したのだから、当然だ。""}]"
"13","テンプレ5","◆【注意】【】で囲まれた単語は感情や状況の指示であり、画像内に文字として描画しないでください
◆【絶対最優先】必ずフルカラーにしてください
◆【絶対最優先】必ず日本のアニメ・マンガ調のイラストで描いてください。実写風・フォトリアル風は禁止です。

◆【絶対最優先】キャラクター外見: ミサキは添付のミサキ.pngと100%同一の外見で描画（32歳女性、ショートボブの黒髪、丸顔）
◆【出力サイズ】2:3
◆【補足情報】上下左右に50ピクセルの余白を設けてください
◆【補足情報】服装: ミサキ: ベージュのカーディガン+白いTシャツ+デニムパンツ
◆【コマ構成】テンプレ5: 上中下3段
◆【作画】ジャンル: 副業に最適化した統一スタイル / 作画スタイル: 親しみやすく実践的,現代的なライフスタイル表現 / 色調: 明るく前向きな色調,オレンジ・青・黄色基調,活力ある配色 / 線画: 親しみやすい柔らかな線,カジュアルで読みやすい表現 / 演出: 必要に応じて集中線,効果線,擬音などのマンガらしい演出
◆【ストーリー】
1コマ目 (上段): シーン描写。 セリフ: なし ナレーション: ［四角枠］残高を見る。ケンタの給料から、家賃、光熱費、食費、 オノマトペ: なし
2コマ目 (中段): シーン描写。 セリフ: なし ナレーション: ［四角枠］ひなたのおむつ代、ミルク代——。毎月、確実に減っていく。 オノマトペ: なし
3コマ目 (下段): シーン描写。 セリフ: なし ナレーション: ［四角枠］共働きを前提に組んだ家計。 オノマトペ: なし","[{""panel_id"": 1, ""type"": ""narration"", ""speaker"": null, ""text"": ""残高を見る。ケンタの給料から、家賃、光熱費、食費、""}, {""panel_id"": 2, ""type"": ""narration"", ""speaker"": null, ""text"": ""ひなたのおむつ代、ミルク代——。毎月、確実に減っていく。""}, {""panel_id"": 3, ""type"": ""narration"", ""speaker"": null, ""text"": ""共働きを前提に組んだ家計。""}]"
"14","テンプレ5","◆【注意】【】で囲まれた単語は感情や状況の指示であり、画像内に文字として描画しないでください
◆【絶対最優先】必ずフルカラーにしてください
◆【絶対最優先】必ず日本のアニメ・マンガ調のイラストで描いてください。実写風・フォトリアル風は禁止です。

◆【絶対最優先】キャラクター外見: ミサキは添付のミサキ.pngと100%同一の外見で描画（32歳女性、ショートボブの黒髪、丸顔）
◆【出力サイズ】2:3
◆【補足情報】上下左右に50ピクセルの余白を設けてください
◆【補足情報】服装: ミサキ: ベージュのカーディガン+白いTシャツ+デニムパンツ
◆【コマ構成】テンプレ5: 上中下3段
◆【作画】ジャンル: 副業に最適化した統一スタイル / 作画スタイル: 親しみやすく実践的,現代的なライフスタイル表現 / 色調: 明るく前向きな色調,オレンジ・青・黄色基調,活力ある配色 / 線画: 親しみやすい柔らかな線,カジュアルで読みやすい表現 / 演出: 必要に応じて集中線,効果線,擬音などのマンガらしい演出
◆【ストーリー】
1コマ目 (上段): シーン描写。 セリフ: なし ナレーション: ［四角枠］マンションの家賃も、ケンタの給料だけではギリギリだった。 オノマトペ: なし
2コマ目 (中段): シーン描写。 セリフ: なし ナレーション: ［四角枠］「……まずい」声に出したわけではなかった。 オノマトペ: なし
3コマ目 (下段): シーン描写。 セリフ: なし ナレーション: ［四角枠］でも、喉の奥が詰まった。 オノマトペ: なし","[{""panel_id"": 1, ""type"": ""narration"", ""speaker"": null, ""text"": ""マンションの家賃も、ケンタの給料だけではギリギリだった。""}, {""panel_id"": 2, ""type"": ""narration"", ""speaker"": null, ""text"": ""「……まずい」声に出したわけではなかった。""}, {""panel_id"": 3, ""type"": ""narration"", ""speaker"": null, ""text"": ""でも、喉の奥が詰まった。""}]"
"15","テンプレ2","◆【注意】【】で囲まれた単語は感情や状況の指示であり、画像内に文字として描画しないでください
◆【絶対最優先】必ずフルカラーにしてください
◆【絶対最優先】必ず日本のアニメ・マンガ調のイラストで描いてください。実写風・フォトリアル風は禁止です。

◆【絶対最優先】キャラクター外見: ミサキは添付のミサキ.pngと100%同一の外見で描画（32歳女性、ショートボブの黒髪、丸顔）
◆【出力サイズ】2:3
◆【補足情報】上下左右に50ピクセルの余白を設けてください
◆【補足情報】服装: ミサキ: ベージュのカーディガン+白いTシャツ+デニムパンツ
◆【コマ構成】テンプレ2: 上下2分割
◆【作画】ジャンル: 副業に最適化した統一スタイル / 作画スタイル: 親しみやすく実践的,現代的なライフスタイル表現 / 色調: 明るく前向きな色調,オレンジ・青・黄色基調,活力ある配色 / 線画: 親しみやすい柔らかな線,カジュアルで読みやすい表現 / 演出: 必要に応じて集中線,効果線,擬音などのマンガらしい演出
◆【ストーリー】
1コマ目 (上): シーン描写。 セリフ: なし ナレーション: ［四角枠］ミサキはこれまで、自分の給料で自分の生活をまかなってきた。 オノマトペ: なし
2コマ目 (下): シーン描写。 セリフ: なし ナレーション: ［四角枠］化粧品も、服も、友人との食事も、自分で稼いだお金で。 オノマトペ: なし","[{""panel_id"": 1, ""type"": ""narration"", ""speaker"": null, ""text"": ""ミサキはこれまで、自分の給料で自分の生活をまかなってきた。""}, {""panel_id"": 2, ""type"": ""narration"", ""speaker"": null, ""text"": ""化粧品も、服も、友人との食事も、自分で稼いだお金で。""}]"
"16","テンプレ2","◆【注意】【】で囲まれた単語は感情や状況の指示であり、画像内に文字として描画しないでください
◆【絶対最優先】必ずフルカラーにしてください
◆【絶対最優先】必ず日本のアニメ・マンガ調のイラストで描いてください。実写風・フォトリアル風は禁止です。

◆【絶対最優先】キャラクター外見: ミサキは添付のミサキ.pngと100%同一の外見で描画（32歳女性、ショートボブの黒髪、丸顔）
◆【出力サイズ】2:3
◆【補足情報】上下左右に50ピクセルの余白を設けてください
◆【補足情報】服装: ミサキ: ベージュのカーディガン+白いTシャツ+デニムパンツ
◆【コマ構成】テンプレ2: 上下2分割
◆【作画】ジャンル: 副業に最適化した統一スタイル / 作画スタイル: 親しみやすく実践的,現代的なライフスタイル表現 / 色調: 明るく前向きな色調,オレンジ・青・黄色基調,活力ある配色 / 線画: 親しみやすい柔らかな線,カジュアルで読みやすい表現 / 演出: 必要に応じて集中線,効果線,擬音などのマンガらしい演出
◆【ストーリー】
1コマ目 (上): シーン描写。 セリフ: なし ナレーション: ［四角枠］今は、何もかもがケンタの収入頼みだった。 オノマトペ: なし
2コマ目 (下): シーン描写。 セリフ: なし ナレーション: ［四角枠］美容院にも行っていない。新しい服も買っていない。 オノマトペ: なし","[{""panel_id"": 1, ""type"": ""narration"", ""speaker"": null, ""text"": ""今は、何もかもがケンタの収入頼みだった。""}, {""panel_id"": 2, ""type"": ""narration"", ""speaker"": null, ""text"": ""美容院にも行っていない。新しい服も買っていない。""}]"
"17","テンプレ1","◆【注意】【】で囲まれた単語は感情や状況の指示であり、画像内に文字として描画しないでください
◆【絶対最優先】必ずフルカラーにしてください
◆【絶対最優先】必ず日本のアニメ・マンガ調のイラストで描いてください。実写風・フォトリアル風は禁止です。

◆【絶対最優先】キャラクター外見: ミサキは添付のミサキ.pngと100%同一の外見で描画（32歳女性、ショートボブの黒髪、丸顔）
◆【出力サイズ】2:3
◆【補足情報】上下左右に50ピクセルの余白を設けてください
◆【補足情報】服装: ミサキ: ベージュのカーディガン+白いTシャツ+デニムパンツ
◆【コマ構成】テンプレ2: 上下2分割
◆【作画】ジャンル: 副業に最適化した統一スタイル / 作画スタイル: 親しみやすく実践的,現代的なライフスタイル表現 / 色調: 明るく前向きな色調,オレンジ・青・黄色基調,活力ある配色 / 線画: 親しみやすい柔らかな線,カジュアルで読みやすい表現 / 演出: 必要に応じて集中線,効果線,擬音などのマンガらしい演出
◆【ストーリー】
1コマ目 (上): シーン描写。 セリフ: なし ナレーション: ［四角枠］ママ友とのランチも、「今月はちょっと」と断ることが増えた。 オノマトペ: なし","[{""panel_id"": 1, ""type"": ""narration"", ""speaker"": null, ""text"": ""ママ友とのランチも、「今月はちょっと」と断ることが増えた。""}]"
"18","テンプレ4","◆【注意】【】で囲まれた単語は感情や状況の指示であり、画像内に文字として描画しないでください
◆【絶対最優先】必ずフルカラーにしてください
◆【絶対最優先】必ず日本のアニメ・マンガ調のイラストで描いてください。実写風・フォトリアル風は禁止です。

◆【絶対最優先】キャラクター外見: ミサキは添付のミサキ.pngと100%同一の外見で描画（32歳女性、ショートボブの黒髪、丸顔）
◆【出力サイズ】2:3
◆【補足情報】上下左右に50ピクセルの余白を設けてください
◆【補足情報】服装: ミサキ: ベージュのカーディガン+白いTシャツ+デニムパンツ
◆【コマ構成】テンプレ4: 上大下小（上1コマ大＋下1コマ小）
◆【作画】ジャンル: 副業に最適化した統一スタイル / 作画スタイル: 親しみやすく実践的,現代的なライフスタイル表現 / 色調: 明るく前向きな色調,オレンジ・青・黄色基調,活力ある配色 / 線画: 親しみやすい柔らかな線,カジュアルで読みやすい表現 / 演出: 必要に応じて集中線,効果線,擬音などのマンガらしい演出
◆【ストーリー】
1コマ目 (上・大): シーン描写。 セリフ: なし ナレーション: ［四角枠］「節約しなきゃ」と思うたびに、惨めな気持ちになった。 オノマトペ: なし
2コマ目 (下・小): シーン描写。 セリフ: なし ナレーション: ［四角枠］節約すること自体が辛いのではない。 オノマトペ: なし","[{""panel_id"": 1, ""type"": ""narration"", ""speaker"": null, ""text"": ""「節約しなきゃ」と思うたびに、惨めな気持ちになった。""}, {""panel_id"": 2, ""type"": ""narration"", ""speaker"": null, ""text"": ""節約すること自体が辛いのではない。""}]"
"19","テンプレ4","◆【注意】【】で囲まれた単語は感情や状況の指示であり、画像内に文字として描画しないでください
◆【絶対最優先】必ずフルカラーにしてください
◆【絶対最優先】必ず日本のアニメ・マンガ調のイラストで描いてください。実写風・フォトリアル風は禁止です。

◆【絶対最優先】キャラクター外見: ミサキは添付のミサキ.pngと100%同一の外見で描画（32歳女性、ショートボブの黒髪、丸顔）
◆【出力サイズ】2:3
◆【補足情報】上下左右に50ピクセルの余白を設けてください
◆【補足情報】服装: ミサキ: ベージュのカーディガン+白いTシャツ+デニムパンツ
◆【コマ構成】テンプレ4: 上大下小（上1コマ大＋下1コマ小）
◆【作画】ジャンル: 副業に最適化した統一スタイル / 作画スタイル: 親しみやすく実践的,現代的なライフスタイル表現 / 色調: 明るく前向きな色調,オレンジ・青・黄色基調,活力ある配色 / 線画: 親しみやすい柔らかな線,カジュアルで読みやすい表現 / 演出: 必要に応じて集中線,効果線,擬音などのマンガらしい演出
◆【ストーリー】
1コマ目 (上・大): シーン描写。 セリフ: なし ナレーション: ［四角枠］自分で稼いでいないということが、 オノマトペ: なし
2コマ目 (下・小): シーン描写。 セリフ: なし ナレーション: ［四角枠］ミサキのどこかをじわじわと蝕んでいた。 オノマトペ: なし","[{""panel_id"": 1, ""type"": ""narration"", ""speaker"": null, ""text"": ""自分で稼いでいないということが、""}, {""panel_id"": 2, ""type"": ""narration"", ""speaker"": null, ""text"": ""ミサキのどこかをじわじわと蝕んでいた。""}]"
"20","テンプレ6","◆【注意】【】で囲まれた単語は感情や状況の指示であり、画像内に文字として描画しないでください
◆【絶対最優先】必ずフルカラーにしてください
◆【絶対最優先】必ず日本のアニメ・マンガ調のイラストで描いてください。実写風・フォトリアル風は禁止です。

◆【絶対最優先】キャラクター外見: ミサキは添付のミサキ.pngと100%同一の外見で描画（32歳女性、ショートボブの黒髪、丸顔）
◆【絶対最優先】キャラクター外見: ケンタは添付のケンタ.pngと100%同一の外見で描画（34歳男性、短めの黒髪サイド刈り上げ）
◆【出力サイズ】2:3
◆【補足情報】上下左右に50ピクセルの余白を設けてください
◆【補足情報】服装: ミサキ: ボーダー柄（白と紺）のカットソーにデニムパンツ、白いスニーカー / ケンタ: グレーのTシャツにネイビーのスウェットパンツ
◆【コマ構成】テンプレ6: 上1コマ＋下左右2コマ
◆【作画】ジャンル: 副業に最適化した統一スタイル / 作画スタイル: 親しみやすく実践的,現代的なライフスタイル表現 / 色調: 明るく前向きな色調,オレンジ・青・黄色基調,活力ある配色 / 線画: 親しみやすい柔らかな線,カジュアルで読みやすい表現 / 演出: 必要に応じて集中線,効果線,擬音などのマンガらしい演出
◆【ストーリー】
1コマ目 (上): シーン描写。 セリフ: 「ミサキ、最近ちょっと元気ないね」 ナレーション: なし オノマトペ: なし
2コマ目 (下左): シーン描写。 セリフ: なし ナレーション: ［四角枠］夕食のあと、二人でソファに座っているとき。 オノマトペ: なし
3コマ目 (下右): シーン描写。 セリフ: 「そんなことないよ」、「……嘘つくなよ」 ナレーション: ［四角枠］ひなたはもう寝ている。 オノマトペ: なし","[{""panel_id"": 1, ""type"": ""dialogue"", ""speaker"": ""ケンタ"", ""text"": ""ミサキ、最近ちょっと元気ないね""}, {""panel_id"": 2, ""type"": ""narration"", ""speaker"": null, ""text"": ""夕食のあと、二人でソファに座っているとき。""}, {""panel_id"": 3, ""type"": ""narration"", ""speaker"": null, ""text"": ""ひなたはもう寝ている。""}, {""panel_id"": 3, ""type"": ""dialogue"", ""speaker"": ""ミサキ"", ""text"": ""そんなことないよ""}, {""panel_id"": 3, ""type"": ""dialogue"", ""speaker"": ""ケンタ"", ""text"": ""……嘘つくなよ""}]"
"21","テンプレ6","◆【注意】【】で囲まれた単語は感情や状況の指示であり、画像内に文字として描画しないでください
◆【絶対最優先】必ずフルカラーにしてください
◆【絶対最優先】必ず日本のアニメ・マンガ調のイラストで描いてください。実写風・フォトリアル風は禁止です。

◆【絶対最優先】キャラクター外見: ミサキは添付のミサキ.pngと100%同一の外見で描画（32歳女性、ショートボブの黒髪、丸顔）
◆【絶対最優先】キャラクター外見: ケンタは添付のケンタ.pngと100%同一の外見で描画（34歳男性、短めの黒髪サイド刈り上げ）
◆【出力サイズ】2:3
◆【補足情報】上下左右に50ピクセルの余白を設けてください
◆【補足情報】服装: ミサキ: ボーダー柄（白と紺）のカットソーにデニムパンツ、白いスニーカー / ケンタ: グレーのTシャツにネイビーのスウェットパンツ
◆【コマ構成】テンプレ6: 上1コマ＋下左右2コマ
◆【作画】ジャンル: 副業に最適化した統一スタイル / 作画スタイル: 親しみやすく実践的,現代的なライフスタイル表現 / 色調: 明るく前向きな色調,オレンジ・青・黄色基調,活力ある配色 / 線画: 親しみやすい柔らかな線,カジュアルで読みやすい表現 / 演出: 必要に応じて集中線,効果線,擬音などのマンガらしい演出
◆【ストーリー】
1コマ目 (上): シーン描写。 セリフ: なし ナレーション: ［四角枠］優しく言われて、胸が痛んだ。 オノマトペ: なし","[{""panel_id"": 1, ""type"": ""narration"", ""speaker"": null, ""text"": ""優しく言われて、胸が痛んだ。""}]"
"22","テンプレ5","◆【注意】【】で囲まれた単語は感情や状況の指示であり、画像内に文字として描画しないでください
◆【絶対最優先】必ずフルカラーにしてください
◆【絶対最優先】必ず日本のアニメ・マンガ調のイラストで描いてください。実写風・フォトリアル風は禁止です。

◆【絶対最優先】キャラクター外見: ミサキは添付のミサキ.pngと100%同一の外見で描画（32歳女性、ショートボブの黒髪、丸顔）
◆【絶対最優先】キャラクター外見: ケンタは添付のケンタ.pngと100%同一の外見で描画（34歳男性、短めの黒髪サイド刈り上げ）
◆【出力サイズ】2:3
◆【補足情報】上下左右に50ピクセルの余白を設けてください
◆【補足情報】服装: ミサキ: ボーダー柄（白と紺）のカットソーにデニムパンツ、白いスニーカー / ケンタ: グレーのTシャツにネイビーのスウェットパンツ
◆【コマ構成】テンプレ5: 上中下3段
◆【作画】ジャンル: 副業に最適化した統一スタイル / 作画スタイル: 親しみやすく実践的,現代的なライフスタイル表現 / 色調: 明るく前向きな色調,オレンジ・青・黄色基調,活力ある配色 / 線画: 親しみやすい柔らかな線,カジュアルで読みやすい表現 / 演出: 必要に応じて集中線,効果線,擬音などのマンガらしい演出
◆【ストーリー】
1コマ目 (上段): シーン描写。 セリフ: 「家計のこと、気にしてる？」、「……少しだけ」 ナレーション: なし オノマトペ: なし
2コマ目 (中段): シーン描写。 セリフ: 「俺の給料だけで回してるから、プレッシャー感じてるでしょ」 ナレーション: なし オノマトペ: なし","[{""panel_id"": 1, ""type"": ""dialogue"", ""speaker"": ""ケンタ"", ""text"": ""家計のこと、気にしてる？""}, {""panel_id"": 1, ""type"": ""dialogue"", ""speaker"": ""ミサキ"", ""text"": ""……少しだけ""}, {""panel_id"": 2, ""type"": ""dialogue"", ""speaker"": ""ケンタ"", ""text"": ""俺の給料だけで回してるから、プレッシャー感じてるでしょ""}]"
"23","テンプレ6","◆【注意】【】で囲まれた単語は感情や状況の指示であり、画像内に文字として描画しないでください
◆【絶対最優先】必ずフルカラーにしてください
◆【絶対最優先】必ず日本のアニメ・マンガ調のイラストで描いてください。実写風・フォトリアル風は禁止です。

◆【絶対最優先】キャラクター外見: ミサキは添付のミサキ.pngと100%同一の外見で描画（32歳女性、ショートボブの黒髪、丸顔）
◆【絶対最優先】キャラクター外見: ケンタは添付のケンタ.pngと100%同一の外見で描画（34歳男性、短めの黒髪サイド刈り上げ）
◆【出力サイズ】2:3
◆【補足情報】上下左右に50ピクセルの余白を設けてください
◆【補足情報】服装: ミサキ: ボーダー柄（白と紺）のカットソーにデニムパンツ、白いスニーカー / ケンタ: グレーのTシャツにネイビーのスウェットパンツ
◆【コマ構成】テンプレ6: 上1コマ＋下左右2コマ
◆【作画】ジャンル: 副業に最適化した統一スタイル / 作画スタイル: 親しみやすく実践的,現代的なライフスタイル表現 / 色調: 明るく前向きな色調,オレンジ・青・黄色基調,活力ある配色 / 線画: 親しみやすい柔らかな線,カジュアルで読みやすい表現 / 演出: 必要に応じて集中線,効果線,擬音などのマンガらしい演出
◆【ストーリー】
1コマ目 (上): シーン描写。 セリフ: 「感じてないよ」、「ミサキ」 ナレーション: ［四角枠］ケンタはまっすぐ見つめてきた。 オノマトペ: なし
2コマ目 (下左): シーン描写。 セリフ: 「大丈夫だから。しばらくは俺が頑張るから」 ナレーション: なし オノマトペ: なし","[{""panel_id"": 1, ""type"": ""dialogue"", ""speaker"": ""ミサキ"", ""text"": ""感じてないよ""}, {""panel_id"": 1, ""type"": ""dialogue"", ""speaker"": ""ケンタ"", ""text"": ""ミサキ""}, {""panel_id"": 1, ""type"": ""narration"", ""speaker"": null, ""text"": ""ケンタはまっすぐ見つめてきた。""}, {""panel_id"": 2, ""type"": ""dialogue"", ""speaker"": ""ケンタ"", ""text"": ""大丈夫だから。しばらくは俺が頑張るから""}]"
"24","テンプレ5","◆【注意】【】で囲まれた単語は感情や状況の指示であり、画像内に文字として描画しないでください
◆【絶対最優先】必ずフルカラーにしてください
◆【絶対最優先】必ず日本のアニメ・マンガ調のイラストで描いてください。実写風・フォトリアル風は禁止です。

◆【絶対最優先】キャラクター外見: ミサキは添付のミサキ.pngと100%同一の外見で描画（32歳女性、ショートボブの黒髪、丸顔）
◆【絶対最優先】キャラクター外見: ケンタは添付のケンタ.pngと100%同一の外見で描画（34歳男性、短めの黒髪サイド刈り上げ）
◆【出力サイズ】2:3
◆【補足情報】上下左右に50ピクセルの余白を設けてください
◆【補足情報】服装: ミサキ: ボーダー柄（白と紺）のカットソーにデニムパンツ、白いスニーカー / ケンタ: グレーのTシャツにネイビーのスウェットパンツ
◆【コマ構成】テンプレ5: 上中下3段
◆【作画】ジャンル: 副業に最適化した統一スタイル / 作画スタイル: 親しみやすく実践的,現代的なライフスタイル表現 / 色調: 明るく前向きな色調,オレンジ・青・黄色基調,活力ある配色 / 線画: 親しみやすい柔らかな線,カジュアルで読みやすい表現 / 演出: 必要に応じて集中線,効果線,擬音などのマンガらしい演出
◆【ストーリー】
1コマ目 (上段): シーン描写。 セリフ: 「……うん」、「ひなたのそばにいてくれるだけで、十分だよ」 ナレーション: なし オノマトペ: なし
2コマ目 (中段): シーン描写。 セリフ: なし ナレーション: ［四角枠］嬉しかった。救われた。でも同時に、その言葉が鋭く刺さった。 オノマトペ: なし
3コマ目 (下段): シーン描写。 セリフ: なし ナレーション: ［四角枠］——「いてくれるだけでいい」。 オノマトペ: なし","[{""panel_id"": 1, ""type"": ""dialogue"", ""speaker"": ""ミサキ"", ""text"": ""……うん""}, {""panel_id"": 1, ""type"": ""dialogue"", ""speaker"": ""ケンタ"", ""text"": ""ひなたのそばにいてくれるだけで、十分だよ""}, {""panel_id"": 2, ""type"": ""narration"", ""speaker"": null, ""text"": ""嬉しかった。救われた。でも同時に、その言葉が鋭く刺さった。""}, {""panel_id"": 3, ""type"": ""narration"", ""speaker"": null, ""text"": ""——「いてくれるだけでいい」。""}]"
"25","テンプレ5","◆【注意】【】で囲まれた単語は感情や状況の指示であり、画像内に文字として描画しないでください
◆【絶対最優先】必ずフルカラーにしてください
◆【絶対最優先】必ず日本のアニメ・マンガ調のイラストで描いてください。実写風・フォトリアル風は禁止です。

◆【絶対最優先】キャラクター外見: ミサキは添付のミサキ.pngと100%同一の外見で描画（32歳女性、ショートボブの黒髪、丸顔）
◆【絶対最優先】キャラクター外見: ケンタは添付のケンタ.pngと100%同一の外見で描画（34歳男性、短めの黒髪サイド刈り上げ）
◆【出力サイズ】2:3
◆【補足情報】上下左右に50ピクセルの余白を設けてください
◆【補足情報】服装: ミサキ: ボーダー柄（白と紺）のカットソーにデニムパンツ、白いスニーカー / ケンタ: グレーのTシャツにネイビーのスウェットパンツ
◆【コマ構成】テンプレ5: 上中下3段
◆【作画】ジャンル: 副業に最適化した統一スタイル / 作画スタイル: 親しみやすく実践的,現代的なライフスタイル表現 / 色調: 明るく前向きな色調,オレンジ・青・黄色基調,活力ある配色 / 線画: 親しみやすい柔らかな線,カジュアルで読みやすい表現 / 演出: 必要に応じて集中線,効果線,擬音などのマンガらしい演出
◆【ストーリー】
1コマ目 (上段): シーン描写。 セリフ: なし ナレーション: ［四角枠］それは、「あなたには他に何もできない」 オノマトペ: なし
2コマ目 (中段): シーン描写。 セリフ: なし ナレーション: ［四角枠］と言われているのと同じではないか。 オノマトペ: なし","[{""panel_id"": 1, ""type"": ""narration"", ""speaker"": null, ""text"": ""それは、「あなたには他に何もできない」""}, {""panel_id"": 2, ""type"": ""narration"", ""speaker"": null, ""text"": ""と言われているのと同じではないか。""}]"
"26","テンプレ4","◆【注意】【】で囲まれた単語は感情や状況の指示であり、画像内に文字として描画しないでください
◆【絶対最優先】必ずフルカラーにしてください
◆【絶対最優先】必ず日本のアニメ・マンガ調のイラストで描いてください。実写風・フォトリアル風は禁止です。

◆【絶対最優先】キャラクター外見: ミサキは添付のミサキ.pngと100%同一の外見で描画（32歳女性、ショートボブの黒髪、丸顔）
◆【出力サイズ】2:3
◆【補足情報】上下左右に50ピクセルの余白を設けてください
◆【補足情報】服装: ミサキ: ボーダー柄（白と紺）のカットソーにデニムパンツ、白いスニーカー
◆【コマ構成】テンプレ4: 上大下小（上1コマ大＋下1コマ小）
◆【作画】ジャンル: 副業に最適化した統一スタイル / 作画スタイル: 親しみやすく実践的,現代的なライフスタイル表現 / 色調: 明るく前向きな色調,オレンジ・青・黄色基調,活力ある配色 / 線画: 親しみやすい柔らかな線,カジュアルで読みやすい表現 / 演出: 必要に応じて集中線,効果線,擬音などのマンガらしい演出
◆【ストーリー】
1コマ目 (上・大): シーン描写。 セリフ: 「ありがとう」 ナレーション: ［四角枠］ケンタはそんなつもりで言っていない。わかっている。 オノマトペ: なし
2コマ目 (下・小): シーン描写。 セリフ: なし ナレーション: ［四角枠］100パーセント善意だ。、［四角枠］でも、善意の言葉は反論できない分、 オノマトペ: なし","[{""panel_id"": 1, ""type"": ""dialogue"", ""speaker"": ""ミサキ"", ""text"": ""ありがとう""}, {""panel_id"": 1, ""type"": ""narration"", ""speaker"": null, ""text"": ""ケンタはそんなつもりで言っていない。わかっている。""}, {""panel_id"": 2, ""type"": ""narration"", ""speaker"": null, ""text"": ""100パーセント善意だ。""}, {""panel_id"": 2, ""type"": ""narration"", ""speaker"": null, ""text"": ""でも、善意の言葉は反論できない分、""}]"
"27","テンプレ4","◆【注意】【】で囲まれた単語は感情や状況の指示であり、画像内に文字として描画しないでください
◆【絶対最優先】必ずフルカラーにしてください
◆【絶対最優先】必ず日本のアニメ・マンガ調のイラストで描いてください。実写風・フォトリアル風は禁止です。

◆【絶対最優先】キャラクター外見: ミサキは添付のミサキ.pngと100%同一の外見で描画（32歳女性、ショートボブの黒髪、丸顔）
◆【出力サイズ】2:3
◆【補足情報】上下左右に50ピクセルの余白を設けてください
◆【補足情報】服装: ミサキ: ボーダー柄（白と紺）のカットソーにデニムパンツ、白いスニーカー
◆【コマ構成】テンプレ4: 上大下小（上1コマ大＋下1コマ小）
◆【作画】ジャンル: 副業に最適化した統一スタイル / 作画スタイル: 親しみやすく実践的,現代的なライフスタイル表現 / 色調: 明るく前向きな色調,オレンジ・青・黄色基調,活力ある配色 / 線画: 親しみやすい柔らかな線,カジュアルで読みやすい表現 / 演出: 必要に応じて集中線,効果線,擬音などのマンガらしい演出
◆【ストーリー】
1コマ目 (上・大): シーン描写。 セリフ: なし ナレーション: ［四角枠］余計に深く刺さることがある。笑顔を作った。 オノマトペ: なし
2コマ目 (下・小): シーン描写。 セリフ: なし ナレーション: ［四角枠］部屋に戻ってから、枕に顔をうずめた。 オノマトペ: なし","[{""panel_id"": 1, ""type"": ""narration"", ""speaker"": null, ""text"": ""余計に深く刺さることがある。笑顔を作った。""}, {""panel_id"": 2, ""type"": ""narration"", ""speaker"": null, ""text"": ""部屋に戻ってから、枕に顔をうずめた。""}]"
"28","テンプレ6","◆【注意】【】で囲まれた単語は感情や状況の指示であり、画像内に文字として描画しないでください
◆【絶対最優先】必ずフルカラーにしてください
◆【絶対最優先】必ず日本のアニメ・マンガ調のイラストで描いてください。実写風・フォトリアル風は禁止です。

◆【絶対最優先】キャラクター外見: ミサキは添付のミサキ.pngと100%同一の外見で描画（32歳女性、ショートボブの黒髪、丸顔）
◆【出力サイズ】2:3
◆【補足情報】上下左右に50ピクセルの余白を設けてください
◆【補足情報】服装: ミサキ: ベージュのカーディガン+白いTシャツ+デニムパンツ
◆【コマ構成】テンプレ6: 上1コマ＋下左右2コマ
◆【作画】ジャンル: 副業に最適化した統一スタイル / 作画スタイル: 親しみやすく実践的,現代的なライフスタイル表現 / 色調: 明るく前向きな色調,オレンジ・青・黄色基調,活力ある配色 / 線画: 親しみやすい柔らかな線,カジュアルで読みやすい表現 / 演出: 必要に応じて集中線,効果線,擬音などのマンガらしい演出
◆【ストーリー】
1コマ目 (上): シーン描写。 セリフ: なし ナレーション: ［四角枠］支援センターで、ママ友のゆかりさんと話した。 オノマトペ: なし
2コマ目 (下左): シーン描写。 セリフ: 「うちね、夫が来月から時短にしてくれるの」 ナレーション: なし オノマトペ: なし
3コマ目 (下右): シーン描写。 セリフ: 「え、すごい。理解ある旦那さんだね」 ナレーション: なし オノマトペ: なし","[{""panel_id"": 1, ""type"": ""narration"", ""speaker"": null, ""text"": ""支援センターで、ママ友のゆかりさんと話した。""}, {""panel_id"": 2, ""type"": ""dialogue"", ""speaker"": ""ゆかり"", ""text"": ""うちね、夫が来月から時短にしてくれるの""}, {""panel_id"": 3, ""type"": ""dialogue"", ""speaker"": ""ミサキ"", ""text"": ""え、すごい。理解ある旦那さんだね""}]"
"29","テンプレ5","◆【注意】【】で囲まれた単語は感情や状況の指示であり、画像内に文字として描画しないでください
◆【絶対最優先】必ずフルカラーにしてください
◆【絶対最優先】必ず日本のアニメ・マンガ調のイラストで描いてください。実写風・フォトリアル風は禁止です。

◆【絶対最優先】キャラクター外見: ミサキは添付のミサキ.pngと100%同一の外見で描画（32歳女性、ショートボブの黒髪、丸顔）
◆【出力サイズ】2:3
◆【補足情報】上下左右に50ピクセルの余白を設けてください
◆【補足情報】服装: ミサキ: ベージュのカーディガン+白いTシャツ+デニムパンツ
◆【コマ構成】テンプレ5: 上中下3段
◆【作画】ジャンル: 副業に最適化した統一スタイル / 作画スタイル: 親しみやすく実践的,現代的なライフスタイル表現 / 色調: 明るく前向きな色調,オレンジ・青・黄色基調,活力ある配色 / 線画: 親しみやすい柔らかな線,カジュアルで読みやすい表現 / 演出: 必要に応じて集中線,効果線,擬音などのマンガらしい演出
◆【ストーリー】
1コマ目 (上段): シーン描写。 セリフ: 「まあ、会社が推進してるみたいで。」 ナレーション: なし オノマトペ: なし
2コマ目 (中段): シーン描写。 セリフ: 「男性育休も取りやすい雰囲気らしいよ」、「いいなぁ」 ナレーション: なし オノマトペ: なし
3コマ目 (下段): シーン描写。 セリフ: 「佐藤さんの旦那さんは？」 ナレーション: なし オノマトペ: なし","[{""panel_id"": 1, ""type"": ""dialogue"", ""speaker"": ""ゆかり"", ""text"": ""まあ、会社が推進してるみたいで。""}, {""panel_id"": 2, ""type"": ""dialogue"", ""speaker"": ""ゆかり"", ""text"": ""男性育休も取りやすい雰囲気らしいよ""}, {""panel_id"": 2, ""type"": ""dialogue"", ""speaker"": ""ミサキ"", ""text"": ""いいなぁ""}, {""panel_id"": 3, ""type"": ""dialogue"", ""speaker"": ""ゆかり"", ""text"": ""佐藤さんの旦那さんは？""}]"
"30","テンプレ4","◆【注意】【】で囲まれた単語は感情や状況の指示であり、画像内に文字として描画しないでください
◆【絶対最優先】必ずフルカラーにしてください
◆【絶対最優先】必ず日本のアニメ・マンガ調のイラストで描いてください。実写風・フォトリアル風は禁止です。

◆【絶対最優先】キャラクター外見: ミサキは添付のミサキ.pngと100%同一の外見で描画（32歳女性、ショートボブの黒髪、丸顔）
◆【出力サイズ】2:3
◆【補足情報】上下左右に50ピクセルの余白を設けてください
◆【補足情報】服装: ミサキ: ベージュのカーディガン+白いTシャツ+デニムパンツ
◆【コマ構成】テンプレ4: 上大下小（上1コマ大＋下1コマ小）
◆【作画】ジャンル: 副業に最適化した統一スタイル / 作画スタイル: 親しみやすく実践的,現代的なライフスタイル表現 / 色調: 明るく前向きな色調,オレンジ・青・黄色基調,活力ある配色 / 線画: 親しみやすい柔らかな線,カジュアルで読みやすい表現 / 演出: 必要に応じて集中線,効果線,擬音などのマンガらしい演出
◆【ストーリー】
1コマ目 (上・大): シーン描写。 セリフ: 「うちは……ちょっと無理かな。繁忙期が続いてて」 ナレーション: なし オノマトペ: なし
2コマ目 (下・小): シーン描写。 セリフ: なし ナレーション: ［四角枠］嘘ではない。でも、「無理かな」ではなく「聞いてもいない」 オノマトペ: なし","[{""panel_id"": 1, ""type"": ""dialogue"", ""speaker"": ""ミサキ"", ""text"": ""うちは……ちょっと無理かな。繁忙期が続いてて""}, {""panel_id"": 2, ""type"": ""narration"", ""speaker"": null, ""text"": ""嘘ではない。でも、「無理かな」ではなく「聞いてもいない」""}]"
"31","テンプレ4","◆【注意】【】で囲まれた単語は感情や状況の指示であり、画像内に文字として描画しないでください
◆【絶対最優先】必ずフルカラーにしてください
◆【絶対最優先】必ず日本のアニメ・マンガ調のイラストで描いてください。実写風・フォトリアル風は禁止です。

◆【絶対最優先】キャラクター外見: ミサキは添付のミサキ.pngと100%同一の外見で描画（32歳女性、ショートボブの黒髪、丸顔）
◆【出力サイズ】2:3
◆【補足情報】上下左右に50ピクセルの余白を設けてください
◆【補足情報】服装: ミサキ: ベージュのカーディガン+白いTシャツ+デニムパンツ
◆【コマ構成】テンプレ4: 上大下小（上1コマ大＋下1コマ小）
◆【作画】ジャンル: 副業に最適化した統一スタイル / 作画スタイル: 親しみやすく実践的,現代的なライフスタイル表現 / 色調: 明るく前向きな色調,オレンジ・青・黄色基調,活力ある配色 / 線画: 親しみやすい柔らかな線,カジュアルで読みやすい表現 / 演出: 必要に応じて集中線,効果線,擬音などのマンガらしい演出
◆【ストーリー】
1コマ目 (上・大): シーン描写。 セリフ: なし ナレーション: ［四角枠］が正確だった。ケンタに負担をかけたくなかった。 オノマトペ: なし
2コマ目 (下・小): シーン描写。 セリフ: なし ナレーション: ［四角枠］ケンタは一人で家計を支えてくれている。 オノマトペ: なし","[{""panel_id"": 1, ""type"": ""narration"", ""speaker"": null, ""text"": ""が正確だった。ケンタに負担をかけたくなかった。""}, {""panel_id"": 2, ""type"": ""narration"", ""speaker"": null, ""text"": ""ケンタは一人で家計を支えてくれている。""}]"
"32","テンプレ4","◆【注意】【】で囲まれた単語は感情や状況の指示であり、画像内に文字として描画しないでください
◆【絶対最優先】必ずフルカラーにしてください
◆【絶対最優先】必ず日本のアニメ・マンガ調のイラストで描いてください。実写風・フォトリアル風は禁止です。

◆【絶対最優先】キャラクター外見: ミサキは添付のミサキ.pngと100%同一の外見で描画（32歳女性、ショートボブの黒髪、丸顔）
◆【出力サイズ】2:3
◆【補足情報】上下左右に50ピクセルの余白を設けてください
◆【補足情報】服装: ミサキ: ベージュのカーディガン+白いTシャツ+デニムパンツ
◆【コマ構成】テンプレ4: 上大下小（上1コマ大＋下1コマ小）
◆【作画】ジャンル: 副業に最適化した統一スタイル / 作画スタイル: 親しみやすく実践的,現代的なライフスタイル表現 / 色調: 明るく前向きな色調,オレンジ・青・黄色基調,活力ある配色 / 線画: 親しみやすい柔らかな線,カジュアルで読みやすい表現 / 演出: 必要に応じて集中線,効果線,擬音などのマンガらしい演出
◆【ストーリー】
1コマ目 (上・大): シーン描写。 セリフ: なし ナレーション: ［四角枠］その上、時短まで頼むなんて。 オノマトペ: なし
2コマ目 (下・小): シーン描写。 セリフ: 「あ、そうだ。今度のママ会、ちょっといいレストランにしない？」 ナレーション: なし オノマトペ: なし","[{""panel_id"": 1, ""type"": ""narration"", ""speaker"": null, ""text"": ""その上、時短まで頼むなんて。""}, {""panel_id"": 2, ""type"": ""dialogue"", ""speaker"": ""ゆかり"", ""text"": ""あ、そうだ。今度のママ会、ちょっといいレストランにしない？""}]"
"33","テンプレ1","◆【注意】【】で囲まれた単語は感情や状況の指示であり、画像内に文字として描画しないでください
◆【絶対最優先】必ずフルカラーにしてください
◆【絶対最優先】必ず日本のアニメ・マンガ調のイラストで描いてください。実写風・フォトリアル風は禁止です。

◆【絶対最優先】キャラクター外見: ミサキは添付のミサキ.pngと100%同一の外見で描画（32歳女性、ショートボブの黒髪、丸顔）
◆【出力サイズ】2:3
◆【補足情報】上下左右に50ピクセルの余白を設けてください
◆【補足情報】服装: ミサキ: ベージュのカーディガン+白いTシャツ+デニムパンツ
◆【コマ構成】テンプレ1: 全面1コマ（上1コマ大＋下1コマ小）
◆【作画】ジャンル: 副業に最適化した統一スタイル / 作画スタイル: 親しみやすく実践的,現代的なライフスタイル表現 / 色調: 明るく前向きな色調,オレンジ・青・黄色基調,活力ある配色 / 線画: 親しみやすい柔らかな線,カジュアルで読みやすい表現 / 演出: 必要に応じて集中線,効果線,擬音などのマンガらしい演出
◆【ストーリー】
1コマ目 (上・大): シーン描写。 セリフ: 「 ○○ちゃんの誕生日だし」 ナレーション: なし オノマトペ: なし","[{""panel_id"": 1, ""type"": ""dialogue"", ""speaker"": ""ゆかり"", ""text"": "" ○○ちゃんの誕生日だし""}]"
"34","テンプレ1","◆【注意】【】で囲まれた単語は感情や状況の指示であり、画像内に文字として描画しないでください
◆【絶対最優先】必ずフルカラーにしてください
◆【絶対最優先】必ず日本のアニメ・マンガ調のイラストで描いてください。実写風・フォトリアル風は禁止です。

◆【絶対最優先】キャラクター外見: ミサキは添付のミサキ.pngと100%同一の外見で描画（32歳女性、ショートボブの黒髪、丸顔）
◆【出力サイズ】2:3
◆【補足情報】上下左右に50ピクセルの余白を設けてください
◆【補足情報】服装: ミサキ: ベージュのカーディガン+白いTシャツ+デニムパンツ
◆【コマ構成】テンプレ1: 全面1コマ（上1コマ小＋下1コマ大）
◆【作画】ジャンル: 副業に最適化した統一スタイル / 作画スタイル: 親しみやすく実践的,現代的なライフスタイル表現 / 色調: 明るく前向きな色調,オレンジ・青・黄色基調,活力ある配色 / 線画: 親しみやすい柔らかな線,カジュアルで読みやすい表現 / 演出: 必要に応じて集中線,効果線,擬音などのマンガらしい演出
◆【ストーリー】
1コマ目 (上・小): シーン描写。 セリフ: 「あー……その日、ちょっと用事があって」 ナレーション: なし オノマトペ: なし
2コマ目 (下・大): シーン描写。 セリフ: なし ナレーション: ［四角枠］用事はない。お金がないだけだ。 オノマトペ: なし","[{""panel_id"": 1, ""type"": ""narration"", ""speaker"": null, ""text"": ""用事はない。お金がないだけだ。""}]"
"35","テンプレ2","◆【注意】【】で囲まれた単語は感情や状況の指示であり、画像内に文字として描画しないでください
◆【絶対最優先】必ずフルカラーにしてください
◆【絶対最優先】必ず日本のアニメ・マンガ調のイラストで描いてください。実写風・フォトリアル風は禁止です。

◆【絶対最優先】キャラクター外見: ミサキは添付のミサキ.pngと100%同一の外見で描画（32歳女性、ショートボブの黒髪、丸顔）
◆【絶対最優先】キャラクター外見: ひなたは添付のひなた_2歳期.pngと100%同一の外見で描画（2歳女の子、短い黒髪のおかっぱ、ピンクのTシャツに白いズボン）
◆【出力サイズ】2:3
◆【補足情報】上下左右に50ピクセルの余白を設けてください
◆【補足情報】服装: ミサキ: ベージュのカーディガン+白いTシャツ+デニムパンツ
◆【コマ構成】テンプレ2: 上下2分割
◆【作画】ジャンル: 副業に最適化した統一スタイル / 作画スタイル: 親しみやすく実践的,現代的なライフスタイル表現 / 色調: 明るく前向きな色調,オレンジ・青・黄色基調,活力ある配色 / 線画: 親しみやすい柔らかな線,カジュアルで読みやすい表現 / 演出: 必要に応じて集中線,効果線,擬音などのマンガらしい演出
◆【ストーリー】
1コマ目 (上): シーン描写。 セリフ: なし ナレーション: ［四角枠］帰り道、ベビーカーを押しながら考えた。 オノマトペ: なし
2コマ目 (下): シーン描写。 セリフ: なし ナレーション: ［四角枠］ゆかりさんの夫は時短で帰ってくる。 オノマトペ: なし","[{""panel_id"": 1, ""type"": ""narration"", ""speaker"": null, ""text"": ""帰り道、ベビーカーを押しながら考えた。""}, {""panel_id"": 2, ""type"": ""narration"", ""speaker"": null, ""text"": ""ゆかりさんの夫は時短で帰ってくる。""}]"
"36","テンプレ1","◆【注意】【】で囲まれた単語は感情や状況の指示であり、画像内に文字として描画しないでください
◆【絶対最優先】必ずフルカラーにしてください
◆【絶対最優先】必ず日本のアニメ・マンガ調のイラストで描いてください。実写風・フォトリアル風は禁止です。

◆【絶対最優先】キャラクター外見: ミサキは添付のミサキ.pngと100%同一の外見で描画（32歳女性、ショートボブの黒髪、丸顔）
◆【絶対最優先】キャラクター外見: ひなたは添付のひなた_2歳期.pngと100%同一の外見で描画（2歳女の子、短い黒髪のおかっぱ、ピンクのTシャツに白いズボン）
◆【出力サイズ】2:3
◆【補足情報】上下左右に50ピクセルの余白を設けてください
◆【補足情報】服装: ミサキ: ベージュのカーディガン+白いTシャツ+デニムパンツ
◆【コマ構成】テンプレ2: 上下2分割
◆【作画】ジャンル: 副業に最適化した統一スタイル / 作画スタイル: 親しみやすく実践的,現代的なライフスタイル表現 / 色調: 明るく前向きな色調,オレンジ・青・黄色基調,活力ある配色 / 線画: 親しみやすい柔らかな線,カジュアルで読みやすい表現 / 演出: 必要に応じて集中線,効果線,擬音などのマンガらしい演出
◆【ストーリー】
1コマ目 (上): シーン描写。 セリフ: なし ナレーション: ［四角枠］実家のお母さんが週3で手伝いに来る。比べても仕方がない。 オノマトペ: なし
2コマ目 (下): シーン描写。 セリフ: なし ナレーション: ［四角枠］条件が違う。 オノマトペ: なし","[{""panel_id"": 1, ""type"": ""narration"", ""speaker"": null, ""text"": ""条件が違う。比べても仕方がない。""}]"
"37","テンプレ2","◆【注意】【】で囲まれた単語は感情や状況の指示であり、画像内に文字として描画しないでください
◆【絶対最優先】必ずフルカラーにしてください
◆【絶対最優先】必ず日本のアニメ・マンガ調のイラストで描いてください。実写風・フォトリアル風は禁止です。

◆【絶対最優先】キャラクター外見: ミサキは添付のミサキ.pngと100%同一の外見で描画（32歳女性、ショートボブの黒髪、丸顔）
◆【絶対最優先】キャラクター外見: ひなたは添付のひなた_2歳期.pngと100%同一の外見で描画（2歳女の子、短い黒髪のおかっぱ、ピンクのTシャツに白いズボン）
◆【出力サイズ】2:3
◆【補足情報】上下左右に50ピクセルの余白を設けてください
◆【補足情報】服装: ミサキ: ベージュのカーディガン+白いTシャツ+デニムパンツ
◆【コマ構成】テンプレ2: 上下2分割
◆【作画】ジャンル: 副業に最適化した統一スタイル / 作画スタイル: 親しみやすく実践的,現代的なライフスタイル表現 / 色調: 明るく前向きな色調,オレンジ・青・黄色基調,活力ある配色 / 線画: 親しみやすい柔らかな線,カジュアルで読みやすい表現 / 演出: 必要に応じて集中線,効果線,擬音などのマンガらしい演出
◆【ストーリー】
1コマ目 (上): シーン描写。 セリフ: なし ナレーション: ［四角枠］でも、「仕方がない」と頭で理解することと、「平気でいられる」 オノマトペ: なし
2コマ目 (下): シーン描写。 セリフ: なし ナレーション: ［四角枠］ことは、まったく別の話だった。 オノマトペ: なし","[{""panel_id"": 1, ""type"": ""narration"", ""speaker"": null, ""text"": ""でも、「仕方がない」と頭で理解することと、「平気でいられる」""}, {""panel_id"": 2, ""type"": ""narration"", ""speaker"": null, ""text"": ""ことは、まったく別の話だった。""}]"
"38","テンプレ3","◆【注意】【】で囲まれた単語は感情や状況の指示であり、画像内に文字として描画しないでください
◆【絶対最優先】必ずフルカラーにしてください
◆【絶対最優先】必ず日本のアニメ・マンガ調のイラストで描いてください。実写風・フォトリアル風は禁止です。

◆【絶対最優先】キャラクター外見: ミサキは添付のミサキ.pngと100%同一の外見で描画（32歳女性、ショートボブの黒髪、丸顔）
◆【絶対最優先】キャラクター外見: ひなたは添付のひなた_2歳期.pngと100%同一の外見で描画（2歳女の子、短い黒髪のおかっぱ、ピンクのTシャツに白いズボン）
◆【出力サイズ】2:3
◆【補足情報】上下左右に50ピクセルの余白を設けてください
◆【補足情報】服装: ミサキ: 薄いピンクのパジャマ
◆【コマ構成】テンプレ3: 上小下大（上1コマ小＋下1コマ大）
◆【作画】ジャンル: 副業に最適化した統一スタイル / 作画スタイル: 親しみやすく実践的,現代的なライフスタイル表現 / 色調: 明るく前向きな色調,オレンジ・青・黄色基調,活力ある配色 / 線画: 親しみやすい柔らかな線,カジュアルで読みやすい表現 / 演出: 必要に応じて集中線,効果線,擬音などのマンガらしい演出
◆【ストーリー】
1コマ目 (上・小): シーン描写。 セリフ: なし ナレーション: ［四角枠］夜中の授乳。——いや、もう卒乳はしている。 オノマトペ: なし
2コマ目 (下・大): シーン描写。 セリフ: なし ナレーション: ［四角枠］でもひなたは夜泣きをする。抱き上げて、トントンする。 オノマトペ: なし","[{""panel_id"": 1, ""type"": ""narration"", ""speaker"": null, ""text"": ""夜中の授乳。——いや、もう卒乳はしている。""}, {""panel_id"": 2, ""type"": ""narration"", ""speaker"": null, ""text"": ""でもひなたは夜泣きをする。抱き上げて、トントンする。""}]"
"39","テンプレ3","◆【注意】【】で囲まれた単語は感情や状況の指示であり、画像内に文字として描画しないでください
◆【絶対最優先】必ずフルカラーにしてください
◆【絶対最優先】必ず日本のアニメ・マンガ調のイラストで描いてください。実写風・フォトリアル風は禁止です。

◆【絶対最優先】キャラクター外見: ミサキは添付のミサキ.pngと100%同一の外見で描画（32歳女性、ショートボブの黒髪、丸顔）
◆【絶対最優先】キャラクター外見: ひなたは添付のひなた_2歳期.pngと100%同一の外見で描画（2歳女の子、短い黒髪のおかっぱ、ピンクのTシャツに白いズボン）
◆【出力サイズ】2:3
◆【補足情報】上下左右に50ピクセルの余白を設けてください
◆【補足情報】服装: ミサキ: 薄いピンクのパジャマ
◆【コマ構成】テンプレ3: 上小下大（上1コマ小＋下1コマ大）
◆【作画】ジャンル: 副業に最適化した統一スタイル / 作画スタイル: 親しみやすく実践的,現代的なライフスタイル表現 / 色調: 明るく前向きな色調,オレンジ・青・黄色基調,活力ある配色 / 線画: 親しみやすい柔らかな線,カジュアルで読みやすい表現 / 演出: 必要に応じて集中線,効果線,擬音などのマンガらしい演出
◆【ストーリー】
1コマ目 (上・小): シーン描写。 セリフ: なし ナレーション: ［四角枠］落ち着いてきたところで、スマホを開いた。癖になっていた。 オノマトペ: なし
2コマ目 (下・大): シーン描写。 セリフ: なし ナレーション: ［四角枠］夜中に目が覚めると、検索してしまう。 オノマトペ: なし","[{""panel_id"": 1, ""type"": ""narration"", ""speaker"": null, ""text"": ""落ち着いてきたところで、スマホを開いた。癖になっていた。""}, {""panel_id"": 2, ""type"": ""narration"", ""speaker"": null, ""text"": ""夜中に目が覚めると、検索してしまう。""}]"
"40","テンプレ5","◆【注意】【】で囲まれた単語は感情や状況の指示であり、画像内に文字として描画しないでください
◆【絶対最優先】必ずフルカラーにしてください
◆【絶対最優先】必ず日本のアニメ・マンガ調のイラストで描いてください。実写風・フォトリアル風は禁止です。

◆【絶対最優先】キャラクター外見: ミサキは添付のミサキ.pngと100%同一の外見で描画（32歳女性、ショートボブの黒髪、丸顔）
◆【出力サイズ】2:3
◆【補足情報】上下左右に50ピクセルの余白を設けてください
◆【補足情報】服装: ミサキ: 薄いピンクのパジャマ
◆【コマ構成】テンプレ5: 上中下3段
◆【作画】ジャンル: 副業に最適化した統一スタイル / 作画スタイル: 親しみやすく実践的,現代的なライフスタイル表現 / 色調: 明るく前向きな色調,オレンジ・青・黄色基調,活力ある配色 / 線画: 親しみやすい柔らかな線,カジュアルで読みやすい表現 / 演出: 必要に応じて集中線,効果線,擬音などのマンガらしい演出
◆【ストーリー】
1コマ目 (上段): シーン描写。 セリフ: なし ナレーション: ［四角枠］「在宅ワーク　育児中　稼げる」何度も検索したワードだった。 オノマトペ: なし
2コマ目 (中段): シーン描写。 セリフ: なし ナレーション: ［四角枠］結果もほぼ同じ。 オノマトペ: なし
3コマ目 (下段): シーン描写。 セリフ: なし ナレーション: ［四角枠］データ入力。月に2〜3万円。「スキマ時間でOK!」 オノマトペ: なし","[{""panel_id"": 1, ""type"": ""narration"", ""speaker"": null, ""text"": ""「在宅ワーク　育児中　稼げる」何度も検索したワードだった。""}, {""panel_id"": 2, ""type"": ""narration"", ""speaker"": null, ""text"": ""結果もほぼ同じ。""}, {""panel_id"": 3, ""type"": ""narration"", ""speaker"": null, ""text"": ""データ入力。月に2〜3万円。「スキマ時間でOK!」""}]"
"41","テンプレ5","◆【注意】【】で囲まれた単語は感情や状況の指示であり、画像内に文字として描画しないでください
◆【絶対最優先】必ずフルカラーにしてください
◆【絶対最優先】必ず日本のアニメ・マンガ調のイラストで描いてください。実写風・フォトリアル風は禁止です。

◆【絶対最優先】キャラクター外見: ミサキは添付のミサキ.pngと100%同一の外見で描画（32歳女性、ショートボブの黒髪、丸顔）
◆【出力サイズ】2:3
◆【補足情報】上下左右に50ピクセルの余白を設けてください
◆【補足情報】服装: ミサキ: 薄いピンクのパジャマ
◆【コマ構成】テンプレ5: 上中下3段
◆【作画】ジャンル: 副業に最適化した統一スタイル / 作画スタイル: 親しみやすく実践的,現代的なライフスタイル表現 / 色調: 明るく前向きな色調,オレンジ・青・黄色基調,活力ある配色 / 線画: 親しみやすい柔らかな線,カジュアルで読みやすい表現 / 演出: 必要に応じて集中線,効果線,擬音などのマンガらしい演出
◆【ストーリー】
1コマ目 (上段): シーン描写。 セリフ: なし ナレーション: ［四角枠］と書いてあるが、口コミを見ると「スキマ時間では全然終わらない オノマトペ: なし
2コマ目 (中段): シーン描写。 セリフ: なし ナレーション: ［四角枠］」。 オノマトペ: なし
3コマ目 (下段): シーン描写。 セリフ: なし ナレーション: ［四角枠］アンケートモニター。月に数千円。「ちょっとしたお小遣いに」。 オノマトペ: なし","[{""panel_id"": 1, ""type"": ""narration"", ""speaker"": null, ""text"": ""と書いてあるが、口コミを見ると「スキマ時間では全然終わらない""}, {""panel_id"": 2, ""type"": ""narration"", ""speaker"": null, ""text"": ""」。""}, {""panel_id"": 3, ""type"": ""narration"", ""speaker"": null, ""text"": ""アンケートモニター。月に数千円。「ちょっとしたお小遣いに」。""}]"
"42","テンプレ5","◆【注意】【】で囲まれた単語は感情や状況の指示であり、画像内に文字として描画しないでください
◆【絶対最優先】必ずフルカラーにしてください
◆【絶対最優先】必ず日本のアニメ・マンガ調のイラストで描いてください。実写風・フォトリアル風は禁止です。

◆【絶対最優先】キャラクター外見: ミサキは添付のミサキ.pngと100%同一の外見で描画（32歳女性、ショートボブの黒髪、丸顔）
◆【出力サイズ】2:3
◆【補足情報】上下左右に50ピクセルの余白を設けてください
◆【補足情報】服装: ミサキ: 薄いピンクのパジャマ
◆【コマ構成】テンプレ5: 上中下3段
◆【作画】ジャンル: 副業に最適化した統一スタイル / 作画スタイル: 親しみやすく実践的,現代的なライフスタイル表現 / 色調: 明るく前向きな色調,オレンジ・青・黄色基調,活力ある配色 / 線画: 親しみやすい柔らかな線,カジュアルで読みやすい表現 / 演出: 必要に応じて集中線,効果線,擬音などのマンガらしい演出
◆【ストーリー】
1コマ目 (上段): シーン描写。 セリフ: なし ナレーション: ［四角枠］お小遣いがほしいんじゃない。 オノマトペ: なし","[{""panel_id"": 1, ""type"": ""narration"", ""speaker"": null, ""text"": ""お小遣いがほしいんじゃない。""}]"
"43","テンプレ6","◆【注意】【】で囲まれた単語は感情や状況の指示であり、画像内に文字として描画しないでください
◆【絶対最優先】必ずフルカラーにしてください
◆【絶対最優先】必ず日本のアニメ・マンガ調のイラストで描いてください。実写風・フォトリアル風は禁止です。

◆【絶対最優先】キャラクター外見: ミサキは添付のミサキ.pngと100%同一の外見で描画（32歳女性、ショートボブの黒髪、丸顔）
◆【出力サイズ】2:3
◆【補足情報】上下左右に50ピクセルの余白を設けてください
◆【補足情報】服装: ミサキ: 薄いピンクのパジャマ
◆【コマ構成】テンプレ6: 上1コマ＋下左右2コマ
◆【作画】ジャンル: 副業に最適化した統一スタイル / 作画スタイル: 親しみやすく実践的,現代的なライフスタイル表現 / 色調: 明るく前向きな色調,オレンジ・青・黄色基調,活力ある配色 / 線画: 親しみやすい柔らかな線,カジュアルで読みやすい表現 / 演出: 必要に応じて集中線,効果線,擬音などのマンガらしい演出
◆【ストーリー】
1コマ目 (上): シーン描写。 セリフ: なし ナレーション: ［四角枠］クラウドソーシング。 オノマトペ: なし
2コマ目 (下左): シーン描写。 セリフ: なし ナレーション: ［四角枠］ライティング、デザイン、プログラミング——。 オノマトペ: なし
3コマ目 (下右): シーン描写。 セリフ: なし ナレーション: ［四角枠］ミサキには、どれも当てはまらなかった。 オノマトペ: なし","[{""panel_id"": 1, ""type"": ""narration"", ""speaker"": null, ""text"": ""クラウドソーシング。""}, {""panel_id"": 2, ""type"": ""narration"", ""speaker"": null, ""text"": ""ライティング、デザイン、プログラミング——。""}, {""panel_id"": 3, ""type"": ""narration"", ""speaker"": null, ""text"": ""ミサキには、どれも当てはまらなかった。""}]"
"44","テンプレ6","◆【注意】【】で囲まれた単語は感情や状況の指示であり、画像内に文字として描画しないでください
◆【絶対最優先】必ずフルカラーにしてください
◆【絶対最優先】必ず日本のアニメ・マンガ調のイラストで描いてください。実写風・フォトリアル風は禁止です。

◆【絶対最優先】キャラクター外見: ミサキは添付のミサキ.pngと100%同一の外見で描画（32歳女性、ショートボブの黒髪、丸顔）
◆【出力サイズ】2:3
◆【補足情報】上下左右に50ピクセルの余白を設けてください
◆【補足情報】服装: ミサキ: 薄いピンクのパジャマ
◆【コマ構成】テンプレ6: 上1コマ＋下左右2コマ
◆【作画】ジャンル: 副業に最適化した統一スタイル / 作画スタイル: 親しみやすく実践的,現代的なライフスタイル表現 / 色調: 明るく前向きな色調,オレンジ・青・黄色基調,活力ある配色 / 線画: 親しみやすい柔らかな線,カジュアルで読みやすい表現 / 演出: 必要に応じて集中線,効果線,擬音などのマンガらしい演出
◆【ストーリー】
1コマ目 (上): シーン描写。 セリフ: なし ナレーション: ［四角枠］ライティングの経験はない。デザインソフトは触ったことがない。 オノマトペ: なし
2コマ目 (下左): シーン描写。 セリフ: なし ナレーション: ［四角枠］プログラミングなんて論外。事務職で身についたスキル。 オノマトペ: なし
3コマ目 (下右): シーン描写。 セリフ: なし ナレーション: ［四角枠］Excel、Word、メール対応、電話応対、書類整理、 オノマトペ: なし","[{""panel_id"": 1, ""type"": ""narration"", ""speaker"": null, ""text"": ""ライティングの経験はない。デザインソフトは触ったことがない。""}, {""panel_id"": 2, ""type"": ""narration"", ""speaker"": null, ""text"": ""プログラミングなんて論外。事務職で身についたスキル。""}, {""panel_id"": 3, ""type"": ""narration"", ""speaker"": null, ""text"": ""Excel、Word、メール対応、電話応対、書類整理、""}]"
"45","テンプレ6","◆【注意】【】で囲まれた単語は感情や状況の指示であり、画像内に文字として描画しないでください
◆【絶対最優先】必ずフルカラーにしてください
◆【絶対最優先】必ず日本のアニメ・マンガ調のイラストで描いてください。実写風・フォトリアル風は禁止です。

◆【絶対最優先】キャラクター外見: ミサキは添付のミサキ.pngと100%同一の外見で描画（32歳女性、ショートボブの黒髪、丸顔）
◆【出力サイズ】2:3
◆【補足情報】上下左右に50ピクセルの余白を設けてください
◆【補足情報】服装: ミサキ: 薄いピンクのパジャマ
◆【コマ構成】テンプレ6: 上1コマ＋下左右2コマ
◆【作画】ジャンル: 副業に最適化した統一スタイル / 作画スタイル: 親しみやすく実践的,現代的なライフスタイル表現 / 色調: 明るく前向きな色調,オレンジ・青・黄色基調,活力ある配色 / 線画: 親しみやすい柔らかな線,カジュアルで読みやすい表現 / 演出: 必要に応じて集中線,効果線,擬音などのマンガらしい演出
◆【ストーリー】
1コマ目 (上): シーン描写。 セリフ: 「……こんなの、誰でもできるじゃん」 ナレーション: ［四角枠］スケジュール管理——。 オノマトペ: なし
2コマ目 (下左): シーン描写。 セリフ: なし ナレーション: ［四角枠］自分で言って、自分で傷ついた。 オノマトペ: なし","[{""panel_id"": 1, ""type"": ""narration"", ""speaker"": null, ""text"": ""スケジュール管理——。""}, {""panel_id"": 1, ""type"": ""dialogue"", ""speaker"": ""ミサキ"", ""text"": ""……こんなの、誰でもできるじゃん""}, {""panel_id"": 2, ""type"": ""narration"", ""speaker"": null, ""text"": ""自分で言って、自分で傷ついた。""}]"
"46","テンプレ2","◆【注意】【】で囲まれた単語は感情や状況の指示であり、画像内に文字として描画しないでください
◆【絶対最優先】必ずフルカラーにしてください
◆【絶対最優先】必ず日本のアニメ・マンガ調のイラストで描いてください。実写風・フォトリアル風は禁止です。

◆【絶対最優先】キャラクター外見: ミサキは添付のミサキ.pngと100%同一の外見で描画（32歳女性、ショートボブの黒髪、丸顔）
◆【出力サイズ】2:3
◆【補足情報】上下左右に50ピクセルの余白を設けてください
◆【補足情報】服装: ミサキ: 薄いピンクのパジャマ
◆【コマ構成】テンプレ2: 上下2分割
◆【作画】ジャンル: 副業に最適化した統一スタイル / 作画スタイル: 親しみやすく実践的,現代的なライフスタイル表現 / 色調: 明るく前向きな色調,オレンジ・青・黄色基調,活力ある配色 / 線画: 親しみやすい柔らかな線,カジュアルで読みやすい表現 / 演出: 必要に応じて集中線,効果線,擬音などのマンガらしい演出
◆【ストーリー】
1コマ目 (上): シーン描写。 セリフ: なし ナレーション: ［四角枠］スクロールを続ける。「未経験OK! 簡単作業!」 オノマトペ: なし
2コマ目 (下): シーン描写。 セリフ: なし ナレーション: ［四角枠］——時給換算すると500円以下。 オノマトペ: なし","[{""panel_id"": 1, ""type"": ""narration"", ""speaker"": null, ""text"": ""スクロールを続ける。「未経験OK! 簡単作業!」""}, {""panel_id"": 2, ""type"": ""narration"", ""speaker"": null, ""text"": ""——時給換算すると500円以下。""}]"
"47","テンプレ2","◆【注意】【】で囲まれた単語は感情や状況の指示であり、画像内に文字として描画しないでください
◆【絶対最優先】必ずフルカラーにしてください
◆【絶対最優先】必ず日本のアニメ・マンガ調のイラストで描いてください。実写風・フォトリアル風は禁止です。

◆【絶対最優先】キャラクター外見: ミサキは添付のミサキ.pngと100%同一の外見で描画（32歳女性、ショートボブの黒髪、丸顔）
◆【出力サイズ】2:3
◆【補足情報】上下左右に50ピクセルの余白を設けてください
◆【補足情報】服装: ミサキ: 薄いピンクのパジャマ
◆【コマ構成】テンプレ2: 上下2分割
◆【作画】ジャンル: 副業に最適化した統一スタイル / 作画スタイル: 親しみやすく実践的,現代的なライフスタイル表現 / 色調: 明るく前向きな色調,オレンジ・青・黄色基調,活力ある配色 / 線画: 親しみやすい柔らかな線,カジュアルで読みやすい表現 / 演出: 必要に応じて集中線,効果線,擬音などのマンガらしい演出
◆【ストーリー】
1コマ目 (上): シーン描写。 セリフ: なし ナレーション: ［四角枠］「ママでもできる在宅ワーク!」——「ママでもできる」 オノマトペ: なし
2コマ目 (下): シーン描写。 セリフ: なし ナレーション: ［四角枠］という言葉に引っかかる。「でも」って何だ。 オノマトペ: なし","[{""panel_id"": 1, ""type"": ""narration"", ""speaker"": null, ""text"": ""「ママでもできる在宅ワーク!」——「ママでもできる」""}, {""panel_id"": 2, ""type"": ""narration"", ""speaker"": null, ""text"": ""という言葉に引っかかる。「でも」って何だ。""}]"
"48","テンプレ1","◆【注意】【】で囲まれた単語は感情や状況の指示であり、画像内に文字として描画しないでください
◆【絶対最優先】必ずフルカラーにしてください
◆【絶対最優先】必ず日本のアニメ・マンガ調のイラストで描いてください。実写風・フォトリアル風は禁止です。

◆【絶対最優先】キャラクター外見: ミサキは添付のミサキ.pngと100%同一の外見で描画（32歳女性、ショートボブの黒髪、丸顔）
◆【出力サイズ】2:3
◆【補足情報】上下左右に50ピクセルの余白を設けてください
◆【補足情報】服装: ミサキ: 薄いピンクのパジャマ
◆【コマ構成】テンプレ2: 上下2分割
◆【作画】ジャンル: 副業に最適化した統一スタイル / 作画スタイル: 親しみやすく実践的,現代的なライフスタイル表現 / 色調: 明るく前向きな色調,オレンジ・青・黄色基調,活力ある配色 / 線画: 親しみやすい柔らかな線,カジュアルで読みやすい表現 / 演出: 必要に応じて集中線,効果線,擬音などのマンガらしい演出
◆【ストーリー】
1コマ目 (上): シーン描写。 セリフ: なし ナレーション: ［四角枠］ママは何かが劣っているのか。 オノマトペ: なし","[{""panel_id"": 1, ""type"": ""narration"", ""speaker"": null, ""text"": ""ママは何かが劣っているのか。""}]"
"49","テンプレ5","◆【注意】【】で囲まれた単語は感情や状況の指示であり、画像内に文字として描画しないでください
◆【絶対最優先】必ずフルカラーにしてください
◆【絶対最優先】必ず日本のアニメ・マンガ調のイラストで描いてください。実写風・フォトリアル風は禁止です。

◆【絶対最優先】キャラクター外見: ミサキは添付のミサキ.pngと100%同一の外見で描画（32歳女性、ショートボブの黒髪、丸顔）
◆【出力サイズ】2:3
◆【補足情報】上下左右に50ピクセルの余白を設けてください
◆【補足情報】服装: ミサキ: 薄いピンクのパジャマ
◆【コマ構成】テンプレ5: 上中下3段
◆【作画】ジャンル: 副業に最適化した統一スタイル / 作画スタイル: 親しみやすく実践的,現代的なライフスタイル表現 / 色調: 明るく前向きな色調,オレンジ・青・黄色基調,活力ある配色 / 線画: 親しみやすい柔らかな線,カジュアルで読みやすい表現 / 演出: 必要に応じて集中線,効果線,擬音などのマンガらしい演出
◆【ストーリー】
1コマ目 (上段): シーン描写。 セリフ: なし ナレーション: ［四角枠］画面を閉じた。閉じてすぐ、また開いた。 オノマトペ: なし
2コマ目 (中段): シーン描写。 セリフ: なし ナレーション: ［四角枠］「事務職　スキル　活かせる　副業」検索結果。 オノマトペ: なし
3コマ目 (下段): シーン描写。 セリフ: なし ナレーション: ［四角枠］経理代行、秘書代行、データ集計——。「実務経験3年以上」 オノマトペ: なし","[{""panel_id"": 1, ""type"": ""narration"", ""speaker"": null, ""text"": ""画面を閉じた。閉じてすぐ、また開いた。""}, {""panel_id"": 2, ""type"": ""narration"", ""speaker"": null, ""text"": ""「事務職　スキル　活かせる　副業」検索結果。""}, {""panel_id"": 3, ""type"": ""narration"", ""speaker"": null, ""text"": ""経理代行、秘書代行、データ集計——。「実務経験3年以上」""}]"
"50","テンプレ5","◆【注意】【】で囲まれた単語は感情や状況の指示であり、画像内に文字として描画しないでください
◆【絶対最優先】必ずフルカラーにしてください
◆【絶対最優先】必ず日本のアニメ・マンガ調のイラストで描いてください。実写風・フォトリアル風は禁止です。

◆【絶対最優先】キャラクター外見: ミサキは添付のミサキ.pngと100%同一の外見で描画（32歳女性、ショートボブの黒髪、丸顔）
◆【出力サイズ】2:3
◆【補足情報】上下左右に50ピクセルの余白を設けてください
◆【補足情報】服装: ミサキ: 薄いピンクのパジャマ
◆【コマ構成】テンプレ5: 上中下3段
◆【作画】ジャンル: 副業に最適化した統一スタイル / 作画スタイル: 親しみやすく実践的,現代的なライフスタイル表現 / 色調: 明るく前向きな色調,オレンジ・青・黄色基調,活力ある配色 / 線画: 親しみやすい柔らかな線,カジュアルで読みやすい表現 / 演出: 必要に応じて集中線,効果線,擬音などのマンガらしい演出
◆【ストーリー】
1コマ目 (上段): シーン描写。 セリフ: なし ナレーション: ［四角枠］「簿記2級以上」「在宅不可」。条件が合わない。 オノマトペ: なし
2コマ目 (中段): シーン描写。 セリフ: 「……事務しかやったことない私に、何ができるの」 ナレーション: ［四角枠］時間が合わない。 オノマトペ: なし
3コマ目 (下段): シーン描写。 セリフ: なし ナレーション: ［四角枠］あの夜中の授乳のときと、同じ言葉が出た。 オノマトペ: なし","[{""panel_id"": 1, ""type"": ""narration"", ""speaker"": null, ""text"": ""「簿記2級以上」「在宅不可」。条件が合わない。""}, {""panel_id"": 2, ""type"": ""narration"", ""speaker"": null, ""text"": ""時間が合わない。""}, {""panel_id"": 2, ""type"": ""dialogue"", ""speaker"": ""ミサキ"", ""text"": ""……事務しかやったことない私に、何ができるの""}, {""panel_id"": 3, ""type"": ""narration"", ""speaker"": null, ""text"": ""あの夜中の授乳のときと、同じ言葉が出た。""}]"
"51","テンプレ5","◆【注意】【】で囲まれた単語は感情や状況の指示であり、画像内に文字として描画しないでください
◆【絶対最優先】必ずフルカラーにしてください
◆【絶対最優先】必ず日本のアニメ・マンガ調のイラストで描いてください。実写風・フォトリアル風は禁止です。

◆【絶対最優先】キャラクター外見: ミサキは添付のミサキ.pngと100%同一の外見で描画（32歳女性、ショートボブの黒髪、丸顔）
◆【出力サイズ】2:3
◆【補足情報】上下左右に50ピクセルの余白を設けてください
◆【補足情報】服装: ミサキ: 薄いピンクのパジャマ
◆【コマ構成】テンプレ5: 上中下3段
◆【作画】ジャンル: 副業に最適化した統一スタイル / 作画スタイル: 親しみやすく実践的,現代的なライフスタイル表現 / 色調: 明るく前向きな色調,オレンジ・青・黄色基調,活力ある配色 / 線画: 親しみやすい柔らかな線,カジュアルで読みやすい表現 / 演出: 必要に応じて集中線,効果線,擬音などのマンガらしい演出
◆【ストーリー】
1コマ目 (上段): シーン描写。 セリフ: なし ナレーション: ［四角枠］あのときと何も変わっていない。何も進んでいない。 オノマトペ: なし","[{""panel_id"": 1, ""type"": ""narration"", ""speaker"": null, ""text"": ""あのときと何も変わっていない。何も進んでいない。""}]"
"52","テンプレ3","◆【注意】【】で囲まれた単語は感情や状況の指示であり、画像内に文字として描画しないでください
◆【絶対最優先】必ずフルカラーにしてください
◆【絶対最優先】必ず日本のアニメ・マンガ調のイラストで描いてください。実写風・フォトリアル風は禁止です。

◆【絶対最優先】キャラクター外見: ミサキは添付のミサキ.pngと100%同一の外見で描画（32歳女性、ショートボブの黒髪、丸顔）
◆【絶対最優先】キャラクター外見: ひなたは添付のひなた_2歳期.pngと100%同一の外見で描画（2歳女の子、短い黒髪のおかっぱ、ピンクのTシャツに白いズボン）
◆【出力サイズ】2:3
◆【補足情報】上下左右に50ピクセルの余白を設けてください
◆【補足情報】服装: ミサキ: 薄いピンクのパジャマ
◆【コマ構成】テンプレ3: 上小下大（上1コマ小＋下1コマ大）
◆【作画】ジャンル: 副業に最適化した統一スタイル / 作画スタイル: 親しみやすく実践的,現代的なライフスタイル表現 / 色調: 明るく前向きな色調,オレンジ・青・黄色基調,活力ある配色 / 線画: 親しみやすい柔らかな線,カジュアルで読みやすい表現 / 演出: 必要に応じて集中線,効果線,擬音などのマンガらしい演出
◆【ストーリー】
1コマ目 (上・小): シーン描写。 セリフ: なし ナレーション: ［四角枠］ひなたがまた寝てくれた。小さな寝顔を見つめる。 オノマトペ: なし
2コマ目 (下・大): シーン描写。 セリフ: なし ナレーション: ［四角枠］退職した日の夜、「ごめんね」 オノマトペ: なし","[{""panel_id"": 1, ""type"": ""narration"", ""speaker"": null, ""text"": ""ひなたがまた寝てくれた。小さな寝顔を見つめる。""}, {""panel_id"": 2, ""type"": ""narration"", ""speaker"": null, ""text"": ""退職した日の夜、「ごめんね」""}]"
"53","テンプレ3","◆【注意】【】で囲まれた単語は感情や状況の指示であり、画像内に文字として描画しないでください
◆【絶対最優先】必ずフルカラーにしてください
◆【絶対最優先】必ず日本のアニメ・マンガ調のイラストで描いてください。実写風・フォトリアル風は禁止です。

◆【絶対最優先】キャラクター外見: ミサキは添付のミサキ.pngと100%同一の外見で描画（32歳女性、ショートボブの黒髪、丸顔）
◆【絶対最優先】キャラクター外見: ひなたは添付のひなた_2歳期.pngと100%同一の外見で描画（2歳女の子、短い黒髪のおかっぱ、ピンクのTシャツに白いズボン）
◆【出力サイズ】2:3
◆【補足情報】上下左右に50ピクセルの余白を設けてください
◆【補足情報】服装: ミサキ: 薄いピンクのパジャマ
◆【コマ構成】テンプレ3: 上小下大（上1コマ小＋下1コマ大）
◆【作画】ジャンル: 副業に最適化した統一スタイル / 作画スタイル: 親しみやすく実践的,現代的なライフスタイル表現 / 色調: 明るく前向きな色調,オレンジ・青・黄色基調,活力ある配色 / 線画: 親しみやすい柔らかな線,カジュアルで読みやすい表現 / 演出: 必要に応じて集中線,効果線,擬音などのマンガらしい演出
◆【ストーリー】
1コマ目 (上・小): シーン描写。 セリフ: なし ナレーション: ［四角枠］と泣いたあの夜から、何が変わっただろう。退職した。 オノマトペ: なし
2コマ目 (下・大): シーン描写。 セリフ: なし ナレーション: ［四角枠］名刺がなくなった。肩書きがなくなった。 オノマトペ: なし","[{""panel_id"": 1, ""type"": ""narration"", ""speaker"": null, ""text"": ""と泣いたあの夜から、何が変わっただろう。退職した。""}, {""panel_id"": 2, ""type"": ""narration"", ""speaker"": null, ""text"": ""名刺がなくなった。肩書きがなくなった。""}]"
"54","テンプレ1","◆【注意】【】で囲まれた単語は感情や状況の指示であり、画像内に文字として描画しないでください
◆【絶対最優先】必ずフルカラーにしてください
◆【絶対最優先】必ず日本のアニメ・マンガ調のイラストで描いてください。実写風・フォトリアル風は禁止です。

◆【絶対最優先】キャラクター外見: ミサキは添付のミサキ.pngと100%同一の外見で描画（32歳女性、ショートボブの黒髪、丸顔）
◆【絶対最優先】キャラクター外見: ひなたは添付のひなた_2歳期.pngと100%同一の外見で描画（2歳女の子、短い黒髪のおかっぱ、ピンクのTシャツに白いズボン）
◆【出力サイズ】2:3
◆【補足情報】上下左右に50ピクセルの余白を設けてください
◆【補足情報】服装: ミサキ: 薄いピンクのパジャマ
◆【コマ構成】テンプレ1: 全面1コマ（上1コマ小＋下1コマ大）
◆【作画】ジャンル: 副業に最適化した統一スタイル / 作画スタイル: 親しみやすく実践的,現代的なライフスタイル表現 / 色調: 明るく前向きな色調,オレンジ・青・黄色基調,活力ある配色 / 線画: 親しみやすい柔らかな線,カジュアルで読みやすい表現 / 演出: 必要に応じて集中線,効果線,擬音などのマンガらしい演出
◆【ストーリー】
1コマ目 (上・小): シーン描写。 セリフ: なし ナレーション: ［四角枠］そして今日、通帳の残高を見て、現実を突きつけられた。 オノマトペ: なし","[{""panel_id"": 1, ""type"": ""narration"", ""speaker"": null, ""text"": ""そして今日、通帳の残高を見て、現実を突きつけられた。""}]"
"55","テンプレ2","◆【注意】【】で囲まれた単語は感情や状況の指示であり、画像内に文字として描画しないでください
◆【絶対最優先】必ずフルカラーにしてください
◆【絶対最優先】必ず日本のアニメ・マンガ調のイラストで描いてください。実写風・フォトリアル風は禁止です。

◆【絶対最優先】キャラクター外見: ミサキは添付のミサキ.pngと100%同一の外見で描画（32歳女性、ショートボブの黒髪、丸顔）
◆【出力サイズ】2:3
◆【補足情報】上下左右に50ピクセルの余白を設けてください
◆【補足情報】服装: ミサキ: 薄いピンクのパジャマ
◆【コマ構成】テンプレ2: 上下2分割
◆【作画】ジャンル: 副業に最適化した統一スタイル / 作画スタイル: 親しみやすく実践的,現代的なライフスタイル表現 / 色調: 明るく前向きな色調,オレンジ・青・黄色基調,活力ある配色 / 線画: 親しみやすい柔らかな線,カジュアルで読みやすい表現 / 演出: 必要に応じて集中線,効果線,擬音などのマンガらしい演出
◆【ストーリー】
1コマ目 (上): シーン描写。 セリフ: なし ナレーション: ［四角枠］アイデンティティの喪失に加えて、経済的な不安。 オノマトペ: なし
2コマ目 (下): シーン描写。 セリフ: なし ナレーション: ［四角枠］二重の重しが、ミサキの肩にのしかかっている。 オノマトペ: なし","[{""panel_id"": 1, ""type"": ""narration"", ""speaker"": null, ""text"": ""アイデンティティの喪失に加えて、経済的な不安。""}, {""panel_id"": 2, ""type"": ""narration"", ""speaker"": null, ""text"": ""二重の重しが、ミサキの肩にのしかかっている。""}]"
"56","テンプレ2","◆【注意】【】で囲まれた単語は感情や状況の指示であり、画像内に文字として描画しないでください
◆【絶対最優先】必ずフルカラーにしてください
◆【絶対最優先】必ず日本のアニメ・マンガ調のイラストで描いてください。実写風・フォトリアル風は禁止です。

◆【絶対最優先】キャラクター外見: ミサキは添付のミサキ.pngと100%同一の外見で描画（32歳女性、ショートボブの黒髪、丸顔）
◆【出力サイズ】2:3
◆【補足情報】上下左右に50ピクセルの余白を設けてください
◆【補足情報】服装: ミサキ: 薄いピンクのパジャマ
◆【コマ構成】テンプレ2: 上下2分割
◆【作画】ジャンル: 副業に最適化した統一スタイル / 作画スタイル: 親しみやすく実践的,現代的なライフスタイル表現 / 色調: 明るく前向きな色調,オレンジ・青・黄色基調,活力ある配色 / 線画: 親しみやすい柔らかな線,カジュアルで読みやすい表現 / 演出: 必要に応じて集中線,効果線,擬音などのマンガらしい演出
◆【ストーリー】
1コマ目 (上): シーン描写。 セリフ: なし ナレーション: ［四角枠］泣きたかった。でも、泣く気力もなかった。 オノマトペ: なし
2コマ目 (下): シーン描写。 セリフ: なし ナレーション: ［四角枠］涙は、まだ希望があるときに出るのだと知った。 オノマトペ: なし","[{""panel_id"": 1, ""type"": ""narration"", ""speaker"": null, ""text"": ""泣きたかった。でも、泣く気力もなかった。""}, {""panel_id"": 2, ""type"": ""narration"", ""speaker"": null, ""text"": ""涙は、まだ希望があるときに出るのだと知った。""}]"
"57","テンプレ2","◆【注意】【】で囲まれた単語は感情や状況の指示であり、画像内に文字として描画しないでください
◆【絶対最優先】必ずフルカラーにしてください
◆【絶対最優先】必ず日本のアニメ・マンガ調のイラストで描いてください。実写風・フォトリアル風は禁止です。

◆【絶対最優先】キャラクター外見: ミサキは添付のミサキ.pngと100%同一の外見で描画（32歳女性、ショートボブの黒髪、丸顔）
◆【出力サイズ】2:3
◆【補足情報】上下左右に50ピクセルの余白を設けてください
◆【補足情報】服装: ミサキ: 薄いピンクのパジャマ
◆【コマ構成】テンプレ2: 上下2分割
◆【作画】ジャンル: 副業に最適化した統一スタイル / 作画スタイル: 親しみやすく実践的,現代的なライフスタイル表現 / 色調: 明るく前向きな色調,オレンジ・青・黄色基調,活力ある配色 / 線画: 親しみやすい柔らかな線,カジュアルで読みやすい表現 / 演出: 必要に応じて集中線,効果線,擬音などのマンガらしい演出
◆【ストーリー】
1コマ目 (上): シーン描写。 セリフ: なし ナレーション: ［四角枠］「こうなりたかったのに」 オノマトペ: なし
2コマ目 (下): シーン描写。 セリフ: なし ナレーション: ［四角枠］という理想と現実のギャップがあるから、悔しくて泣ける。 オノマトペ: なし","[{""panel_id"": 1, ""type"": ""narration"", ""speaker"": null, ""text"": ""「こうなりたかったのに」""}, {""panel_id"": 2, ""type"": ""narration"", ""speaker"": null, ""text"": ""という理想と現実のギャップがあるから、悔しくて泣ける。""}]"
"58","テンプレ4","◆【注意】【】で囲まれた単語は感情や状況の指示であり、画像内に文字として描画しないでください
◆【絶対最優先】必ずフルカラーにしてください
◆【絶対最優先】必ず日本のアニメ・マンガ調のイラストで描いてください。実写風・フォトリアル風は禁止です。

◆【絶対最優先】キャラクター外見: ミサキは添付のミサキ.pngと100%同一の外見で描画（32歳女性、ショートボブの黒髪、丸顔）
◆【出力サイズ】2:3
◆【補足情報】上下左右に50ピクセルの余白を設けてください
◆【補足情報】服装: ミサキ: 薄いピンクのパジャマ
◆【コマ構成】テンプレ4: 上大下小（上1コマ大＋下1コマ小）
◆【作画】ジャンル: 副業に最適化した統一スタイル / 作画スタイル: 親しみやすく実践的,現代的なライフスタイル表現 / 色調: 明るく前向きな色調,オレンジ・青・黄色基調,活力ある配色 / 線画: 親しみやすい柔らかな線,カジュアルで読みやすい表現 / 演出: 必要に応じて集中線,効果線,擬音などのマンガらしい演出
◆【ストーリー】
1コマ目 (上・大): シーン描写。 セリフ: なし ナレーション: ［四角枠］今のミサキには、「こうなりたい」が見えなくなっていた。 オノマトペ: なし
2コマ目 (下・小): シーン描写。 セリフ: なし ナレーション: ［四角枠］ただ、暗い天井を見つめている。 オノマトペ: なし","[{""panel_id"": 1, ""type"": ""narration"", ""speaker"": null, ""text"": ""今のミサキには、「こうなりたい」が見えなくなっていた。""}, {""panel_id"": 2, ""type"": ""narration"", ""speaker"": null, ""text"": ""ただ、暗い天井を見つめている。""}]"
"59","テンプレ4","◆【注意】【】で囲まれた単語は感情や状況の指示であり、画像内に文字として描画しないでください
◆【絶対最優先】必ずフルカラーにしてください
◆【絶対最優先】必ず日本のアニメ・マンガ調のイラストで描いてください。実写風・フォトリアル風は禁止です。

◆【絶対最優先】キャラクター外見: ミサキは添付のミサキ.pngと100%同一の外見で描画（32歳女性、ショートボブの黒髪、丸顔）
◆【出力サイズ】2:3
◆【補足情報】上下左右に50ピクセルの余白を設けてください
◆【補足情報】服装: ミサキ: 薄いピンクのパジャマ
◆【コマ構成】テンプレ4: 上大下小（上1コマ大＋下1コマ小）
◆【作画】ジャンル: 副業に最適化した統一スタイル / 作画スタイル: 親しみやすく実践的,現代的なライフスタイル表現 / 色調: 明るく前向きな色調,オレンジ・青・黄色基調,活力ある配色 / 線画: 親しみやすい柔らかな線,カジュアルで読みやすい表現 / 演出: 必要に応じて集中線,効果線,擬音などのマンガらしい演出
◆【ストーリー】
1コマ目 (上・大): シーン描写。 セリフ: なし ナレーション: ［四角枠］ケンタの寝息が聞こえる。ひなたの寝息が聞こえる。 オノマトペ: なし
2コマ目 (下・小): シーン描写。 セリフ: なし ナレーション: ［四角枠］二人は安心して眠っている。 オノマトペ: なし","[{""panel_id"": 1, ""type"": ""narration"", ""speaker"": null, ""text"": ""ケンタの寝息が聞こえる。ひなたの寝息が聞こえる。""}, {""panel_id"": 2, ""type"": ""narration"", ""speaker"": null, ""text"": ""二人は安心して眠っている。""}]"
"60","テンプレ1","◆【注意】【】で囲まれた単語は感情や状況の指示であり、画像内に文字として描画しないでください
◆【絶対最優先】必ずフルカラーにしてください
◆【絶対最優先】必ず日本のアニメ・マンガ調のイラストで描いてください。実写風・フォトリアル風は禁止です。

◆【絶対最優先】キャラクター外見: ミサキは添付のミサキ.pngと100%同一の外見で描画（32歳女性、ショートボブの黒髪、丸顔）
◆【出力サイズ】2:3
◆【補足情報】上下左右に50ピクセルの余白を設けてください
◆【補足情報】服装: ミサキ: 薄いピンクのパジャマ
◆【コマ構成】テンプレ1: 全面1コマ（上1コマ大＋下1コマ小）
◆【作画】ジャンル: 副業に最適化した統一スタイル / 作画スタイル: 親しみやすく実践的,現代的なライフスタイル表現 / 色調: 明るく前向きな色調,オレンジ・青・黄色基調,活力ある配色 / 線画: 親しみやすい柔らかな線,カジュアルで読みやすい表現 / 演出: 必要に応じて集中線,効果線,擬音などのマンガらしい演出
◆【ストーリー】
1コマ目 (上・大): シーン描写。 セリフ: なし ナレーション: ［四角枠］それだけで十分じゃないか、と自分に言い聞かせる。 オノマトペ: なし","[{""panel_id"": 1, ""type"": ""narration"", ""speaker"": null, ""text"": ""それだけで十分じゃないか、と自分に言い聞かせる。""}]"
"61","テンプレ5","◆【注意】【】で囲まれた単語は感情や状況の指示であり、画像内に文字として描画しないでください
◆【絶対最優先】必ずフルカラーにしてください
◆【絶対最優先】必ず日本のアニメ・マンガ調のイラストで描いてください。実写風・フォトリアル風は禁止です。

◆【絶対最優先】キャラクター外見: ミサキは添付のミサキ.pngと100%同一の外見で描画（32歳女性、ショートボブの黒髪、丸顔）
◆【出力サイズ】2:3
◆【補足情報】上下左右に50ピクセルの余白を設けてください
◆【補足情報】服装: ミサキ: 薄いピンクのパジャマ
◆【コマ構成】テンプレ5: 上中下3段
◆【作画】ジャンル: 副業に最適化した統一スタイル / 作画スタイル: 親しみやすく実践的,現代的なライフスタイル表現 / 色調: 明るく前向きな色調,オレンジ・青・黄色基調,活力ある配色 / 線画: 親しみやすい柔らかな線,カジュアルで読みやすい表現 / 演出: 必要に応じて集中線,効果線,擬音などのマンガらしい演出
◆【ストーリー】
1コマ目 (上段): シーン描写。 セリフ: なし ナレーション: ［四角枠］——十分じゃない。ミサキは自分自身に正直だった。 オノマトペ: なし
2コマ目 (中段): シーン描写。 セリフ: なし ナレーション: ［四角枠］家族を愛している。ひなたのそばにいたい。それは本当だ。 オノマトペ: なし
3コマ目 (下段): シーン描写。 セリフ: なし ナレーション: ［四角枠］でも、それだけでは埋まらないものがある。 オノマトペ: なし","[{""panel_id"": 1, ""type"": ""narration"", ""speaker"": null, ""text"": ""——十分じゃない。ミサキは自分自身に正直だった。""}, {""panel_id"": 2, ""type"": ""narration"", ""speaker"": null, ""text"": ""家族を愛している。ひなたのそばにいたい。それは本当だ。""}, {""panel_id"": 3, ""type"": ""narration"", ""speaker"": null, ""text"": ""でも、それだけでは埋まらないものがある。""}]"
"62","テンプレ5","◆【注意】【】で囲まれた単語は感情や状況の指示であり、画像内に文字として描画しないでください
◆【絶対最優先】必ずフルカラーにしてください
◆【絶対最優先】必ず日本のアニメ・マンガ調のイラストで描いてください。実写風・フォトリアル風は禁止です。

◆【絶対最優先】キャラクター外見: ミサキは添付のミサキ.pngと100%同一の外見で描画（32歳女性、ショートボブの黒髪、丸顔）
◆【出力サイズ】2:3
◆【補足情報】上下左右に50ピクセルの余白を設けてください
◆【補足情報】服装: ミサキ: 薄いピンクのパジャマ
◆【コマ構成】テンプレ5: 上中下3段
◆【作画】ジャンル: 副業に最適化した統一スタイル / 作画スタイル: 親しみやすく実践的,現代的なライフスタイル表現 / 色調: 明るく前向きな色調,オレンジ・青・黄色基調,活力ある配色 / 線画: 親しみやすい柔らかな線,カジュアルで読みやすい表現 / 演出: 必要に応じて集中線,効果線,擬音などのマンガらしい演出
◆【ストーリー】
1コマ目 (上段): シーン描写。 セリフ: なし ナレーション: ［四角枠］自分で立っているという感覚。 オノマトペ: なし
2コマ目 (中段): シーン描写。 セリフ: なし ナレーション: ［四角枠］自分の力で何かを成し遂げているという実感。 オノマトペ: なし
3コマ目 (下段): シーン描写。 セリフ: 「……無理だ」 ナレーション: ［四角枠］それがないまま、この先何年も生きていくのは——。 オノマトペ: なし","[{""panel_id"": 1, ""type"": ""narration"", ""speaker"": null, ""text"": ""自分で立っているという感覚。""}, {""panel_id"": 2, ""type"": ""narration"", ""speaker"": null, ""text"": ""自分の力で何かを成し遂げているという実感。""}, {""panel_id"": 3, ""type"": ""narration"", ""speaker"": null, ""text"": ""それがないまま、この先何年も生きていくのは——。""}, {""panel_id"": 3, ""type"": ""dialogue"", ""speaker"": ""ミサキ"", ""text"": ""……無理だ""}]"
"63","テンプレ5","◆【注意】【】で囲まれた単語は感情や状況の指示であり、画像内に文字として描画しないでください
◆【絶対最優先】必ずフルカラーにしてください
◆【絶対最優先】必ず日本のアニメ・マンガ調のイラストで描いてください。実写風・フォトリアル風は禁止です。

◆【絶対最優先】キャラクター外見: ミサキは添付のミサキ.pngと100%同一の外見で描画（32歳女性、ショートボブの黒髪、丸顔）
◆【出力サイズ】2:3
◆【補足情報】上下左右に50ピクセルの余白を設けてください
◆【補足情報】服装: ミサキ: 薄いピンクのパジャマ
◆【コマ構成】テンプレ5: 上中下3段
◆【作画】ジャンル: 副業に最適化した統一スタイル / 作画スタイル: 親しみやすく実践的,現代的なライフスタイル表現 / 色調: 明るく前向きな色調,オレンジ・青・黄色基調,活力ある配色 / 線画: 親しみやすい柔らかな線,カジュアルで読みやすい表現 / 演出: 必要に応じて集中線,効果線,擬音などのマンガらしい演出
◆【ストーリー】
1コマ目 (上段): シーン描写。 セリフ: なし ナレーション: ［四角枠］小さく呟いた。無理だということは、わかった。 オノマトペ: なし
2コマ目 (中段): シーン描写。 セリフ: なし ナレーション: ［四角枠］でも、じゃあどうすればいいのかは、まだわからなかった。 オノマトペ: なし","[{""panel_id"": 1, ""type"": ""narration"", ""speaker"": null, ""text"": ""小さく呟いた。無理だということは、わかった。""}, {""panel_id"": 2, ""type"": ""narration"", ""speaker"": null, ""text"": ""でも、じゃあどうすればいいのかは、まだわからなかった。""}]"
"64","テンプレ2","◆【注意】【】で囲まれた単語は感情や状況の指示であり、画像内に文字として描画しないでください
◆【絶対最優先】必ずフルカラーにしてください
◆【絶対最優先】必ず日本のアニメ・マンガ調のイラストで描いてください。実写風・フォトリアル風は禁止です。

◆【絶対最優先】キャラクター外見: ミサキは添付のミサキ.pngと100%同一の外見で描画（32歳女性、ショートボブの黒髪、丸顔）
◆【出力サイズ】2:3
◆【補足情報】上下左右に50ピクセルの余白を設けてください
◆【補足情報】服装: ミサキ: 薄いピンクのパジャマ
◆【コマ構成】テンプレ2: 上下2分割
◆【作画】ジャンル: 副業に最適化した統一スタイル / 作画スタイル: 親しみやすく実践的,現代的なライフスタイル表現 / 色調: 明るく前向きな色調,オレンジ・青・黄色基調,活力ある配色 / 線画: 親しみやすい柔らかな線,カジュアルで読みやすい表現 / 演出: 必要に応じて集中線,効果線,擬音などのマンガらしい演出
◆【ストーリー】
1コマ目 (上): シーン描写。 セリフ: なし ナレーション: ［四角枠］スマホの画面が消えた。暗い画面に、自分の顔が映る。 オノマトペ: なし
2コマ目 (下): シーン描写。 セリフ: なし ナレーション: ［四角枠］退職した日の夜と、同じ顔が映っていた。 オノマトペ: なし","[{""panel_id"": 1, ""type"": ""narration"", ""speaker"": null, ""text"": ""スマホの画面が消えた。暗い画面に、自分の顔が映る。""}, {""panel_id"": 2, ""type"": ""narration"", ""speaker"": null, ""text"": ""退職した日の夜と、同じ顔が映っていた。""}]"
"65","テンプレ2","◆【注意】【】で囲まれた単語は感情や状況の指示であり、画像内に文字として描画しないでください
◆【絶対最優先】必ずフルカラーにしてください
◆【絶対最優先】必ず日本のアニメ・マンガ調のイラストで描いてください。実写風・フォトリアル風は禁止です。

◆【絶対最優先】キャラクター外見: ミサキは添付のミサキ.pngと100%同一の外見で描画（32歳女性、ショートボブの黒髪、丸顔）
◆【出力サイズ】2:3
◆【補足情報】上下左右に50ピクセルの余白を設けてください
◆【補足情報】服装: ミサキ: 薄いピンクのパジャマ
◆【コマ構成】テンプレ2: 上下2分割
◆【作画】ジャンル: 副業に最適化した統一スタイル / 作画スタイル: 親しみやすく実践的,現代的なライフスタイル表現 / 色調: 明るく前向きな色調,オレンジ・青・黄色基調,活力ある配色 / 線画: 親しみやすい柔らかな線,カジュアルで読みやすい表現 / 演出: 必要に応じて集中線,効果線,擬音などのマンガらしい演出
◆【ストーリー】
1コマ目 (上): シーン描写。 セリフ: なし ナレーション: ［四角枠］——でも、一つだけ違うことがある。あの夜は「何者なんだろう」 オノマトペ: なし
2コマ目 (下): シーン描写。 セリフ: なし ナレーション: ［四角枠］と問いかけた。今夜は「このままじゃ無理だ」と思った。 オノマトペ: なし","[{""panel_id"": 1, ""type"": ""narration"", ""speaker"": null, ""text"": ""——でも、一つだけ違うことがある。あの夜は「何者なんだろう」""}, {""panel_id"": 2, ""type"": ""narration"", ""speaker"": null, ""text"": ""と問いかけた。今夜は「このままじゃ無理だ」と思った。""}]"
"66","テンプレ4","◆【注意】【】で囲まれた単語は感情や状況の指示であり、画像内に文字として描画しないでください
◆【絶対最優先】必ずフルカラーにしてください
◆【絶対最優先】必ず日本のアニメ・マンガ調のイラストで描いてください。実写風・フォトリアル風は禁止です。

◆【絶対最優先】キャラクター外見: ミサキは添付のミサキ.pngと100%同一の外見で描画（32歳女性、ショートボブの黒髪、丸顔）
◆【出力サイズ】2:3
◆【補足情報】上下左右に50ピクセルの余白を設けてください
◆【補足情報】服装: ミサキ: 薄いピンクのパジャマ
◆【コマ構成】テンプレ4: 上大下小（上1コマ大＋下1コマ小）
◆【作画】ジャンル: 副業に最適化した統一スタイル / 作画スタイル: 親しみやすく実践的,現代的なライフスタイル表現 / 色調: 明るく前向きな色調,オレンジ・青・黄色基調,活力ある配色 / 線画: 親しみやすい柔らかな線,カジュアルで読みやすい表現 / 演出: 必要に応じて集中線,効果線,擬音などのマンガらしい演出
◆【ストーリー】
1コマ目 (上・大): シーン描写。 セリフ: なし ナレーション: ［四角枠］まだ答えは見えない。でも、「このままではいけない」 オノマトペ: なし
2コマ目 (下・小): シーン描写。 セリフ: なし ナレーション: ［四角枠］という焦りだけは、確かにあった。それは苦しい感情だ。 オノマトペ: なし","[{""panel_id"": 1, ""type"": ""narration"", ""speaker"": null, ""text"": ""まだ答えは見えない。でも、「このままではいけない」""}, {""panel_id"": 2, ""type"": ""narration"", ""speaker"": null, ""text"": ""という焦りだけは、確かにあった。それは苦しい感情だ。""}]"
"67","テンプレ1","◆【注意】【】で囲まれた単語は感情や状況の指示であり、画像内に文字として描画しないでください
◆【絶対最優先】必ずフルカラーにしてください
◆【絶対最優先】必ず日本のアニメ・マンガ調のイラストで描いてください。実写風・フォトリアル風は禁止です。

◆【絶対最優先】キャラクター外見: ミサキは添付のミサキ.pngと100%同一の外見で描画（32歳女性、ショートボブの黒髪、丸顔）
◆【出力サイズ】2:3
◆【補足情報】上下左右に50ピクセルの余白を設けてください
◆【補足情報】服装: ミサキ: 薄いピンクのパジャマ
◆【コマ構成】テンプレ1: 全面1コマ（上1コマ大＋下1コマ小）
◆【作画】ジャンル: 副業に最適化した統一スタイル / 作画スタイル: 親しみやすく実践的,現代的なライフスタイル表現 / 色調: 明るく前向きな色調,オレンジ・青・黄色基調,活力ある配色 / 線画: 親しみやすい柔らかな線,カジュアルで読みやすい表現 / 演出: 必要に応じて集中線,効果線,擬音などのマンガらしい演出
◆【ストーリー】
1コマ目 (上・大): シーン描写。 セリフ: なし ナレーション: ［四角枠］でも——もしかしたら——、 オノマトペ: なし
2コマ目 (下・小): シーン描写。 セリフ: なし ナレーション: ［四角枠］何かが変わる前触れなのかもしれない。 オノマトペ: なし","[{""panel_id"": 1, ""type"": ""narration"", ""speaker"": null, ""text"": ""もしかしたら変わる前触れかも。""}]"
"68","テンプレ1","◆【注意】【】で囲まれた単語は感情や状況の指示であり、画像内に文字として描画しないでください
◆【絶対最優先】必ずフルカラーにしてください
◆【絶対最優先】必ず日本のアニメ・マンガ調のイラストで描いてください。実写風・フォトリアル風は禁止です。

◆【絶対最優先】キャラクター外見: ミサキは添付のミサキ.pngと100%同一の外見で描画（32歳女性、ショートボブの黒髪、丸顔）
◆【出力サイズ】2:3
◆【補足情報】上下左右に50ピクセルの余白を設けてください
◆【補足情報】服装: ミサキ: 薄いピンクのパジャマ
◆【コマ構成】テンプレ1: 全面1コマ（上1コマ大＋下1コマ小）
◆【作画】ジャンル: 副業に最適化した統一スタイル / 作画スタイル: 親しみやすく実践的,現代的なライフスタイル表現 / 色調: 明るく前向きな色調,オレンジ・青・黄色基調,活力ある配色 / 線画: 親しみやすい柔らかな線,カジュアルで読みやすい表現 / 演出: 必要に応じて集中線,効果線,擬音などのマンガらしい演出
◆【ストーリー】
1コマ目 (上・大): シーン描写。 セリフ: なし ナレーション: ［四角枠］ミサキはそう思いたかった。 オノマトペ: なし","[{""panel_id"": 1, ""type"": ""narration"", ""speaker"": null, ""text"": ""ミサキはそう思いたかった。""}]"
"69","テンプレ1","◆【注意】【】で囲まれた単語は感情や状況の指示であり、画像内に文字として描画しないでください
◆【絶対最優先】必ずフルカラーにしてください
◆【絶対最優先】必ず日本のアニメ・マンガ調のイラストで描いてください。実写風・フォトリアル風は禁止です。

◆【絶対最優先】キャラクター外見: ミサキは添付のミサキ.pngと100%同一の外見で描画（32歳女性、ショートボブの黒髪、丸顔）
◆【出力サイズ】2:3
◆【補足情報】上下左右に50ピクセルの余白を設けてください
◆【補足情報】服装: ミサキ: 薄いピンクのパジャマ
◆【コマ構成】テンプレ1: 全面1コマ
◆【作画】ジャンル: 副業に最適化した統一スタイル / 作画スタイル: 親しみやすく実践的,現代的なライフスタイル表現 / 色調: 明るく前向きな色調,オレンジ・青・黄色基調,活力ある配色 / 線画: 親しみやすい柔らかな線,カジュアルで読みやすい表現 / 演出: 必要に応じて集中線,効果線,擬音などのマンガらしい演出
◆【ストーリー】
1コマ目 (ページ全体): シーン描写。 セリフ: なし ナレーション: ［四角枠］第4話「ワンオペと通帳残高」——おわり オノマトペ: なし","[{""panel_id"": 1, ""type"": ""narration"", ""speaker"": null, ""text"": ""第4話「ワンオペと通帳残高」——おわり""}]"
"70","テキストページ","◆【テキストページ】このページは画像生成不要。EPUB製本時にテキストとして直接レンダリングする。
◆【コラム原文】
コラム④：「何もできない」は本当か？——事務職スキルの棚卸し

——キャリアコンサルタントの視点から

「事務しかやったことない私に、何ができるの」

ミサキは二度、この言葉を口にしました。一度目は第2話の夜。二度目は今回。同じ言葉が繰り返されるとき、それはその人の中にある一番深い思い込みです。

今回のコラムでは、この思い込みを真正面から検証します。

「事務」は本当に「何もないスキル」なのか？

事務職経験者が「自分には何もない」と感じるのは、極めてよくあるパターンです。その理由は明確で、事務職のスキルは〝目に見えにくい〟から。

営業なら「売上○○万円」と数字で語れます。エンジニアなら「○○を開発した」と成果物を見せられます。デザイナーならポートフォリオがある。

事務職には、そういった「わかりやすい実績」が残りにくい。でも、それはスキルがないのとは全く違います。

事務職スキルを分解してみる

ミサキが5年間の事務職で身につけたスキルを、細かく分解してみましょう。

・正確な書類作成 → 文章を構造化し、誤りなく仕上げる力
・Excel管理 → データを整理・集計・可視化する力
・スケジュール管理 → 複数のタスクを並行して管理する力
・電話・メール対応 → 相手に合わせたコミュニケーション力
・備品管理・発注 → 必要なものを予測し、先回りして動く力
・部署間調整 → 立場の違う人の間に立って調整する力

これらは「事務スキル」と呼ばれますが、本質は情報整理力、段取り力、コミュニケーション力です。そしてこれらは、あらゆる仕事の土台となるスキルです。

「誰でもできる」という錯覚

ミサキは「こんなの、誰でもできる」と言いました。

本当でしょうか？

試しに、Excelで関数を使ったことがない人に集計表を任せてみてください。議事録を取ったことがない人に会議のメモを頼んでみてください。電話対応の経験がない人に取引先からの電話を取らせてみてください。

「誰でもできる」ように見えるのは、できる人がやっているからです。

事務職の人は、自分のスキルを当たり前だと思っている。でも、それは5年間かけて磨いた専門性です。「誰でもできる」のではなく、「あなたが上手にできる」のです。

「自分には何もない」がもたらす悪循環

問題は、「何もない」という思い込みが、行動を止めてしまうことです。

「スキルがない」→「応募しても受からない」→「探しても無駄」→「何もしない」→「やっぱり何もできない」

この悪循環は、能力の問題ではなく認知の問題です。鏡を見て「自分は醜い」と思い込んでいる人が、どんなに身なりを整えても自分を好きになれないのと同じです。

可能性を狭めているのは、市場ではなく自分自身

在宅ワークの選択肢は、ミサキが検索した時代よりも遥かに広がっています。そしてその多くが、特別な技術よりも「正確さ」「丁寧さ」「段取り力」を求めています。

さらに言えば——この先ミサキが出会うことになるAIツールは、「専門スキルがない人」にこそ大きな力を与えます。事務スキルという土台の上にAIが乗ったとき、何が起きるか。

それは、次の話以降で明らかになります。

今のミサキに必要なのは、新しいスキルを身につけることではありません。自分がすでに持っているものに気づくことです。","[]"
"71","テンプレ1","◆【注意】【】で囲まれた単語は感情や状況の指示であり、画像内に文字として描画しないでください
◆【絶対最優先】必ずフルカラーにしてください
◆【絶対最優先】必ず日本のアニメ・マンガ調のイラストで描いてください。実写風・フォトリアル風は禁止です。
◆【出力サイズ】2:3
◆【補足情報】上下左右に50ピクセルの余白を設けてください
◆【コマ構成】テンプレ1: 全面1コマ
◆【作画】ジャンル: 副業に最適化した統一スタイル / 作画スタイル: 親しみやすく実践的,現代的なライフスタイル表現 / 色調: 明るく前向きな色調,オレンジ・青・黄色基調,活力ある配色 / 線画: 親しみやすい柔らかな線,カジュアルで読みやすい表現 / 演出: 必要に応じて集中線,効果線,擬音などのマンガらしい演出
◆【ストーリー】
1コマ目 (全面): 扉ページ。タイトル〝第5話 画面の向こうの先輩〟を画面中央に大きく配置。背景は物語の雰囲気を表す抽象的なイメージ。 セリフ: なし ナレーション: なし オノマトペ: なし","[]"
"72","テンプレ3","◆【注意】【】で囲まれた単語は感情や状況の指示であり、画像内に文字として描画しないでください
◆【絶対最優先】必ずフルカラーにしてください
◆【絶対最優先】必ず日本のアニメ・マンガ調のイラストで描いてください。実写風・フォトリアル風は禁止です。

◆【絶対最優先】キャラクター外見: ミサキは添付のミサキ.pngと100%同一の外見で描画（32歳女性、ショートボブの黒髪、丸顔）
◆【絶対最優先】キャラクター外見: ひなたは添付のひなた_2歳期.pngと100%同一の外見で描画（2歳女の子、短い黒髪のおかっぱ、ピンクのTシャツに白いズボン）
◆【出力サイズ】2:3
◆【補足情報】上下左右に50ピクセルの余白を設けてください
◆【補足情報】服装: ミサキ: 薄いピンクのパジャマ
◆【コマ構成】テンプレ3: 上小下大（上1コマ小＋下1コマ大）
◆【作画】ジャンル: 副業に最適化した統一スタイル / 作画スタイル: 親しみやすく実践的,現代的なライフスタイル表現 / 色調: 明るく前向きな色調,オレンジ・青・黄色基調,活力ある配色 / 線画: 親しみやすい柔らかな線,カジュアルで読みやすい表現 / 演出: 必要に応じて集中線,効果線,擬音などのマンガらしい演出
◆【ストーリー】
1コマ目 (上・小): シーン描写。 セリフ: なし ナレーション: ［四角枠］午前2時。ひなたの夜泣きで目が覚めた。 オノマトペ: なし
2コマ目 (下・大): シーン描写。 セリフ: なし ナレーション: ［四角枠］抱き上げて、トントンする。5分ほどで落ち着いた。 オノマトペ: なし","[{""panel_id"": 1, ""type"": ""narration"", ""speaker"": null, ""text"": ""午前2時。ひなたの夜泣きで目が覚めた。""}, {""panel_id"": 2, ""type"": ""narration"", ""speaker"": null, ""text"": ""抱き上げて、トントンする。5分ほどで落ち着いた。""}]"
"73","テンプレ1","◆【注意】【】で囲まれた単語は感情や状況の指示であり、画像内に文字として描画しないでください
◆【絶対最優先】必ずフルカラーにしてください
◆【絶対最優先】必ず日本のアニメ・マンガ調のイラストで描いてください。実写風・フォトリアル風は禁止です。

◆【絶対最優先】キャラクター外見: ミサキは添付のミサキ.pngと100%同一の外見で描画（32歳女性、ショートボブの黒髪、丸顔）
◆【絶対最優先】キャラクター外見: ひなたは添付のひなた_2歳期.pngと100%同一の外見で描画（2歳女の子、短い黒髪のおかっぱ、ピンクのTシャツに白いズボン）
◆【出力サイズ】2:3
◆【補足情報】上下左右に50ピクセルの余白を設けてください
◆【補足情報】服装: ミサキ: 薄いピンクのパジャマ
◆【コマ構成】テンプレ1: 全面1コマ（上1コマ小＋下1コマ大）
◆【作画】ジャンル: 副業に最適化した統一スタイル / 作画スタイル: 親しみやすく実践的,現代的なライフスタイル表現 / 色調: 明るく前向きな色調,オレンジ・青・黄色基調,活力ある配色 / 線画: 親しみやすい柔らかな線,カジュアルで読みやすい表現 / 演出: 必要に応じて集中線,効果線,擬音などのマンガらしい演出
◆【ストーリー】
1コマ目 (上・小): シーン描写。 セリフ: なし ナレーション: ［四角枠］最近は夜泣きの時間が短くなってきた。成長しているのだ。 オノマトペ: なし","[{""panel_id"": 1, ""type"": ""narration"", ""speaker"": null, ""text"": ""最近は夜泣きの時間が短くなってきた。成長しているのだ。""}]"
"74","テンプレ4","◆【注意】【】で囲まれた単語は感情や状況の指示であり、画像内に文字として描画しないでください
◆【絶対最優先】必ずフルカラーにしてください
◆【絶対最優先】必ず日本のアニメ・マンガ調のイラストで描いてください。実写風・フォトリアル風は禁止です。

◆【絶対最優先】キャラクター外見: ミサキは添付のミサキ.pngと100%同一の外見で描画（32歳女性、ショートボブの黒髪、丸顔）
◆【出力サイズ】2:3
◆【補足情報】上下左右に50ピクセルの余白を設けてください
◆【補足情報】服装: ミサキ: 薄いピンクのパジャマ
◆【コマ構成】テンプレ4: 上大下小（上1コマ大＋下1コマ小）
◆【作画】ジャンル: 副業に最適化した統一スタイル / 作画スタイル: 親しみやすく実践的,現代的なライフスタイル表現 / 色調: 明るく前向きな色調,オレンジ・青・黄色基調,活力ある配色 / 線画: 親しみやすい柔らかな線,カジュアルで読みやすい表現 / 演出: 必要に応じて集中線,効果線,擬音などのマンガらしい演出
◆【ストーリー】
1コマ目 (上・大): シーン描写。 セリフ: なし ナレーション: ［四角枠］ベッドに戻したが、ミサキの目は冴えてしまった。 オノマトペ: なし
2コマ目 (下・小): シーン描写。 セリフ: なし ナレーション: ［四角枠］いつもの癖で、スマホを開く。 オノマトペ: なし","[{""panel_id"": 1, ""type"": ""narration"", ""speaker"": null, ""text"": ""ベッドに戻したが、ミサキの目は冴えてしまった。""}, {""panel_id"": 2, ""type"": ""narration"", ""speaker"": null, ""text"": ""いつもの癖で、スマホを開く。""}]"
"75","テンプレ1","◆【注意】【】で囲まれた単語は感情や状況の指示であり、画像内に文字として描画しないでください
◆【絶対最優先】必ずフルカラーにしてください
◆【絶対最優先】必ず日本のアニメ・マンガ調のイラストで描いてください。実写風・フォトリアル風は禁止です。

◆【絶対最優先】キャラクター外見: ミサキは添付のミサキ.pngと100%同一の外見で描画（32歳女性、ショートボブの黒髪、丸顔）
◆【出力サイズ】2:3
◆【補足情報】上下左右に50ピクセルの余白を設けてください
◆【補足情報】服装: ミサキ: 薄いピンクのパジャマ
◆【コマ構成】テンプレ1: 全面1コマ（上1コマ大＋下1コマ小）
◆【作画】ジャンル: 副業に最適化した統一スタイル / 作画スタイル: 親しみやすく実践的,現代的なライフスタイル表現 / 色調: 明るく前向きな色調,オレンジ・青・黄色基調,活力ある配色 / 線画: 親しみやすい柔らかな線,カジュアルで読みやすい表現 / 演出: 必要に応じて集中線,効果線,擬音などのマンガらしい演出
◆【ストーリー】
1コマ目 (上・大): シーン描写。 セリフ: なし ナレーション: ［四角枠］SNSのタイムライン。深夜でも誰かが何かを投稿している。 オノマトペ: なし","[{""panel_id"": 1, ""type"": ""narration"", ""speaker"": null, ""text"": ""SNSのタイムライン。深夜でも誰かが何かを投稿している。""}]"
"76","テンプレ5","◆【注意】【】で囲まれた単語は感情や状況の指示であり、画像内に文字として描画しないでください
◆【絶対最優先】必ずフルカラーにしてください
◆【絶対最優先】必ず日本のアニメ・マンガ調のイラストで描いてください。実写風・フォトリアル風は禁止です。

◆【絶対最優先】キャラクター外見: ミサキは添付のミサキ.pngと100%同一の外見で描画（32歳女性、ショートボブの黒髪、丸顔）
◆【出力サイズ】2:3
◆【補足情報】上下左右に50ピクセルの余白を設けてください
◆【補足情報】服装: ミサキ: 薄いピンクのパジャマ
◆【コマ構成】テンプレ5: 上中下3段
◆【作画】ジャンル: 副業に最適化した統一スタイル / 作画スタイル: 親しみやすく実践的,現代的なライフスタイル表現 / 色調: 明るく前向きな色調,オレンジ・青・黄色基調,活力ある配色 / 線画: 親しみやすい柔らかな線,カジュアルで読みやすい表現 / 演出: 必要に応じて集中線,効果線,擬音などのマンガらしい演出
◆【ストーリー】
1コマ目 (上段): シーン描写。 セリフ: なし ナレーション: ［四角枠］スクロール。スクロール。スクロール。育児アカウントの愚痴。 オノマトペ: なし
2コマ目 (中段): シーン描写。 セリフ: なし ナレーション: ［四角枠］芸能人のニュース。おすすめのレシピ動画。 オノマトペ: なし
3コマ目 (下段): シーン描写。 セリフ: なし ナレーション: ［四角枠］指が止まった。広告が一つ、挟まっていた。 オノマトペ: なし","[{""panel_id"": 1, ""type"": ""narration"", ""speaker"": null, ""text"": ""スクロール。スクロール。スクロール。育児アカウントの愚痴。""}, {""panel_id"": 2, ""type"": ""narration"", ""speaker"": null, ""text"": ""芸能人のニュース。おすすめのレシピ動画。""}, {""panel_id"": 3, ""type"": ""narration"", ""speaker"": null, ""text"": ""指が止まった。広告が一つ、挟まっていた。""}]"
"77","テンプレ5","◆【注意】【】で囲まれた単語は感情や状況の指示であり、画像内に文字として描画しないでください
◆【絶対最優先】必ずフルカラーにしてください
◆【絶対最優先】必ず日本のアニメ・マンガ調のイラストで描いてください。実写風・フォトリアル風は禁止です。

◆【絶対最優先】キャラクター外見: ミサキは添付のミサキ.pngと100%同一の外見で描画（32歳女性、ショートボブの黒髪、丸顔）
◆【出力サイズ】2:3
◆【補足情報】上下左右に50ピクセルの余白を設けてください
◆【補足情報】服装: ミサキ: 薄いピンクのパジャマ
◆【コマ構成】テンプレ5: 上中下3段
◆【作画】ジャンル: 副業に最適化した統一スタイル / 作画スタイル: 親しみやすく実践的,現代的なライフスタイル表現 / 色調: 明るく前向きな色調,オレンジ・青・黄色基調,活力ある配色 / 線画: 親しみやすい柔らかな線,カジュアルで読みやすい表現 / 演出: 必要に応じて集中線,効果線,擬音などのマンガらしい演出
◆【ストーリー】
1コマ目 (上段): シーン描写。 セリフ: なし ナレーション: ［四角枠］「非エンジニアの僕が、AIで月10万稼いだ方法」 オノマトペ: なし
2コマ目 (中段): シーン描写。 セリフ: なし ナレーション: ［四角枠］——怪しい。真っ先にそう思った。 オノマトペ: なし","[{""panel_id"": 1, ""type"": ""narration"", ""speaker"": null, ""text"": ""「非エンジニアの僕が、AIで月10万稼いだ方法」""}, {""panel_id"": 2, ""type"": ""narration"", ""speaker"": null, ""text"": ""——怪しい。真っ先にそう思った。""}]"
"78","テンプレ2","◆【注意】【】で囲まれた単語は感情や状況の指示であり、画像内に文字として描画しないでください
◆【絶対最優先】必ずフルカラーにしてください
◆【絶対最優先】必ず日本のアニメ・マンガ調のイラストで描いてください。実写風・フォトリアル風は禁止です。

◆【絶対最優先】キャラクター外見: ミサキは添付のミサキ.pngと100%同一の外見で描画（32歳女性、ショートボブの黒髪、丸顔）
◆【出力サイズ】2:3
◆【補足情報】上下左右に50ピクセルの余白を設けてください
◆【補足情報】服装: ミサキ: 薄いピンクのパジャマ
◆【コマ構成】テンプレ2: 上下2分割
◆【作画】ジャンル: 副業に最適化した統一スタイル / 作画スタイル: 親しみやすく実践的,現代的なライフスタイル表現 / 色調: 明るく前向きな色調,オレンジ・青・黄色基調,活力ある配色 / 線画: 親しみやすい柔らかな線,カジュアルで読みやすい表現 / 演出: 必要に応じて集中線,効果線,擬音などのマンガらしい演出
◆【ストーリー】
1コマ目 (上): シーン描写。 セリフ: なし ナレーション: ［四角枠］「ノーコード」「未経験OK」「スキマ時間で」 オノマトペ: なし
2コマ目 (下): シーン描写。 セリフ: なし ナレーション: ［四角枠］——こういう言葉が並ぶ広告を、 オノマトペ: なし","[{""panel_id"": 1, ""type"": ""narration"", ""speaker"": null, ""text"": ""「ノーコード」「未経験OK」「スキマ時間で」""}, {""panel_id"": 2, ""type"": ""narration"", ""speaker"": null, ""text"": ""——こういう言葉が並ぶ広告を、""}]"
"79","テンプレ2","◆【注意】【】で囲まれた単語は感情や状況の指示であり、画像内に文字として描画しないでください
◆【絶対最優先】必ずフルカラーにしてください
◆【絶対最優先】必ず日本のアニメ・マンガ調のイラストで描いてください。実写風・フォトリアル風は禁止です。

◆【絶対最優先】キャラクター外見: ミサキは添付のミサキ.pngと100%同一の外見で描画（32歳女性、ショートボブの黒髪、丸顔）
◆【出力サイズ】2:3
◆【補足情報】上下左右に50ピクセルの余白を設けてください
◆【補足情報】服装: ミサキ: 薄いピンクのパジャマ
◆【コマ構成】テンプレ2: 上下2分割
◆【作画】ジャンル: 副業に最適化した統一スタイル / 作画スタイル: 親しみやすく実践的,現代的なライフスタイル表現 / 色調: 明るく前向きな色調,オレンジ・青・黄色基調,活力ある配色 / 線画: 親しみやすい柔らかな線,カジュアルで読みやすい表現 / 演出: 必要に応じて集中線,効果線,擬音などのマンガらしい演出
◆【ストーリー】
1コマ目 (上): シーン描写。 セリフ: なし ナレーション: ［四角枠］ミサキは何十回もスルーしてきた。 オノマトペ: なし
2コマ目 (下): シーン描写。 セリフ: なし ナレーション: ［四角枠］情報商材、高額セミナー、マルチ商法の入り口。 オノマトペ: なし","[{""panel_id"": 1, ""type"": ""narration"", ""speaker"": null, ""text"": ""ミサキは何十回もスルーしてきた。""}, {""panel_id"": 2, ""type"": ""narration"", ""speaker"": null, ""text"": ""情報商材、高額セミナー、マルチ商法の入り口。""}]"
"80","テンプレ2","◆【注意】【】で囲まれた単語は感情や状況の指示であり、画像内に文字として描画しないでください
◆【絶対最優先】必ずフルカラーにしてください
◆【絶対最優先】必ず日本のアニメ・マンガ調のイラストで描いてください。実写風・フォトリアル風は禁止です。

◆【絶対最優先】キャラクター外見: ミサキは添付のミサキ.pngと100%同一の外見で描画（32歳女性、ショートボブの黒髪、丸顔）
◆【出力サイズ】2:3
◆【補足情報】上下左右に50ピクセルの余白を設けてください
◆【補足情報】服装: ミサキ: 薄いピンクのパジャマ
◆【コマ構成】テンプレ2: 上下2分割
◆【作画】ジャンル: 副業に最適化した統一スタイル / 作画スタイル: 親しみやすく実践的,現代的なライフスタイル表現 / 色調: 明るく前向きな色調,オレンジ・青・黄色基調,活力ある配色 / 線画: 親しみやすい柔らかな線,カジュアルで読みやすい表現 / 演出: 必要に応じて集中線,効果線,擬音などのマンガらしい演出
◆【ストーリー】
1コマ目 (上): シーン描写。 セリフ: なし ナレーション: ［四角枠］そんなものには引っかからない。 オノマトペ: なし
2コマ目 (下): シーン描写。 セリフ: なし ナレーション: ［四角枠］でも、スクロールする指が、ほんの少しだけ遅くなった。 オノマトペ: なし","[{""panel_id"": 1, ""type"": ""narration"", ""speaker"": null, ""text"": ""そんなものには引っかからない。""}, {""panel_id"": 2, ""type"": ""narration"", ""speaker"": null, ""text"": ""でも、スクロールする指が、ほんの少しだけ遅くなった。""}]"
"81","テンプレ2","◆【注意】【】で囲まれた単語は感情や状況の指示であり、画像内に文字として描画しないでください
◆【絶対最優先】必ずフルカラーにしてください
◆【絶対最優先】必ず日本のアニメ・マンガ調のイラストで描いてください。実写風・フォトリアル風は禁止です。

◆【絶対最優先】キャラクター外見: ミサキは添付のミサキ.pngと100%同一の外見で描画（32歳女性、ショートボブの黒髪、丸顔）
◆【出力サイズ】2:3
◆【補足情報】上下左右に50ピクセルの余白を設けてください
◆【補足情報】服装: ミサキ: 薄いピンクのパジャマ
◆【コマ構成】テンプレ2: 上下2分割
◆【作画】ジャンル: 副業に最適化した統一スタイル / 作画スタイル: 親しみやすく実践的,現代的なライフスタイル表現 / 色調: 明るく前向きな色調,オレンジ・青・黄色基調,活力ある配色 / 線画: 親しみやすい柔らかな線,カジュアルで読みやすい表現 / 演出: 必要に応じて集中線,効果線,擬音などのマンガらしい演出
◆【ストーリー】
1コマ目 (上): シーン描写。 セリフ: なし ナレーション: ［四角枠］広告のサムネイル画像には、普通の男性の顔写真があった。 オノマトペ: なし
2コマ目 (下): シーン描写。 セリフ: なし ナレーション: ［四角枠］ギラギラした感じではない。 オノマトペ: なし","[{""panel_id"": 1, ""type"": ""narration"", ""speaker"": null, ""text"": ""広告のサムネイル画像には、普通の男性の顔写真があった。""}, {""panel_id"": 2, ""type"": ""narration"", ""speaker"": null, ""text"": ""ギラギラした感じではない。""}]"
"82","テンプレ1","◆【注意】【】で囲まれた単語は感情や状況の指示であり、画像内に文字として描画しないでください
◆【絶対最優先】必ずフルカラーにしてください
◆【絶対最優先】必ず日本のアニメ・マンガ調のイラストで描いてください。実写風・フォトリアル風は禁止です。

◆【絶対最優先】キャラクター外見: ミサキは添付のミサキ.pngと100%同一の外見で描画（32歳女性、ショートボブの黒髪、丸顔）
◆【出力サイズ】2:3
◆【補足情報】上下左右に50ピクセルの余白を設けてください
◆【補足情報】服装: ミサキ: 薄いピンクのパジャマ
◆【コマ構成】テンプレ2: 上下2分割
◆【作画】ジャンル: 副業に最適化した統一スタイル / 作画スタイル: 親しみやすく実践的,現代的なライフスタイル表現 / 色調: 明るく前向きな色調,オレンジ・青・黄色基調,活力ある配色 / 線画: 親しみやすい柔らかな線,カジュアルで読みやすい表現 / 演出: 必要に応じて集中線,効果線,擬音などのマンガらしい演出
◆【ストーリー】
1コマ目 (上): シーン描写。 セリフ: なし ナレーション: ［四角枠］高級車の前でもないし、タワーマンションの屋上でもない。 オノマトペ: なし","[{""panel_id"": 1, ""type"": ""narration"", ""speaker"": null, ""text"": ""高級車の前でもないし、タワーマンションの屋上でもない。""}]"
"83","テンプレ6","◆【注意】【】で囲まれた単語は感情や状況の指示であり、画像内に文字として描画しないでください
◆【絶対最優先】必ずフルカラーにしてください
◆【絶対最優先】必ず日本のアニメ・マンガ調のイラストで描いてください。実写風・フォトリアル風は禁止です。

◆【絶対最優先】キャラクター外見: ミサキは添付のミサキ.pngと100%同一の外見で描画（32歳女性、ショートボブの黒髪、丸顔）
◆【出力サイズ】2:3
◆【補足情報】上下左右に50ピクセルの余白を設けてください
◆【補足情報】服装: ミサキ: 薄いピンクのパジャマ
◆【コマ構成】テンプレ6: 上1コマ＋下左右2コマ
◆【作画】ジャンル: 副業に最適化した統一スタイル / 作画スタイル: 親しみやすく実践的,現代的なライフスタイル表現 / 色調: 明るく前向きな色調,オレンジ・青・黄色基調,活力ある配色 / 線画: 親しみやすい柔らかな線,カジュアルで読みやすい表現 / 演出: 必要に応じて集中線,効果線,擬音などのマンガらしい演出
◆【ストーリー】
1コマ目 (上): シーン描写。 セリフ: なし ナレーション: ［四角枠］「元営業マンが語る、AIと二人三脚の働き方」——元営業マン？ オノマトペ: なし
2コマ目 (下左): シーン描写。 セリフ: なし ナレーション: ［四角枠］ エンジニアじゃないんだ。、［四角枠］その一行が、引っかかった。 オノマトペ: なし
3コマ目 (下右): シーン描写。 セリフ: なし ナレーション: ［四角枠］今までスルーしてきた広告は、だいたいが「元エンジニア」 オノマトペ: なし","[{""panel_id"": 1, ""type"": ""narration"", ""speaker"": null, ""text"": ""「元営業マンが語る、AIと二人三脚の働き方」——元営業マン？""}, {""panel_id"": 2, ""type"": ""narration"", ""speaker"": null, ""text"": "" エンジニアじゃないんだ。""}, {""panel_id"": 2, ""type"": ""narration"", ""speaker"": null, ""text"": ""その一行が、引っかかった。""}, {""panel_id"": 3, ""type"": ""narration"", ""speaker"": null, ""text"": ""今までスルーしてきた広告は、だいたいが「元エンジニア」""}]"
"84","テンプレ6","◆【注意】【】で囲まれた単語は感情や状況の指示であり、画像内に文字として描画しないでください
◆【絶対最優先】必ずフルカラーにしてください
◆【絶対最優先】必ず日本のアニメ・マンガ調のイラストで描いてください。実写風・フォトリアル風は禁止です。

◆【絶対最優先】キャラクター外見: ミサキは添付のミサキ.pngと100%同一の外見で描画（32歳女性、ショートボブの黒髪、丸顔）
◆【出力サイズ】2:3
◆【補足情報】上下左右に50ピクセルの余白を設けてください
◆【補足情報】服装: ミサキ: 薄いピンクのパジャマ
◆【コマ構成】テンプレ6: 上1コマ＋下左右2コマ
◆【作画】ジャンル: 副業に最適化した統一スタイル / 作画スタイル: 親しみやすく実践的,現代的なライフスタイル表現 / 色調: 明るく前向きな色調,オレンジ・青・黄色基調,活力ある配色 / 線画: 親しみやすい柔らかな線,カジュアルで読みやすい表現 / 演出: 必要に応じて集中線,効果線,擬音などのマンガらしい演出
◆【ストーリー】
1コマ目 (上): シーン描写。 セリフ: なし ナレーション: ［四角枠］「元プログラマー」だった。 オノマトペ: なし
2コマ目 (下左): シーン描写。 セリフ: なし ナレーション: ［四角枠］最初からITの知識がある人が、ITで稼いだ話。 オノマトペ: なし
3コマ目 (下右): シーン描写。 セリフ: なし ナレーション: ［四角枠］ミサキには遠い世界だった。、［四角枠］でも「元営業マン」 オノマトペ: なし","[{""panel_id"": 1, ""type"": ""narration"", ""speaker"": null, ""text"": ""「元プログラマー」だった。""}, {""panel_id"": 2, ""type"": ""narration"", ""speaker"": null, ""text"": ""最初からITの知識がある人が、ITで稼いだ話。""}, {""panel_id"": 3, ""type"": ""narration"", ""speaker"": null, ""text"": ""ミサキには遠い世界だった。""}, {""panel_id"": 3, ""type"": ""narration"", ""speaker"": null, ""text"": ""でも「元営業マン」""}]"
"85","テンプレ6","◆【注意】【】で囲まれた単語は感情や状況の指示であり、画像内に文字として描画しないでください
◆【絶対最優先】必ずフルカラーにしてください
◆【絶対最優先】必ず日本のアニメ・マンガ調のイラストで描いてください。実写風・フォトリアル風は禁止です。

◆【絶対最優先】キャラクター外見: ミサキは添付のミサキ.pngと100%同一の外見で描画（32歳女性、ショートボブの黒髪、丸顔）
◆【出力サイズ】2:3
◆【補足情報】上下左右に50ピクセルの余白を設けてください
◆【補足情報】服装: ミサキ: 薄いピンクのパジャマ
◆【コマ構成】テンプレ6: 上1コマ＋下左右2コマ
◆【作画】ジャンル: 副業に最適化した統一スタイル / 作画スタイル: 親しみやすく実践的,現代的なライフスタイル表現 / 色調: 明るく前向きな色調,オレンジ・青・黄色基調,活力ある配色 / 線画: 親しみやすい柔らかな線,カジュアルで読みやすい表現 / 演出: 必要に応じて集中線,効果線,擬音などのマンガらしい演出
◆【ストーリー】
1コマ目 (上): シーン描写。 セリフ: なし ナレーション: ［四角枠］なら——事務職のミサキと、そこまで遠くない。 オノマトペ: なし","[{""panel_id"": 1, ""type"": ""narration"", ""speaker"": null, ""text"": ""なら——事務職のミサキと、そこまで遠くない。""}]"
"86","テンプレ3","◆【注意】【】で囲まれた単語は感情や状況の指示であり、画像内に文字として描画しないでください
◆【絶対最優先】必ずフルカラーにしてください
◆【絶対最優先】必ず日本のアニメ・マンガ調のイラストで描いてください。実写風・フォトリアル風は禁止です。

◆【絶対最優先】キャラクター外見: ミサキは添付のミサキ.pngと100%同一の外見で描画（32歳女性、ショートボブの黒髪、丸顔）
◆【出力サイズ】2:3
◆【補足情報】上下左右に50ピクセルの余白を設けてください
◆【補足情報】服装: ミサキ: 薄いピンクのパジャマ
◆【コマ構成】テンプレ3: 上小下大（上1コマ小＋下1コマ大）
◆【作画】ジャンル: 副業に最適化した統一スタイル / 作画スタイル: 親しみやすく実践的,現代的なライフスタイル表現 / 色調: 明るく前向きな色調,オレンジ・青・黄色基調,活力ある配色 / 線画: 親しみやすい柔らかな線,カジュアルで読みやすい表現 / 演出: 必要に応じて集中線,効果線,擬音などのマンガらしい演出
◆【ストーリー】
1コマ目 (上・小): シーン描写。 セリフ: なし ナレーション: ［四角枠］リンク先は、個人のブログだった。派手なデザインではない。 オノマトペ: なし
2コマ目 (下・大): シーン描写。 セリフ: なし ナレーション: ［四角枠］文章が淡々と並んでいる。 オノマトペ: なし","[{""panel_id"": 1, ""type"": ""narration"", ""speaker"": null, ""text"": ""リンク先は、個人のブログだった。派手なデザインではない。""}, {""panel_id"": 2, ""type"": ""narration"", ""speaker"": null, ""text"": ""文章が淡々と並んでいる。""}]"
"87","テンプレ3","◆【注意】【】で囲まれた単語は感情や状況の指示であり、画像内に文字として描画しないでください
◆【絶対最優先】必ずフルカラーにしてください
◆【絶対最優先】必ず日本のアニメ・マンガ調のイラストで描いてください。実写風・フォトリアル風は禁止です。

◆【絶対最優先】キャラクター外見: ミサキは添付のミサキ.pngと100%同一の外見で描画（32歳女性、ショートボブの黒髪、丸顔）
◆【出力サイズ】2:3
◆【補足情報】上下左右に50ピクセルの余白を設けてください
◆【補足情報】服装: ミサキ: 薄いピンクのパジャマ
◆【コマ構成】テンプレ3: 上小下大（上1コマ小＋下1コマ大）
◆【作画】ジャンル: 副業に最適化した統一スタイル / 作画スタイル: 親しみやすく実践的,現代的なライフスタイル表現 / 色調: 明るく前向きな色調,オレンジ・青・黄色基調,活力ある配色 / 線画: 親しみやすい柔らかな線,カジュアルで読みやすい表現 / 演出: 必要に応じて集中線,効果線,擬音などのマンガらしい演出
◆【ストーリー】
1コマ目 (上・小): シーン描写。 セリフ: なし ナレーション: ［四角枠］「自己紹介。佐々木拓也、42歳。元・中堅メーカーの営業職。 オノマトペ: なし
2コマ目 (下・大): シーン描写。 セリフ: なし ナレーション: ［四角枠］15年間、ルート営業をやっていました」 オノマトペ: なし","[{""panel_id"": 1, ""type"": ""narration"", ""speaker"": null, ""text"": ""「自己紹介。佐々木拓也、42歳。元・中堅メーカーの営業職。""}, {""panel_id"": 2, ""type"": ""narration"", ""speaker"": null, ""text"": ""15年間、ルート営業をやっていました」""}]"
"88","テンプレ3","◆【注意】【】で囲まれた単語は感情や状況の指示であり、画像内に文字として描画しないでください
◆【絶対最優先】必ずフルカラーにしてください
◆【絶対最優先】必ず日本のアニメ・マンガ調のイラストで描いてください。実写風・フォトリアル風は禁止です。

◆【絶対最優先】キャラクター外見: ミサキは添付のミサキ.pngと100%同一の外見で描画（32歳女性、ショートボブの黒髪、丸顔）
◆【出力サイズ】2:3
◆【補足情報】上下左右に50ピクセルの余白を設けてください
◆【補足情報】服装: ミサキ: 薄いピンクのパジャマ
◆【コマ構成】テンプレ3: 上小下大（上1コマ小＋下1コマ大）
◆【作画】ジャンル: 副業に最適化した統一スタイル / 作画スタイル: 親しみやすく実践的,現代的なライフスタイル表現 / 色調: 明るく前向きな色調,オレンジ・青・黄色基調,活力ある配色 / 線画: 親しみやすい柔らかな線,カジュアルで読みやすい表現 / 演出: 必要に応じて集中線,効果線,擬音などのマンガらしい演出
◆【ストーリー】
1コマ目 (上・小): シーン描写。 セリフ: なし ナレーション: ［四角枠］「38歳で会社が早期退職を募集。手を挙げました。 オノマトペ: なし
2コマ目 (下・大): シーン描写。 セリフ: なし ナレーション: ［四角枠］次のあてはありませんでした」 オノマトペ: なし","[{""panel_id"": 1, ""type"": ""narration"", ""speaker"": null, ""text"": ""「38歳で会社が早期退職を募集。手を挙げました。""}, {""panel_id"": 2, ""type"": ""narration"", ""speaker"": null, ""text"": ""次のあてはありませんでした」""}]"
"89","テンプレ5","◆【注意】【】で囲まれた単語は感情や状況の指示であり、画像内に文字として描画しないでください
◆【絶対最優先】必ずフルカラーにしてください
◆【絶対最優先】必ず日本のアニメ・マンガ調のイラストで描いてください。実写風・フォトリアル風は禁止です。

◆【絶対最優先】キャラクター外見: ミサキは添付のミサキ.pngと100%同一の外見で描画（32歳女性、ショートボブの黒髪、丸顔）
◆【出力サイズ】2:3
◆【補足情報】上下左右に50ピクセルの余白を設けてください
◆【補足情報】服装: ミサキ: 薄いピンクのパジャマ
◆【コマ構成】テンプレ5: 上中下3段
◆【作画】ジャンル: 副業に最適化した統一スタイル / 作画スタイル: 親しみやすく実践的,現代的なライフスタイル表現 / 色調: 明るく前向きな色調,オレンジ・青・黄色基調,活力ある配色 / 線画: 親しみやすい柔らかな線,カジュアルで読みやすい表現 / 演出: 必要に応じて集中線,効果線,擬音などのマンガらしい演出
◆【ストーリー】
1コマ目 (上段): シーン描写。 セリフ: なし ナレーション: ［四角枠］「WordとExcelしか使えない40手前のおっさんが、 オノマトペ: なし
2コマ目 (中段): シーン描写。 セリフ: なし ナレーション: ［四角枠］なぜ独立できたのか」ミサキは読み進めた。文章は素朴だった。 オノマトペ: なし
3コマ目 (下段): シーン描写。 セリフ: なし ナレーション: ［四角枠］淡々と、自分が何をしてきたかを書いている。 オノマトペ: なし","[{""panel_id"": 1, ""type"": ""narration"", ""speaker"": null, ""text"": ""「WordとExcelしか使えない40手前のおっさんが、""}, {""panel_id"": 2, ""type"": ""narration"", ""speaker"": null, ""text"": ""なぜ独立できたのか」ミサキは読み進めた。文章は素朴だった。""}, {""panel_id"": 3, ""type"": ""narration"", ""speaker"": null, ""text"": ""淡々と、自分が何をしてきたかを書いている。""}]"
"90","テンプレ5","◆【注意】【】で囲まれた単語は感情や状況の指示であり、画像内に文字として描画しないでください
◆【絶対最優先】必ずフルカラーにしてください
◆【絶対最優先】必ず日本のアニメ・マンガ調のイラストで描いてください。実写風・フォトリアル風は禁止です。

◆【絶対最優先】キャラクター外見: ミサキは添付のミサキ.pngと100%同一の外見で描画（32歳女性、ショートボブの黒髪、丸顔）
◆【出力サイズ】2:3
◆【補足情報】上下左右に50ピクセルの余白を設けてください
◆【補足情報】服装: ミサキ: 薄いピンクのパジャマ
◆【コマ構成】テンプレ5: 上中下3段
◆【作画】ジャンル: 副業に最適化した統一スタイル / 作画スタイル: 親しみやすく実践的,現代的なライフスタイル表現 / 色調: 明るく前向きな色調,オレンジ・青・黄色基調,活力ある配色 / 線画: 親しみやすい柔らかな線,カジュアルで読みやすい表現 / 演出: 必要に応じて集中線,効果線,擬音などのマンガらしい演出
◆【ストーリー】
1コマ目 (上段): シーン描写。 セリフ: なし ナレーション: ［四角枠］「最初にやったのは、ChatGPTに『営業メールのテンプレー オノマトペ: なし
2コマ目 (中段): シーン描写。 セリフ: なし ナレーション: ［四角枠］トを作って』とお願いすることでした」 オノマトペ: なし
3コマ目 (下段): シーン描写。 セリフ: なし ナレーション: ［四角枠］「返ってきた文章を見て、衝撃を受けました。 オノマトペ: なし","[{""panel_id"": 1, ""type"": ""narration"", ""speaker"": null, ""text"": ""「最初にやったのは、ChatGPTに『営業メールのテンプレー""}, {""panel_id"": 2, ""type"": ""narration"", ""speaker"": null, ""text"": ""トを作って』とお願いすることでした」""}, {""panel_id"": 3, ""type"": ""narration"", ""speaker"": null, ""text"": ""「返ってきた文章を見て、衝撃を受けました。""}]"
"91","テンプレ5","◆【注意】【】で囲まれた単語は感情や状況の指示であり、画像内に文字として描画しないでください
◆【絶対最優先】必ずフルカラーにしてください
◆【絶対最優先】必ず日本のアニメ・マンガ調のイラストで描いてください。実写風・フォトリアル風は禁止です。

◆【絶対最優先】キャラクター外見: ミサキは添付のミサキ.pngと100%同一の外見で描画（32歳女性、ショートボブの黒髪、丸顔）
◆【出力サイズ】2:3
◆【補足情報】上下左右に50ピクセルの余白を設けてください
◆【補足情報】服装: ミサキ: 薄いピンクのパジャマ
◆【コマ構成】テンプレ5: 上中下3段
◆【作画】ジャンル: 副業に最適化した統一スタイル / 作画スタイル: 親しみやすく実践的,現代的なライフスタイル表現 / 色調: 明るく前向きな色調,オレンジ・青・黄色基調,活力ある配色 / 線画: 親しみやすい柔らかな線,カジュアルで読みやすい表現 / 演出: 必要に応じて集中線,効果線,擬音などのマンガらしい演出
◆【ストーリー】
1コマ目 (上段): シーン描写。 セリフ: なし ナレーション: ［四角枠］自分が1時間かけて書くメールを、30秒で作ってくれた」 オノマトペ: なし
2コマ目 (中段): シーン描写。 セリフ: なし ナレーション: ［四角枠］「でも、一番の衝撃はそこじゃなかった。 オノマトペ: なし
3コマ目 (下段): シーン描写。 セリフ: なし ナレーション: ［四角枠］『自分の仕事の半分は、AIに任せられる』と気づいたことです」 オノマトペ: なし","[{""panel_id"": 1, ""type"": ""narration"", ""speaker"": null, ""text"": ""自分が1時間かけて書くメールを、30秒で作ってくれた」""}, {""panel_id"": 2, ""type"": ""narration"", ""speaker"": null, ""text"": ""「でも、一番の衝撃はそこじゃなかった。""}, {""panel_id"": 3, ""type"": ""narration"", ""speaker"": null, ""text"": ""『自分の仕事の半分は、AIに任せられる』と気づいたことです」""}]"
"92","テンプレ4","◆【注意】【】で囲まれた単語は感情や状況の指示であり、画像内に文字として描画しないでください
◆【絶対最優先】必ずフルカラーにしてください
◆【絶対最優先】必ず日本のアニメ・マンガ調のイラストで描いてください。実写風・フォトリアル風は禁止です。

◆【絶対最優先】キャラクター外見: ミサキは添付のミサキ.pngと100%同一の外見で描画（32歳女性、ショートボブの黒髪、丸顔）
◆【出力サイズ】2:3
◆【補足情報】上下左右に50ピクセルの余白を設けてください
◆【補足情報】服装: ミサキ: 薄いピンクのパジャマ
◆【コマ構成】テンプレ4: 上大下小（上1コマ大＋下1コマ小）
◆【作画】ジャンル: 副業に最適化した統一スタイル / 作画スタイル: 親しみやすく実践的,現代的なライフスタイル表現 / 色調: 明るく前向きな色調,オレンジ・青・黄色基調,活力ある配色 / 線画: 親しみやすい柔らかな線,カジュアルで読みやすい表現 / 演出: 必要に応じて集中線,効果線,擬音などのマンガらしい演出
◆【ストーリー】
1コマ目 (上・大): シーン描写。 セリフ: なし ナレーション: ［四角枠］「営業職の僕にとって、プログラミングは月の裏側みたいなもので オノマトペ: なし
2コマ目 (下・小): シーン描写。 セリフ: なし ナレーション: ［四角枠］した。存在は知ってるけど、一生行くことはないと思ってた」 オノマトペ: なし","[{""panel_id"": 1, ""type"": ""narration"", ""speaker"": null, ""text"": ""「営業職の僕にとって、プログラミングは月の裏側みたいなもので""}, {""panel_id"": 2, ""type"": ""narration"", ""speaker"": null, ""text"": ""した。存在は知ってるけど、一生行くことはないと思ってた」""}]"
"93","テンプレ4","◆【注意】【】で囲まれた単語は感情や状況の指示であり、画像内に文字として描画しないでください
◆【絶対最優先】必ずフルカラーにしてください
◆【絶対最優先】必ず日本のアニメ・マンガ調のイラストで描いてください。実写風・フォトリアル風は禁止です。

◆【絶対最優先】キャラクター外見: ミサキは添付のミサキ.pngと100%同一の外見で描画（32歳女性、ショートボブの黒髪、丸顔）
◆【出力サイズ】2:3
◆【補足情報】上下左右に50ピクセルの余白を設けてください
◆【補足情報】服装: ミサキ: 薄いピンクのパジャマ
◆【コマ構成】テンプレ4: 上大下小（上1コマ大＋下1コマ小）
◆【作画】ジャンル: 副業に最適化した統一スタイル / 作画スタイル: 親しみやすく実践的,現代的なライフスタイル表現 / 色調: 明るく前向きな色調,オレンジ・青・黄色基調,活力ある配色 / 線画: 親しみやすい柔らかな線,カジュアルで読みやすい表現 / 演出: 必要に応じて集中線,効果線,擬音などのマンガらしい演出
◆【ストーリー】
1コマ目 (上・大): シーン描写。 セリフ: なし ナレーション: ［四角枠］「でもAIは、月の裏側まで連れて行ってくれた。 オノマトペ: なし
2コマ目 (下・小): シーン描写。 セリフ: なし ナレーション: ［四角枠］日本語で話しかけるだけで」、［四角枠］ミサキは画面に見入っていた。 オノマトペ: なし","[{""panel_id"": 1, ""type"": ""narration"", ""speaker"": null, ""text"": ""「でもAIは、月の裏側まで連れて行ってくれた。""}, {""panel_id"": 2, ""type"": ""narration"", ""speaker"": null, ""text"": ""日本語で話しかけるだけで」""}, {""panel_id"": 2, ""type"": ""narration"", ""speaker"": null, ""text"": ""ミサキは画面に見入っていた。""}]"
"94","テンプレ6","◆【注意】【】で囲まれた単語は感情や状況の指示であり、画像内に文字として描画しないでください
◆【絶対最優先】必ずフルカラーにしてください
◆【絶対最優先】必ず日本のアニメ・マンガ調のイラストで描いてください。実写風・フォトリアル風は禁止です。

◆【絶対最優先】キャラクター外見: ミサキは添付のミサキ.pngと100%同一の外見で描画（32歳女性、ショートボブの黒髪、丸顔）
◆【出力サイズ】2:3
◆【補足情報】上下左右に50ピクセルの余白を設けてください
◆【補足情報】服装: ミサキ: 薄いピンクのパジャマ
◆【コマ構成】テンプレ6: 上1コマ＋下左右2コマ
◆【作画】ジャンル: 副業に最適化した統一スタイル / 作画スタイル: 親しみやすく実践的,現代的なライフスタイル表現 / 色調: 明るく前向きな色調,オレンジ・青・黄色基調,活力ある配色 / 線画: 親しみやすい柔らかな線,カジュアルで読みやすい表現 / 演出: 必要に応じて集中線,効果線,擬音などのマンガらしい演出
◆【ストーリー】
1コマ目 (上): シーン描写。 セリフ: なし ナレーション: ［四角枠］記事の最後に、無料ウェビナーの案内があった。 オノマトペ: なし
2コマ目 (下左): シーン描写。 セリフ: なし ナレーション: ［四角枠］「AIを使った副業入門——非エンジニアのためのはじめの一歩」 オノマトペ: なし
3コマ目 (下右): シーン描写。 セリフ: なし ナレーション: ［四角枠］参加費無料。所要時間60分。次回開催は、3日後の夜9時。 オノマトペ: なし","[{""panel_id"": 1, ""type"": ""narration"", ""speaker"": null, ""text"": ""記事の最後に、無料ウェビナーの案内があった。""}, {""panel_id"": 2, ""type"": ""narration"", ""speaker"": null, ""text"": ""「AIを使った副業入門——非エンジニアのためのはじめの一歩」""}, {""panel_id"": 3, ""type"": ""narration"", ""speaker"": null, ""text"": ""参加費無料。所要時間60分。次回開催は、3日後の夜9時。""}]"
"95","テンプレ6","◆【注意】【】で囲まれた単語は感情や状況の指示であり、画像内に文字として描画しないでください
◆【絶対最優先】必ずフルカラーにしてください
◆【絶対最優先】必ず日本のアニメ・マンガ調のイラストで描いてください。実写風・フォトリアル風は禁止です。

◆【絶対最優先】キャラクター外見: ミサキは添付のミサキ.pngと100%同一の外見で描画（32歳女性、ショートボブの黒髪、丸顔）
◆【出力サイズ】2:3
◆【補足情報】上下左右に50ピクセルの余白を設けてください
◆【補足情報】服装: ミサキ: 薄いピンクのパジャマ
◆【コマ構成】テンプレ6: 上1コマ＋下左右2コマ
◆【作画】ジャンル: 副業に最適化した統一スタイル / 作画スタイル: 親しみやすく実践的,現代的なライフスタイル表現 / 色調: 明るく前向きな色調,オレンジ・青・黄色基調,活力ある配色 / 線画: 親しみやすい柔らかな線,カジュアルで読みやすい表現 / 演出: 必要に応じて集中線,効果線,擬音などのマンガらしい演出
◆【ストーリー】
1コマ目 (上): シーン描写。 セリフ: なし ナレーション: ［四角枠］ミサキは一度スマホを置いた。——怪しい。やっぱり怪しい。 オノマトペ: なし
2コマ目 (下左): シーン描写。 セリフ: なし ナレーション: ［四角枠］無料で釣って、最後に高額商品を売りつけるパターンだ。 オノマトペ: なし
3コマ目 (下右): シーン描写。 セリフ: なし ナレーション: ［四角枠］何十万円もするオンラインスクール。分割払い可。 オノマトペ: なし","[{""panel_id"": 1, ""type"": ""narration"", ""speaker"": null, ""text"": ""ミサキは一度スマホを置いた。——怪しい。やっぱり怪しい。""}, {""panel_id"": 2, ""type"": ""narration"", ""speaker"": null, ""text"": ""無料で釣って、最後に高額商品を売りつけるパターンだ。""}, {""panel_id"": 3, ""type"": ""narration"", ""speaker"": null, ""text"": ""何十万円もするオンラインスクール。分割払い可。""}]"
"96","テンプレ6","◆【注意】【】で囲まれた単語は感情や状況の指示であり、画像内に文字として描画しないでください
◆【絶対最優先】必ずフルカラーにしてください
◆【絶対最優先】必ず日本のアニメ・マンガ調のイラストで描いてください。実写風・フォトリアル風は禁止です。

◆【絶対最優先】キャラクター外見: ミサキは添付のミサキ.pngと100%同一の外見で描画（32歳女性、ショートボブの黒髪、丸顔）
◆【出力サイズ】2:3
◆【補足情報】上下左右に50ピクセルの余白を設けてください
◆【補足情報】服装: ミサキ: 薄いピンクのパジャマ
◆【コマ構成】テンプレ6: 上1コマ＋下左右2コマ
◆【作画】ジャンル: 副業に最適化した統一スタイル / 作画スタイル: 親しみやすく実践的,現代的なライフスタイル表現 / 色調: 明るく前向きな色調,オレンジ・青・黄色基調,活力ある配色 / 線画: 親しみやすい柔らかな線,カジュアルで読みやすい表現 / 演出: 必要に応じて集中線,効果線,擬音などのマンガらしい演出
◆【ストーリー】
1コマ目 (上): シーン描写。 セリフ: なし ナレーション: ［四角枠］返金保証あり（でも条件が厳しくて実質返金されない）。 オノマトペ: なし
2コマ目 (下左): シーン描写。 セリフ: なし ナレーション: ［四角枠］そういうのは、ネットニュースで何度も見てきた。 オノマトペ: なし","[{""panel_id"": 1, ""type"": ""narration"", ""speaker"": null, ""text"": ""返金保証あり（でも条件が厳しくて実質返金されない）。""}, {""panel_id"": 2, ""type"": ""narration"", ""speaker"": null, ""text"": ""そういうのは、ネットニュースで何度も見てきた。""}]"
"97","テンプレ2","◆【注意】【】で囲まれた単語は感情や状況の指示であり、画像内に文字として描画しないでください
◆【絶対最優先】必ずフルカラーにしてください
◆【絶対最優先】必ず日本のアニメ・マンガ調のイラストで描いてください。実写風・フォトリアル風は禁止です。

◆【絶対最優先】キャラクター外見: ミサキは添付のミサキ.pngと100%同一の外見で描画（32歳女性、ショートボブの黒髪、丸顔）
◆【出力サイズ】2:3
◆【補足情報】上下左右に50ピクセルの余白を設けてください
◆【補足情報】服装: ミサキ: 薄いピンクのパジャマ
◆【コマ構成】テンプレ2: 上下2分割
◆【作画】ジャンル: 副業に最適化した統一スタイル / 作画スタイル: 親しみやすく実践的,現代的なライフスタイル表現 / 色調: 明るく前向きな色調,オレンジ・青・黄色基調,活力ある配色 / 線画: 親しみやすい柔らかな線,カジュアルで読みやすい表現 / 演出: 必要に応じて集中線,効果線,擬音などのマンガらしい演出
◆【ストーリー】
1コマ目 (上): シーン描写。 セリフ: なし ナレーション: ［四角枠］でも——。「WordとExcelしか使えない」 オノマトペ: なし
2コマ目 (下): シーン描写。 セリフ: なし ナレーション: ［四角枠］この一行が、頭から離れなかった。 オノマトペ: なし","[{""panel_id"": 1, ""type"": ""narration"", ""speaker"": null, ""text"": ""でも——。「WordとExcelしか使えない」""}, {""panel_id"": 2, ""type"": ""narration"", ""speaker"": null, ""text"": ""この一行が、頭から離れなかった。""}]"
"98","テンプレ2","◆【注意】【】で囲まれた単語は感情や状況の指示であり、画像内に文字として描画しないでください
◆【絶対最優先】必ずフルカラーにしてください
◆【絶対最優先】必ず日本のアニメ・マンガ調のイラストで描いてください。実写風・フォトリアル風は禁止です。

◆【絶対最優先】キャラクター外見: ミサキは添付のミサキ.pngと100%同一の外見で描画（32歳女性、ショートボブの黒髪、丸顔）
◆【出力サイズ】2:3
◆【補足情報】上下左右に50ピクセルの余白を設けてください
◆【補足情報】服装: ミサキ: 薄いピンクのパジャマ
◆【コマ構成】テンプレ2: 上下2分割
◆【作画】ジャンル: 副業に最適化した統一スタイル / 作画スタイル: 親しみやすく実践的,現代的なライフスタイル表現 / 色調: 明るく前向きな色調,オレンジ・青・黄色基調,活力ある配色 / 線画: 親しみやすい柔らかな線,カジュアルで読みやすい表現 / 演出: 必要に応じて集中線,効果線,擬音などのマンガらしい演出
◆【ストーリー】
1コマ目 (上): シーン描写。 セリフ: なし ナレーション: ［四角枠］「事務しかやったことない私に、何ができるの」 オノマトペ: なし
2コマ目 (下): シーン描写。 セリフ: なし ナレーション: ［四角枠］ミサキ自身の言葉と、重なった。 オノマトペ: なし","[{""panel_id"": 1, ""type"": ""narration"", ""speaker"": null, ""text"": ""「事務しかやったことない私に、何ができるの」""}, {""panel_id"": 2, ""type"": ""narration"", ""speaker"": null, ""text"": ""ミサキ自身の言葉と、重なった。""}]"
"99","テンプレ3","◆【注意】【】で囲まれた単語は感情や状況の指示であり、画像内に文字として描画しないでください
◆【絶対最優先】必ずフルカラーにしてください
◆【絶対最優先】必ず日本のアニメ・マンガ調のイラストで描いてください。実写風・フォトリアル風は禁止です。

◆【絶対最優先】キャラクター外見: ミサキは添付のミサキ.pngと100%同一の外見で描画（32歳女性、ショートボブの黒髪、丸顔）
◆【絶対最優先】キャラクター外見: ひなたは添付のひなた_2歳期.pngと100%同一の外見で描画（2歳女の子、短い黒髪のおかっぱ、ピンクのTシャツに白いズボン）
◆【出力サイズ】2:3
◆【補足情報】上下左右に50ピクセルの余白を設けてください
◆【補足情報】服装: ミサキ: ボーダー柄（白と紺）のカットソーにデニムパンツ、白いスニーカー
◆【コマ構成】テンプレ3: 上小下大（上1コマ小＋下1コマ大）
◆【作画】ジャンル: 副業に最適化した統一スタイル / 作画スタイル: 親しみやすく実践的,現代的なライフスタイル表現 / 色調: 明るく前向きな色調,オレンジ・青・黄色基調,活力ある配色 / 線画: 親しみやすい柔らかな線,カジュアルで読みやすい表現 / 演出: 必要に応じて集中線,効果線,擬音などのマンガらしい演出
◆【ストーリー】
1コマ目 (上・小): シーン描写。 セリフ: なし ナレーション: ［四角枠］翌日。日中は普段通りの一日だった。 オノマトペ: なし
2コマ目 (下・大): シーン描写。 セリフ: なし ナレーション: ［四角枠］ひなたと支援センターに行き、帰ってきて昼寝をさせ、 オノマトペ: なし","[{""panel_id"": 1, ""type"": ""narration"", ""speaker"": null, ""text"": ""翌日。日中は普段通りの一日だった。""}, {""panel_id"": 2, ""type"": ""narration"", ""speaker"": null, ""text"": ""ひなたと支援センターに行き、帰ってきて昼寝をさせ、""}]"
"100","テンプレ3","◆【注意】【】で囲まれた単語は感情や状況の指示であり、画像内に文字として描画しないでください
◆【絶対最優先】必ずフルカラーにしてください
◆【絶対最優先】必ず日本のアニメ・マンガ調のイラストで描いてください。実写風・フォトリアル風は禁止です。

◆【絶対最優先】キャラクター外見: ミサキは添付のミサキ.pngと100%同一の外見で描画（32歳女性、ショートボブの黒髪、丸顔）
◆【絶対最優先】キャラクター外見: ひなたは添付のひなた_2歳期.pngと100%同一の外見で描画（2歳女の子、短い黒髪のおかっぱ、ピンクのTシャツに白いズボン）
◆【出力サイズ】2:3
◆【補足情報】上下左右に50ピクセルの余白を設けてください
◆【補足情報】服装: ミサキ: ボーダー柄（白と紺）のカットソーにデニムパンツ、白いスニーカー
◆【コマ構成】テンプレ3: 上小下大（上1コマ小＋下1コマ大）
◆【作画】ジャンル: 副業に最適化した統一スタイル / 作画スタイル: 親しみやすく実践的,現代的なライフスタイル表現 / 色調: 明るく前向きな色調,オレンジ・青・黄色基調,活力ある配色 / 線画: 親しみやすい柔らかな線,カジュアルで読みやすい表現 / 演出: 必要に応じて集中線,効果線,擬音などのマンガらしい演出
◆【ストーリー】
1コマ目 (上・小): シーン描写。 セリフ: なし ナレーション: ［四角枠］洗濯物を取り込み、夕飯を作った。 オノマトペ: なし
2コマ目 (下・大): シーン描写。 セリフ: なし ナレーション: ［四角枠］でも、頭の片隅にあの広告がずっと残っていた。 オノマトペ: なし","[{""panel_id"": 1, ""type"": ""narration"", ""speaker"": null, ""text"": ""洗濯物を取り込み、夕飯を作った。""}, {""panel_id"": 2, ""type"": ""narration"", ""speaker"": null, ""text"": ""でも、頭の片隅にあの広告がずっと残っていた。""}]"
"101","テンプレ1","◆【注意】【】で囲まれた単語は感情や状況の指示であり、画像内に文字として描画しないでください
◆【絶対最優先】必ずフルカラーにしてください
◆【絶対最優先】必ず日本のアニメ・マンガ調のイラストで描いてください。実写風・フォトリアル風は禁止です。

◆【絶対最優先】キャラクター外見: ミサキは添付のミサキ.pngと100%同一の外見で描画（32歳女性、ショートボブの黒髪、丸顔）
◆【絶対最優先】キャラクター外見: ひなたは添付のひなた_2歳期.pngと100%同一の外見で描画（2歳女の子、短い黒髪のおかっぱ、ピンクのTシャツに白いズボン）
◆【出力サイズ】2:3
◆【補足情報】上下左右に50ピクセルの余白を設けてください
◆【補足情報】服装: ミサキ: ボーダー柄（白と紺）のカットソーにデニムパンツ、白いスニーカー
◆【コマ構成】テンプレ1: 全面1コマ（上1コマ小＋下1コマ大）
◆【作画】ジャンル: 副業に最適化した統一スタイル / 作画スタイル: 親しみやすく実践的,現代的なライフスタイル表現 / 色調: 明るく前向きな色調,オレンジ・青・黄色基調,活力ある配色 / 線画: 親しみやすい柔らかな線,カジュアルで読みやすい表現 / 演出: 必要に応じて集中線,効果線,擬音などのマンガらしい演出
◆【ストーリー】
1コマ目 (上・小): シーン描写。 セリフ: なし ナレーション: ［四角枠］夜、ひなたを寝かしつけた後、もう一度ブログを開いた。 オノマトペ: なし","[{""panel_id"": 1, ""type"": ""narration"", ""speaker"": null, ""text"": ""夜、ひなたを寝かしつけた後、もう一度ブログを開いた。""}]"
"102","テンプレ5","◆【注意】【】で囲まれた単語は感情や状況の指示であり、画像内に文字として描画しないでください
◆【絶対最優先】必ずフルカラーにしてください
◆【絶対最優先】必ず日本のアニメ・マンガ調のイラストで描いてください。実写風・フォトリアル風は禁止です。

◆【絶対最優先】キャラクター外見: ミサキは添付のミサキ.pngと100%同一の外見で描画（32歳女性、ショートボブの黒髪、丸顔）
◆【出力サイズ】2:3
◆【補足情報】上下左右に50ピクセルの余白を設けてください
◆【補足情報】服装: ミサキ: ボーダー柄（白と紺）のカットソーにデニムパンツ、白いスニーカー
◆【コマ構成】テンプレ5: 上中下3段
◆【作画】ジャンル: 副業に最適化した統一スタイル / 作画スタイル: 親しみやすく実践的,現代的なライフスタイル表現 / 色調: 明るく前向きな色調,オレンジ・青・黄色基調,活力ある配色 / 線画: 親しみやすい柔らかな線,カジュアルで読みやすい表現 / 演出: 必要に応じて集中線,効果線,擬音などのマンガらしい演出
◆【ストーリー】
1コマ目 (上段): シーン描写。 セリフ: なし ナレーション: ［四角枠］プロフィールページを隅々まで読んだ。 オノマトペ: なし
2コマ目 (中段): シーン描写。 セリフ: なし ナレーション: ［四角枠］SNSのアカウントも見た。投稿は数ヶ月分ある。 オノマトペ: なし
3コマ目 (下段): シーン描写。 セリフ: なし ナレーション: ［四角枠］内容は一貫している。「AIを使って個人で稼ぐ方法」 オノマトペ: なし","[{""panel_id"": 1, ""type"": ""narration"", ""speaker"": null, ""text"": ""プロフィールページを隅々まで読んだ。""}, {""panel_id"": 2, ""type"": ""narration"", ""speaker"": null, ""text"": ""SNSのアカウントも見た。投稿は数ヶ月分ある。""}, {""panel_id"": 3, ""type"": ""narration"", ""speaker"": null, ""text"": ""内容は一貫している。「AIを使って個人で稼ぐ方法」""}]"
"103","テンプレ5","◆【注意】【】で囲まれた単語は感情や状況の指示であり、画像内に文字として描画しないでください
◆【絶対最優先】必ずフルカラーにしてください
◆【絶対最優先】必ず日本のアニメ・マンガ調のイラストで描いてください。実写風・フォトリアル風は禁止です。

◆【絶対最優先】キャラクター外見: ミサキは添付のミサキ.pngと100%同一の外見で描画（32歳女性、ショートボブの黒髪、丸顔）
◆【出力サイズ】2:3
◆【補足情報】上下左右に50ピクセルの余白を設けてください
◆【補足情報】服装: ミサキ: ボーダー柄（白と紺）のカットソーにデニムパンツ、白いスニーカー
◆【コマ構成】テンプレ5: 上中下3段
◆【作画】ジャンル: 副業に最適化した統一スタイル / 作画スタイル: 親しみやすく実践的,現代的なライフスタイル表現 / 色調: 明るく前向きな色調,オレンジ・青・黄色基調,活力ある配色 / 線画: 親しみやすい柔らかな線,カジュアルで読みやすい表現 / 演出: 必要に応じて集中線,効果線,擬音などのマンガらしい演出
◆【ストーリー】
1コマ目 (上段): シーン描写。 セリフ: なし ナレーション: ［四角枠］を発信し続けている。 オノマトペ: なし
2コマ目 (中段): シーン描写。 セリフ: なし ナレーション: ［四角枠］怪しい点を探した。高級時計の写真もない。「月収100万!」 オノマトペ: なし
3コマ目 (下段): シーン描写。 セリフ: なし ナレーション: ［四角枠］みたいな煽りもない。「限定○名! 今すぐ申し込まないと損!」 オノマトペ: なし","[{""panel_id"": 1, ""type"": ""narration"", ""speaker"": null, ""text"": ""を発信し続けている。""}, {""panel_id"": 2, ""type"": ""narration"", ""speaker"": null, ""text"": ""怪しい点を探した。高級時計の写真もない。「月収100万!」""}, {""panel_id"": 3, ""type"": ""narration"", ""speaker"": null, ""text"": ""みたいな煽りもない。「限定○名! 今すぐ申し込まないと損!」""}]"
"104","テンプレ5","◆【注意】【】で囲まれた単語は感情や状況の指示であり、画像内に文字として描画しないでください
◆【絶対最優先】必ずフルカラーにしてください
◆【絶対最優先】必ず日本のアニメ・マンガ調のイラストで描いてください。実写風・フォトリアル風は禁止です。

◆【絶対最優先】キャラクター外見: ミサキは添付のミサキ.pngと100%同一の外見で描画（32歳女性、ショートボブの黒髪、丸顔）
◆【出力サイズ】2:3
◆【補足情報】上下左右に50ピクセルの余白を設けてください
◆【補足情報】服装: ミサキ: ボーダー柄（白と紺）のカットソーにデニムパンツ、白いスニーカー
◆【コマ構成】テンプレ5: 上中下3段
◆【作画】ジャンル: 副業に最適化した統一スタイル / 作画スタイル: 親しみやすく実践的,現代的なライフスタイル表現 / 色調: 明るく前向きな色調,オレンジ・青・黄色基調,活力ある配色 / 線画: 親しみやすい柔らかな線,カジュアルで読みやすい表現 / 演出: 必要に応じて集中線,効果線,擬音などのマンガらしい演出
◆【ストーリー】
1コマ目 (上段): シーン描写。 セリフ: なし ナレーション: ［四角枠］という焦らせ方もない。 オノマトペ: なし
2コマ目 (中段): シーン描写。 セリフ: なし ナレーション: ［四角枠］コメント欄に「参加してよかった」という投稿がいくつかある。 オノマトペ: なし
3コマ目 (下段): シーン描写。 セリフ: なし ナレーション: ［四角枠］サクラかもしれない。でも、文面は自然だった。 オノマトペ: なし","[{""panel_id"": 1, ""type"": ""narration"", ""speaker"": null, ""text"": ""という焦らせ方もない。""}, {""panel_id"": 2, ""type"": ""narration"", ""speaker"": null, ""text"": ""コメント欄に「参加してよかった」という投稿がいくつかある。""}, {""panel_id"": 3, ""type"": ""narration"", ""speaker"": null, ""text"": ""サクラかもしれない。でも、文面は自然だった。""}]"
"105","テンプレ5","◆【注意】【】で囲まれた単語は感情や状況の指示であり、画像内に文字として描画しないでください
◆【絶対最優先】必ずフルカラーにしてください
◆【絶対最優先】必ず日本のアニメ・マンガ調のイラストで描いてください。実写風・フォトリアル風は禁止です。

◆【絶対最優先】キャラクター外見: ミサキは添付のミサキ.pngと100%同一の外見で描画（32歳女性、ショートボブの黒髪、丸顔）
◆【出力サイズ】2:3
◆【補足情報】上下左右に50ピクセルの余白を設けてください
◆【補足情報】服装: ミサキ: ボーダー柄（白と紺）のカットソーにデニムパンツ、白いスニーカー
◆【コマ構成】テンプレ5: 上中下3段
◆【作画】ジャンル: 副業に最適化した統一スタイル / 作画スタイル: 親しみやすく実践的,現代的なライフスタイル表現 / 色調: 明るく前向きな色調,オレンジ・青・黄色基調,活力ある配色 / 線画: 親しみやすい柔らかな線,カジュアルで読みやすい表現 / 演出: 必要に応じて集中線,効果線,擬音などのマンガらしい演出
◆【ストーリー】
1コマ目 (上段): シーン描写。 セリフ: なし ナレーション: ［四角枠］——無料なら、損はしない。 オノマトペ: なし
2コマ目 (中段): シーン描写。 セリフ: なし ナレーション: ［四角枠］——60分なら、ひなたを寝かしつけた後で間に合う。 オノマトペ: なし
3コマ目 (下段): シーン描写。 セリフ: なし ナレーション: ［四角枠］——もし怪しかったら、途中で閉じればいい。 オノマトペ: なし","[{""panel_id"": 1, ""type"": ""narration"", ""speaker"": null, ""text"": ""——無料なら、損はしない。""}, {""panel_id"": 2, ""type"": ""narration"", ""speaker"": null, ""text"": ""——60分なら、ひなたを寝かしつけた後で間に合う。""}, {""panel_id"": 3, ""type"": ""narration"", ""speaker"": null, ""text"": ""——もし怪しかったら、途中で閉じればいい。""}]"
"106","テンプレ5","◆【注意】【】で囲まれた単語は感情や状況の指示であり、画像内に文字として描画しないでください
◆【絶対最優先】必ずフルカラーにしてください
◆【絶対最優先】必ず日本のアニメ・マンガ調のイラストで描いてください。実写風・フォトリアル風は禁止です。

◆【絶対最優先】キャラクター外見: ミサキは添付のミサキ.pngと100%同一の外見で描画（32歳女性、ショートボブの黒髪、丸顔）
◆【出力サイズ】2:3
◆【補足情報】上下左右に50ピクセルの余白を設けてください
◆【補足情報】服装: ミサキ: ボーダー柄（白と紺）のカットソーにデニムパンツ、白いスニーカー
◆【コマ構成】テンプレ5: 上中下3段
◆【作画】ジャンル: 副業に最適化した統一スタイル / 作画スタイル: 親しみやすく実践的,現代的なライフスタイル表現 / 色調: 明るく前向きな色調,オレンジ・青・黄色基調,活力ある配色 / 線画: 親しみやすい柔らかな線,カジュアルで読みやすい表現 / 演出: 必要に応じて集中線,効果線,擬音などのマンガらしい演出
◆【ストーリー】
1コマ目 (上段): シーン描写。 セリフ: なし ナレーション: ［四角枠］ミサキは申し込みフォームに名前とメールアドレスを入力した。 オノマトペ: なし
2コマ目 (中段): シーン描写。 セリフ: なし ナレーション: ［四角枠］指が一瞬、止まった。、［四角枠］「参加の動機」という欄があった。 オノマトペ: なし
3コマ目 (下段): シーン描写。 セリフ: なし ナレーション: ［四角枠］何を書けばいいかわからなかった。 オノマトペ: なし","[{""panel_id"": 1, ""type"": ""narration"", ""speaker"": null, ""text"": ""ミサキは申し込みフォームに名前とメールアドレスを入力した。""}, {""panel_id"": 2, ""type"": ""narration"", ""speaker"": null, ""text"": ""指が一瞬、止まった。""}, {""panel_id"": 2, ""type"": ""narration"", ""speaker"": null, ""text"": ""「参加の動機」という欄があった。""}, {""panel_id"": 3, ""type"": ""narration"", ""speaker"": null, ""text"": ""何を書けばいいかわからなかった。""}]"
"107","テンプレ6","◆【注意】【】で囲まれた単語は感情や状況の指示であり、画像内に文字として描画しないでください
◆【絶対最優先】必ずフルカラーにしてください
◆【絶対最優先】必ず日本のアニメ・マンガ調のイラストで描いてください。実写風・フォトリアル風は禁止です。

◆【絶対最優先】キャラクター外見: ミサキは添付のミサキ.pngと100%同一の外見で描画（32歳女性、ショートボブの黒髪、丸顔）
◆【出力サイズ】2:3
◆【補足情報】上下左右に50ピクセルの余白を設けてください
◆【補足情報】服装: ミサキ: ボーダー柄（白と紺）のカットソーにデニムパンツ、白いスニーカー
◆【コマ構成】テンプレ6: 上1コマ＋下左右2コマ
◆【作画】ジャンル: 副業に最適化した統一スタイル / 作画スタイル: 親しみやすく実践的,現代的なライフスタイル表現 / 色調: 明るく前向きな色調,オレンジ・青・黄色基調,活力ある配色 / 線画: 親しみやすい柔らかな線,カジュアルで読みやすい表現 / 演出: 必要に応じて集中線,効果線,擬音などのマンガらしい演出
◆【ストーリー】
1コマ目 (上): シーン描写。 セリフ: なし ナレーション: ［四角枠］「育児中で働けないので、在宅で稼ぐ方法を探しています」 オノマトペ: なし
2コマ目 (下左): シーン描写。 セリフ: なし ナレーション: ［四角枠］書いてから、消した。なんだか惨めに見えた。 オノマトペ: なし
3コマ目 (下右): シーン描写。 セリフ: なし ナレーション: ［四角枠］「AIに興味があります」書き直した。 オノマトペ: なし","[{""panel_id"": 1, ""type"": ""narration"", ""speaker"": null, ""text"": ""「育児中で働けないので、在宅で稼ぐ方法を探しています」""}, {""panel_id"": 2, ""type"": ""narration"", ""speaker"": null, ""text"": ""書いてから、消した。なんだか惨めに見えた。""}, {""panel_id"": 3, ""type"": ""narration"", ""speaker"": null, ""text"": ""「AIに興味があります」書き直した。""}]"
"108","テンプレ6","◆【注意】【】で囲まれた単語は感情や状況の指示であり、画像内に文字として描画しないでください
◆【絶対最優先】必ずフルカラーにしてください
◆【絶対最優先】必ず日本のアニメ・マンガ調のイラストで描いてください。実写風・フォトリアル風は禁止です。

◆【絶対最優先】キャラクター外見: ミサキは添付のミサキ.pngと100%同一の外見で描画（32歳女性、ショートボブの黒髪、丸顔）
◆【出力サイズ】2:3
◆【補足情報】上下左右に50ピクセルの余白を設けてください
◆【補足情報】服装: ミサキ: ボーダー柄（白と紺）のカットソーにデニムパンツ、白いスニーカー
◆【コマ構成】テンプレ6: 上1コマ＋下左右2コマ
◆【作画】ジャンル: 副業に最適化した統一スタイル / 作画スタイル: 親しみやすく実践的,現代的なライフスタイル表現 / 色調: 明るく前向きな色調,オレンジ・青・黄色基調,活力ある配色 / 線画: 親しみやすい柔らかな線,カジュアルで読みやすい表現 / 演出: 必要に応じて集中線,効果線,擬音などのマンガらしい演出
◆【ストーリー】
1コマ目 (上): シーン描写。 セリフ: なし ナレーション: ［四角枠］嘘ではないが、本音でもない。、［四角枠］送信ボタンを押した。 オノマトペ: なし","[{""panel_id"": 1, ""type"": ""narration"", ""speaker"": null, ""text"": ""嘘ではないが、本音でもない。""}, {""panel_id"": 1, ""type"": ""narration"", ""speaker"": null, ""text"": ""送信ボタンを押した。""}]"
"109","テンプレ4","◆【注意】【】で囲まれた単語は感情や状況の指示であり、画像内に文字として描画しないでください
◆【絶対最優先】必ずフルカラーにしてください
◆【絶対最優先】必ず日本のアニメ・マンガ調のイラストで描いてください。実写風・フォトリアル風は禁止です。

◆【絶対最優先】キャラクター外見: ミサキは添付のミサキ.pngと100%同一の外見で描画（32歳女性、ショートボブの黒髪、丸顔）
◆【出力サイズ】2:3
◆【補足情報】上下左右に50ピクセルの余白を設けてください
◆【補足情報】服装: ミサキ: ボーダー柄（白と紺）のカットソーにデニムパンツ、白いスニーカー
◆【コマ構成】テンプレ4: 上大下小（上1コマ大＋下1コマ小）
◆【作画】ジャンル: 副業に最適化した統一スタイル / 作画スタイル: 親しみやすく実践的,現代的なライフスタイル表現 / 色調: 明るく前向きな色調,オレンジ・青・黄色基調,活力ある配色 / 線画: 親しみやすい柔らかな線,カジュアルで読みやすい表現 / 演出: 必要に応じて集中線,効果線,擬音などのマンガらしい演出
◆【ストーリー】
1コマ目 (上・大): シーン描写。 セリフ: なし ナレーション: ［四角枠］確認メールが届いた。「ご参加ありがとうございます。 オノマトペ: なし
2コマ目 (下・小): シーン描写。 セリフ: なし ナレーション: ［四角枠］当日のZoomリンクはこちらです」、［四角枠］——やっちゃった。 オノマトペ: なし","[{""panel_id"": 1, ""type"": ""narration"", ""speaker"": null, ""text"": ""確認メールが届いた。「ご参加ありがとうございます。""}, {""panel_id"": 2, ""type"": ""narration"", ""speaker"": null, ""text"": ""当日のZoomリンクはこちらです」""}, {""panel_id"": 2, ""type"": ""narration"", ""speaker"": null, ""text"": ""——やっちゃった。""}]"
"110","テンプレ1","◆【注意】【】で囲まれた単語は感情や状況の指示であり、画像内に文字として描画しないでください
◆【絶対最優先】必ずフルカラーにしてください
◆【絶対最優先】必ず日本のアニメ・マンガ調のイラストで描いてください。実写風・フォトリアル風は禁止です。

◆【絶対最優先】キャラクター外見: ミサキは添付のミサキ.pngと100%同一の外見で描画（32歳女性、ショートボブの黒髪、丸顔）
◆【出力サイズ】2:3
◆【補足情報】上下左右に50ピクセルの余白を設けてください
◆【補足情報】服装: ミサキ: ボーダー柄（白と紺）のカットソーにデニムパンツ、白いスニーカー
◆【コマ構成】テンプレ1: 全面1コマ（上1コマ大＋下1コマ小）
◆【作画】ジャンル: 副業に最適化した統一スタイル / 作画スタイル: 親しみやすく実践的,現代的なライフスタイル表現 / 色調: 明るく前向きな色調,オレンジ・青・黄色基調,活力ある配色 / 線画: 親しみやすい柔らかな線,カジュアルで読みやすい表現 / 演出: 必要に応じて集中線,効果線,擬音などのマンガらしい演出
◆【ストーリー】
1コマ目 (上・大): シーン描写。 セリフ: なし ナレーション: ［四角枠］後悔とも期待ともつかない感情が、 オノマトペ: なし
2コマ目 (下・小): シーン描写。 セリフ: なし ナレーション: ［四角枠］胸の真ん中でもやもやしていた。 オノマトペ: なし","[{""panel_id"": 1, ""type"": ""narration"", ""speaker"": null, ""text"": ""胸の真ん中でもやもやしていた。""}]"
"111","テンプレ5","◆【注意】【】で囲まれた単語は感情や状況の指示であり、画像内に文字として描画しないでください
◆【絶対最優先】必ずフルカラーにしてください
◆【絶対最優先】必ず日本のアニメ・マンガ調のイラストで描いてください。実写風・フォトリアル風は禁止です。

◆【絶対最優先】キャラクター外見: ミサキは添付のミサキ.pngと100%同一の外見で描画（32歳女性、ショートボブの黒髪、丸顔）
◆【絶対最優先】キャラクター外見: ひなたは添付のひなた_2歳期.pngと100%同一の外見で描画（2歳女の子、短い黒髪のおかっぱ、ピンクのTシャツに白いズボン）
◆【出力サイズ】2:3
◆【補足情報】上下左右に50ピクセルの余白を設けてください
◆【補足情報】服装: ミサキ: ボーダー柄（白と紺）のカットソーにデニムパンツ、白いスニーカー
◆【コマ構成】テンプレ5: 上中下3段
◆【作画】ジャンル: 副業に最適化した統一スタイル / 作画スタイル: 親しみやすく実践的,現代的なライフスタイル表現 / 色調: 明るく前向きな色調,オレンジ・青・黄色基調,活力ある配色 / 線画: 親しみやすい柔らかな線,カジュアルで読みやすい表現 / 演出: 必要に応じて集中線,効果線,擬音などのマンガらしい演出
◆【ストーリー】
1コマ目 (上段): シーン描写。 セリフ: なし ナレーション: ［四角枠］3日後。午後8時45分。ひなたの寝かしつけが長引いた。 オノマトペ: なし
2コマ目 (中段): シーン描写。 セリフ: なし ナレーション: ［四角枠］なかなか寝てくれない。 オノマトペ: なし
3コマ目 (下段): シーン描写。 セリフ: なし ナレーション: ［四角枠］絵本を3冊読み、子守唄を歌い、背中をトントンし続けた。 オノマトペ: なし","[{""panel_id"": 1, ""type"": ""narration"", ""speaker"": null, ""text"": ""3日後。午後8時45分。ひなたの寝かしつけが長引いた。""}, {""panel_id"": 2, ""type"": ""narration"", ""speaker"": null, ""text"": ""なかなか寝てくれない。""}, {""panel_id"": 3, ""type"": ""narration"", ""speaker"": null, ""text"": ""絵本を3冊読み、子守唄を歌い、背中をトントンし続けた。""}]"
"112","テンプレ5","◆【注意】【】で囲まれた単語は感情や状況の指示であり、画像内に文字として描画しないでください
◆【絶対最優先】必ずフルカラーにしてください
◆【絶対最優先】必ず日本のアニメ・マンガ調のイラストで描いてください。実写風・フォトリアル風は禁止です。

◆【絶対最優先】キャラクター外見: ミサキは添付のミサキ.pngと100%同一の外見で描画（32歳女性、ショートボブの黒髪、丸顔）
◆【絶対最優先】キャラクター外見: ひなたは添付のひなた_2歳期.pngと100%同一の外見で描画（2歳女の子、短い黒髪のおかっぱ、ピンクのTシャツに白いズボン）
◆【出力サイズ】2:3
◆【補足情報】上下左右に50ピクセルの余白を設けてください
◆【補足情報】服装: ミサキ: ボーダー柄（白と紺）のカットソーにデニムパンツ、白いスニーカー
◆【コマ構成】テンプレ5: 上中下3段
◆【作画】ジャンル: 副業に最適化した統一スタイル / 作画スタイル: 親しみやすく実践的,現代的なライフスタイル表現 / 色調: 明るく前向きな色調,オレンジ・青・黄色基調,活力ある配色 / 線画: 親しみやすい柔らかな線,カジュアルで読みやすい表現 / 演出: 必要に応じて集中線,効果線,擬音などのマンガらしい演出
◆【ストーリー】
1コマ目 (上段): シーン描写。 セリフ: なし ナレーション: ［四角枠］8時55分。ようやく寝息を立て始めた。 オノマトペ: なし","[{""panel_id"": 1, ""type"": ""narration"", ""speaker"": null, ""text"": ""8時55分。ようやく寝息を立て始めた。""}]"
"113","テンプレ6","◆【注意】【】で囲まれた単語は感情や状況の指示であり、画像内に文字として描画しないでください
◆【絶対最優先】必ずフルカラーにしてください
◆【絶対最優先】必ず日本のアニメ・マンガ調のイラストで描いてください。実写風・フォトリアル風は禁止です。

◆【絶対最優先】キャラクター外見: ミサキは添付のミサキ.pngと100%同一の外見で描画（32歳女性、ショートボブの黒髪、丸顔）
◆【出力サイズ】2:3
◆【補足情報】上下左右に50ピクセルの余白を設けてください
◆【補足情報】服装: ミサキ: ボーダー柄（白と紺）のカットソーにデニムパンツ、白いスニーカー
◆【コマ構成】テンプレ6: 上1コマ＋下左右2コマ
◆【作画】ジャンル: 副業に最適化した統一スタイル / 作画スタイル: 親しみやすく実践的,現代的なライフスタイル表現 / 色調: 明るく前向きな色調,オレンジ・青・黄色基調,活力ある配色 / 線画: 親しみやすい柔らかな線,カジュアルで読みやすい表現 / 演出: 必要に応じて集中線,効果線,擬音などのマンガらしい演出
◆【ストーリー】
1コマ目 (上): シーン描写。 セリフ: なし ナレーション: ［四角枠］そっと部屋を出る。 オノマトペ: なし
2コマ目 (下左): シーン描写。 セリフ: なし ナレーション: ［四角枠］ダイニングのテーブルにノートパソコンを開いた。 オノマトペ: なし
3コマ目 (下右): シーン描写。 セリフ: なし ナレーション: ［四角枠］ケンタはまだ帰っていない。 オノマトペ: なし","[{""panel_id"": 1, ""type"": ""narration"", ""speaker"": null, ""text"": ""そっと部屋を出る。""}, {""panel_id"": 2, ""type"": ""narration"", ""speaker"": null, ""text"": ""ダイニングのテーブルにノートパソコンを開いた。""}, {""panel_id"": 3, ""type"": ""narration"", ""speaker"": null, ""text"": ""ケンタはまだ帰っていない。""}]"
"114","テンプレ6","◆【注意】【】で囲まれた単語は感情や状況の指示であり、画像内に文字として描画しないでください
◆【絶対最優先】必ずフルカラーにしてください
◆【絶対最優先】必ず日本のアニメ・マンガ調のイラストで描いてください。実写風・フォトリアル風は禁止です。

◆【絶対最優先】キャラクター外見: ミサキは添付のミサキ.pngと100%同一の外見で描画（32歳女性、ショートボブの黒髪、丸顔）
◆【出力サイズ】2:3
◆【補足情報】上下左右に50ピクセルの余白を設けてください
◆【補足情報】服装: ミサキ: ボーダー柄（白と紺）のカットソーにデニムパンツ、白いスニーカー
◆【コマ構成】テンプレ6: 上1コマ＋下左右2コマ
◆【作画】ジャンル: 副業に最適化した統一スタイル / 作画スタイル: 親しみやすく実践的,現代的なライフスタイル表現 / 色調: 明るく前向きな色調,オレンジ・青・黄色基調,活力ある配色 / 線画: 親しみやすい柔らかな線,カジュアルで読みやすい表現 / 演出: 必要に応じて集中線,効果線,擬音などのマンガらしい演出
◆【ストーリー】
1コマ目 (上): シーン描写。 セリフ: なし ナレーション: ［四角枠］Zoomリンクをクリックする。画面が変わる。 オノマトペ: なし
2コマ目 (下左): シーン描写。 セリフ: なし ナレーション: ［四角枠］参加者は30人ほどいた。ほとんどがカメラオフ。 オノマトペ: なし
3コマ目 (下右): シーン描写。 セリフ: なし ナレーション: ［四角枠］ミサキもカメラをオフにした。 オノマトペ: なし","[{""panel_id"": 1, ""type"": ""narration"", ""speaker"": null, ""text"": ""Zoomリンクをクリックする。画面が変わる。""}, {""panel_id"": 2, ""type"": ""narration"", ""speaker"": null, ""text"": ""参加者は30人ほどいた。ほとんどがカメラオフ。""}, {""panel_id"": 3, ""type"": ""narration"", ""speaker"": null, ""text"": ""ミサキもカメラをオフにした。""}]"
"115","テンプレ6","◆【注意】【】で囲まれた単語は感情や状況の指示であり、画像内に文字として描画しないでください
◆【絶対最優先】必ずフルカラーにしてください
◆【絶対最優先】必ず日本のアニメ・マンガ調のイラストで描いてください。実写風・フォトリアル風は禁止です。

◆【絶対最優先】キャラクター外見: ミサキは添付のミサキ.pngと100%同一の外見で描画（32歳女性、ショートボブの黒髪、丸顔）
◆【出力サイズ】2:3
◆【補足情報】上下左右に50ピクセルの余白を設けてください
◆【補足情報】服装: ミサキ: ボーダー柄（白と紺）のカットソーにデニムパンツ、白いスニーカー
◆【コマ構成】テンプレ6: 上1コマ＋下左右2コマ
◆【作画】ジャンル: 副業に最適化した統一スタイル / 作画スタイル: 親しみやすく実践的,現代的なライフスタイル表現 / 色調: 明るく前向きな色調,オレンジ・青・黄色基調,活力ある配色 / 線画: 親しみやすい柔らかな線,カジュアルで読みやすい表現 / 演出: 必要に応じて集中線,効果線,擬音などのマンガらしい演出
◆【ストーリー】
1コマ目 (上): シーン描写。 セリフ: なし ナレーション: ［四角枠］9時ちょうど。画面に男性が映った。——あの人だ。 オノマトペ: なし
2コマ目 (下左): シーン描写。 セリフ: なし ナレーション: ［四角枠］ブログの写真と同じ顔。 オノマトペ: なし
3コマ目 (下右): シーン描写。 セリフ: なし ナレーション: ［四角枠］ただし、写真よりも少しくたびれて見える。普通の部屋。 オノマトペ: なし","[{""panel_id"": 1, ""type"": ""narration"", ""speaker"": null, ""text"": ""9時ちょうど。画面に男性が映った。——あの人だ。""}, {""panel_id"": 2, ""type"": ""narration"", ""speaker"": null, ""text"": ""ブログの写真と同じ顔。""}, {""panel_id"": 3, ""type"": ""narration"", ""speaker"": null, ""text"": ""ただし、写真よりも少しくたびれて見える。普通の部屋。""}]"
"116","テンプレ6","◆【注意】【】で囲まれた単語は感情や状況の指示であり、画像内に文字として描画しないでください
◆【絶対最優先】必ずフルカラーにしてください
◆【絶対最優先】必ず日本のアニメ・マンガ調のイラストで描いてください。実写風・フォトリアル風は禁止です。

◆【絶対最優先】キャラクター外見: ミサキは添付のミサキ.pngと100%同一の外見で描画（32歳女性、ショートボブの黒髪、丸顔）
◆【出力サイズ】2:3
◆【補足情報】上下左右に50ピクセルの余白を設けてください
◆【補足情報】服装: ミサキ: ボーダー柄（白と紺）のカットソーにデニムパンツ、白いスニーカー
◆【コマ構成】テンプレ6: 上1コマ＋下左右2コマ
◆【作画】ジャンル: 副業に最適化した統一スタイル / 作画スタイル: 親しみやすく実践的,現代的なライフスタイル表現 / 色調: 明るく前向きな色調,オレンジ・青・黄色基調,活力ある配色 / 線画: 親しみやすい柔らかな線,カジュアルで読みやすい表現 / 演出: 必要に応じて集中線,効果線,擬音などのマンガらしい演出
◆【ストーリー】
1コマ目 (上): シーン描写。 セリフ: なし ナレーション: ［四角枠］普通の服。背景に本棚が見える。 オノマトペ: なし","[{""panel_id"": 1, ""type"": ""narration"", ""speaker"": null, ""text"": ""普通の服。背景に本棚が見える。""}]"
"117","テンプレ1","◆【注意】【】で囲まれた単語は感情や状況の指示であり、画像内に文字として描画しないでください
◆【絶対最優先】必ずフルカラーにしてください
◆【絶対最優先】必ず日本のアニメ・マンガ調のイラストで描いてください。実写風・フォトリアル風は禁止です。

◆【絶対最優先】キャラクター外見: ミサキは添付のミサキ.pngと100%同一の外見で描画（32歳女性、ショートボブの黒髪、丸顔）
◆【絶対最優先】キャラクター外見: タクヤは添付のタクヤ.pngと100%同一の外見で描画（42歳男性、短髪の黒髪、黒縁メガネ）
◆【出力サイズ】2:3
◆【補足情報】上下左右に50ピクセルの余白を設けてください
◆【補足情報】服装: ミサキ: ボーダー柄（白と紺）のカットソーにデニムパンツ、白いスニーカー / タクヤ: 白い無地のシャツにベージュのチノパン
◆【コマ構成】テンプレ2: 上下2分割
◆【作画】ジャンル: 副業に最適化した統一スタイル / 作画スタイル: 親しみやすく実践的,現代的なライフスタイル表現 / 色調: 明るく前向きな色調,オレンジ・青・黄色基調,活力ある配色 / 線画: 親しみやすい柔らかな線,カジュアルで読みやすい表現 / 演出: 必要に応じて集中線,効果線,擬音などのマンガらしい演出
◆【ストーリー】
1コマ目 (上): シーン描写。 セリフ: 「こんばんは。佐々木拓也です。」 ナレーション: なし オノマトペ: なし
2コマ目 (下): シーン描写。 セリフ: 「今日は参加いただき、ありがとうございます」 ナレーション: なし オノマトペ: なし","[{""panel_id"": 1, ""type"": ""dialogue"", ""speaker"": null, ""text"": ""こんばんは。佐々木拓也です。""}]"
"118","テンプレ2","◆【注意】【】で囲まれた単語は感情や状況の指示であり、画像内に文字として描画しないでください
◆【絶対最優先】必ずフルカラーにしてください
◆【絶対最優先】必ず日本のアニメ・マンガ調のイラストで描いてください。実写風・フォトリアル風は禁止です。

◆【絶対最優先】キャラクター外見: ミサキは添付のミサキ.pngと100%同一の外見で描画（32歳女性、ショートボブの黒髪、丸顔）
◆【絶対最優先】キャラクター外見: タクヤは添付のタクヤ.pngと100%同一の外見で描画（42歳男性、短髪の黒髪、黒縁メガネ）
◆【出力サイズ】2:3
◆【補足情報】上下左右に50ピクセルの余白を設けてください
◆【補足情報】服装: ミサキ: ボーダー柄（白と紺）のカットソーにデニムパンツ、白いスニーカー / タクヤ: 白い無地のシャツにベージュのチノパン
◆【コマ構成】テンプレ2: 上下2分割
◆【作画】ジャンル: 副業に最適化した統一スタイル / 作画スタイル: 親しみやすく実践的,現代的なライフスタイル表現 / 色調: 明るく前向きな色調,オレンジ・青・黄色基調,活力ある配色 / 線画: 親しみやすい柔らかな線,カジュアルで読みやすい表現 / 演出: 必要に応じて集中線,効果線,擬音などのマンガらしい演出
◆【ストーリー】
1コマ目 (上): シーン描写。 セリフ: なし ナレーション: ［四角枠］声は落ち着いていた。テレビ通販のような張りのある声ではない。 オノマトペ: なし
2コマ目 (下): シーン描写。 セリフ: 「まず自己紹介をさせてください。」 ナレーション: ［四角枠］ゆっくり、丁寧に話す人だった。 オノマトペ: なし","[{""panel_id"": 1, ""type"": ""narration"", ""speaker"": null, ""text"": ""声は落ち着いていた。テレビ通販のような張りのある声ではない。""}, {""panel_id"": 2, ""type"": ""narration"", ""speaker"": null, ""text"": ""ゆっくり、丁寧に話す人だった。""}, {""panel_id"": 2, ""type"": ""dialogue"", ""speaker"": ""タクヤ"", ""text"": ""まず自己紹介をさせてください。""}]"
"119","テンプレ2","◆【注意】【】で囲まれた単語は感情や状況の指示であり、画像内に文字として描画しないでください
◆【絶対最優先】必ずフルカラーにしてください
◆【絶対最優先】必ず日本のアニメ・マンガ調のイラストで描いてください。実写風・フォトリアル風は禁止です。

◆【絶対最優先】キャラクター外見: ミサキは添付のミサキ.pngと100%同一の外見で描画（32歳女性、ショートボブの黒髪、丸顔）
◆【絶対最優先】キャラクター外見: タクヤは添付のタクヤ.pngと100%同一の外見で描画（42歳男性、短髪の黒髪、黒縁メガネ）
◆【出力サイズ】2:3
◆【補足情報】上下左右に50ピクセルの余白を設けてください
◆【補足情報】服装: ミサキ: ボーダー柄（白と紺）のカットソーにデニムパンツ、白いスニーカー / タクヤ: 白い無地のシャツにベージュのチノパン
◆【コマ構成】テンプレ2: 上下2分割
◆【作画】ジャンル: 副業に最適化した統一スタイル / 作画スタイル: 親しみやすく実践的,現代的なライフスタイル表現 / 色調: 明るく前向きな色調,オレンジ・青・黄色基調,活力ある配色 / 線画: 親しみやすい柔らかな線,カジュアルで読みやすい表現 / 演出: 必要に応じて集中線,効果線,擬音などのマンガらしい演出
◆【ストーリー】
1コマ目 (上): シーン描写。 セリフ: 「僕は42歳で、元・営業マンです。」 ナレーション: なし オノマトペ: なし
2コマ目 (下): シーン描写。 セリフ: 「15年間ルート営業をやっていました。」 ナレーション: なし オノマトペ: なし","[{""panel_id"": 1, ""type"": ""dialogue"", ""speaker"": ""タクヤ"", ""text"": ""僕は42歳で、元・営業マンです。""}, {""panel_id"": 2, ""type"": ""dialogue"", ""speaker"": ""タクヤ"", ""text"": ""15年間ルート営業をやっていました。""}]"
"120","テンプレ2","◆【注意】【】で囲まれた単語は感情や状況の指示であり、画像内に文字として描画しないでください
◆【絶対最優先】必ずフルカラーにしてください
◆【絶対最優先】必ず日本のアニメ・マンガ調のイラストで描いてください。実写風・フォトリアル風は禁止です。

◆【絶対最優先】キャラクター外見: ミサキは添付のミサキ.pngと100%同一の外見で描画（32歳女性、ショートボブの黒髪、丸顔）
◆【絶対最優先】キャラクター外見: タクヤは添付のタクヤ.pngと100%同一の外見で描画（42歳男性、短髪の黒髪、黒縁メガネ）
◆【出力サイズ】2:3
◆【補足情報】上下左右に50ピクセルの余白を設けてください
◆【補足情報】服装: ミサキ: ボーダー柄（白と紺）のカットソーにデニムパンツ、白いスニーカー / タクヤ: 白い無地のシャツにベージュのチノパン
◆【コマ構成】テンプレ2: 上下2分割
◆【作画】ジャンル: 副業に最適化した統一スタイル / 作画スタイル: 親しみやすく実践的,現代的なライフスタイル表現 / 色調: 明るく前向きな色調,オレンジ・青・黄色基調,活力ある配色 / 線画: 親しみやすい柔らかな線,カジュアルで読みやすい表現 / 演出: 必要に応じて集中線,効果線,擬音などのマンガらしい演出
◆【ストーリー】
1コマ目 (上): シーン描写。 セリフ: 「プログラミングの経験はゼロ。デザインもやったことがない。」 ナレーション: なし オノマトペ: なし
2コマ目 (下): シーン描写。 セリフ: 「WordとExcelが使えるだけの、普通のサラリーマンでした」 ナレーション: なし オノマトペ: なし","[{""panel_id"": 1, ""type"": ""dialogue"", ""speaker"": ""タクヤ"", ""text"": ""プログラミングの経験はゼロ。デザインもやったことがない。""}, {""panel_id"": 2, ""type"": ""dialogue"", ""speaker"": ""タクヤ"", ""text"": ""WordとExcelが使えるだけの、普通のサラリーマンでした""}]"
"121","テンプレ4","◆【注意】【】で囲まれた単語は感情や状況の指示であり、画像内に文字として描画しないでください
◆【絶対最優先】必ずフルカラーにしてください
◆【絶対最優先】必ず日本のアニメ・マンガ調のイラストで描いてください。実写風・フォトリアル風は禁止です。

◆【絶対最優先】キャラクター外見: ミサキは添付のミサキ.pngと100%同一の外見で描画（32歳女性、ショートボブの黒髪、丸顔）
◆【絶対最優先】キャラクター外見: タクヤは添付のタクヤ.pngと100%同一の外見で描画（42歳男性、短髪の黒髪、黒縁メガネ）
◆【出力サイズ】2:3
◆【補足情報】上下左右に50ピクセルの余白を設けてください
◆【補足情報】服装: ミサキ: ボーダー柄（白と紺）のカットソーにデニムパンツ、白いスニーカー / タクヤ: 白い無地のシャツにベージュのチノパン
◆【コマ構成】テンプレ4: 上大下小（上1コマ大＋下1コマ小）
◆【作画】ジャンル: 副業に最適化した統一スタイル / 作画スタイル: 親しみやすく実践的,現代的なライフスタイル表現 / 色調: 明るく前向きな色調,オレンジ・青・黄色基調,活力ある配色 / 線画: 親しみやすい柔らかな線,カジュアルで読みやすい表現 / 演出: 必要に応じて集中線,効果線,擬音などのマンガらしい演出
◆【ストーリー】
1コマ目 (上・大): シーン描写。 セリフ: 「38歳で、会社の早期退職に手を挙げました。」 ナレーション: なし オノマトペ: なし
2コマ目 (下・小): シーン描写。 セリフ: 「理由はいくつかありましたが、」 ナレーション: なし オノマトペ: なし","[{""panel_id"": 1, ""type"": ""dialogue"", ""speaker"": ""タクヤ"", ""text"": ""38歳で、会社の早期退職に手を挙げました。""}, {""panel_id"": 2, ""type"": ""dialogue"", ""speaker"": ""タクヤ"", ""text"": ""理由はいくつかありましたが、""}]"
"122","テンプレ4","◆【注意】【】で囲まれた単語は感情や状況の指示であり、画像内に文字として描画しないでください
◆【絶対最優先】必ずフルカラーにしてください
◆【絶対最優先】必ず日本のアニメ・マンガ調のイラストで描いてください。実写風・フォトリアル風は禁止です。

◆【絶対最優先】キャラクター外見: ミサキは添付のミサキ.pngと100%同一の外見で描画（32歳女性、ショートボブの黒髪、丸顔）
◆【絶対最優先】キャラクター外見: タクヤは添付のタクヤ.pngと100%同一の外見で描画（42歳男性、短髪の黒髪、黒縁メガネ）
◆【出力サイズ】2:3
◆【補足情報】上下左右に50ピクセルの余白を設けてください
◆【補足情報】服装: ミサキ: ボーダー柄（白と紺）のカットソーにデニムパンツ、白いスニーカー / タクヤ: 白い無地のシャツにベージュのチノパン
◆【コマ構成】テンプレ4: 上大下小（上1コマ大＋下1コマ小）
◆【作画】ジャンル: 副業に最適化した統一スタイル / 作画スタイル: 親しみやすく実践的,現代的なライフスタイル表現 / 色調: 明るく前向きな色調,オレンジ・青・黄色基調,活力ある配色 / 線画: 親しみやすい柔らかな線,カジュアルで読みやすい表現 / 演出: 必要に応じて集中線,効果線,擬音などのマンガらしい演出
◆【ストーリー】
1コマ目 (上・大): シーン描写。 セリフ: 「一番大きかったのは——このまま定年までこの仕事を続けるイメー」 ナレーション: なし オノマトペ: なし
2コマ目 (下・小): シーン描写。 セリフ: 「ジが湧かなくなったことです」 ナレーション: ［四角枠］ミサキはメモ帳を手に取った。 オノマトペ: なし","[{""panel_id"": 1, ""type"": ""dialogue"", ""speaker"": ""タクヤ"", ""text"": ""一番大きかったのは——このまま定年までこの仕事を続けるイメー""}, {""panel_id"": 2, ""type"": ""dialogue"", ""speaker"": ""タクヤ"", ""text"": ""ジが湧かなくなったことです""}, {""panel_id"": 2, ""type"": ""narration"", ""speaker"": null, ""text"": ""ミサキはメモ帳を手に取った。""}]"
"123","テンプレ3","◆【注意】【】で囲まれた単語は感情や状況の指示であり、画像内に文字として描画しないでください
◆【絶対最優先】必ずフルカラーにしてください
◆【絶対最優先】必ず日本のアニメ・マンガ調のイラストで描いてください。実写風・フォトリアル風は禁止です。

◆【絶対最優先】キャラクター外見: ミサキは添付のミサキ.pngと100%同一の外見で描画（32歳女性、ショートボブの黒髪、丸顔）
◆【絶対最優先】キャラクター外見: タクヤは添付のタクヤ.pngと100%同一の外見で描画（42歳男性、短髪の黒髪、黒縁メガネ）
◆【出力サイズ】2:3
◆【補足情報】上下左右に50ピクセルの余白を設けてください
◆【補足情報】服装: ミサキ: ボーダー柄（白と紺）のカットソーにデニムパンツ、白いスニーカー / タクヤ: 白い無地のシャツにベージュのチノパン
◆【コマ構成】テンプレ3: 上小下大（上1コマ小＋下1コマ大）
◆【作画】ジャンル: 副業に最適化した統一スタイル / 作画スタイル: 親しみやすく実践的,現代的なライフスタイル表現 / 色調: 明るく前向きな色調,オレンジ・青・黄色基調,活力ある配色 / 線画: 親しみやすい柔らかな線,カジュアルで読みやすい表現 / 演出: 必要に応じて集中線,効果線,擬音などのマンガらしい演出
◆【ストーリー】
1コマ目 (上・小): シーン描写。 セリフ: 「退職後、半年間は本当にきつかった。貯金は減っていく。」 ナレーション: なし オノマトペ: なし
2コマ目 (下・大): シーン描写。 セリフ: 「面接には落ちる。」 ナレーション: なし オノマトペ: なし","[{""panel_id"": 1, ""type"": ""dialogue"", ""speaker"": ""タクヤ"", ""text"": ""退職後、半年間は本当にきつかった。貯金は減っていく。""}, {""panel_id"": 2, ""type"": ""dialogue"", ""speaker"": ""タクヤ"", ""text"": ""面接には落ちる。""}]"
"124","テンプレ3","◆【注意】【】で囲まれた単語は感情や状況の指示であり、画像内に文字として描画しないでください
◆【絶対最優先】必ずフルカラーにしてください
◆【絶対最優先】必ず日本のアニメ・マンガ調のイラストで描いてください。実写風・フォトリアル風は禁止です。

◆【絶対最優先】キャラクター外見: ミサキは添付のミサキ.pngと100%同一の外見で描画（32歳女性、ショートボブの黒髪、丸顔）
◆【絶対最優先】キャラクター外見: タクヤは添付のタクヤ.pngと100%同一の外見で描画（42歳男性、短髪の黒髪、黒縁メガネ）
◆【出力サイズ】2:3
◆【補足情報】上下左右に50ピクセルの余白を設けてください
◆【補足情報】服装: ミサキ: ボーダー柄（白と紺）のカットソーにデニムパンツ、白いスニーカー / タクヤ: 白い無地のシャツにベージュのチノパン
◆【コマ構成】テンプレ3: 上小下大（上1コマ小＋下1コマ大）
◆【作画】ジャンル: 副業に最適化した統一スタイル / 作画スタイル: 親しみやすく実践的,現代的なライフスタイル表現 / 色調: 明るく前向きな色調,オレンジ・青・黄色基調,活力ある配色 / 線画: 親しみやすい柔らかな線,カジュアルで読みやすい表現 / 演出: 必要に応じて集中線,効果線,擬音などのマンガらしい演出
◆【ストーリー】
1コマ目 (上・小): シーン描写。 セリフ: 「40歳目前で未経験の仕事なんて、なかなか見つからない」 ナレーション: なし オノマトペ: なし
2コマ目 (下・大): シーン描写。 セリフ: なし ナレーション: ［四角枠］——似ている。状況は違う。性別も年齢も退職理由も違う。 オノマトペ: なし","[{""panel_id"": 1, ""type"": ""dialogue"", ""speaker"": ""タクヤ"", ""text"": ""40歳目前で未経験の仕事なんて、なかなか見つからない""}, {""panel_id"": 2, ""type"": ""narration"", ""speaker"": null, ""text"": ""——似ている。状況は違う。性別も年齢も退職理由も違う。""}]"
"125","テンプレ1","◆【注意】【】で囲まれた単語は感情や状況の指示であり、画像内に文字として描画しないでください
◆【絶対最優先】必ずフルカラーにしてください
◆【絶対最優先】必ず日本のアニメ・マンガ調のイラストで描いてください。実写風・フォトリアル風は禁止です。

◆【絶対最優先】キャラクター外見: ミサキは添付のミサキ.pngと100%同一の外見で描画（32歳女性、ショートボブの黒髪、丸顔）
◆【絶対最優先】キャラクター外見: タクヤは添付のタクヤ.pngと100%同一の外見で描画（42歳男性、短髪の黒髪、黒縁メガネ）
◆【出力サイズ】2:3
◆【補足情報】上下左右に50ピクセルの余白を設けてください
◆【補足情報】服装: ミサキ: ボーダー柄（白と紺）のカットソーにデニムパンツ、白いスニーカー / タクヤ: 白い無地のシャツにベージュのチノパン
◆【コマ構成】テンプレ1: 全面1コマ（上1コマ小＋下1コマ大）
◆【作画】ジャンル: 副業に最適化した統一スタイル / 作画スタイル: 親しみやすく実践的,現代的なライフスタイル表現 / 色調: 明るく前向きな色調,オレンジ・青・黄色基調,活力ある配色 / 線画: 親しみやすい柔らかな線,カジュアルで読みやすい表現 / 演出: 必要に応じて集中線,効果線,擬音などのマンガらしい演出
◆【ストーリー】
1コマ目 (上・小): シーン描写。 セリフ: なし ナレーション: ［四角枠］でも、「何もできない自分」 オノマトペ: なし
2コマ目 (下・大): シーン描写。 セリフ: なし ナレーション: ［四角枠］に直面した感覚は、痛いほどわかった。 オノマトペ: なし","[{""panel_id"": 1, ""type"": ""narration"", ""speaker"": null, ""text"": ""「何もできない自分」に直面した。""}]"
"126","テンプレ6","◆【注意】【】で囲まれた単語は感情や状況の指示であり、画像内に文字として描画しないでください
◆【絶対最優先】必ずフルカラーにしてください
◆【絶対最優先】必ず日本のアニメ・マンガ調のイラストで描いてください。実写風・フォトリアル風は禁止です。

◆【絶対最優先】キャラクター外見: ミサキは添付のミサキ.pngと100%同一の外見で描画（32歳女性、ショートボブの黒髪、丸顔）
◆【絶対最優先】キャラクター外見: タクヤは添付のタクヤ.pngと100%同一の外見で描画（42歳男性、短髪の黒髪、黒縁メガネ）
◆【出力サイズ】2:3
◆【補足情報】上下左右に50ピクセルの余白を設けてください
◆【補足情報】服装: ミサキ: ボーダー柄（白と紺）のカットソーにデニムパンツ、白いスニーカー / タクヤ: 白い無地のシャツにベージュのチノパン
◆【コマ構成】テンプレ6: 上1コマ＋下左右2コマ
◆【作画】ジャンル: 副業に最適化した統一スタイル / 作画スタイル: 親しみやすく実践的,現代的なライフスタイル表現 / 色調: 明るく前向きな色調,オレンジ・青・黄色基調,活力ある配色 / 線画: 親しみやすい柔らかな線,カジュアルで読みやすい表現 / 演出: 必要に応じて集中線,効果線,擬音などのマンガらしい演出
◆【ストーリー】
1コマ目 (上): シーン描写。 セリフ: 「そんなとき、たまたまAIツールを触ってみたんです。」 ナレーション: なし オノマトペ: なし
2コマ目 (下左): シーン描写。 セリフ: 「正直に言うと、暇つぶしでした。『こんなの本当に使えるのかな』」 ナレーション: なし オノマトペ: なし
3コマ目 (下右): シーン描写。 セリフ: 「くらいの気持ちで」 ナレーション: ［四角枠］タクヤの表情が少しほころんだ。 オノマトペ: なし","[{""panel_id"": 1, ""type"": ""dialogue"", ""speaker"": ""タクヤ"", ""text"": ""そんなとき、たまたまAIツールを触ってみたんです。""}, {""panel_id"": 2, ""type"": ""dialogue"", ""speaker"": ""タクヤ"", ""text"": ""正直に言うと、暇つぶしでした。『こんなの本当に使えるのかな』""}, {""panel_id"": 3, ""type"": ""dialogue"", ""speaker"": ""タクヤ"", ""text"": ""くらいの気持ちで""}, {""panel_id"": 3, ""type"": ""narration"", ""speaker"": null, ""text"": ""タクヤの表情が少しほころんだ。""}]"
"127","テンプレ6","◆【注意】【】で囲まれた単語は感情や状況の指示であり、画像内に文字として描画しないでください
◆【絶対最優先】必ずフルカラーにしてください
◆【絶対最優先】必ず日本のアニメ・マンガ調のイラストで描いてください。実写風・フォトリアル風は禁止です。

◆【絶対最優先】キャラクター外見: ミサキは添付のミサキ.pngと100%同一の外見で描画（32歳女性、ショートボブの黒髪、丸顔）
◆【絶対最優先】キャラクター外見: タクヤは添付のタクヤ.pngと100%同一の外見で描画（42歳男性、短髪の黒髪、黒縁メガネ）
◆【出力サイズ】2:3
◆【補足情報】上下左右に50ピクセルの余白を設けてください
◆【補足情報】服装: ミサキ: ボーダー柄（白と紺）のカットソーにデニムパンツ、白いスニーカー / タクヤ: 白い無地のシャツにベージュのチノパン
◆【コマ構成】テンプレ6: 上1コマ＋下左右2コマ
◆【作画】ジャンル: 副業に最適化した統一スタイル / 作画スタイル: 親しみやすく実践的,現代的なライフスタイル表現 / 色調: 明るく前向きな色調,オレンジ・青・黄色基調,活力ある配色 / 線画: 親しみやすい柔らかな線,カジュアルで読みやすい表現 / 演出: 必要に応じて集中線,効果線,擬音などのマンガらしい演出
◆【ストーリー】
1コマ目 (上): シーン描写。 セリフ: 「でも、使ってみたら、驚きました。」 ナレーション: なし オノマトペ: なし
2コマ目 (下左): シーン描写。 セリフ: 「日本語で話しかけるだけで、企画書を作ってくれる。」 ナレーション: なし オノマトペ: なし
3コマ目 (下右): シーン描写。 セリフ: 「メールの文面を考えてくれる。」 ナレーション: なし オノマトペ: なし","[{""panel_id"": 1, ""type"": ""dialogue"", ""speaker"": ""タクヤ"", ""text"": ""でも、使ってみたら、驚きました。""}, {""panel_id"": 2, ""type"": ""dialogue"", ""speaker"": ""タクヤ"", ""text"": ""日本語で話しかけるだけで、企画書を作ってくれる。""}, {""panel_id"": 3, ""type"": ""dialogue"", ""speaker"": ""タクヤ"", ""text"": ""メールの文面を考えてくれる。""}]"
"128","テンプレ6","◆【注意】【】で囲まれた単語は感情や状況の指示であり、画像内に文字として描画しないでください
◆【絶対最優先】必ずフルカラーにしてください
◆【絶対最優先】必ず日本のアニメ・マンガ調のイラストで描いてください。実写風・フォトリアル風は禁止です。

◆【絶対最優先】キャラクター外見: ミサキは添付のミサキ.pngと100%同一の外見で描画（32歳女性、ショートボブの黒髪、丸顔）
◆【絶対最優先】キャラクター外見: タクヤは添付のタクヤ.pngと100%同一の外見で描画（42歳男性、短髪の黒髪、黒縁メガネ）
◆【出力サイズ】2:3
◆【補足情報】上下左右に50ピクセルの余白を設けてください
◆【補足情報】服装: ミサキ: ボーダー柄（白と紺）のカットソーにデニムパンツ、白いスニーカー / タクヤ: 白い無地のシャツにベージュのチノパン
◆【コマ構成】テンプレ6: 上1コマ＋下左右2コマ
◆【作画】ジャンル: 副業に最適化した統一スタイル / 作画スタイル: 親しみやすく実践的,現代的なライフスタイル表現 / 色調: 明るく前向きな色調,オレンジ・青・黄色基調,活力ある配色 / 線画: 親しみやすい柔らかな線,カジュアルで読みやすい表現 / 演出: 必要に応じて集中線,効果線,擬音などのマンガらしい演出
◆【ストーリー】
1コマ目 (上): シーン描写。 セリフ: 「市場調査のレポートをまとめてくれる」 ナレーション: なし オノマトペ: なし
2コマ目 (下左): シーン描写。 セリフ: 「大事なのは——僕がプログラミングを覚えたわけじゃないというこ」 ナレーション: なし オノマトペ: なし
3コマ目 (下右): シーン描写。 セリフ: 「とです。日本語が使えれば、AIは動いてくれる。」 ナレーション: なし オノマトペ: なし","[{""panel_id"": 1, ""type"": ""dialogue"", ""speaker"": ""タクヤ"", ""text"": ""市場調査のレポートをまとめてくれる""}, {""panel_id"": 2, ""type"": ""dialogue"", ""speaker"": ""タクヤ"", ""text"": ""大事なのは——僕がプログラミングを覚えたわけじゃないというこ""}, {""panel_id"": 3, ""type"": ""dialogue"", ""speaker"": ""タクヤ"", ""text"": ""とです。日本語が使えれば、AIは動いてくれる。""}]"
"129","テンプレ6","◆【注意】【】で囲まれた単語は感情や状況の指示であり、画像内に文字として描画しないでください
◆【絶対最優先】必ずフルカラーにしてください
◆【絶対最優先】必ず日本のアニメ・マンガ調のイラストで描いてください。実写風・フォトリアル風は禁止です。

◆【絶対最優先】キャラクター外見: ミサキは添付のミサキ.pngと100%同一の外見で描画（32歳女性、ショートボブの黒髪、丸顔）
◆【絶対最優先】キャラクター外見: タクヤは添付のタクヤ.pngと100%同一の外見で描画（42歳男性、短髪の黒髪、黒縁メガネ）
◆【出力サイズ】2:3
◆【補足情報】上下左右に50ピクセルの余白を設けてください
◆【補足情報】服装: ミサキ: ボーダー柄（白と紺）のカットソーにデニムパンツ、白いスニーカー / タクヤ: 白い無地のシャツにベージュのチノパン
◆【コマ構成】テンプレ6: 上1コマ＋下左右2コマ
◆【作画】ジャンル: 副業に最適化した統一スタイル / 作画スタイル: 親しみやすく実践的,現代的なライフスタイル表現 / 色調: 明るく前向きな色調,オレンジ・青・黄色基調,活力ある配色 / 線画: 親しみやすい柔らかな線,カジュアルで読みやすい表現 / 演出: 必要に応じて集中線,効果線,擬音などのマンガらしい演出
◆【ストーリー】
1コマ目 (上): シーン描写。 セリフ: 「つまり、僕たちが普段やっている〝仕事〟のスキルが、」 ナレーション: なし オノマトペ: なし
2コマ目 (下左): シーン描写。 セリフ: 「そのまま使えるんです」 ナレーション: なし オノマトペ: なし","[{""panel_id"": 1, ""type"": ""dialogue"", ""speaker"": ""タクヤ"", ""text"": ""つまり、僕たちが普段やっている〝仕事〟のスキルが、""}, {""panel_id"": 2, ""type"": ""dialogue"", ""speaker"": ""タクヤ"", ""text"": ""そのまま使えるんです""}]"
"130","テンプレ1","◆【注意】【】で囲まれた単語は感情や状況の指示であり、画像内に文字として描画しないでください
◆【絶対最優先】必ずフルカラーにしてください
◆【絶対最優先】必ず日本のアニメ・マンガ調のイラストで描いてください。実写風・フォトリアル風は禁止です。

◆【絶対最優先】キャラクター外見: ミサキは添付のミサキ.pngと100%同一の外見で描画（32歳女性、ショートボブの黒髪、丸顔）
◆【出力サイズ】2:3
◆【補足情報】上下左右に50ピクセルの余白を設けてください
◆【補足情報】服装: ミサキ: ボーダー柄（白と紺）のカットソーにデニムパンツ、白いスニーカー
◆【コマ構成】テンプレ1: 全面1コマ
◆【作画】ジャンル: 副業に最適化した統一スタイル / 作画スタイル: 親しみやすく実践的,現代的なライフスタイル表現 / 色調: 明るく前向きな色調,オレンジ・青・黄色基調,活力ある配色 / 線画: 親しみやすい柔らかな線,カジュアルで読みやすい表現 / 演出: 必要に応じて集中線,効果線,擬音などのマンガらしい演出
◆【ストーリー】
1コマ目 (ページ全体): シーン描写。 セリフ: なし ナレーション: ［四角枠］ミサキのペンが速く動いた。 オノマトペ: なし","[{""panel_id"": 1, ""type"": ""narration"", ""speaker"": null, ""text"": ""ミサキのペンが速く動いた。""}]"
"131","テンプレ5","◆【注意】【】で囲まれた単語は感情や状況の指示であり、画像内に文字として描画しないでください
◆【絶対最優先】必ずフルカラーにしてください
◆【絶対最優先】必ず日本のアニメ・マンガ調のイラストで描いてください。実写風・フォトリアル風は禁止です。

◆【絶対最優先】キャラクター外見: ミサキは添付のミサキ.pngと100%同一の外見で描画（32歳女性、ショートボブの黒髪、丸顔）
◆【絶対最優先】キャラクター外見: タクヤは添付のタクヤ.pngと100%同一の外見で描画（42歳男性、短髪の黒髪、黒縁メガネ）
◆【出力サイズ】2:3
◆【補足情報】上下左右に50ピクセルの余白を設けてください
◆【補足情報】服装: ミサキ: ボーダー柄（白と紺）のカットソーにデニムパンツ、白いスニーカー / タクヤ: 白い無地のシャツにベージュのチノパン
◆【コマ構成】テンプレ5: 上中下3段
◆【作画】ジャンル: 副業に最適化した統一スタイル / 作画スタイル: 親しみやすく実践的,現代的なライフスタイル表現 / 色調: 明るく前向きな色調,オレンジ・青・黄色基調,活力ある配色 / 線画: 親しみやすい柔らかな線,カジュアルで読みやすい表現 / 演出: 必要に応じて集中線,効果線,擬音などのマンガらしい演出
◆【ストーリー】
1コマ目 (上段): シーン描写。 セリフ: なし ナレーション: ［四角枠］ウェビナーは30分を過ぎていた。 オノマトペ: なし
2コマ目 (中段): シーン描写。 セリフ: なし ナレーション: ［四角枠］タクヤは具体的な事例を見せていた。 オノマトペ: なし
3コマ目 (下段): シーン描写。 セリフ: なし ナレーション: ［四角枠］AIを使って作ったSNS投稿、ブログ記事、プレゼン資料、 オノマトペ: なし","[{""panel_id"": 1, ""type"": ""narration"", ""speaker"": null, ""text"": ""ウェビナーは30分を過ぎていた。""}, {""panel_id"": 2, ""type"": ""narration"", ""speaker"": null, ""text"": ""タクヤは具体的な事例を見せていた。""}, {""panel_id"": 3, ""type"": ""narration"", ""speaker"": null, ""text"": ""AIを使って作ったSNS投稿、ブログ記事、プレゼン資料、""}]"
"132","テンプレ5","◆【注意】【】で囲まれた単語は感情や状況の指示であり、画像内に文字として描画しないでください
◆【絶対最優先】必ずフルカラーにしてください
◆【絶対最優先】必ず日本のアニメ・マンガ調のイラストで描いてください。実写風・フォトリアル風は禁止です。

◆【絶対最優先】キャラクター外見: ミサキは添付のミサキ.pngと100%同一の外見で描画（32歳女性、ショートボブの黒髪、丸顔）
◆【絶対最優先】キャラクター外見: タクヤは添付のタクヤ.pngと100%同一の外見で描画（42歳男性、短髪の黒髪、黒縁メガネ）
◆【出力サイズ】2:3
◆【補足情報】上下左右に50ピクセルの余白を設けてください
◆【補足情報】服装: ミサキ: ボーダー柄（白と紺）のカットソーにデニムパンツ、白いスニーカー / タクヤ: 白い無地のシャツにベージュのチノパン
◆【コマ構成】テンプレ5: 上中下3段
◆【作画】ジャンル: 副業に最適化した統一スタイル / 作画スタイル: 親しみやすく実践的,現代的なライフスタイル表現 / 色調: 明るく前向きな色調,オレンジ・青・黄色基調,活力ある配色 / 線画: 親しみやすい柔らかな線,カジュアルで読みやすい表現 / 演出: 必要に応じて集中線,効果線,擬音などのマンガらしい演出
◆【ストーリー】
1コマ目 (上段): シーン描写。 セリフ: 「これ、全部僕一人で作りました。」 ナレーション: ［四角枠］マーケティング分析。 オノマトペ: なし
2コマ目 (中段): シーン描写。 セリフ: 「でも僕はデザイナーじゃないし、ライターでもない。」 ナレーション: なし オノマトペ: なし
3コマ目 (下段): シーン描写。 セリフ: 「AIに『こういうのを作りたい』と伝えて、一緒に作ったんです」 ナレーション: なし オノマトペ: なし","[{""panel_id"": 1, ""type"": ""narration"", ""speaker"": null, ""text"": ""マーケティング分析。""}, {""panel_id"": 1, ""type"": ""dialogue"", ""speaker"": ""タクヤ"", ""text"": ""これ、全部僕一人で作りました。""}, {""panel_id"": 2, ""type"": ""dialogue"", ""speaker"": ""タクヤ"", ""text"": ""でも僕はデザイナーじゃないし、ライターでもない。""}, {""panel_id"": 3, ""type"": ""dialogue"", ""speaker"": ""タクヤ"", ""text"": ""AIに『こういうのを作りたい』と伝えて、一緒に作ったんです""}]"
"133","テンプレ5","◆【注意】【】で囲まれた単語は感情や状況の指示であり、画像内に文字として描画しないでください
◆【絶対最優先】必ずフルカラーにしてください
◆【絶対最優先】必ず日本のアニメ・マンガ調のイラストで描いてください。実写風・フォトリアル風は禁止です。

◆【絶対最優先】キャラクター外見: ミサキは添付のミサキ.pngと100%同一の外見で描画（32歳女性、ショートボブの黒髪、丸顔）
◆【絶対最優先】キャラクター外見: タクヤは添付のタクヤ.pngと100%同一の外見で描画（42歳男性、短髪の黒髪、黒縁メガネ）
◆【出力サイズ】2:3
◆【補足情報】上下左右に50ピクセルの余白を設けてください
◆【補足情報】服装: ミサキ: ボーダー柄（白と紺）のカットソーにデニムパンツ、白いスニーカー / タクヤ: 白い無地のシャツにベージュのチノパン
◆【コマ構成】テンプレ5: 上中下3段
◆【作画】ジャンル: 副業に最適化した統一スタイル / 作画スタイル: 親しみやすく実践的,現代的なライフスタイル表現 / 色調: 明るく前向きな色調,オレンジ・青・黄色基調,活力ある配色 / 線画: 親しみやすい柔らかな線,カジュアルで読みやすい表現 / 演出: 必要に応じて集中線,効果線,擬音などのマンガらしい演出
◆【ストーリー】
1コマ目 (上段): シーン描写。 セリフ: なし ナレーション: ［四角枠］チャット欄にコメントが流れる。「本当に一人で？」 オノマトペ: なし
2コマ目 (中段): シーン描写。 セリフ: なし ナレーション: ［四角枠］「デザイン未経験で？」「日本語だけで？」 オノマトペ: なし","[{""panel_id"": 1, ""type"": ""narration"", ""speaker"": null, ""text"": ""チャット欄にコメントが流れる。「本当に一人で？」""}, {""panel_id"": 2, ""type"": ""narration"", ""speaker"": null, ""text"": ""「デザイン未経験で？」「日本語だけで？」""}]"
"134","テンプレ1","◆【注意】【】で囲まれた単語は感情や状況の指示であり、画像内に文字として描画しないでください
◆【絶対最優先】必ずフルカラーにしてください
◆【絶対最優先】必ず日本のアニメ・マンガ調のイラストで描いてください。実写風・フォトリアル風は禁止です。

◆【絶対最優先】キャラクター外見: ミサキは添付のミサキ.pngと100%同一の外見で描画（32歳女性、ショートボブの黒髪、丸顔）
◆【絶対最優先】キャラクター外見: タクヤは添付のタクヤ.pngと100%同一の外見で描画（42歳男性、短髪の黒髪、黒縁メガネ）
◆【出力サイズ】2:3
◆【補足情報】上下左右に50ピクセルの余白を設けてください
◆【補足情報】服装: ミサキ: ボーダー柄（白と紺）のカットソーにデニムパンツ、白いスニーカー / タクヤ: 白い無地のシャツにベージュのチノパン
◆【コマ構成】テンプレ2: 上下2分割
◆【作画】ジャンル: 副業に最適化した統一スタイル / 作画スタイル: 親しみやすく実践的,現代的なライフスタイル表現 / 色調: 明るく前向きな色調,オレンジ・青・黄色基調,活力ある配色 / 線画: 親しみやすい柔らかな線,カジュアルで読みやすい表現 / 演出: 必要に応じて集中線,効果線,擬音などのマンガらしい演出
◆【ストーリー】
1コマ目 (上): シーン描写。 セリフ: 「はい。日本語だけです。」 ナレーション: なし オノマトペ: なし
2コマ目 (下): シーン描写。 セリフ: 「大事なのはプログラミングスキルじゃない。」 ナレーション: なし オノマトペ: なし","[{""panel_id"": 1, ""type"": ""dialogue"", ""speaker"": null, ""text"": ""大事なのはプログラミングスキルじゃない。""}]"
"135","テンプレ2","◆【注意】【】で囲まれた単語は感情や状況の指示であり、画像内に文字として描画しないでください
◆【絶対最優先】必ずフルカラーにしてください
◆【絶対最優先】必ず日本のアニメ・マンガ調のイラストで描いてください。実写風・フォトリアル風は禁止です。

◆【絶対最優先】キャラクター外見: ミサキは添付のミサキ.pngと100%同一の外見で描画（32歳女性、ショートボブの黒髪、丸顔）
◆【絶対最優先】キャラクター外見: タクヤは添付のタクヤ.pngと100%同一の外見で描画（42歳男性、短髪の黒髪、黒縁メガネ）
◆【出力サイズ】2:3
◆【補足情報】上下左右に50ピクセルの余白を設けてください
◆【補足情報】服装: ミサキ: ボーダー柄（白と紺）のカットソーにデニムパンツ、白いスニーカー / タクヤ: 白い無地のシャツにベージュのチノパン
◆【コマ構成】テンプレ2: 上下2分割
◆【作画】ジャンル: 副業に最適化した統一スタイル / 作画スタイル: 親しみやすく実践的,現代的なライフスタイル表現 / 色調: 明るく前向きな色調,オレンジ・青・黄色基調,活力ある配色 / 線画: 親しみやすい柔らかな線,カジュアルで読みやすい表現 / 演出: 必要に応じて集中線,効果線,擬音などのマンガらしい演出
◆【ストーリー】
1コマ目 (上): シーン描写。 セリフ: 「〝何をやりたいか〟を言葉にする力です。」 ナレーション: なし オノマトペ: なし
2コマ目 (下): シーン描写。 セリフ: 「これを僕は〝言語化力〟と呼んでいます」 ナレーション: なし オノマトペ: なし","[{""panel_id"": 1, ""type"": ""dialogue"", ""speaker"": ""タクヤ"", ""text"": ""〝何をやりたいか〟を言葉にする力です。""}, {""panel_id"": 2, ""type"": ""dialogue"", ""speaker"": ""タクヤ"", ""text"": ""これを僕は〝言語化力〟と呼んでいます""}]"
"136","テンプレ1","◆【注意】【】で囲まれた単語は感情や状況の指示であり、画像内に文字として描画しないでください
◆【絶対最優先】必ずフルカラーにしてください
◆【絶対最優先】必ず日本のアニメ・マンガ調のイラストで描いてください。実写風・フォトリアル風は禁止です。

◆【絶対最優先】キャラクター外見: ミサキは添付のミサキ.pngと100%同一の外見で描画（32歳女性、ショートボブの黒髪、丸顔）
◆【絶対最優先】キャラクター外見: タクヤは添付のタクヤ.pngと100%同一の外見で描画（42歳男性、短髪の黒髪、黒縁メガネ）
◆【出力サイズ】2:3
◆【補足情報】上下左右に50ピクセルの余白を設けてください
◆【補足情報】服装: ミサキ: ボーダー柄（白と紺）のカットソーにデニムパンツ、白いスニーカー / タクヤ: 白い無地のシャツにベージュのチノパン
◆【コマ構成】テンプレ2: 上下2分割
◆【作画】ジャンル: 副業に最適化した統一スタイル / 作画スタイル: 親しみやすく実践的,現代的なライフスタイル表現 / 色調: 明るく前向きな色調,オレンジ・青・黄色基調,活力ある配色 / 線画: 親しみやすい柔らかな線,カジュアルで読みやすい表現 / 演出: 必要に応じて集中線,効果線,擬音などのマンガらしい演出
◆【ストーリー】
1コマ目 (上): シーン描写。 セリフ: なし ナレーション: ［四角枠］ミサキは手を止めた。——言語化力。 オノマトペ: なし","[{""panel_id"": 1, ""type"": ""narration"", ""speaker"": null, ""text"": ""ミサキは手を止めた。——言語化力。""}]"
"137","テンプレ4","◆【注意】【】で囲まれた単語は感情や状況の指示であり、画像内に文字として描画しないでください
◆【絶対最優先】必ずフルカラーにしてください
◆【絶対最優先】必ず日本のアニメ・マンガ調のイラストで描いてください。実写風・フォトリアル風は禁止です。

◆【絶対最優先】キャラクター外見: ミサキは添付のミサキ.pngと100%同一の外見で描画（32歳女性、ショートボブの黒髪、丸顔）
◆【絶対最優先】キャラクター外見: タクヤは添付のタクヤ.pngと100%同一の外見で描画（42歳男性、短髪の黒髪、黒縁メガネ）
◆【出力サイズ】2:3
◆【補足情報】上下左右に50ピクセルの余白を設けてください
◆【補足情報】服装: ミサキ: ボーダー柄（白と紺）のカットソーにデニムパンツ、白いスニーカー / タクヤ: 白い無地のシャツにベージュのチノパン
◆【コマ構成】テンプレ4: 上大下小（上1コマ大＋下1コマ小）
◆【作画】ジャンル: 副業に最適化した統一スタイル / 作画スタイル: 親しみやすく実践的,現代的なライフスタイル表現 / 色調: 明るく前向きな色調,オレンジ・青・黄色基調,活力ある配色 / 線画: 親しみやすい柔らかな線,カジュアルで読みやすい表現 / 演出: 必要に応じて集中線,効果線,擬音などのマンガらしい演出
◆【ストーリー】
1コマ目 (上・大): シーン描写。 セリフ: 「営業職の僕にとって、〝お客さんが何を求めているかを言葉にする」 ナレーション: なし オノマトペ: なし
2コマ目 (下・小): シーン描写。 セリフ: 「〟のは日常業務でした。AIを使うのもまったく同じです。」 ナレーション: なし オノマトペ: なし","[{""panel_id"": 1, ""type"": ""dialogue"", ""speaker"": ""タクヤ"", ""text"": ""営業職の僕にとって、〝お客さんが何を求めているかを言葉にする""}, {""panel_id"": 2, ""type"": ""dialogue"", ""speaker"": ""タクヤ"", ""text"": ""〟のは日常業務でした。AIを使うのもまったく同じです。""}]"
"138","テンプレ4","◆【注意】【】で囲まれた単語は感情や状況の指示であり、画像内に文字として描画しないでください
◆【絶対最優先】必ずフルカラーにしてください
◆【絶対最優先】必ず日本のアニメ・マンガ調のイラストで描いてください。実写風・フォトリアル風は禁止です。

◆【絶対最優先】キャラクター外見: ミサキは添付のミサキ.pngと100%同一の外見で描画（32歳女性、ショートボブの黒髪、丸顔）
◆【絶対最優先】キャラクター外見: タクヤは添付のタクヤ.pngと100%同一の外見で描画（42歳男性、短髪の黒髪、黒縁メガネ）
◆【出力サイズ】2:3
◆【補足情報】上下左右に50ピクセルの余白を設けてください
◆【補足情報】服装: ミサキ: ボーダー柄（白と紺）のカットソーにデニムパンツ、白いスニーカー / タクヤ: 白い無地のシャツにベージュのチノパン
◆【コマ構成】テンプレ4: 上大下小（上1コマ大＋下1コマ小）
◆【作画】ジャンル: 副業に最適化した統一スタイル / 作画スタイル: 親しみやすく実践的,現代的なライフスタイル表現 / 色調: 明るく前向きな色調,オレンジ・青・黄色基調,活力ある配色 / 線画: 親しみやすい柔らかな線,カジュアルで読みやすい表現 / 演出: 必要に応じて集中線,効果線,擬音などのマンガらしい演出
◆【ストーリー】
1コマ目 (上・大): シーン描写。 セリフ: 「〝自分が何をしたいかを言葉にする〟。それだけ」 ナレーション: なし オノマトペ: なし
2コマ目 (下・小): シーン描写。 セリフ: 「逆に言えば、プログラミングができてもAIに何をさせたいかが言」 ナレーション: なし オノマトペ: なし","[{""panel_id"": 1, ""type"": ""dialogue"", ""speaker"": ""タクヤ"", ""text"": ""〝自分が何をしたいかを言葉にする〟。それだけ""}, {""panel_id"": 2, ""type"": ""dialogue"", ""speaker"": ""タクヤ"", ""text"": ""逆に言えば、プログラミングができてもAIに何をさせたいかが言""}]"
"139","テンプレ4","◆【注意】【】で囲まれた単語は感情や状況の指示であり、画像内に文字として描画しないでください
◆【絶対最優先】必ずフルカラーにしてください
◆【絶対最優先】必ず日本のアニメ・マンガ調のイラストで描いてください。実写風・フォトリアル風は禁止です。

◆【絶対最優先】キャラクター外見: ミサキは添付のミサキ.pngと100%同一の外見で描画（32歳女性、ショートボブの黒髪、丸顔）
◆【絶対最優先】キャラクター外見: タクヤは添付のタクヤ.pngと100%同一の外見で描画（42歳男性、短髪の黒髪、黒縁メガネ）
◆【出力サイズ】2:3
◆【補足情報】上下左右に50ピクセルの余白を設けてください
◆【補足情報】服装: ミサキ: ボーダー柄（白と紺）のカットソーにデニムパンツ、白いスニーカー / タクヤ: 白い無地のシャツにベージュのチノパン
◆【コマ構成】テンプレ4: 上大下小（上1コマ大＋下1コマ小）
◆【作画】ジャンル: 副業に最適化した統一スタイル / 作画スタイル: 親しみやすく実践的,現代的なライフスタイル表現 / 色調: 明るく前向きな色調,オレンジ・青・黄色基調,活力ある配色 / 線画: 親しみやすい柔らかな線,カジュアルで読みやすい表現 / 演出: 必要に応じて集中線,効果線,擬音などのマンガらしい演出
◆【ストーリー】
1コマ目 (上・大): シーン描写。 セリフ: 「葉にできない人は、うまく使えません。」 ナレーション: なし オノマトペ: なし
2コマ目 (下・小): シーン描写。 セリフ: 「コードが書ける・書けないじゃなく、言葉にできる・できないが、」 ナレーション: なし オノマトペ: なし","[{""panel_id"": 1, ""type"": ""dialogue"", ""speaker"": ""タクヤ"", ""text"": ""葉にできない人は、うまく使えません。""}, {""panel_id"": 2, ""type"": ""dialogue"", ""speaker"": ""タクヤ"", ""text"": ""コードが書ける・書けないじゃなく、言葉にできる・できないが、""}]"
"140","テンプレ1","◆【注意】【】で囲まれた単語は感情や状況の指示であり、画像内に文字として描画しないでください
◆【絶対最優先】必ずフルカラーにしてください
◆【絶対最優先】必ず日本のアニメ・マンガ調のイラストで描いてください。実写風・フォトリアル風は禁止です。

◆【絶対最優先】キャラクター外見: ミサキは添付のミサキ.pngと100%同一の外見で描画（32歳女性、ショートボブの黒髪、丸顔）
◆【絶対最優先】キャラクター外見: タクヤは添付のタクヤ.pngと100%同一の外見で描画（42歳男性、短髪の黒髪、黒縁メガネ）
◆【出力サイズ】2:3
◆【補足情報】上下左右に50ピクセルの余白を設けてください
◆【補足情報】服装: ミサキ: ボーダー柄（白と紺）のカットソーにデニムパンツ、白いスニーカー / タクヤ: 白い無地のシャツにベージュのチノパン
◆【コマ構成】テンプレ1: 全面1コマ（上1コマ大＋下1コマ小）
◆【作画】ジャンル: 副業に最適化した統一スタイル / 作画スタイル: 親しみやすく実践的,現代的なライフスタイル表現 / 色調: 明るく前向きな色調,オレンジ・青・黄色基調,活力ある配色 / 線画: 親しみやすい柔らかな線,カジュアルで読みやすい表現 / 演出: 必要に応じて集中線,効果線,擬音などのマンガらしい演出
◆【ストーリー】
1コマ目 (上・大): シーン描写。 セリフ: 「AIの時代の分かれ目です」 ナレーション: なし オノマトペ: なし","[{""panel_id"": 1, ""type"": ""dialogue"", ""speaker"": ""タクヤ"", ""text"": ""AIの時代の分かれ目です""}]"
"141","テンプレ5","◆【注意】【】で囲まれた単語は感情や状況の指示であり、画像内に文字として描画しないでください
◆【絶対最優先】必ずフルカラーにしてください
◆【絶対最優先】必ず日本のアニメ・マンガ調のイラストで描いてください。実写風・フォトリアル風は禁止です。

◆【絶対最優先】キャラクター外見: ミサキは添付のミサキ.pngと100%同一の外見で描画（32歳女性、ショートボブの黒髪、丸顔）
◆【出力サイズ】2:3
◆【補足情報】上下左右に50ピクセルの余白を設けてください
◆【補足情報】服装: ミサキ: ボーダー柄（白と紺）のカットソーにデニムパンツ、白いスニーカー
◆【コマ構成】テンプレ5: 上中下3段
◆【作画】ジャンル: 副業に最適化した統一スタイル / 作画スタイル: 親しみやすく実践的,現代的なライフスタイル表現 / 色調: 明るく前向きな色調,オレンジ・青・黄色基調,活力ある配色 / 線画: 親しみやすい柔らかな線,カジュアルで読みやすい表現 / 演出: 必要に応じて集中線,効果線,擬音などのマンガらしい演出
◆【ストーリー】
1コマ目 (上段): シーン描写。 セリフ: なし ナレーション: ［四角枠］ミサキは、事務職時代のことを思い出していた。 オノマトペ: なし
2コマ目 (中段): シーン描写。 セリフ: なし ナレーション: ［四角枠］上司に報告書を褒められたことがある。 オノマトペ: なし
3コマ目 (下段): シーン描写。 セリフ: なし ナレーション: ［四角枠］「佐藤さんの報告書はわかりやすい。要点がまとまってる」と。 オノマトペ: なし","[{""panel_id"": 1, ""type"": ""narration"", ""speaker"": null, ""text"": ""ミサキは、事務職時代のことを思い出していた。""}, {""panel_id"": 2, ""type"": ""narration"", ""speaker"": null, ""text"": ""上司に報告書を褒められたことがある。""}, {""panel_id"": 3, ""type"": ""narration"", ""speaker"": null, ""text"": ""「佐藤さんの報告書はわかりやすい。要点がまとまってる」と。""}]"
"142","テンプレ5","◆【注意】【】で囲まれた単語は感情や状況の指示であり、画像内に文字として描画しないでください
◆【絶対最優先】必ずフルカラーにしてください
◆【絶対最優先】必ず日本のアニメ・マンガ調のイラストで描いてください。実写風・フォトリアル風は禁止です。

◆【絶対最優先】キャラクター外見: ミサキは添付のミサキ.pngと100%同一の外見で描画（32歳女性、ショートボブの黒髪、丸顔）
◆【出力サイズ】2:3
◆【補足情報】上下左右に50ピクセルの余白を設けてください
◆【補足情報】服装: ミサキ: ボーダー柄（白と紺）のカットソーにデニムパンツ、白いスニーカー
◆【コマ構成】テンプレ5: 上中下3段
◆【作画】ジャンル: 副業に最適化した統一スタイル / 作画スタイル: 親しみやすく実践的,現代的なライフスタイル表現 / 色調: 明るく前向きな色調,オレンジ・青・黄色基調,活力ある配色 / 線画: 親しみやすい柔らかな線,カジュアルで読みやすい表現 / 演出: 必要に応じて集中線,効果線,擬音などのマンガらしい演出
◆【ストーリー】
1コマ目 (上段): シーン描写。 セリフ: なし ナレーション: ［四角枠］書類を整理すること。情報をわかりやすくまとめること。 オノマトペ: なし
2コマ目 (中段): シーン描写。 セリフ: なし ナレーション: ［四角枠］必要なことを過不足なく伝えること。 オノマトペ: なし
3コマ目 (下段): シーン描写。 セリフ: なし ナレーション: ［四角枠］それは——「言語化力」ではないのか。 オノマトペ: なし","[{""panel_id"": 1, ""type"": ""narration"", ""speaker"": null, ""text"": ""書類を整理すること。情報をわかりやすくまとめること。""}, {""panel_id"": 2, ""type"": ""narration"", ""speaker"": null, ""text"": ""必要なことを過不足なく伝えること。""}, {""panel_id"": 3, ""type"": ""narration"", ""speaker"": null, ""text"": ""それは——「言語化力」ではないのか。""}]"
"143","テンプレ5","◆【注意】【】で囲まれた単語は感情や状況の指示であり、画像内に文字として描画しないでください
◆【絶対最優先】必ずフルカラーにしてください
◆【絶対最優先】必ず日本のアニメ・マンガ調のイラストで描いてください。実写風・フォトリアル風は禁止です。

◆【絶対最優先】キャラクター外見: ミサキは添付のミサキ.pngと100%同一の外見で描画（32歳女性、ショートボブの黒髪、丸顔）
◆【出力サイズ】2:3
◆【補足情報】上下左右に50ピクセルの余白を設けてください
◆【補足情報】服装: ミサキ: ボーダー柄（白と紺）のカットソーにデニムパンツ、白いスニーカー
◆【コマ構成】テンプレ5: 上中下3段
◆【作画】ジャンル: 副業に最適化した統一スタイル / 作画スタイル: 親しみやすく実践的,現代的なライフスタイル表現 / 色調: 明るく前向きな色調,オレンジ・青・黄色基調,活力ある配色 / 線画: 親しみやすい柔らかな線,カジュアルで読みやすい表現 / 演出: 必要に応じて集中線,効果線,擬音などのマンガらしい演出
◆【ストーリー】
1コマ目 (上段): シーン描写。 セリフ: なし ナレーション: ［四角枠］心臓が、少しだけ速く打った。 オノマトペ: なし","[{""panel_id"": 1, ""type"": ""narration"", ""speaker"": null, ""text"": ""心臓が、少しだけ速く打った。""}]"
"144","テンプレ3","◆【注意】【】で囲まれた単語は感情や状況の指示であり、画像内に文字として描画しないでください
◆【絶対最優先】必ずフルカラーにしてください
◆【絶対最優先】必ず日本のアニメ・マンガ調のイラストで描いてください。実写風・フォトリアル風は禁止です。

◆【絶対最優先】キャラクター外見: ミサキは添付のミサキ.pngと100%同一の外見で描画（32歳女性、ショートボブの黒髪、丸顔）
◆【絶対最優先】キャラクター外見: タクヤは添付のタクヤ.pngと100%同一の外見で描画（42歳男性、短髪の黒髪、黒縁メガネ）
◆【出力サイズ】2:3
◆【補足情報】上下左右に50ピクセルの余白を設けてください
◆【補足情報】服装: ミサキ: ボーダー柄（白と紺）のカットソーにデニムパンツ、白いスニーカー / タクヤ: 白い無地のシャツにベージュのチノパン
◆【コマ構成】テンプレ3: 上小下大（上1コマ小＋下1コマ大）
◆【作画】ジャンル: 副業に最適化した統一スタイル / 作画スタイル: 親しみやすく実践的,現代的なライフスタイル表現 / 色調: 明るく前向きな色調,オレンジ・青・黄色基調,活力ある配色 / 線画: 親しみやすい柔らかな線,カジュアルで読みやすい表現 / 演出: 必要に応じて集中線,効果線,擬音などのマンガらしい演出
◆【ストーリー】
1コマ目 (上・小): シーン描写。 セリフ: 「最後に一つだけ聞かせてください」 ナレーション: ［四角枠］ウェビナーの終盤。 オノマトペ: なし
2コマ目 (下・大): シーン描写。 セリフ: 「あなたが本当にやりたいことは何ですか。AIは手段です。」 ナレーション: なし オノマトペ: なし","[{""panel_id"": 1, ""type"": ""dialogue"", ""speaker"": ""タクヤ"", ""text"": ""最後に一つだけ聞かせてください""}, {""panel_id"": 1, ""type"": ""narration"", ""speaker"": null, ""text"": ""ウェビナーの終盤。""}, {""panel_id"": 2, ""type"": ""dialogue"", ""speaker"": ""タクヤ"", ""text"": ""あなたが本当にやりたいことは何ですか。AIは手段です。""}]"
"145","テンプレ3","◆【注意】【】で囲まれた単語は感情や状況の指示であり、画像内に文字として描画しないでください
◆【絶対最優先】必ずフルカラーにしてください
◆【絶対最優先】必ず日本のアニメ・マンガ調のイラストで描いてください。実写風・フォトリアル風は禁止です。

◆【絶対最優先】キャラクター外見: ミサキは添付のミサキ.pngと100%同一の外見で描画（32歳女性、ショートボブの黒髪、丸顔）
◆【絶対最優先】キャラクター外見: タクヤは添付のタクヤ.pngと100%同一の外見で描画（42歳男性、短髪の黒髪、黒縁メガネ）
◆【出力サイズ】2:3
◆【補足情報】上下左右に50ピクセルの余白を設けてください
◆【補足情報】服装: ミサキ: ボーダー柄（白と紺）のカットソーにデニムパンツ、白いスニーカー / タクヤ: 白い無地のシャツにベージュのチノパン
◆【コマ構成】テンプレ3: 上小下大（上1コマ小＋下1コマ大）
◆【作画】ジャンル: 副業に最適化した統一スタイル / 作画スタイル: 親しみやすく実践的,現代的なライフスタイル表現 / 色調: 明るく前向きな色調,オレンジ・青・黄色基調,活力ある配色 / 線画: 親しみやすい柔らかな線,カジュアルで読みやすい表現 / 演出: 必要に応じて集中線,効果線,擬音などのマンガらしい演出
◆【ストーリー】
1コマ目 (上・小): シーン描写。 セリフ: 「AIで何がしたいかは、あなたにしか決められない」 ナレーション: なし オノマトペ: なし
2コマ目 (下・大): シーン描写。 セリフ: なし ナレーション: ［四角枠］チャット欄が少し静かになった。 オノマトペ: なし","[{""panel_id"": 1, ""type"": ""dialogue"", ""speaker"": ""タクヤ"", ""text"": ""AIで何がしたいかは、あなたにしか決められない""}, {""panel_id"": 2, ""type"": ""narration"", ""speaker"": null, ""text"": ""チャット欄が少し静かになった。""}]"
"146","テンプレ2","◆【注意】【】で囲まれた単語は感情や状況の指示であり、画像内に文字として描画しないでください
◆【絶対最優先】必ずフルカラーにしてください
◆【絶対最優先】必ず日本のアニメ・マンガ調のイラストで描いてください。実写風・フォトリアル風は禁止です。

◆【絶対最優先】キャラクター外見: ミサキは添付のミサキ.pngと100%同一の外見で描画（32歳女性、ショートボブの黒髪、丸顔）
◆【絶対最優先】キャラクター外見: タクヤは添付のタクヤ.pngと100%同一の外見で描画（42歳男性、短髪の黒髪、黒縁メガネ）
◆【出力サイズ】2:3
◆【補足情報】上下左右に50ピクセルの余白を設けてください
◆【補足情報】服装: ミサキ: ボーダー柄（白と紺）のカットソーにデニムパンツ、白いスニーカー / タクヤ: 白い無地のシャツにベージュのチノパン
◆【コマ構成】テンプレ2: 上下2分割
◆【作画】ジャンル: 副業に最適化した統一スタイル / 作画スタイル: 親しみやすく実践的,現代的なライフスタイル表現 / 色調: 明るく前向きな色調,オレンジ・青・黄色基調,活力ある配色 / 線画: 親しみやすい柔らかな線,カジュアルで読みやすい表現 / 演出: 必要に応じて集中線,効果線,擬音などのマンガらしい演出
◆【ストーリー】
1コマ目 (上): シーン描写。 セリフ: 「今はわからなくても大丈夫です。僕も最初はわかりませんでした。」 ナレーション: なし オノマトペ: なし
2コマ目 (下): シーン描写。 セリフ: 「でも、AIと対話しているうちに、」 ナレーション: なし オノマトペ: なし","[{""panel_id"": 1, ""type"": ""dialogue"", ""speaker"": ""タクヤ"", ""text"": ""今はわからなくても大丈夫です。僕も最初はわかりませんでした。""}, {""panel_id"": 2, ""type"": ""dialogue"", ""speaker"": ""タクヤ"", ""text"": ""でも、AIと対話しているうちに、""}]"
"147","テンプレ2","◆【注意】【】で囲まれた単語は感情や状況の指示であり、画像内に文字として描画しないでください
◆【絶対最優先】必ずフルカラーにしてください
◆【絶対最優先】必ず日本のアニメ・マンガ調のイラストで描いてください。実写風・フォトリアル風は禁止です。

◆【絶対最優先】キャラクター外見: ミサキは添付のミサキ.pngと100%同一の外見で描画（32歳女性、ショートボブの黒髪、丸顔）
◆【絶対最優先】キャラクター外見: タクヤは添付のタクヤ.pngと100%同一の外見で描画（42歳男性、短髪の黒髪、黒縁メガネ）
◆【出力サイズ】2:3
◆【補足情報】上下左右に50ピクセルの余白を設けてください
◆【補足情報】服装: ミサキ: ボーダー柄（白と紺）のカットソーにデニムパンツ、白いスニーカー / タクヤ: 白い無地のシャツにベージュのチノパン
◆【コマ構成】テンプレ2: 上下2分割
◆【作画】ジャンル: 副業に最適化した統一スタイル / 作画スタイル: 親しみやすく実践的,現代的なライフスタイル表現 / 色調: 明るく前向きな色調,オレンジ・青・黄色基調,活力ある配色 / 線画: 親しみやすい柔らかな線,カジュアルで読みやすい表現 / 演出: 必要に応じて集中線,効果線,擬音などのマンガらしい演出
◆【ストーリー】
1コマ目 (上): シーン描写。 セリフ: 「自分が何をやりたかったのか見えてきた」 ナレーション: なし オノマトペ: なし
2コマ目 (下): シーン描写。 セリフ: 「大事なのは、〝自分にはできない〟と決めつけないことです。」 ナレーション: なし オノマトペ: なし","[{""panel_id"": 1, ""type"": ""dialogue"", ""speaker"": ""タクヤ"", ""text"": ""自分が何をやりたかったのか見えてきた""}, {""panel_id"": 2, ""type"": ""dialogue"", ""speaker"": ""タクヤ"", ""text"": ""大事なのは、〝自分にはできない〟と決めつけないことです。""}]"
"148","テンプレ2","◆【注意】【】で囲まれた単語は感情や状況の指示であり、画像内に文字として描画しないでください
◆【絶対最優先】必ずフルカラーにしてください
◆【絶対最優先】必ず日本のアニメ・マンガ調のイラストで描いてください。実写風・フォトリアル風は禁止です。

◆【絶対最優先】キャラクター外見: ミサキは添付のミサキ.pngと100%同一の外見で描画（32歳女性、ショートボブの黒髪、丸顔）
◆【絶対最優先】キャラクター外見: タクヤは添付のタクヤ.pngと100%同一の外見で描画（42歳男性、短髪の黒髪、黒縁メガネ）
◆【出力サイズ】2:3
◆【補足情報】上下左右に50ピクセルの余白を設けてください
◆【補足情報】服装: ミサキ: ボーダー柄（白と紺）のカットソーにデニムパンツ、白いスニーカー / タクヤ: 白い無地のシャツにベージュのチノパン
◆【コマ構成】テンプレ2: 上下2分割
◆【作画】ジャンル: 副業に最適化した統一スタイル / 作画スタイル: 親しみやすく実践的,現代的なライフスタイル表現 / 色調: 明るく前向きな色調,オレンジ・青・黄色基調,活力ある配色 / 線画: 親しみやすい柔らかな線,カジュアルで読みやすい表現 / 演出: 必要に応じて集中線,効果線,擬音などのマンガらしい演出
◆【ストーリー】
1コマ目 (上): シーン描写。 セリフ: 「できるかどうかは、やってみないとわからない。」 ナレーション: なし オノマトペ: なし
2コマ目 (下): シーン描写。 セリフ: 「でも、〝できない〟と決めた瞬間に、可能性はゼロになる」 ナレーション: なし オノマトペ: なし","[{""panel_id"": 1, ""type"": ""dialogue"", ""speaker"": ""タクヤ"", ""text"": ""できるかどうかは、やってみないとわからない。""}, {""panel_id"": 2, ""type"": ""dialogue"", ""speaker"": ""タクヤ"", ""text"": ""でも、〝できない〟と決めた瞬間に、可能性はゼロになる""}]"
"149","テンプレ5","◆【注意】【】で囲まれた単語は感情や状況の指示であり、画像内に文字として描画しないでください
◆【絶対最優先】必ずフルカラーにしてください
◆【絶対最優先】必ず日本のアニメ・マンガ調のイラストで描いてください。実写風・フォトリアル風は禁止です。

◆【絶対最優先】キャラクター外見: ミサキは添付のミサキ.pngと100%同一の外見で描画（32歳女性、ショートボブの黒髪、丸顔）
◆【出力サイズ】2:3
◆【補足情報】上下左右に50ピクセルの余白を設けてください
◆【補足情報】服装: ミサキ: ボーダー柄（白と紺）のカットソーにデニムパンツ、白いスニーカー
◆【コマ構成】テンプレ5: 上中下3段
◆【作画】ジャンル: 副業に最適化した統一スタイル / 作画スタイル: 親しみやすく実践的,現代的なライフスタイル表現 / 色調: 明るく前向きな色調,オレンジ・青・黄色基調,活力ある配色 / 線画: 親しみやすい柔らかな線,カジュアルで読みやすい表現 / 演出: 必要に応じて集中線,効果線,擬音などのマンガらしい演出
◆【ストーリー】
1コマ目 (上段): シーン描写。 セリフ: なし ナレーション: ［四角枠］ミサキの目が、熱くなった。——自分にはできない。 オノマトペ: なし
2コマ目 (中段): シーン描写。 セリフ: なし ナレーション: ［四角枠］何度、そう思っただろう。 オノマトペ: なし
3コマ目 (下段): シーン描写。 セリフ: なし ナレーション: ［四角枠］何度、自分の可能性を自分で閉じてきただろう。 オノマトペ: なし","[{""panel_id"": 1, ""type"": ""narration"", ""speaker"": null, ""text"": ""ミサキの目が、熱くなった。——自分にはできない。""}, {""panel_id"": 2, ""type"": ""narration"", ""speaker"": null, ""text"": ""何度、そう思っただろう。""}, {""panel_id"": 3, ""type"": ""narration"", ""speaker"": null, ""text"": ""何度、自分の可能性を自分で閉じてきただろう。""}]"
"150","テンプレ5","◆【注意】【】で囲まれた単語は感情や状況の指示であり、画像内に文字として描画しないでください
◆【絶対最優先】必ずフルカラーにしてください
◆【絶対最優先】必ず日本のアニメ・マンガ調のイラストで描いてください。実写風・フォトリアル風は禁止です。

◆【絶対最優先】キャラクター外見: ミサキは添付のミサキ.pngと100%同一の外見で描画（32歳女性、ショートボブの黒髪、丸顔）
◆【出力サイズ】2:3
◆【補足情報】上下左右に50ピクセルの余白を設けてください
◆【補足情報】服装: ミサキ: ボーダー柄（白と紺）のカットソーにデニムパンツ、白いスニーカー
◆【コマ構成】テンプレ5: 上中下3段
◆【作画】ジャンル: 副業に最適化した統一スタイル / 作画スタイル: 親しみやすく実践的,現代的なライフスタイル表現 / 色調: 明るく前向きな色調,オレンジ・青・黄色基調,活力ある配色 / 線画: 親しみやすい柔らかな線,カジュアルで読みやすい表現 / 演出: 必要に応じて集中線,効果線,擬音などのマンガらしい演出
◆【ストーリー】
1コマ目 (上段): シーン描写。 セリフ: なし ナレーション: ［四角枠］事務しかできない。特別なスキルがない。プログラミングは無理。 オノマトペ: なし
2コマ目 (中段): シーン描写。 セリフ: なし ナレーション: ［四角枠］デザインもできない。、［四角枠］全部、自分で決めつけていた。 オノマトペ: なし","[{""panel_id"": 1, ""type"": ""narration"", ""speaker"": null, ""text"": ""事務しかできない。特別なスキルがない。プログラミングは無理。""}, {""panel_id"": 2, ""type"": ""narration"", ""speaker"": null, ""text"": ""デザインもできない。""}, {""panel_id"": 2, ""type"": ""narration"", ""speaker"": null, ""text"": ""全部、自分で決めつけていた。""}]"
"151","テンプレ3","◆【注意】【】で囲まれた単語は感情や状況の指示であり、画像内に文字として描画しないでください
◆【絶対最優先】必ずフルカラーにしてください
◆【絶対最優先】必ず日本のアニメ・マンガ調のイラストで描いてください。実写風・フォトリアル風は禁止です。

◆【絶対最優先】キャラクター外見: ミサキは添付のミサキ.pngと100%同一の外見で描画（32歳女性、ショートボブの黒髪、丸顔）
◆【出力サイズ】2:3
◆【補足情報】上下左右に50ピクセルの余白を設けてください
◆【補足情報】服装: ミサキ: ボーダー柄（白と紺）のカットソーにデニムパンツ、白いスニーカー
◆【コマ構成】テンプレ3: 上小下大（上1コマ小＋下1コマ大）
◆【作画】ジャンル: 副業に最適化した統一スタイル / 作画スタイル: 親しみやすく実践的,現代的なライフスタイル表現 / 色調: 明るく前向きな色調,オレンジ・青・黄色基調,活力ある配色 / 線画: 親しみやすい柔らかな線,カジュアルで読みやすい表現 / 演出: 必要に応じて集中線,効果線,擬音などのマンガらしい演出
◆【ストーリー】
1コマ目 (上・小): シーン描写。 セリフ: なし ナレーション: ［四角枠］ウェビナーが終わった。——来た。、［四角枠］画面に料金表が映し出された。 オノマトペ: なし
2コマ目 (下・大): シーン描写。 セリフ: なし ナレーション: ［四角枠］「AIキャリア構築プログラム——3ヶ月間のマンツーマンコーチ オノマトペ: なし","[{""panel_id"": 1, ""type"": ""narration"", ""speaker"": null, ""text"": ""ウェビナーが終わった。——来た。""}, {""panel_id"": 1, ""type"": ""narration"", ""speaker"": null, ""text"": ""画面に料金表が映し出された。""}, {""panel_id"": 2, ""type"": ""narration"", ""speaker"": null, ""text"": ""「AIキャリア構築プログラム——3ヶ月間のマンツーマンコーチ""}]"
"152","テンプレ1","◆【注意】【】で囲まれた単語は感情や状況の指示であり、画像内に文字として描画しないでください
◆【絶対最優先】必ずフルカラーにしてください
◆【絶対最優先】必ず日本のアニメ・マンガ調のイラストで描いてください。実写風・フォトリアル風は禁止です。

◆【絶対最優先】キャラクター外見: ミサキは添付のミサキ.pngと100%同一の外見で描画（32歳女性、ショートボブの黒髪、丸顔）
◆【出力サイズ】2:3
◆【補足情報】上下左右に50ピクセルの余白を設けてください
◆【補足情報】服装: ミサキ: ボーダー柄（白と紺）のカットソーにデニムパンツ、白いスニーカー
◆【コマ構成】テンプレ1: 全面1コマ（上1コマ小＋下1コマ大）
◆【作画】ジャンル: 副業に最適化した統一スタイル / 作画スタイル: 親しみやすく実践的,現代的なライフスタイル表現 / 色調: 明るく前向きな色調,オレンジ・青・黄色基調,活力ある配色 / 線画: 親しみやすい柔らかな線,カジュアルで読みやすい表現 / 演出: 必要に応じて集中線,効果線,擬音などのマンガらしい演出
◆【ストーリー】
1コマ目 (上・小): シーン描写。 セリフ: なし ナレーション: ［四角枠］ング」金額を見た。月額3万円。3ヶ月で9万円。 オノマトペ: なし","[{""panel_id"": 1, ""type"": ""narration"", ""speaker"": null, ""text"": ""ング」金額を見た。月額3万円。3ヶ月で9万円。""}]"
"153","テンプレ6","◆【注意】【】で囲まれた単語は感情や状況の指示であり、画像内に文字として描画しないでください
◆【絶対最優先】必ずフルカラーにしてください
◆【絶対最優先】必ず日本のアニメ・マンガ調のイラストで描いてください。実写風・フォトリアル風は禁止です。

◆【絶対最優先】キャラクター外見: ミサキは添付のミサキ.pngと100%同一の外見で描画（32歳女性、ショートボブの黒髪、丸顔）
◆【出力サイズ】2:3
◆【補足情報】上下左右に50ピクセルの余白を設けてください
◆【補足情報】服装: ミサキ: ボーダー柄（白と紺）のカットソーにデニムパンツ、白いスニーカー
◆【コマ構成】テンプレ6: 上1コマ＋下左右2コマ
◆【作画】ジャンル: 副業に最適化した統一スタイル / 作画スタイル: 親しみやすく実践的,現代的なライフスタイル表現 / 色調: 明るく前向きな色調,オレンジ・青・黄色基調,活力ある配色 / 線画: 親しみやすい柔らかな線,カジュアルで読みやすい表現 / 演出: 必要に応じて集中線,効果線,擬音などのマンガらしい演出
◆【ストーリー】
1コマ目 (上): シーン描写。 セリフ: なし ナレーション: ［四角枠］……高い。ケンタの給料だけでやりくりしている今、 オノマトペ: なし
2コマ目 (下左): シーン描写。 セリフ: なし ナレーション: ［四角枠］9万円は大きい。ひなたのおむつ代何ヶ月分だろう。 オノマトペ: なし
3コマ目 (下右): シーン描写。 セリフ: なし ナレーション: ［四角枠］でも、ミサキが想像していた「数十万円のスクール」 オノマトペ: なし","[{""panel_id"": 1, ""type"": ""narration"", ""speaker"": null, ""text"": ""……高い。ケンタの給料だけでやりくりしている今、""}, {""panel_id"": 2, ""type"": ""narration"", ""speaker"": null, ""text"": ""9万円は大きい。ひなたのおむつ代何ヶ月分だろう。""}, {""panel_id"": 3, ""type"": ""narration"", ""speaker"": null, ""text"": ""でも、ミサキが想像していた「数十万円のスクール」""}]"
"154","テンプレ6","◆【注意】【】で囲まれた単語は感情や状況の指示であり、画像内に文字として描画しないでください
◆【絶対最優先】必ずフルカラーにしてください
◆【絶対最優先】必ず日本のアニメ・マンガ調のイラストで描いてください。実写風・フォトリアル風は禁止です。

◆【絶対最優先】キャラクター外見: ミサキは添付のミサキ.pngと100%同一の外見で描画（32歳女性、ショートボブの黒髪、丸顔）
◆【出力サイズ】2:3
◆【補足情報】上下左右に50ピクセルの余白を設けてください
◆【補足情報】服装: ミサキ: ボーダー柄（白と紺）のカットソーにデニムパンツ、白いスニーカー
◆【コマ構成】テンプレ6: 上1コマ＋下左右2コマ
◆【作画】ジャンル: 副業に最適化した統一スタイル / 作画スタイル: 親しみやすく実践的,現代的なライフスタイル表現 / 色調: 明るく前向きな色調,オレンジ・青・黄色基調,活力ある配色 / 線画: 親しみやすい柔らかな線,カジュアルで読みやすい表現 / 演出: 必要に応じて集中線,効果線,擬音などのマンガらしい演出
◆【ストーリー】
1コマ目 (上): シーン描写。 セリフ: なし ナレーション: ［四角枠］ではなかった。 オノマトペ: なし
2コマ目 (下左): シーン描写。 セリフ: なし ナレーション: ［四角枠］内容を読む。週1回のオンライン面談。チャットでの質問し放題。 オノマトペ: なし
3コマ目 (下右): シーン描写。 セリフ: なし ナレーション: ［四角枠］自分のペースで進められる。 オノマトペ: なし","[{""panel_id"": 1, ""type"": ""narration"", ""speaker"": null, ""text"": ""ではなかった。""}, {""panel_id"": 2, ""type"": ""narration"", ""speaker"": null, ""text"": ""内容を読む。週1回のオンライン面談。チャットでの質問し放題。""}, {""panel_id"": 3, ""type"": ""narration"", ""speaker"": null, ""text"": ""自分のペースで進められる。""}]"
"155","テンプレ6","◆【注意】【】で囲まれた単語は感情や状況の指示であり、画像内に文字として描画しないでください
◆【絶対最優先】必ずフルカラーにしてください
◆【絶対最優先】必ず日本のアニメ・マンガ調のイラストで描いてください。実写風・フォトリアル風は禁止です。

◆【絶対最優先】キャラクター外見: ミサキは添付のミサキ.pngと100%同一の外見で描画（32歳女性、ショートボブの黒髪、丸顔）
◆【出力サイズ】2:3
◆【補足情報】上下左右に50ピクセルの余白を設けてください
◆【補足情報】服装: ミサキ: ボーダー柄（白と紺）のカットソーにデニムパンツ、白いスニーカー
◆【コマ構成】テンプレ6: 上1コマ＋下左右2コマ
◆【作画】ジャンル: 副業に最適化した統一スタイル / 作画スタイル: 親しみやすく実践的,現代的なライフスタイル表現 / 色調: 明るく前向きな色調,オレンジ・青・黄色基調,活力ある配色 / 線画: 親しみやすい柔らかな線,カジュアルで読みやすい表現 / 演出: 必要に応じて集中線,効果線,擬音などのマンガらしい演出
◆【ストーリー】
1コマ目 (上): シーン描写。 セリフ: 「興味がある方は、申し込みフォームからどうぞ。」 ナレーション: なし オノマトペ: なし
2コマ目 (下左): シーン描写。 セリフ: 「無理に決める必要はありません。」 ナレーション: なし オノマトペ: なし
3コマ目 (下右): シーン描写。 セリフ: 「一晩寝て、それでもやりたいと思ったら」 ナレーション: なし オノマトペ: なし","[{""panel_id"": 1, ""type"": ""dialogue"", ""speaker"": ""タクヤ"", ""text"": ""興味がある方は、申し込みフォームからどうぞ。""}, {""panel_id"": 2, ""type"": ""dialogue"", ""speaker"": ""タクヤ"", ""text"": ""無理に決める必要はありません。""}, {""panel_id"": 3, ""type"": ""dialogue"", ""speaker"": ""タクヤ"", ""text"": ""一晩寝て、それでもやりたいと思ったら""}]"
"156","テンプレ6","◆【注意】【】で囲まれた単語は感情や状況の指示であり、画像内に文字として描画しないでください
◆【絶対最優先】必ずフルカラーにしてください
◆【絶対最優先】必ず日本のアニメ・マンガ調のイラストで描いてください。実写風・フォトリアル風は禁止です。

◆【絶対最優先】キャラクター外見: ミサキは添付のミサキ.pngと100%同一の外見で描画（32歳女性、ショートボブの黒髪、丸顔）
◆【出力サイズ】2:3
◆【補足情報】上下左右に50ピクセルの余白を設けてください
◆【補足情報】服装: ミサキ: ボーダー柄（白と紺）のカットソーにデニムパンツ、白いスニーカー
◆【コマ構成】テンプレ6: 上1コマ＋下左右2コマ
◆【作画】ジャンル: 副業に最適化した統一スタイル / 作画スタイル: 親しみやすく実践的,現代的なライフスタイル表現 / 色調: 明るく前向きな色調,オレンジ・青・黄色基調,活力ある配色 / 線画: 親しみやすい柔らかな線,カジュアルで読みやすい表現 / 演出: 必要に応じて集中線,効果線,擬音などのマンガらしい演出
◆【ストーリー】
1コマ目 (上): シーン描写。 セリフ: なし ナレーション: ［四角枠］押し売りの空気はなかった。 オノマトペ: なし","[{""panel_id"": 1, ""type"": ""narration"", ""speaker"": null, ""text"": ""押し売りの空気はなかった。""}]"
"157","テンプレ2","◆【注意】【】で囲まれた単語は感情や状況の指示であり、画像内に文字として描画しないでください
◆【絶対最優先】必ずフルカラーにしてください
◆【絶対最優先】必ず日本のアニメ・マンガ調のイラストで描いてください。実写風・フォトリアル風は禁止です。

◆【絶対最優先】キャラクター外見: ミサキは添付のミサキ.pngと100%同一の外見で描画（32歳女性、ショートボブの黒髪、丸顔）
◆【出力サイズ】2:3
◆【補足情報】上下左右に50ピクセルの余白を設けてください
◆【補足情報】服装: ミサキ: ボーダー柄（白と紺）のカットソーにデニムパンツ、白いスニーカー
◆【コマ構成】テンプレ2: 上下2分割
◆【作画】ジャンル: 副業に最適化した統一スタイル / 作画スタイル: 親しみやすく実践的,現代的なライフスタイル表現 / 色調: 明るく前向きな色調,オレンジ・青・黄色基調,活力ある配色 / 線画: 親しみやすい柔らかな線,カジュアルで読みやすい表現 / 演出: 必要に応じて集中線,効果線,擬音などのマンガらしい演出
◆【ストーリー】
1コマ目 (上): シーン描写。 セリフ: なし ナレーション: ［四角枠］ミサキはパソコンを閉じた。リビングの時計を見る。 オノマトペ: なし
2コマ目 (下): シーン描写。 セリフ: なし ナレーション: ［四角枠］10時15分。、［四角枠］ウェビナーは予定通り60分で終わった。 オノマトペ: なし","[{""panel_id"": 1, ""type"": ""narration"", ""speaker"": null, ""text"": ""ミサキはパソコンを閉じた。リビングの時計を見る。""}, {""panel_id"": 2, ""type"": ""narration"", ""speaker"": null, ""text"": ""10時15分。""}, {""panel_id"": 2, ""type"": ""narration"", ""speaker"": null, ""text"": ""ウェビナーは予定通り60分で終わった。""}]"
"158","テンプレ1","◆【注意】【】で囲まれた単語は感情や状況の指示であり、画像内に文字として描画しないでください
◆【絶対最優先】必ずフルカラーにしてください
◆【絶対最優先】必ず日本のアニメ・マンガ調のイラストで描いてください。実写風・フォトリアル風は禁止です。

◆【絶対最優先】キャラクター外見: ミサキは添付のミサキ.pngと100%同一の外見で描画（32歳女性、ショートボブの黒髪、丸顔）
◆【出力サイズ】2:3
◆【補足情報】上下左右に50ピクセルの余白を設けてください
◆【補足情報】服装: ミサキ: ボーダー柄（白と紺）のカットソーにデニムパンツ、白いスニーカー
◆【コマ構成】テンプレ2: 上下2分割
◆【作画】ジャンル: 副業に最適化した統一スタイル / 作画スタイル: 親しみやすく実践的,現代的なライフスタイル表現 / 色調: 明るく前向きな色調,オレンジ・青・黄色基調,活力ある配色 / 線画: 親しみやすい柔らかな線,カジュアルで読みやすい表現 / 演出: 必要に応じて集中線,効果線,擬音などのマンガらしい演出
◆【ストーリー】
1コマ目 (上): シーン描写。 セリフ: なし ナレーション: ［四角枠］延長して購買意欲を煽ることもなかった。 オノマトペ: なし","[{""panel_id"": 1, ""type"": ""narration"", ""speaker"": null, ""text"": ""延長して購買意欲を煽ることもなかった。""}]"
"159","テンプレ4","◆【注意】【】で囲まれた単語は感情や状況の指示であり、画像内に文字として描画しないでください
◆【絶対最優先】必ずフルカラーにしてください
◆【絶対最優先】必ず日本のアニメ・マンガ調のイラストで描いてください。実写風・フォトリアル風は禁止です。

◆【絶対最優先】キャラクター外見: ミサキは添付のミサキ.pngと100%同一の外見で描画（32歳女性、ショートボブの黒髪、丸顔）
◆【出力サイズ】2:3
◆【補足情報】上下左右に50ピクセルの余白を設けてください
◆【補足情報】服装: ミサキ: 薄いピンクのパジャマ
◆【コマ構成】テンプレ4: 上大下小（上1コマ大＋下1コマ小）
◆【作画】ジャンル: 副業に最適化した統一スタイル / 作画スタイル: 親しみやすく実践的,現代的なライフスタイル表現 / 色調: 明るく前向きな色調,オレンジ・青・黄色基調,活力ある配色 / 線画: 親しみやすい柔らかな線,カジュアルで読みやすい表現 / 演出: 必要に応じて集中線,効果線,擬音などのマンガらしい演出
◆【ストーリー】
1コマ目 (上・大): シーン描写。 セリフ: なし ナレーション: ［四角枠］その夜、ミサキは眠れなかった。9万円。 オノマトペ: なし
2コマ目 (下・小): シーン描写。 セリフ: なし ナレーション: ［四角枠］通帳の残高が頭をよぎる。毎月減っていく数字。 オノマトペ: なし","[{""panel_id"": 1, ""type"": ""narration"", ""speaker"": null, ""text"": ""その夜、ミサキは眠れなかった。9万円。""}, {""panel_id"": 2, ""type"": ""narration"", ""speaker"": null, ""text"": ""通帳の残高が頭をよぎる。毎月減っていく数字。""}]"
"160","テンプレ4","◆【注意】【】で囲まれた単語は感情や状況の指示であり、画像内に文字として描画しないでください
◆【絶対最優先】必ずフルカラーにしてください
◆【絶対最優先】必ず日本のアニメ・マンガ調のイラストで描いてください。実写風・フォトリアル風は禁止です。

◆【絶対最優先】キャラクター外見: ミサキは添付のミサキ.pngと100%同一の外見で描画（32歳女性、ショートボブの黒髪、丸顔）
◆【出力サイズ】2:3
◆【補足情報】上下左右に50ピクセルの余白を設けてください
◆【補足情報】服装: ミサキ: 薄いピンクのパジャマ
◆【コマ構成】テンプレ4: 上大下小（上1コマ大＋下1コマ小）
◆【作画】ジャンル: 副業に最適化した統一スタイル / 作画スタイル: 親しみやすく実践的,現代的なライフスタイル表現 / 色調: 明るく前向きな色調,オレンジ・青・黄色基調,活力ある配色 / 線画: 親しみやすい柔らかな線,カジュアルで読みやすい表現 / 演出: 必要に応じて集中線,効果線,擬音などのマンガらしい演出
◆【ストーリー】
1コマ目 (上・大): シーン描写。 セリフ: なし ナレーション: ［四角枠］節約を続ける日々。 オノマトペ: なし
2コマ目 (下・小): シーン描写。 セリフ: なし ナレーション: ［四角枠］——こんな状況で9万円も使うなんて、無責任じゃないか。 オノマトペ: なし","[{""panel_id"": 1, ""type"": ""narration"", ""speaker"": null, ""text"": ""節約を続ける日々。""}, {""panel_id"": 2, ""type"": ""narration"", ""speaker"": null, ""text"": ""——こんな状況で9万円も使うなんて、無責任じゃないか。""}]"
"161","テンプレ1","◆【注意】【】で囲まれた単語は感情や状況の指示であり、画像内に文字として描画しないでください
◆【絶対最優先】必ずフルカラーにしてください
◆【絶対最優先】必ず日本のアニメ・マンガ調のイラストで描いてください。実写風・フォトリアル風は禁止です。

◆【絶対最優先】キャラクター外見: ミサキは添付のミサキ.pngと100%同一の外見で描画（32歳女性、ショートボブの黒髪、丸顔）
◆【出力サイズ】2:3
◆【補足情報】上下左右に50ピクセルの余白を設けてください
◆【補足情報】服装: ミサキ: 薄いピンクのパジャマ
◆【コマ構成】テンプレ1: 全面1コマ（上1コマ大＋下1コマ小）
◆【作画】ジャンル: 副業に最適化した統一スタイル / 作画スタイル: 親しみやすく実践的,現代的なライフスタイル表現 / 色調: 明るく前向きな色調,オレンジ・青・黄色基調,活力ある配色 / 線画: 親しみやすい柔らかな線,カジュアルで読みやすい表現 / 演出: 必要に応じて集中線,効果線,擬音などのマンガらしい演出
◆【ストーリー】
1コマ目 (上・大): シーン描写。 セリフ: なし ナレーション: ［四角枠］でも——。——このまま何もしなかったら、何も変わらない。 オノマトペ: なし","[{""panel_id"": 1, ""type"": ""narration"", ""speaker"": null, ""text"": ""でも——。——このまま何もしなかったら、何も変わらない。""}]"
"162","テンプレ5","◆【注意】【】で囲まれた単語は感情や状況の指示であり、画像内に文字として描画しないでください
◆【絶対最優先】必ずフルカラーにしてください
◆【絶対最優先】必ず日本のアニメ・マンガ調のイラストで描いてください。実写風・フォトリアル風は禁止です。

◆【絶対最優先】キャラクター外見: ミサキは添付のミサキ.pngと100%同一の外見で描画（32歳女性、ショートボブの黒髪、丸顔）
◆【出力サイズ】2:3
◆【補足情報】上下左右に50ピクセルの余白を設けてください
◆【補足情報】服装: ミサキ: 薄いピンクのパジャマ
◆【コマ構成】テンプレ5: 上中下3段
◆【作画】ジャンル: 副業に最適化した統一スタイル / 作画スタイル: 親しみやすく実践的,現代的なライフスタイル表現 / 色調: 明るく前向きな色調,オレンジ・青・黄色基調,活力ある配色 / 線画: 親しみやすい柔らかな線,カジュアルで読みやすい表現 / 演出: 必要に応じて集中線,効果線,擬音などのマンガらしい演出
◆【ストーリー】
1コマ目 (上段): シーン描写。 セリフ: なし ナレーション: ［四角枠］データ入力で月3万円。アンケートで月5,000円。 オノマトペ: なし
2コマ目 (中段): シーン描写。 セリフ: なし ナレーション: ［四角枠］そんな「延命措置」 オノマトペ: なし
3コマ目 (下段): シーン描写。 セリフ: なし ナレーション: ［四角枠］を続けて、5年後、10年後、どうなっている？ オノマトペ: なし","[{""panel_id"": 1, ""type"": ""narration"", ""speaker"": null, ""text"": ""データ入力で月3万円。アンケートで月5,000円。""}, {""panel_id"": 2, ""type"": ""narration"", ""speaker"": null, ""text"": ""そんな「延命措置」""}, {""panel_id"": 3, ""type"": ""narration"", ""speaker"": null, ""text"": ""を続けて、5年後、10年後、どうなっている？""}]"
"163","テンプレ5","◆【注意】【】で囲まれた単語は感情や状況の指示であり、画像内に文字として描画しないでください
◆【絶対最優先】必ずフルカラーにしてください
◆【絶対最優先】必ず日本のアニメ・マンガ調のイラストで描いてください。実写風・フォトリアル風は禁止です。

◆【絶対最優先】キャラクター外見: ミサキは添付のミサキ.pngと100%同一の外見で描画（32歳女性、ショートボブの黒髪、丸顔）
◆【出力サイズ】2:3
◆【補足情報】上下左右に50ピクセルの余白を設けてください
◆【補足情報】服装: ミサキ: 薄いピンクのパジャマ
◆【コマ構成】テンプレ5: 上中下3段
◆【作画】ジャンル: 副業に最適化した統一スタイル / 作画スタイル: 親しみやすく実践的,現代的なライフスタイル表現 / 色調: 明るく前向きな色調,オレンジ・青・黄色基調,活力ある配色 / 線画: 親しみやすい柔らかな線,カジュアルで読みやすい表現 / 演出: 必要に応じて集中線,効果線,擬音などのマンガらしい演出
◆【ストーリー】
1コマ目 (上段): シーン描写。 セリフ: なし ナレーション: ［四角枠］ひなたが小学校に上がる頃、また事務のパートを探す？ オノマトペ: なし
2コマ目 (中段): シーン描写。 セリフ: なし ナレーション: ［四角枠］ ブランクは何年になっている？ その頃には30代後半。 オノマトペ: なし
3コマ目 (下段): シーン描写。 セリフ: なし ナレーション: ［四角枠］40代も見えてくる。 オノマトペ: なし","[{""panel_id"": 1, ""type"": ""narration"", ""speaker"": null, ""text"": ""ひなたが小学校に上がる頃、また事務のパートを探す？""}, {""panel_id"": 2, ""type"": ""narration"", ""speaker"": null, ""text"": "" ブランクは何年になっている？ その頃には30代後半。""}, {""panel_id"": 3, ""type"": ""narration"", ""speaker"": null, ""text"": ""40代も見えてくる。""}]"
"164","テンプレ5","◆【注意】【】で囲まれた単語は感情や状況の指示であり、画像内に文字として描画しないでください
◆【絶対最優先】必ずフルカラーにしてください
◆【絶対最優先】必ず日本のアニメ・マンガ調のイラストで描いてください。実写風・フォトリアル風は禁止です。

◆【絶対最優先】キャラクター外見: ミサキは添付のミサキ.pngと100%同一の外見で描画（32歳女性、ショートボブの黒髪、丸顔）
◆【出力サイズ】2:3
◆【補足情報】上下左右に50ピクセルの余白を設けてください
◆【補足情報】服装: ミサキ: 薄いピンクのパジャマ
◆【コマ構成】テンプレ5: 上中下3段
◆【作画】ジャンル: 副業に最適化した統一スタイル / 作画スタイル: 親しみやすく実践的,現代的なライフスタイル表現 / 色調: 明るく前向きな色調,オレンジ・青・黄色基調,活力ある配色 / 線画: 親しみやすい柔らかな線,カジュアルで読みやすい表現 / 演出: 必要に応じて集中線,効果線,擬音などのマンガらしい演出
◆【ストーリー】
1コマ目 (上段): シーン描写。 セリフ: なし ナレーション: ［四角枠］未経験の30代後半を雇ってくれる会社が、いくつある？ オノマトペ: なし
2コマ目 (中段): シーン描写。 セリフ: なし ナレーション: ［四角枠］ミサキは布団の中で天井を見つめた。 オノマトペ: なし
3コマ目 (下段): シーン描写。 セリフ: なし ナレーション: ［四角枠］9万円で何かが変わる保証はない。 オノマトペ: なし","[{""panel_id"": 1, ""type"": ""narration"", ""speaker"": null, ""text"": ""未経験の30代後半を雇ってくれる会社が、いくつある？""}, {""panel_id"": 2, ""type"": ""narration"", ""speaker"": null, ""text"": ""ミサキは布団の中で天井を見つめた。""}, {""panel_id"": 3, ""type"": ""narration"", ""speaker"": null, ""text"": ""9万円で何かが変わる保証はない。""}]"
"165","テンプレ5","◆【注意】【】で囲まれた単語は感情や状況の指示であり、画像内に文字として描画しないでください
◆【絶対最優先】必ずフルカラーにしてください
◆【絶対最優先】必ず日本のアニメ・マンガ調のイラストで描いてください。実写風・フォトリアル風は禁止です。

◆【絶対最優先】キャラクター外見: ミサキは添付のミサキ.pngと100%同一の外見で描画（32歳女性、ショートボブの黒髪、丸顔）
◆【出力サイズ】2:3
◆【補足情報】上下左右に50ピクセルの余白を設けてください
◆【補足情報】服装: ミサキ: 薄いピンクのパジャマ
◆【コマ構成】テンプレ5: 上中下3段
◆【作画】ジャンル: 副業に最適化した統一スタイル / 作画スタイル: 親しみやすく実践的,現代的なライフスタイル表現 / 色調: 明るく前向きな色調,オレンジ・青・黄色基調,活力ある配色 / 線画: 親しみやすい柔らかな線,カジュアルで読みやすい表現 / 演出: 必要に応じて集中線,効果線,擬音などのマンガらしい演出
◆【ストーリー】
1コマ目 (上段): シーン描写。 セリフ: なし ナレーション: ［四角枠］でも、何もしなければ何も変わらないのは確実だった。 オノマトペ: なし","[{""panel_id"": 1, ""type"": ""narration"", ""speaker"": null, ""text"": ""でも、何もしなければ何も変わらないのは確実だった。""}]"
"166","テンプレ4","◆【注意】【】で囲まれた単語は感情や状況の指示であり、画像内に文字として描画しないでください
◆【絶対最優先】必ずフルカラーにしてください
◆【絶対最優先】必ず日本のアニメ・マンガ調のイラストで描いてください。実写風・フォトリアル風は禁止です。

◆【絶対最優先】キャラクター外見: ミサキは添付のミサキ.pngと100%同一の外見で描画（32歳女性、ショートボブの黒髪、丸顔）
◆【絶対最優先】キャラクター外見: ひなたは添付のひなた_2歳期.pngと100%同一の外見で描画（2歳女の子、短い黒髪のおかっぱ、ピンクのTシャツに白いズボン）
◆【出力サイズ】2:3
◆【補足情報】上下左右に50ピクセルの余白を設けてください
◆【補足情報】服装: ミサキ: 薄いピンクのパジャマ
◆【コマ構成】テンプレ4: 上大下小（上1コマ大＋下1コマ小）
◆【作画】ジャンル: 副業に最適化した統一スタイル / 作画スタイル: 親しみやすく実践的,現代的なライフスタイル表現 / 色調: 明るく前向きな色調,オレンジ・青・黄色基調,活力ある配色 / 線画: 親しみやすい柔らかな線,カジュアルで読みやすい表現 / 演出: 必要に応じて集中線,効果線,擬音などのマンガらしい演出
◆【ストーリー】
1コマ目 (上・大): シーン描写。 セリフ: なし ナレーション: ［四角枠］ひなたの部屋から、小さな寝息が聞こえる。 オノマトペ: なし
2コマ目 (下・小): シーン描写。 セリフ: なし ナレーション: ［四角枠］この子が大きくなったとき、「ママは何をしているの？」 オノマトペ: なし","[{""panel_id"": 1, ""type"": ""narration"", ""speaker"": null, ""text"": ""ひなたの部屋から、小さな寝息が聞こえる。""}, {""panel_id"": 2, ""type"": ""narration"", ""speaker"": null, ""text"": ""この子が大きくなったとき、「ママは何をしているの？」""}]"
"167","テンプレ4","◆【注意】【】で囲まれた単語は感情や状況の指示であり、画像内に文字として描画しないでください
◆【絶対最優先】必ずフルカラーにしてください
◆【絶対最優先】必ず日本のアニメ・マンガ調のイラストで描いてください。実写風・フォトリアル風は禁止です。

◆【絶対最優先】キャラクター外見: ミサキは添付のミサキ.pngと100%同一の外見で描画（32歳女性、ショートボブの黒髪、丸顔）
◆【絶対最優先】キャラクター外見: ひなたは添付のひなた_2歳期.pngと100%同一の外見で描画（2歳女の子、短い黒髪のおかっぱ、ピンクのTシャツに白いズボン）
◆【出力サイズ】2:3
◆【補足情報】上下左右に50ピクセルの余白を設けてください
◆【補足情報】服装: ミサキ: 薄いピンクのパジャマ
◆【コマ構成】テンプレ4: 上大下小（上1コマ大＋下1コマ小）
◆【作画】ジャンル: 副業に最適化した統一スタイル / 作画スタイル: 親しみやすく実践的,現代的なライフスタイル表現 / 色調: 明るく前向きな色調,オレンジ・青・黄色基調,活力ある配色 / 線画: 親しみやすい柔らかな線,カジュアルで読みやすい表現 / 演出: 必要に応じて集中線,効果線,擬音などのマンガらしい演出
◆【ストーリー】
1コマ目 (上・大): シーン描写。 セリフ: なし ナレーション: ［四角枠］と聞かれる。そのとき、何と答えたい？ オノマトペ: なし
2コマ目 (下・小): シーン描写。 セリフ: なし ナレーション: ［四角枠］「パートで事務やってるよ」——それが悪いわけじゃない。 オノマトペ: なし","[{""panel_id"": 1, ""type"": ""narration"", ""speaker"": null, ""text"": ""と聞かれる。そのとき、何と答えたい？""}, {""panel_id"": 2, ""type"": ""narration"", ""speaker"": null, ""text"": ""「パートで事務やってるよ」——それが悪いわけじゃない。""}]"
"168","テンプレ4","◆【注意】【】で囲まれた単語は感情や状況の指示であり、画像内に文字として描画しないでください
◆【絶対最優先】必ずフルカラーにしてください
◆【絶対最優先】必ず日本のアニメ・マンガ調のイラストで描いてください。実写風・フォトリアル風は禁止です。

◆【絶対最優先】キャラクター外見: ミサキは添付のミサキ.pngと100%同一の外見で描画（32歳女性、ショートボブの黒髪、丸顔）
◆【絶対最優先】キャラクター外見: ひなたは添付のひなた_2歳期.pngと100%同一の外見で描画（2歳女の子、短い黒髪のおかっぱ、ピンクのTシャツに白いズボン）
◆【出力サイズ】2:3
◆【補足情報】上下左右に50ピクセルの余白を設けてください
◆【補足情報】服装: ミサキ: 薄いピンクのパジャマ
◆【コマ構成】テンプレ4: 上大下小（上1コマ大＋下1コマ小）
◆【作画】ジャンル: 副業に最適化した統一スタイル / 作画スタイル: 親しみやすく実践的,現代的なライフスタイル表現 / 色調: 明るく前向きな色調,オレンジ・青・黄色基調,活力ある配色 / 線画: 親しみやすい柔らかな線,カジュアルで読みやすい表現 / 演出: 必要に応じて集中線,効果線,擬音などのマンガらしい演出
◆【ストーリー】
1コマ目 (上・大): シーン描写。 セリフ: なし ナレーション: ［四角枠］でも、それが「仕方なく選んだ答え」だったら。 オノマトペ: なし
2コマ目 (下・小): シーン描写。 セリフ: なし ナレーション: ［四角枠］「自分で仕事をしてるよ」——そう言えたら。 オノマトペ: なし","[{""panel_id"": 1, ""type"": ""narration"", ""speaker"": null, ""text"": ""でも、それが「仕方なく選んだ答え」だったら。""}, {""panel_id"": 2, ""type"": ""narration"", ""speaker"": null, ""text"": ""「自分で仕事をしてるよ」——そう言えたら。""}]"
"169","テンプレ1","◆【注意】【】で囲まれた単語は感情や状況の指示であり、画像内に文字として描画しないでください
◆【絶対最優先】必ずフルカラーにしてください
◆【絶対最優先】必ず日本のアニメ・マンガ調のイラストで描いてください。実写風・フォトリアル風は禁止です。

◆【絶対最優先】キャラクター外見: ミサキは添付のミサキ.pngと100%同一の外見で描画（32歳女性、ショートボブの黒髪、丸顔）
◆【絶対最優先】キャラクター外見: ひなたは添付のひなた_2歳期.pngと100%同一の外見で描画（2歳女の子、短い黒髪のおかっぱ、ピンクのTシャツに白いズボン）
◆【出力サイズ】2:3
◆【補足情報】上下左右に50ピクセルの余白を設けてください
◆【補足情報】服装: ミサキ: 薄いピンクのパジャマ
◆【コマ構成】テンプレ1: 全面1コマ（上1コマ大＋下1コマ小）
◆【作画】ジャンル: 副業に最適化した統一スタイル / 作画スタイル: 親しみやすく実践的,現代的なライフスタイル表現 / 色調: 明るく前向きな色調,オレンジ・青・黄色基調,活力ある配色 / 線画: 親しみやすい柔らかな線,カジュアルで読みやすい表現 / 演出: 必要に応じて集中線,効果線,擬音などのマンガらしい演出
◆【ストーリー】
1コマ目 (上・大): シーン描写。 セリフ: なし ナレーション: ［四角枠］胸を張って言えたら。 オノマトペ: なし","[{""panel_id"": 1, ""type"": ""narration"", ""speaker"": null, ""text"": ""胸を張って言えたら。""}]"
"170","テンプレ5","◆【注意】【】で囲まれた単語は感情や状況の指示であり、画像内に文字として描画しないでください
◆【絶対最優先】必ずフルカラーにしてください
◆【絶対最優先】必ず日本のアニメ・マンガ調のイラストで描いてください。実写風・フォトリアル風は禁止です。

◆【絶対最優先】キャラクター外見: ミサキは添付のミサキ.pngと100%同一の外見で描画（32歳女性、ショートボブの黒髪、丸顔）
◆【出力サイズ】2:3
◆【補足情報】上下左右に50ピクセルの余白を設けてください
◆【補足情報】服装: ミサキ: 薄いピンクのパジャマ
◆【コマ構成】テンプレ5: 上中下3段
◆【作画】ジャンル: 副業に最適化した統一スタイル / 作画スタイル: 親しみやすく実践的,現代的なライフスタイル表現 / 色調: 明るく前向きな色調,オレンジ・青・黄色基調,活力ある配色 / 線画: 親しみやすい柔らかな線,カジュアルで読みやすい表現 / 演出: 必要に応じて集中線,効果線,擬音などのマンガらしい演出
◆【ストーリー】
1コマ目 (上段): シーン描写。 セリフ: なし ナレーション: ［四角枠］ミサキは布団から手を出して、スマホを取った。 オノマトペ: なし
2コマ目 (中段): シーン描写。 セリフ: なし ナレーション: ［四角枠］ウェビナーの確認メールを開く。 オノマトペ: なし
3コマ目 (下段): シーン描写。 セリフ: なし ナレーション: ［四角枠］申し込みフォームのリンクがある。 オノマトペ: なし","[{""panel_id"": 1, ""type"": ""narration"", ""speaker"": null, ""text"": ""ミサキは布団から手を出して、スマホを取った。""}, {""panel_id"": 2, ""type"": ""narration"", ""speaker"": null, ""text"": ""ウェビナーの確認メールを開く。""}, {""panel_id"": 3, ""type"": ""narration"", ""speaker"": null, ""text"": ""申し込みフォームのリンクがある。""}]"
"171","テンプレ5","◆【注意】【】で囲まれた単語は感情や状況の指示であり、画像内に文字として描画しないでください
◆【絶対最優先】必ずフルカラーにしてください
◆【絶対最優先】必ず日本のアニメ・マンガ調のイラストで描いてください。実写風・フォトリアル風は禁止です。

◆【絶対最優先】キャラクター外見: ミサキは添付のミサキ.pngと100%同一の外見で描画（32歳女性、ショートボブの黒髪、丸顔）
◆【出力サイズ】2:3
◆【補足情報】上下左右に50ピクセルの余白を設けてください
◆【補足情報】服装: ミサキ: 薄いピンクのパジャマ
◆【コマ構成】テンプレ5: 上中下3段
◆【作画】ジャンル: 副業に最適化した統一スタイル / 作画スタイル: 親しみやすく実践的,現代的なライフスタイル表現 / 色調: 明るく前向きな色調,オレンジ・青・黄色基調,活力ある配色 / 線画: 親しみやすい柔らかな線,カジュアルで読みやすい表現 / 演出: 必要に応じて集中線,効果線,擬音などのマンガらしい演出
◆【ストーリー】
1コマ目 (上段): シーン描写。 セリフ: なし ナレーション: ［四角枠］指が震えた。退職届を書いたときと、同じ震え。 オノマトペ: なし
2コマ目 (中段): シーン描写。 セリフ: なし ナレーション: ［四角枠］でも、あのときの震えは「失う恐怖」だった。 オノマトペ: なし
3コマ目 (下段): シーン描写。 セリフ: なし ナレーション: ［四角枠］今の震えは——「始める恐怖」だ。 オノマトペ: なし","[{""panel_id"": 1, ""type"": ""narration"", ""speaker"": null, ""text"": ""指が震えた。退職届を書いたときと、同じ震え。""}, {""panel_id"": 2, ""type"": ""narration"", ""speaker"": null, ""text"": ""でも、あのときの震えは「失う恐怖」だった。""}, {""panel_id"": 3, ""type"": ""narration"", ""speaker"": null, ""text"": ""今の震えは——「始める恐怖」だ。""}]"
"172","テンプレ5","◆【注意】【】で囲まれた単語は感情や状況の指示であり、画像内に文字として描画しないでください
◆【絶対最優先】必ずフルカラーにしてください
◆【絶対最優先】必ず日本のアニメ・マンガ調のイラストで描いてください。実写風・フォトリアル風は禁止です。

◆【絶対最優先】キャラクター外見: ミサキは添付のミサキ.pngと100%同一の外見で描画（32歳女性、ショートボブの黒髪、丸顔）
◆【出力サイズ】2:3
◆【補足情報】上下左右に50ピクセルの余白を設けてください
◆【補足情報】服装: ミサキ: 薄いピンクのパジャマ
◆【コマ構成】テンプレ5: 上中下3段
◆【作画】ジャンル: 副業に最適化した統一スタイル / 作画スタイル: 親しみやすく実践的,現代的なライフスタイル表現 / 色調: 明るく前向きな色調,オレンジ・青・黄色基調,活力ある配色 / 線画: 親しみやすい柔らかな線,カジュアルで読みやすい表現 / 演出: 必要に応じて集中線,効果線,擬音などのマンガらしい演出
◆【ストーリー】
1コマ目 (上段): シーン描写。 セリフ: なし ナレーション: ［四角枠］ミサキは申し込みボタンを押した。 オノマトペ: なし","[{""panel_id"": 1, ""type"": ""narration"", ""speaker"": null, ""text"": ""ミサキは申し込みボタンを押した。""}]"
"173","テンプレ3","◆【注意】【】で囲まれた単語は感情や状況の指示であり、画像内に文字として描画しないでください
◆【絶対最優先】必ずフルカラーにしてください
◆【絶対最優先】必ず日本のアニメ・マンガ調のイラストで描いてください。実写風・フォトリアル風は禁止です。

◆【絶対最優先】キャラクター外見: ミサキは添付のミサキ.pngと100%同一の外見で描画（32歳女性、ショートボブの黒髪、丸顔）
◆【出力サイズ】2:3
◆【補足情報】上下左右に50ピクセルの余白を設けてください
◆【補足情報】服装: ミサキ: 薄いピンクのパジャマ
◆【コマ構成】テンプレ3: 上小下大（上1コマ小＋下1コマ大）
◆【作画】ジャンル: 副業に最適化した統一スタイル / 作画スタイル: 親しみやすく実践的,現代的なライフスタイル表現 / 色調: 明るく前向きな色調,オレンジ・青・黄色基調,活力ある配色 / 線画: 親しみやすい柔らかな線,カジュアルで読みやすい表現 / 演出: 必要に応じて集中線,効果線,擬音などのマンガらしい演出
◆【ストーリー】
1コマ目 (上・小): シーン描写。 セリフ: なし ナレーション: ［四角枠］画面が切り替わる。「お申し込みありがとうございます」。 オノマトペ: なし
2コマ目 (下・大): シーン描写。 セリフ: なし ナレーション: ［四角枠］スマホを胸の上に置いた。心臓がどくどく鳴っている。9万円。 オノマトペ: なし","[{""panel_id"": 1, ""type"": ""narration"", ""speaker"": null, ""text"": ""画面が切り替わる。「お申し込みありがとうございます」。""}, {""panel_id"": 2, ""type"": ""narration"", ""speaker"": null, ""text"": ""スマホを胸の上に置いた。心臓がどくどく鳴っている。9万円。""}]"
"174","テンプレ1","◆【注意】【】で囲まれた単語は感情や状況の指示であり、画像内に文字として描画しないでください
◆【絶対最優先】必ずフルカラーにしてください
◆【絶対最優先】必ず日本のアニメ・マンガ調のイラストで描いてください。実写風・フォトリアル風は禁止です。

◆【絶対最優先】キャラクター外見: ミサキは添付のミサキ.pngと100%同一の外見で描画（32歳女性、ショートボブの黒髪、丸顔）
◆【出力サイズ】2:3
◆【補足情報】上下左右に50ピクセルの余白を設けてください
◆【補足情報】服装: ミサキ: 薄いピンクのパジャマ
◆【コマ構成】テンプレ1: 全面1コマ（上1コマ小＋下1コマ大）
◆【作画】ジャンル: 副業に最適化した統一スタイル / 作画スタイル: 親しみやすく実践的,現代的なライフスタイル表現 / 色調: 明るく前向きな色調,オレンジ・青・黄色基調,活力ある配色 / 線画: 親しみやすい柔らかな線,カジュアルで読みやすい表現 / 演出: 必要に応じて集中線,効果線,擬音などのマンガらしい演出
◆【ストーリー】
1コマ目 (上・小): シーン描写。 セリフ: なし ナレーション: ［四角枠］取り返しがつかないかもしれない。無駄になるかもしれない。 オノマトペ: なし","[{""panel_id"": 1, ""type"": ""narration"", ""speaker"": null, ""text"": ""取り返しがつかないかもしれない。無駄になるかもしれない。""}]"
"175","テンプレ2","◆【注意】【】で囲まれた単語は感情や状況の指示であり、画像内に文字として描画しないでください
◆【絶対最優先】必ずフルカラーにしてください
◆【絶対最優先】必ず日本のアニメ・マンガ調のイラストで描いてください。実写風・フォトリアル風は禁止です。

◆【絶対最優先】キャラクター外見: ミサキは添付のミサキ.pngと100%同一の外見で描画（32歳女性、ショートボブの黒髪、丸顔）
◆【出力サイズ】2:3
◆【補足情報】上下左右に50ピクセルの余白を設けてください
◆【補足情報】服装: ミサキ: 薄いピンクのパジャマ
◆【コマ構成】テンプレ2: 上下2分割
◆【作画】ジャンル: 副業に最適化した統一スタイル / 作画スタイル: 親しみやすく実践的,現代的なライフスタイル表現 / 色調: 明るく前向きな色調,オレンジ・青・黄色基調,活力ある配色 / 線画: 親しみやすい柔らかな線,カジュアルで読みやすい表現 / 演出: 必要に応じて集中線,効果線,擬音などのマンガらしい演出
◆【ストーリー】
1コマ目 (上): シーン描写。 セリフ: なし ナレーション: ［四角枠］でも、何もしないまま5年後に後悔するよりは——。 オノマトペ: なし
2コマ目 (下): シーン描写。 セリフ: 「……やってみよう」 ナレーション: ［四角枠］ミサキは小さく呟いた。 オノマトペ: なし","[{""panel_id"": 1, ""type"": ""narration"", ""speaker"": null, ""text"": ""でも、何もしないまま5年後に後悔するよりは——。""}, {""panel_id"": 2, ""type"": ""dialogue"", ""speaker"": ""ミサキ"", ""text"": ""……やってみよう""}, {""panel_id"": 2, ""type"": ""narration"", ""speaker"": null, ""text"": ""ミサキは小さく呟いた。""}]"
"176","テンプレ1","◆【注意】【】で囲まれた単語は感情や状況の指示であり、画像内に文字として描画しないでください
◆【絶対最優先】必ずフルカラーにしてください
◆【絶対最優先】必ず日本のアニメ・マンガ調のイラストで描いてください。実写風・フォトリアル風は禁止です。

◆【絶対最優先】キャラクター外見: ミサキは添付のミサキ.pngと100%同一の外見で描画（32歳女性、ショートボブの黒髪、丸顔）
◆【出力サイズ】2:3
◆【補足情報】上下左右に50ピクセルの余白を設けてください
◆【補足情報】服装: ミサキ: 薄いピンクのパジャマ
◆【コマ構成】テンプレ1: 全面1コマ
◆【作画】ジャンル: 副業に最適化した統一スタイル / 作画スタイル: 親しみやすく実践的,現代的なライフスタイル表現 / 色調: 明るく前向きな色調,オレンジ・青・黄色基調,活力ある配色 / 線画: 親しみやすい柔らかな線,カジュアルで読みやすい表現 / 演出: 必要に応じて集中線,効果線,擬音などのマンガらしい演出
◆【ストーリー】
1コマ目 (ページ全体): シーン描写。 セリフ: なし ナレーション: ［四角枠］暗い部屋の中、スマホの画面がゆっくり消えた。 オノマトペ: なし","[{""panel_id"": 1, ""type"": ""narration"", ""speaker"": null, ""text"": ""暗い部屋の中、スマホの画面がゆっくり消えた。""}]"
"177","テンプレ1","◆【注意】【】で囲まれた単語は感情や状況の指示であり、画像内に文字として描画しないでください
◆【絶対最優先】必ずフルカラーにしてください
◆【絶対最優先】必ず日本のアニメ・マンガ調のイラストで描いてください。実写風・フォトリアル風は禁止です。

◆【絶対最優先】キャラクター外見: ミサキは添付のミサキ.pngと100%同一の外見で描画（32歳女性、ショートボブの黒髪、丸顔）
◆【出力サイズ】2:3
◆【補足情報】上下左右に50ピクセルの余白を設けてください
◆【補足情報】服装: ミサキ: 薄いピンクのパジャマ
◆【コマ構成】テンプレ1: 全面1コマ
◆【作画】ジャンル: 副業に最適化した統一スタイル / 作画スタイル: 親しみやすく実践的,現代的なライフスタイル表現 / 色調: 明るく前向きな色調,オレンジ・青・黄色基調,活力ある配色 / 線画: 親しみやすい柔らかな線,カジュアルで読みやすい表現 / 演出: 必要に応じて集中線,効果線,擬音などのマンガらしい演出
◆【ストーリー】
1コマ目 (ページ全体): シーン描写。 セリフ: なし ナレーション: ［四角枠］でも今夜は、暗い画面に映る自分の顔が、少しだけ違って見えた。 オノマトペ: なし","[{""panel_id"": 1, ""type"": ""narration"", ""speaker"": null, ""text"": ""でも今夜は、暗い画面に映る自分の顔が、少しだけ違って見えた。""}]"
"178","テンプレ1","◆【注意】【】で囲まれた単語は感情や状況の指示であり、画像内に文字として描画しないでください
◆【絶対最優先】必ずフルカラーにしてください
◆【絶対最優先】必ず日本のアニメ・マンガ調のイラストで描いてください。実写風・フォトリアル風は禁止です。

◆【絶対最優先】キャラクター外見: ミサキは添付のミサキ.pngと100%同一の外見で描画（32歳女性、ショートボブの黒髪、丸顔）
◆【出力サイズ】2:3
◆【補足情報】上下左右に50ピクセルの余白を設けてください
◆【補足情報】服装: ミサキ: 薄いピンクのパジャマ
◆【コマ構成】テンプレ1: 全面1コマ
◆【作画】ジャンル: 副業に最適化した統一スタイル / 作画スタイル: 親しみやすく実践的,現代的なライフスタイル表現 / 色調: 明るく前向きな色調,オレンジ・青・黄色基調,活力ある配色 / 線画: 親しみやすい柔らかな線,カジュアルで読みやすい表現 / 演出: 必要に応じて集中線,効果線,擬音などのマンガらしい演出
◆【ストーリー】
1コマ目 (ページ全体): シーン描写。 セリフ: なし ナレーション: ［四角枠］第5話「画面の向こうの先輩」——おわり オノマトペ: なし","[{""panel_id"": 1, ""type"": ""narration"", ""speaker"": null, ""text"": ""第5話「画面の向こうの先輩」——おわり""}]"
"179","テキストページ","◆【テキストページ】このページは画像生成不要。EPUB製本時にテキストとして直接レンダリングする。
◆【コラム原文】
コラム⑤：キャリアの「再定義」——再就職だけが道じゃない（前編）

——キャリアコンサルタントの視点から

ミサキはこの話で、大きな一歩を踏み出しました。

ただし、冷静に見てください。ミサキがやったことは「ウェビナーを見て、プログラムに申し込んだ」だけです。まだ何も始まっていない。何も身についていない。何も稼いでいない。

でも、決定的に変わったことが一つあります。

「自分には何もない」という前提を、一度手放したということです。

再就職だけがキャリアではない

日本では「キャリアの再建」と聞くと、多くの人が「再就職」をイメージします。ハローワークに行く。求人サイトを見る。面接を受ける。どこかの会社に雇ってもらう。

それは立派な選択肢です。でも、唯一の選択肢ではありません。

フリーランス。副業。個人事業。コンテンツビジネス。オンラインサービス。

「雇われる」以外の働き方は、この10年で爆発的に増えました。クラウドソーシング、SNSマーケティング、ECプラットフォーム——インフラは整っています。

そして今、AIの登場によって、もう一つの壁が崩れようとしています。

「専門スキルがないとできない」という壁です。","[]"
"180","テキストページ","◆【テキストページ】このページは画像生成不要。EPUB製本時にテキストとして直接レンダリングする。
◆【コラム原文】
コラム⑤：キャリアの「再定義」——再就職だけが道じゃない（後編）

「何をやりたいか」が先。手段は後から見つかる

タクヤがウェビナーで言った言葉を、もう一度繰り返します。

「大事なのはプログラミングスキルじゃない。〝何をやりたいか〟を言葉にする力です」

これはキャリアコンサルティングの現場でも、核心的な原則です。

多くの人が「何ができるか」から考えます。「自分にできることは何か」「持っている資格は何か」「経験のある業界はどこか」。

でも本当に大切なのは「何をしたいか」です。

「何ができるか」から始めると、過去の延長線しか見えません。事務職経験者は事務職を探し、営業経験者は営業を探す。それ自体は合理的ですが、選択肢は狭まります。

「何をしたいか」から始めると、未来に向かって道が開けます。そして今の時代、「やりたいこと」と「できること」の間を埋めてくれるツールが存在しています。

9万円の意味

ミサキが支払う9万円は、スキルに対する投資ではありません。

「自分は変われる」という仮説への投資です。

この仮説が正しいかどうかは、やってみないとわかりません。でも、仮説を立てること自体が、すでに前進です。

第4話のミサキは「このままじゃ無理だ」と思いました。第5話のミサキは「やってみよう」と決めました。

まだ何も成し遂げていません。でも、何かが確実に変わり始めています。

次の話から、ミサキは実際にAIに触れることになります。そこで彼女が見つけるのは、AIの便利さではなく——自分自身の可能性です。","[]"
"181","テキストページ","◆【テキストページ】このページは画像生成不要。EPUB製本時にテキストとして直接レンダリングする。
◆【奥付】

【書名】
出産でキャリアを失った元事務職ママが、AIで初めて稼ぐまで　第2巻
ワンオペ育児、減る貯金、消えた居場所

【著者】
Yuichi

【発行所】
YN出版

【発行日】
2026年4月　初版

本書の内容を無断で複製・複写・転載・配信することを禁じます。
本書はフィクションです。登場する人物・団体名はすべて架空のものであり、実在のものとは一切関係ありません。

© 2026 Yuichi / YN出版
","[]"
